platform,cell_class,source_cluster,cell_id,metric,metric_label,score,score_rank
3-end RNA-seq,Fibroblast,5,AK01_AAACAAGATCGAGACA,perturbation_score_euclidean,Euclidean score,2.2057159670359563,1
3-end RNA-seq,Fibroblast,5,AK01_AAATTCAGGTAACCAA,perturbation_score_euclidean,Euclidean score,2.2010167106142937,2
3-end RNA-seq,Fibroblast,5,AK01_AAATATTTCCCGATAC,perturbation_score_euclidean,Euclidean score,2.1924658819371055,3
3-end RNA-seq,Fibroblast,5,AK01_AACAATTGTAAAATTG,perturbation_score_euclidean,Euclidean score,2.1924658819371055,4
3-end RNA-seq,Fibroblast,5,AK01_AAAAAACCTGTTACTT,perturbation_score_euclidean,Euclidean score,2.1564902136250783,5
3-end RNA-seq,Fibroblast,5,AK01_AACAAACGCGCGTAAT,perturbation_score_euclidean,Euclidean score,2.1217777462227545,6
3-end RNA-seq,Fibroblast,5,SCC02_AAAACCTCGATATTTC,perturbation_score_euclidean,Euclidean score,2.1160319163743755,7
3-end RNA-seq,Fibroblast,5,AK01_AAATGGATCCATCGCA,perturbation_score_euclidean,Euclidean score,2.1101816996987863,8
3-end RNA-seq,Fibroblast,5,AK01_AAAACAGTTGGCGCAA,perturbation_score_euclidean,Euclidean score,2.109121948520531,9
3-end RNA-seq,Fibroblast,5,AK01_AAAGCGGGTCCCGATT,perturbation_score_euclidean,Euclidean score,2.1020246556309226,10
3-end RNA-seq,Fibroblast,5,AK01_AAACTACCAACTCTCC,perturbation_score_euclidean,Euclidean score,2.1006061721335203,11
3-end RNA-seq,Fibroblast,5,AK02_AAAGCGTAAACGAGAA,perturbation_score_euclidean,Euclidean score,2.0685780642354454,12
3-end RNA-seq,Fibroblast,5,AK01_AAAGCATATTATTCGG,perturbation_score_euclidean,Euclidean score,2.0663542372840493,13
3-end RNA-seq,Fibroblast,5,AK02_AAATTGACCAGGCAAT,perturbation_score_euclidean,Euclidean score,2.0538164205066494,14
3-end RNA-seq,Fibroblast,5,AK01_AACATTTAATCTTGGT,perturbation_score_euclidean,Euclidean score,2.0496693077759884,15
3-end RNA-seq,Fibroblast,5,AK01_AAAGTTACTACCACAG,perturbation_score_euclidean,Euclidean score,2.0462420141874107,16
3-end RNA-seq,Fibroblast,5,AK02_AAAGTCAACCTCCCAG,perturbation_score_euclidean,Euclidean score,2.0402519430081716,17
3-end RNA-seq,Fibroblast,5,AK01_AAACTGCAGTCGTCAA,perturbation_score_euclidean,Euclidean score,2.0269854670860123,18
3-end RNA-seq,Fibroblast,5,AK01_AAAACCTGTCCCCTGA,perturbation_score_euclidean,Euclidean score,2.025268412973323,19
3-end RNA-seq,Fibroblast,5,AK02_AAAGGGGTTCCCGACT,perturbation_score_euclidean,Euclidean score,2.0223537182846707,20
3-end RNA-seq,Fibroblast,5,AK01_AAACTGCACTGGACGA,perturbation_score_euclidean,Euclidean score,2.0211699000831147,21
3-end RNA-seq,Fibroblast,5,AK01_AACAGAGATTGTATGA,perturbation_score_euclidean,Euclidean score,2.0211699000831147,22
3-end RNA-seq,Fibroblast,5,AK01_AAACAGAGTTAATATA,perturbation_score_euclidean,Euclidean score,2.0075089673677162,23
3-end RNA-seq,Fibroblast,5,AK02_AAACTTACACTTCCTC,perturbation_score_euclidean,Euclidean score,2.0053418946555945,24
3-end RNA-seq,Fibroblast,5,SCC02_AAAGCGCCAGGAGTTA,perturbation_score_euclidean,Euclidean score,2.00508477630219,25
3-end RNA-seq,Fibroblast,5,SCC02_AAACGCCTAAGTTGTG,perturbation_score_euclidean,Euclidean score,2.003728673044932,26
3-end RNA-seq,Fibroblast,5,AK01_AAAATTATTCCATCCG,perturbation_score_euclidean,Euclidean score,2.0013882445841813,27
3-end RNA-seq,Fibroblast,5,AK01_AACCAACACGAGTTAC,perturbation_score_euclidean,Euclidean score,1.9983004894655623,28
3-end RNA-seq,Fibroblast,5,SCC02_AAACTGATTCTTACTA,perturbation_score_euclidean,Euclidean score,1.9876316586728984,29
3-end RNA-seq,Fibroblast,5,SCC02_AAACAGACCCAGAGGC,perturbation_score_euclidean,Euclidean score,1.9871834169581366,30
3-end RNA-seq,Fibroblast,5,AK01_AAAGAATTCAACGGAG,perturbation_score_euclidean,Euclidean score,1.9787484257098156,31
3-end RNA-seq,Fibroblast,5,SCC02_AAATAATATGAAATTT,perturbation_score_euclidean,Euclidean score,1.9774688118354786,32
3-end RNA-seq,Fibroblast,5,AK01_AAAGTAGTAGCCGGGA,perturbation_score_euclidean,Euclidean score,1.9741549065613435,33
3-end RNA-seq,Fibroblast,5,AK01_AAAAGTAGTTGTTAGC,perturbation_score_euclidean,Euclidean score,1.971187942302923,34
3-end RNA-seq,Fibroblast,5,AK02_AAATCAGGATCTAATA,perturbation_score_euclidean,Euclidean score,1.9636298423457115,35
3-end RNA-seq,Fibroblast,5,AK02_AACATAGATCCTTTTC,perturbation_score_euclidean,Euclidean score,1.9635502222177759,36
3-end RNA-seq,Fibroblast,5,SCC02_AACATTGGCTCTTCCT,perturbation_score_euclidean,Euclidean score,1.9497466327831692,37
3-end RNA-seq,Fibroblast,5,AK01_AAATGCAACTGTCGCT,perturbation_score_euclidean,Euclidean score,1.9469114620076398,38
3-end RNA-seq,Fibroblast,5,AK01_AACAGACAGTCAGGTG,perturbation_score_euclidean,Euclidean score,1.9413733090896799,39
3-end RNA-seq,Fibroblast,5,SCC02_AAAACTGATAAAGTTC,perturbation_score_euclidean,Euclidean score,1.9374726600034615,40
3-end RNA-seq,Fibroblast,5,AK02_AAAAGAATCGCGATTG,perturbation_score_euclidean,Euclidean score,1.9343227976809143,41
3-end RNA-seq,Fibroblast,5,AK02_AAATAGGGAGAGGGCG,perturbation_score_euclidean,Euclidean score,1.9336884946290764,42
3-end RNA-seq,Fibroblast,5,AK02_AAACGAATGTATCCCG,perturbation_score_euclidean,Euclidean score,1.9299885258107874,43
3-end RNA-seq,Fibroblast,5,SCC02_AAATGACGGCTTTCAT,perturbation_score_euclidean,Euclidean score,1.9282980342979141,44
3-end RNA-seq,Fibroblast,5,SCC02_AACAAACCTCTTTAGA,perturbation_score_euclidean,Euclidean score,1.9279323559474182,45
3-end RNA-seq,Fibroblast,5,AK01_AAAGCTTTGTATTGCT,perturbation_score_euclidean,Euclidean score,1.9277830902575843,46
3-end RNA-seq,Fibroblast,5,AK02_AAAACTCAATGGAGCG,perturbation_score_euclidean,Euclidean score,1.9221500027518916,47
3-end RNA-seq,Fibroblast,5,AK01_AAACAAGTCTCCCGGT,perturbation_score_euclidean,Euclidean score,1.9195648039094666,48
3-end RNA-seq,Fibroblast,5,AK01_AAACTGACCGCGAGGG,perturbation_score_euclidean,Euclidean score,1.9179209869766913,49
3-end RNA-seq,Fibroblast,5,SCC02_AAAGTCGGCTTAGGGT,perturbation_score_euclidean,Euclidean score,1.9157180941046776,50
3-end RNA-seq,Fibroblast,5,AK02_AAAGTCTTTAGTTCAT,perturbation_score_euclidean,Euclidean score,1.9137464099411152,51
3-end RNA-seq,Fibroblast,5,SCC02_AAAGAGATGTGGCGGT,perturbation_score_euclidean,Euclidean score,1.909954342028215,52
3-end RNA-seq,Fibroblast,5,AK01_AAAACATCAAAATACT,perturbation_score_euclidean,Euclidean score,1.9074765504061215,53
3-end RNA-seq,Fibroblast,5,SCC02_AAAAGCTTACGGATAG,perturbation_score_euclidean,Euclidean score,1.9053281601312992,54
3-end RNA-seq,Fibroblast,5,SCC02_AAAGTTATAGGTATGC,perturbation_score_euclidean,Euclidean score,1.9046206142775493,55
3-end RNA-seq,Fibroblast,5,AK01_AACAGACCCGACGTAC,perturbation_score_euclidean,Euclidean score,1.9032011982281478,56
3-end RNA-seq,Fibroblast,5,SCC02_AAATGCCCCAGTATGT,perturbation_score_euclidean,Euclidean score,1.8937853209235276,57
3-end RNA-seq,Fibroblast,5,AK01_AAAGGCTTGCTGCGGT,perturbation_score_euclidean,Euclidean score,1.8937853209235276,58
3-end RNA-seq,Fibroblast,5,AK01_AAATGATTGAATCTGG,perturbation_score_euclidean,Euclidean score,1.8913763648377768,59
3-end RNA-seq,Fibroblast,5,AK01_AAATAGCTGTCTCGGG,perturbation_score_euclidean,Euclidean score,1.8890172902355582,60
3-end RNA-seq,Fibroblast,5,AK01_AAATGTTGATGACGGT,perturbation_score_euclidean,Euclidean score,1.8818826788527085,61
3-end RNA-seq,Fibroblast,5,AK01_AACAGTGTTTGGCCAG,perturbation_score_euclidean,Euclidean score,1.8812393399990894,62
3-end RNA-seq,Fibroblast,5,AK01_AAACCGCGCATAAGTA,perturbation_score_euclidean,Euclidean score,1.8805394234145565,63
3-end RNA-seq,Fibroblast,5,AK01_AAAGGATCACCTATAG,perturbation_score_euclidean,Euclidean score,1.879500307935448,64
3-end RNA-seq,Fibroblast,5,AK01_AAACGGTTCGTTGCGA,perturbation_score_euclidean,Euclidean score,1.8791490269203353,65
3-end RNA-seq,Fibroblast,5,AK01_AAAAGCAGCGATCATT,perturbation_score_euclidean,Euclidean score,1.8788348290946295,66
3-end RNA-seq,Fibroblast,5,AK01_AAAACCCTGTGTTCAT,perturbation_score_euclidean,Euclidean score,1.8763136482657694,67
3-end RNA-seq,Fibroblast,5,SCC02_AAATGTATTACGCGAA,perturbation_score_euclidean,Euclidean score,1.8753827431973944,68
3-end RNA-seq,Fibroblast,5,AK01_AAATTAGAGTGCCTAT,perturbation_score_euclidean,Euclidean score,1.874327177016823,69
3-end RNA-seq,Fibroblast,5,AK01_AAACCTCCCTCCTGTT,perturbation_score_euclidean,Euclidean score,1.8684582736790627,70
3-end RNA-seq,Fibroblast,5,AK02_AAACTAGTCGTTCTAT,perturbation_score_euclidean,Euclidean score,1.867852941006842,71
3-end RNA-seq,Fibroblast,5,AK01_AAAGTTCTTAAAAAAA,perturbation_score_euclidean,Euclidean score,1.8675569442256994,72
3-end RNA-seq,Fibroblast,5,AK01_AAAATGTTTCATTTCC,perturbation_score_euclidean,Euclidean score,1.866993957735973,73
3-end RNA-seq,Fibroblast,5,AK01_AAATCCGATGTGGGTT,perturbation_score_euclidean,Euclidean score,1.8644383426150737,74
3-end RNA-seq,Fibroblast,5,SCC02_AACACTGTACTGATCC,perturbation_score_euclidean,Euclidean score,1.8625193213454494,75
3-end RNA-seq,Fibroblast,5,AK01_AAATGGCTCCTCTCAC,perturbation_score_euclidean,Euclidean score,1.8612829651421776,76
3-end RNA-seq,Fibroblast,5,AK01_AAAAATCGCGGTTTGA,perturbation_score_euclidean,Euclidean score,1.8583353014594564,77
3-end RNA-seq,Fibroblast,5,SCC02_AACAAAGATTCCGCGG,perturbation_score_euclidean,Euclidean score,1.8576351712548853,78
3-end RNA-seq,Fibroblast,5,AK01_AAACTGCTGCAAACGT,perturbation_score_euclidean,Euclidean score,1.8540111562013015,79
3-end RNA-seq,Fibroblast,5,SCC02_AAAACGGTTGGTGGAC,perturbation_score_euclidean,Euclidean score,1.8533089330276455,80
3-end RNA-seq,Fibroblast,5,AK01_AAAGGCGTTGTCGTCG,perturbation_score_euclidean,Euclidean score,1.8524937039779363,81
3-end RNA-seq,Fibroblast,5,SCC02_AAAAGCGGACGAATGT,perturbation_score_euclidean,Euclidean score,1.8512126540197138,82
3-end RNA-seq,Fibroblast,5,SCC02_AAACTATGTGGTTCTT,perturbation_score_euclidean,Euclidean score,1.8500850934457491,83
3-end RNA-seq,Fibroblast,5,SCC02_AAATATGTTTTTGCCC,perturbation_score_euclidean,Euclidean score,1.849525118560217,84
3-end RNA-seq,Fibroblast,5,AK02_AAACAAATAATTCTTA,perturbation_score_euclidean,Euclidean score,1.8487842493561482,85
3-end RNA-seq,Fibroblast,5,AK02_AAACCGCATCTCGTTA,perturbation_score_euclidean,Euclidean score,1.8486330139750689,86
3-end RNA-seq,Fibroblast,5,AK01_AAAAGTTTACGCTATC,perturbation_score_euclidean,Euclidean score,1.8440678051386363,87
3-end RNA-seq,Fibroblast,5,SCC02_AAAACTCCATGGGGAT,perturbation_score_euclidean,Euclidean score,1.8432853193600947,88
3-end RNA-seq,Fibroblast,5,AK01_AAATCTGAGGGTGGTG,perturbation_score_euclidean,Euclidean score,1.8429779642740236,89
3-end RNA-seq,Fibroblast,5,SCC02_AAAACGGTTGACGCGT,perturbation_score_euclidean,Euclidean score,1.8409725189639847,90
3-end RNA-seq,Fibroblast,5,SCC02_AAACCAAAGTTAGTAT,perturbation_score_euclidean,Euclidean score,1.840959687371925,91
3-end RNA-seq,Fibroblast,5,AK01_AAACGTGTATTTATAG,perturbation_score_euclidean,Euclidean score,1.840716928006666,92
3-end RNA-seq,Fibroblast,5,SCC02_AAAACAGTTGTGTCTG,perturbation_score_euclidean,Euclidean score,1.837770271965037,93
3-end RNA-seq,Fibroblast,5,SCC02_AAATACGCTCTTGATG,perturbation_score_euclidean,Euclidean score,1.8359748154808793,94
3-end RNA-seq,Fibroblast,5,AK02_AACACTGACCTCGTTC,perturbation_score_euclidean,Euclidean score,1.8328357463833045,95
3-end RNA-seq,Fibroblast,5,AK01_AAATAAGCCCCCATAC,perturbation_score_euclidean,Euclidean score,1.831502925181314,96
3-end RNA-seq,Fibroblast,5,AK01_AAAATACGTGGCTGTA,perturbation_score_euclidean,Euclidean score,1.831299189807404,97
3-end RNA-seq,Fibroblast,5,AK01_AAATCGTCGAGTGTGA,perturbation_score_euclidean,Euclidean score,1.8305645500105225,98
3-end RNA-seq,Fibroblast,5,SCC02_AAATGGAACGGATTTC,perturbation_score_euclidean,Euclidean score,1.8293197696447068,99
3-end RNA-seq,Fibroblast,5,AK01_AAACTTGTCCAAAAGA,perturbation_score_euclidean,Euclidean score,1.8289581644323578,100
3-end RNA-seq,Fibroblast,5,SCC02_AACACGACATCTCCCT,perturbation_score_euclidean,Euclidean score,1.8272719967487454,101
3-end RNA-seq,Fibroblast,5,AK01_AAAGTGGCCTCATCGC,perturbation_score_euclidean,Euclidean score,1.8262380684088957,102
3-end RNA-seq,Fibroblast,5,AK02_AAAACACCCTGCTCTA,perturbation_score_euclidean,Euclidean score,1.825920677077519,103
3-end RNA-seq,Fibroblast,5,AK01_AAACGCAGCCTCTGCA,perturbation_score_euclidean,Euclidean score,1.8241430511059364,104
3-end RNA-seq,Fibroblast,5,AK01_AAACTTCGTCCTCAGC,perturbation_score_euclidean,Euclidean score,1.8239480125762315,105
3-end RNA-seq,Fibroblast,5,AK02_AAACAGCTAGGGCGTC,perturbation_score_euclidean,Euclidean score,1.8225751971665092,106
3-end RNA-seq,Fibroblast,5,SCC02_AAAGTACATGAGATAG,perturbation_score_euclidean,Euclidean score,1.8224940467535518,107
3-end RNA-seq,Fibroblast,5,SCC02_AAAGAAAAGTAATATA,perturbation_score_euclidean,Euclidean score,1.8223650399088733,108
3-end RNA-seq,Fibroblast,5,AK01_AAACAGTAAGAAAGCG,perturbation_score_euclidean,Euclidean score,1.822055294982652,109
3-end RNA-seq,Fibroblast,5,SCC02_AAATTGATAAACAGGC,perturbation_score_euclidean,Euclidean score,1.8218985191071388,110
3-end RNA-seq,Fibroblast,5,SCC02_AAATTGACATTCTATA,perturbation_score_euclidean,Euclidean score,1.8204702551696788,111
3-end RNA-seq,Fibroblast,5,SCC02_AAAAAGCGGGGTTTTC,perturbation_score_euclidean,Euclidean score,1.8180760464206547,112
3-end RNA-seq,Fibroblast,5,AK01_AAACGCGCATGCAGTC,perturbation_score_euclidean,Euclidean score,1.8154965419296685,113
3-end RNA-seq,Fibroblast,5,SCC02_AAAAGAAATTTTCGAA,perturbation_score_euclidean,Euclidean score,1.8141914661885903,114
3-end RNA-seq,Fibroblast,5,SCC02_AAATGAATAAGAGATA,perturbation_score_euclidean,Euclidean score,1.8138337181012127,115
3-end RNA-seq,Fibroblast,5,AK01_AAAGCCGAAGAATGGG,perturbation_score_euclidean,Euclidean score,1.812868137579412,116
3-end RNA-seq,Fibroblast,5,SCC02_AACCAAATTATGATAT,perturbation_score_euclidean,Euclidean score,1.8121993684754945,117
3-end RNA-seq,Fibroblast,5,AK01_AAATGTAAGCTGATGA,perturbation_score_euclidean,Euclidean score,1.811399100656637,118
3-end RNA-seq,Fibroblast,5,SCC02_AAAACGAAATCGTTTT,perturbation_score_euclidean,Euclidean score,1.809328789495788,119
3-end RNA-seq,Fibroblast,5,SCC02_AAACCCAAATCGGAAT,perturbation_score_euclidean,Euclidean score,1.807994692041097,120
3-end RNA-seq,Fibroblast,5,AK01_AAAACCGGATGCACCA,perturbation_score_euclidean,Euclidean score,1.8061521788960921,121
3-end RNA-seq,Fibroblast,5,SCC02_AAACCTTAAATGAAAT,perturbation_score_euclidean,Euclidean score,1.8059576374609747,122
3-end RNA-seq,Fibroblast,5,AK01_AAACGGTAGTGTTCAC,perturbation_score_euclidean,Euclidean score,1.8021769769401954,123
3-end RNA-seq,Fibroblast,5,SCC02_AAATACAAGAATAGCG,perturbation_score_euclidean,Euclidean score,1.801316296342277,124
3-end RNA-seq,Fibroblast,5,AK02_AACAGAACCACCGTTG,perturbation_score_euclidean,Euclidean score,1.8012474035018224,125
3-end RNA-seq,Fibroblast,5,SCC02_AAACGGGAGACTAAGA,perturbation_score_euclidean,Euclidean score,1.7991355482145124,126
3-end RNA-seq,Fibroblast,5,SCC02_AAATTCTAGGAACTAG,perturbation_score_euclidean,Euclidean score,1.7989051853685811,127
3-end RNA-seq,Fibroblast,5,SCC02_AAAACTAGACACAGTC,perturbation_score_euclidean,Euclidean score,1.798333744584417,128
3-end RNA-seq,Fibroblast,5,SCC02_AACCAATGTCCTTCTG,perturbation_score_euclidean,Euclidean score,1.7964406480879034,129
3-end RNA-seq,Fibroblast,5,SCC02_AAAGGCATCGTTCCGT,perturbation_score_euclidean,Euclidean score,1.7943864639951597,130
3-end RNA-seq,Fibroblast,5,SCC02_AAACACTTGTGCGTTC,perturbation_score_euclidean,Euclidean score,1.794329455443283,131
3-end RNA-seq,Fibroblast,5,SCC02_AAACGGATTGGGCCAC,perturbation_score_euclidean,Euclidean score,1.7928278744702129,132
3-end RNA-seq,Fibroblast,5,SCC02_AACAGCTCGAACCCCA,perturbation_score_euclidean,Euclidean score,1.7924471256860262,133
3-end RNA-seq,Fibroblast,5,SCC02_AAAAGTTATTAGGAGG,perturbation_score_euclidean,Euclidean score,1.7922432445512237,134
3-end RNA-seq,Fibroblast,5,SCC02_AAAACCTGGCTGCTGT,perturbation_score_euclidean,Euclidean score,1.791990242619606,135
3-end RNA-seq,Fibroblast,5,AK01_AAATGATGAGTTGTGG,perturbation_score_euclidean,Euclidean score,1.7917580461661484,136
3-end RNA-seq,Fibroblast,5,SCC02_AAAAGTGTAGCGTTAT,perturbation_score_euclidean,Euclidean score,1.7909404309981154,137
3-end RNA-seq,Fibroblast,5,AK01_AACACGTGAGGACATC,perturbation_score_euclidean,Euclidean score,1.7896576920411822,138
3-end RNA-seq,Fibroblast,5,AK02_AAATGTTGGTGAGCCT,perturbation_score_euclidean,Euclidean score,1.789337085752329,139
3-end RNA-seq,Fibroblast,5,AK02_AAACACTCCTAATTAT,perturbation_score_euclidean,Euclidean score,1.7886175328111773,140
3-end RNA-seq,Fibroblast,5,AK02_AAAGAAATTTAAGAAG,perturbation_score_euclidean,Euclidean score,1.7883829366465838,141
3-end RNA-seq,Fibroblast,5,SCC02_AAAGGCATATAGTCAT,perturbation_score_euclidean,Euclidean score,1.7870530255823325,142
3-end RNA-seq,Fibroblast,5,AK02_AAAGTAAAATGGTGGC,perturbation_score_euclidean,Euclidean score,1.7868708698648488,143
3-end RNA-seq,Fibroblast,5,AK01_AAAGCGCATTACATCT,perturbation_score_euclidean,Euclidean score,1.786070082786126,144
3-end RNA-seq,Fibroblast,5,SCC02_AAATAATGCAGTTCTG,perturbation_score_euclidean,Euclidean score,1.7859181142157678,145
3-end RNA-seq,Fibroblast,5,AK01_AAAGCGGGCCCTCCCA,perturbation_score_euclidean,Euclidean score,1.7858234642136503,146
3-end RNA-seq,Fibroblast,5,SCC02_AACATCCCAGTGAAAG,perturbation_score_euclidean,Euclidean score,1.7851208861348857,147
3-end RNA-seq,Fibroblast,5,AK02_AAAACTCGGGAACCTC,perturbation_score_euclidean,Euclidean score,1.7845864151238482,148
3-end RNA-seq,Fibroblast,5,SCC02_AACATGCTAGGGCACG,perturbation_score_euclidean,Euclidean score,1.7841096904615115,149
3-end RNA-seq,Fibroblast,5,SCC02_AAAGAGCGCCTCACTA,perturbation_score_euclidean,Euclidean score,1.782854621790621,150
3-end RNA-seq,Fibroblast,5,AK01_AAAATGCCACAATCCG,perturbation_score_euclidean,Euclidean score,1.7814305344362467,151
3-end RNA-seq,Fibroblast,5,AK01_AAATCCTTCGCCAACT,perturbation_score_euclidean,Euclidean score,1.7814140966347383,152
3-end RNA-seq,Fibroblast,5,SCC02_AAAAGGTATGACACGG,perturbation_score_euclidean,Euclidean score,1.7808040296951584,153
3-end RNA-seq,Fibroblast,5,SCC02_AAAGAATACTGCCGGA,perturbation_score_euclidean,Euclidean score,1.7801113363350076,154
3-end RNA-seq,Fibroblast,5,AK01_AACAATCTTCCGAACT,perturbation_score_euclidean,Euclidean score,1.7800368755157643,155
3-end RNA-seq,Fibroblast,5,AK02_AAATCTCAGCGCCGCG,perturbation_score_euclidean,Euclidean score,1.7794300518208046,156
3-end RNA-seq,Fibroblast,5,AK01_AAAACGGTACATAAGG,perturbation_score_euclidean,Euclidean score,1.7794221083134198,157
3-end RNA-seq,Fibroblast,5,AK01_AAACTGGTTGTATTTG,perturbation_score_euclidean,Euclidean score,1.7778775215478126,158
3-end RNA-seq,Fibroblast,5,AK01_AAACAATCTTACTCTA,perturbation_score_euclidean,Euclidean score,1.777343645753195,159
3-end RNA-seq,Fibroblast,5,SCC02_AACAAATGGTAAAAGG,perturbation_score_euclidean,Euclidean score,1.7771354100036132,160
3-end RNA-seq,Fibroblast,5,SCC02_AAACGATTGCATACTT,perturbation_score_euclidean,Euclidean score,1.7771342061449198,161
3-end RNA-seq,Fibroblast,5,AK01_AACAACGAATGGTGTA,perturbation_score_euclidean,Euclidean score,1.776123673806055,162
3-end RNA-seq,Fibroblast,5,SCC02_AACATTTTATTTTGCT,perturbation_score_euclidean,Euclidean score,1.7750696298111812,163
3-end RNA-seq,Fibroblast,5,SCC02_AACAACCCCCGAATTG,perturbation_score_euclidean,Euclidean score,1.774603140331699,164
3-end RNA-seq,Fibroblast,5,AK01_AACATTGGCCCCAGGT,perturbation_score_euclidean,Euclidean score,1.7740904695535087,165
3-end RNA-seq,Fibroblast,5,SCC02_AAAGACTCTCCGGCGG,perturbation_score_euclidean,Euclidean score,1.7730102670762735,166
3-end RNA-seq,Fibroblast,5,SCC02_AAATTGACCGCCGCGA,perturbation_score_euclidean,Euclidean score,1.7724750010449897,167
3-end RNA-seq,Fibroblast,5,AK02_AAAATGAACAGCCAGG,perturbation_score_euclidean,Euclidean score,1.7700532361541608,168
3-end RNA-seq,Fibroblast,5,AK01_AAATATATTCGCTTAG,perturbation_score_euclidean,Euclidean score,1.7699777788629296,169
3-end RNA-seq,Fibroblast,5,AK02_AAAGGACGAGGGCGAA,perturbation_score_euclidean,Euclidean score,1.769430894974699,170
3-end RNA-seq,Fibroblast,5,AK02_AACACTTCACACACTC,perturbation_score_euclidean,Euclidean score,1.7692974263503665,171
3-end RNA-seq,Fibroblast,5,AK01_AAAATAGATACTAGCG,perturbation_score_euclidean,Euclidean score,1.7691481259414288,172
3-end RNA-seq,Fibroblast,5,SCC02_AAAGTCTTACCACCGT,perturbation_score_euclidean,Euclidean score,1.7687476320029762,173
3-end RNA-seq,Fibroblast,5,SCC02_AAACTTATATGTGTTT,perturbation_score_euclidean,Euclidean score,1.7679596581251975,174
3-end RNA-seq,Fibroblast,5,AK01_AACACTAGAACGACCG,perturbation_score_euclidean,Euclidean score,1.767669299875067,175
3-end RNA-seq,Fibroblast,5,SCC02_AAAACTCTAAGTAGCC,perturbation_score_euclidean,Euclidean score,1.7670020161062896,176
3-end RNA-seq,Fibroblast,5,SCC02_AAAATTAGCCAGGTTC,perturbation_score_euclidean,Euclidean score,1.7668498267018224,177
3-end RNA-seq,Fibroblast,5,SCC02_AAAGCCTTATGCGAGC,perturbation_score_euclidean,Euclidean score,1.765931637071611,178
3-end RNA-seq,Fibroblast,5,AK01_AAAGACTACTACGCAG,perturbation_score_euclidean,Euclidean score,1.7651509882461898,179
3-end RNA-seq,Fibroblast,5,SCC02_AAAGCGAAAACGAGAC,perturbation_score_euclidean,Euclidean score,1.764193032255337,180
3-end RNA-seq,Fibroblast,5,SCC02_AAAAGTGCAACGCTTT,perturbation_score_euclidean,Euclidean score,1.7626369051322686,181
3-end RNA-seq,Fibroblast,5,AK02_AAAGGATCTAGGCTTC,perturbation_score_euclidean,Euclidean score,1.7626001279534604,182
3-end RNA-seq,Fibroblast,5,AK02_AAATTATAGCAGGCAT,perturbation_score_euclidean,Euclidean score,1.7625155895951632,183
3-end RNA-seq,Fibroblast,5,SCC02_AACATAATACGATCCC,perturbation_score_euclidean,Euclidean score,1.7623218485320933,184
3-end RNA-seq,Fibroblast,5,SCC02_AAAGAGACGGAATTAT,perturbation_score_euclidean,Euclidean score,1.7622517118809289,185
3-end RNA-seq,Fibroblast,5,AK01_AAAAGCAACAAAACGC,perturbation_score_euclidean,Euclidean score,1.7619670837553636,186
3-end RNA-seq,Fibroblast,5,AK01_AACAAAACAGATTCGC,perturbation_score_euclidean,Euclidean score,1.7603124146444156,187
3-end RNA-seq,Fibroblast,5,AK01_AAACTCTATGGCGCAA,perturbation_score_euclidean,Euclidean score,1.7601185945239985,188
3-end RNA-seq,Fibroblast,5,SCC02_AAATGTGGGGATAGGA,perturbation_score_euclidean,Euclidean score,1.7599850623947209,189
3-end RNA-seq,Fibroblast,5,SCC02_AAAATAAAGCCGCTAT,perturbation_score_euclidean,Euclidean score,1.7598210379148829,190
3-end RNA-seq,Fibroblast,5,SCC02_AAAGGTACAGTCCGCT,perturbation_score_euclidean,Euclidean score,1.7584191761664258,191
3-end RNA-seq,Fibroblast,5,AK02_AAATTGCTGGTTTGAT,perturbation_score_euclidean,Euclidean score,1.7583164105652884,192
3-end RNA-seq,Fibroblast,5,AK02_AAAGAAGGTGTTTCGG,perturbation_score_euclidean,Euclidean score,1.7574370971559377,193
3-end RNA-seq,Fibroblast,5,SCC02_AAAATAAGATAGGATT,perturbation_score_euclidean,Euclidean score,1.7569934911339444,194
3-end RNA-seq,Fibroblast,5,SCC02_AAACTCCGTTATATCG,perturbation_score_euclidean,Euclidean score,1.7567215487856782,195
3-end RNA-seq,Fibroblast,5,AK01_AAAGTGGCCTATTCGG,perturbation_score_euclidean,Euclidean score,1.755318262861297,196
3-end RNA-seq,Fibroblast,5,SCC02_AACAGCAATTTTCTGG,perturbation_score_euclidean,Euclidean score,1.7547387719828036,197
3-end RNA-seq,Fibroblast,5,SCC02_AAACTTTGTCCCTTAT,perturbation_score_euclidean,Euclidean score,1.754455583531292,198
3-end RNA-seq,Fibroblast,5,SCC02_AAATAGGATATATAGC,perturbation_score_euclidean,Euclidean score,1.7538122509212535,199
3-end RNA-seq,Fibroblast,5,AK02_AAACCGGCTCCCACAG,perturbation_score_euclidean,Euclidean score,1.7534927143258787,200
3-end RNA-seq,Keratinocyte,7,AK02_AAAGATAAAGATTCCT,perturbation_score_euclidean,Euclidean score,3.5696858099308377,1
3-end RNA-seq,Keratinocyte,6,SCC02_AAAGTGTTCTTACTAC,perturbation_score_euclidean,Euclidean score,3.3137132866468186,2
3-end RNA-seq,Keratinocyte,7,AK01_AAACAATCAGTGATAT,perturbation_score_euclidean,Euclidean score,3.2599992143941052,3
3-end RNA-seq,Keratinocyte,7,AK01_AAATGCCGACACAGGG,perturbation_score_euclidean,Euclidean score,3.207410121411618,4
3-end RNA-seq,Keratinocyte,7,AK02_AAAGTGCAGACCGGGG,perturbation_score_euclidean,Euclidean score,3.153704092430405,5
3-end RNA-seq,Keratinocyte,7,AK01_AAACGTTGTAGGTCTG,perturbation_score_euclidean,Euclidean score,3.1530047308655496,6
3-end RNA-seq,Keratinocyte,8,AK01_AAATGGCATTTTAGTG,perturbation_score_euclidean,Euclidean score,3.1263698484551505,7
3-end RNA-seq,Keratinocyte,7,SCC02_AAATAGTCGTGCCTCG,perturbation_score_euclidean,Euclidean score,3.124779735771771,8
3-end RNA-seq,Keratinocyte,7,AK02_AAAGAATCCGGGCTCA,perturbation_score_euclidean,Euclidean score,3.1069950552620087,9
3-end RNA-seq,Keratinocyte,7,AK02_AAAAAAGTAATTCCGA,perturbation_score_euclidean,Euclidean score,3.1060438911596897,10
3-end RNA-seq,Keratinocyte,8,AK01_AACAGGTACTCGAGGT,perturbation_score_euclidean,Euclidean score,3.1027453993395726,11
3-end RNA-seq,Keratinocyte,8,AK02_AAACAGATACCTTTTG,perturbation_score_euclidean,Euclidean score,3.070224155344559,12
3-end RNA-seq,Keratinocyte,7,AK02_AAACCGTCCGAAGAGT,perturbation_score_euclidean,Euclidean score,3.0642868229277926,13
3-end RNA-seq,Keratinocyte,7,AK01_AAACGCATGAGTATTG,perturbation_score_euclidean,Euclidean score,3.038510635609414,14
3-end RNA-seq,Keratinocyte,7,AK01_AAATACTAGGATTAAT,perturbation_score_euclidean,Euclidean score,3.027365728588343,15
3-end RNA-seq,Keratinocyte,6,SCC02_AACATGAGTCGATAGT,perturbation_score_euclidean,Euclidean score,3.0224004237001725,16
3-end RNA-seq,Keratinocyte,8,AK01_AAATCTGACTCAGATC,perturbation_score_euclidean,Euclidean score,3.0123324497560775,17
3-end RNA-seq,Keratinocyte,7,AK01_AAATGGTAGCCAGTCG,perturbation_score_euclidean,Euclidean score,3.008576540657146,18
3-end RNA-seq,Keratinocyte,8,AK01_AAATACTCTTGAACTG,perturbation_score_euclidean,Euclidean score,3.006717285950876,19
3-end RNA-seq,Keratinocyte,8,AK02_AAAAGACGTGAGCTAG,perturbation_score_euclidean,Euclidean score,3.0062211814717412,20
3-end RNA-seq,Keratinocyte,7,AK01_AAATGGCGGCAAAGTT,perturbation_score_euclidean,Euclidean score,3.001660759101676,21
3-end RNA-seq,Keratinocyte,7,AK02_AAATCGCACCCTCTGA,perturbation_score_euclidean,Euclidean score,3.0005955402585545,22
3-end RNA-seq,Keratinocyte,8,AK01_AAATTCCGCCGTTATT,perturbation_score_euclidean,Euclidean score,2.998328838270725,23
3-end RNA-seq,Keratinocyte,7,AK01_AAATATGTAGTTTAGG,perturbation_score_euclidean,Euclidean score,2.988586383843011,24
3-end RNA-seq,Keratinocyte,8,AK01_AAATGTGCTGGCTATT,perturbation_score_euclidean,Euclidean score,2.981751422511014,25
3-end RNA-seq,Keratinocyte,7,SCC02_AAAGAAATAGCTCCGA,perturbation_score_euclidean,Euclidean score,2.9783661580013274,26
3-end RNA-seq,Keratinocyte,8,AK01_AAATTAGACGCACATG,perturbation_score_euclidean,Euclidean score,2.9548229941563555,27
3-end RNA-seq,Keratinocyte,7,AK02_AACAGATAGCTAATCA,perturbation_score_euclidean,Euclidean score,2.951814489514469,28
3-end RNA-seq,Keratinocyte,7,AK01_AAAGACGAGGTAGGAG,perturbation_score_euclidean,Euclidean score,2.936406775314038,29
3-end RNA-seq,Keratinocyte,8,AK01_AACAGCATTCTAATCT,perturbation_score_euclidean,Euclidean score,2.9322809602639914,30
3-end RNA-seq,Keratinocyte,7,AK01_AAAGTGCATTAGGATG,perturbation_score_euclidean,Euclidean score,2.9271080348222975,31
3-end RNA-seq,Keratinocyte,7,AK02_AAACTGTTGAGCTTCC,perturbation_score_euclidean,Euclidean score,2.9045945853973243,32
3-end RNA-seq,Keratinocyte,7,AK01_AAAGACTATCCTTTGC,perturbation_score_euclidean,Euclidean score,2.8926985748808853,33
3-end RNA-seq,Keratinocyte,7,AK02_AAATTGCTGCCACGTA,perturbation_score_euclidean,Euclidean score,2.888028398631491,34
3-end RNA-seq,Keratinocyte,7,AK02_AAACCGCAGAATTGAG,perturbation_score_euclidean,Euclidean score,2.8798639968892523,35
3-end RNA-seq,Keratinocyte,8,AK01_AAACATACGCGGTCAT,perturbation_score_euclidean,Euclidean score,2.874342933583899,36
3-end RNA-seq,Keratinocyte,8,AK01_AAATCATGCCTGGGCT,perturbation_score_euclidean,Euclidean score,2.8598581308686777,37
3-end RNA-seq,Keratinocyte,7,AK01_AAACCGCTACACTCCT,perturbation_score_euclidean,Euclidean score,2.848805875768746,38
3-end RNA-seq,Keratinocyte,7,AK01_AACAAGGTCATATGGC,perturbation_score_euclidean,Euclidean score,2.8343750297342796,39
3-end RNA-seq,Keratinocyte,6,SCC02_AAAAAGCGGTGCTCAG,perturbation_score_euclidean,Euclidean score,2.8233391317484164,40
3-end RNA-seq,Keratinocyte,7,AK01_AAAAAGGGTCTGTCTA,perturbation_score_euclidean,Euclidean score,2.8087045641594144,41
3-end RNA-seq,Keratinocyte,7,AK02_AACACACAATGTTAAC,perturbation_score_euclidean,Euclidean score,2.7975953700109297,42
3-end RNA-seq,Keratinocyte,6,SCC02_AAACCGCCCTGTCGAT,perturbation_score_euclidean,Euclidean score,2.7902533965506366,43
3-end RNA-seq,Keratinocyte,7,AK01_AAAAAAACACTGCTCA,perturbation_score_euclidean,Euclidean score,2.784035563787813,44
3-end RNA-seq,Keratinocyte,6,SCC02_AAACCACTTTTACCCG,perturbation_score_euclidean,Euclidean score,2.7775833166457065,45
3-end RNA-seq,Keratinocyte,7,AK01_AAAGCTCATCTGCGCT,perturbation_score_euclidean,Euclidean score,2.769819454387413,46
3-end RNA-seq,Keratinocyte,7,AK01_AACATCTCCAACCAAG,perturbation_score_euclidean,Euclidean score,2.7646421921803803,47
3-end RNA-seq,Keratinocyte,7,AK01_AAAGCGGTGCGCCTAG,perturbation_score_euclidean,Euclidean score,2.760530905835754,48
3-end RNA-seq,Keratinocyte,7,AK02_AAAACCAGCGCTCGAC,perturbation_score_euclidean,Euclidean score,2.7600970802000475,49
3-end RNA-seq,Keratinocyte,6,SCC02_AACAGCATAGTGGTAC,perturbation_score_euclidean,Euclidean score,2.759943796306491,50
3-end RNA-seq,Keratinocyte,7,AK02_AAATCGTCTAAAGGAG,perturbation_score_euclidean,Euclidean score,2.7419102580773105,51
3-end RNA-seq,Keratinocyte,7,AK02_AAAAGCAAATTGGTAG,perturbation_score_euclidean,Euclidean score,2.7387065336648555,52
3-end RNA-seq,Keratinocyte,7,SCC02_AAAAGCGCCAGGTGGG,perturbation_score_euclidean,Euclidean score,2.7345207832729526,53
3-end RNA-seq,Keratinocyte,8,AK01_AAAGGAGAGGGCGATT,perturbation_score_euclidean,Euclidean score,2.7295604329399583,54
3-end RNA-seq,Keratinocyte,7,AK02_AAATGCTATCTATTGC,perturbation_score_euclidean,Euclidean score,2.7258935061113925,55
3-end RNA-seq,Keratinocyte,7,SCC02_AACAGCGAAGGACGCC,perturbation_score_euclidean,Euclidean score,2.724194749880926,56
3-end RNA-seq,Keratinocyte,7,AK02_AAATCCCACCACAAAA,perturbation_score_euclidean,Euclidean score,2.721053704942124,57
3-end RNA-seq,Keratinocyte,8,AK01_AAATACTCTAACGGCA,perturbation_score_euclidean,Euclidean score,2.7187669765748375,58
3-end RNA-seq,Keratinocyte,8,AK01_AAACGTTCACACCCAA,perturbation_score_euclidean,Euclidean score,2.7119339480899756,59
3-end RNA-seq,Keratinocyte,6,SCC02_AAATGCTACGACATAC,perturbation_score_euclidean,Euclidean score,2.709734380237496,60
3-end RNA-seq,Keratinocyte,8,AK01_AAAACTCGTGCTATCA,perturbation_score_euclidean,Euclidean score,2.696975276814612,61
3-end RNA-seq,Keratinocyte,7,SCC02_AAATAGGCGCAGAGCT,perturbation_score_euclidean,Euclidean score,2.6968803508703783,62
3-end RNA-seq,Keratinocyte,8,AK02_AACAGCCGGGTTTTAA,perturbation_score_euclidean,Euclidean score,2.695566524272026,63
3-end RNA-seq,Keratinocyte,6,SCC02_AAAGCTTATGAATACA,perturbation_score_euclidean,Euclidean score,2.6912398338222867,64
3-end RNA-seq,Keratinocyte,7,AK01_AAACCTCTTCTAGCTC,perturbation_score_euclidean,Euclidean score,2.6847368484076974,65
3-end RNA-seq,Keratinocyte,6,SCC02_AAATGATGCATACGGA,perturbation_score_euclidean,Euclidean score,2.6824701336151624,66
3-end RNA-seq,Keratinocyte,7,AK01_AAAACTGTGAGACCAT,perturbation_score_euclidean,Euclidean score,2.680339364455413,67
3-end RNA-seq,Keratinocyte,8,AK01_AAACCAAGGGCCTGTC,perturbation_score_euclidean,Euclidean score,2.6787980421562096,68
3-end RNA-seq,Keratinocyte,7,AK01_AAAGGTCGGCATGTGC,perturbation_score_euclidean,Euclidean score,2.671150559521174,69
3-end RNA-seq,Keratinocyte,6,SCC02_AAAGGAGTTACCCGAA,perturbation_score_euclidean,Euclidean score,2.670447075432957,70
3-end RNA-seq,Keratinocyte,7,AK01_AACATTCGGAGCCCTC,perturbation_score_euclidean,Euclidean score,2.666370192326358,71
3-end RNA-seq,Keratinocyte,7,AK01_AAACGATCACCCGATA,perturbation_score_euclidean,Euclidean score,2.665967144413539,72
3-end RNA-seq,Keratinocyte,7,AK01_AAAGCACGATTCACCG,perturbation_score_euclidean,Euclidean score,2.660554247972754,73
3-end RNA-seq,Keratinocyte,7,AK01_AACAAACTGACCTCTT,perturbation_score_euclidean,Euclidean score,2.653849551641629,74
3-end RNA-seq,Keratinocyte,7,AK01_AAAATTGTTCCACAAC,perturbation_score_euclidean,Euclidean score,2.647795865373824,75
3-end RNA-seq,Keratinocyte,7,SCC02_AAATGTTCCATGGTTA,perturbation_score_euclidean,Euclidean score,2.6454861401003185,76
3-end RNA-seq,Keratinocyte,7,AK01_AAAGTGTCCACCATCC,perturbation_score_euclidean,Euclidean score,2.64379665093063,77
3-end RNA-seq,Keratinocyte,6,SCC02_AAAACCGCCCAGGCTA,perturbation_score_euclidean,Euclidean score,2.64335168724027,78
3-end RNA-seq,Keratinocyte,6,SCC02_AAACCGCAAAAAATAG,perturbation_score_euclidean,Euclidean score,2.64335168724027,79
3-end RNA-seq,Keratinocyte,8,AK02_AAATCGTCACACCTGA,perturbation_score_euclidean,Euclidean score,2.637319872729855,80
3-end RNA-seq,Keratinocyte,8,AK01_AAACAGCTAGCCCCAA,perturbation_score_euclidean,Euclidean score,2.63205870795092,81
3-end RNA-seq,Keratinocyte,8,AK01_AAAGCTCTTCAGCAAC,perturbation_score_euclidean,Euclidean score,2.628431278738944,82
3-end RNA-seq,Keratinocyte,8,AK01_AAAGAGCGTATGCGCC,perturbation_score_euclidean,Euclidean score,2.626046656984705,83
3-end RNA-seq,Keratinocyte,7,AK02_AAATCAGAAGCTGGAC,perturbation_score_euclidean,Euclidean score,2.6151978571650445,84
3-end RNA-seq,Keratinocyte,7,AK02_AACATGTCGCGAAGGT,perturbation_score_euclidean,Euclidean score,2.614895359331846,85
3-end RNA-seq,Keratinocyte,7,AK02_AAAATTCAGGTCGCGT,perturbation_score_euclidean,Euclidean score,2.6063338739077486,86
3-end RNA-seq,Keratinocyte,8,AK01_AAAAGATAGACCCTCT,perturbation_score_euclidean,Euclidean score,2.604095803114842,87
3-end RNA-seq,Keratinocyte,6,SCC02_AAAGGATCCTCTTCCG,perturbation_score_euclidean,Euclidean score,2.6037776949189015,88
3-end RNA-seq,Keratinocyte,7,SCC02_AAAGCGTCCCCTCAAT,perturbation_score_euclidean,Euclidean score,2.6012572802525353,89
3-end RNA-seq,Keratinocyte,7,AK01_AAATCACGCAACGACT,perturbation_score_euclidean,Euclidean score,2.59727716153347,90
3-end RNA-seq,Keratinocyte,7,AK01_AAAGGTTGTCCGCGAA,perturbation_score_euclidean,Euclidean score,2.594914180136259,91
3-end RNA-seq,Keratinocyte,7,SCC02_AAAAACTGTCCCTGTA,perturbation_score_euclidean,Euclidean score,2.593813669204722,92
3-end RNA-seq,Keratinocyte,7,AK01_AAATGCTCCCACGGAA,perturbation_score_euclidean,Euclidean score,2.5921222595093005,93
3-end RNA-seq,Keratinocyte,7,AK01_AAATGAAGGGTCAGTT,perturbation_score_euclidean,Euclidean score,2.591638097713683,94
3-end RNA-seq,Keratinocyte,7,AK01_AAAATTCTGCTCTAGC,perturbation_score_euclidean,Euclidean score,2.5911713166670056,95
3-end RNA-seq,Keratinocyte,6,SCC02_AACAAATTCGAGCCTC,perturbation_score_euclidean,Euclidean score,2.587781461741131,96
3-end RNA-seq,Keratinocyte,6,SCC02_AACAGAACAAGTTTGG,perturbation_score_euclidean,Euclidean score,2.584780815009907,97
3-end RNA-seq,Keratinocyte,7,AK01_AAACAAGTTAGTGTGC,perturbation_score_euclidean,Euclidean score,2.5840282314844445,98
3-end RNA-seq,Keratinocyte,7,AK01_AACAGATGCATATAAT,perturbation_score_euclidean,Euclidean score,2.5823948336608726,99
3-end RNA-seq,Keratinocyte,7,AK01_AAATGAACCAGGTTAC,perturbation_score_euclidean,Euclidean score,2.5816293434836948,100
3-end RNA-seq,Keratinocyte,8,AK01_AAAAAGGCACGCGTCC,perturbation_score_euclidean,Euclidean score,2.5799243483745817,101
3-end RNA-seq,Keratinocyte,7,AK01_AAACCTTCCAAGATTT,perturbation_score_euclidean,Euclidean score,2.576482193641007,102
3-end RNA-seq,Keratinocyte,6,SCC02_AAATAGCGCAGCAGGA,perturbation_score_euclidean,Euclidean score,2.575719172434444,103
3-end RNA-seq,Keratinocyte,8,AK01_AAAGAATGTCTGGCTG,perturbation_score_euclidean,Euclidean score,2.5749370600766803,104
3-end RNA-seq,Keratinocyte,8,AK01_AACATTGCCAAGTCGT,perturbation_score_euclidean,Euclidean score,2.5731069828675244,105
3-end RNA-seq,Keratinocyte,8,AK01_AAACGTACTGCCCTAG,perturbation_score_euclidean,Euclidean score,2.568665862323351,106
3-end RNA-seq,Keratinocyte,7,AK01_AACATGACCCGACGTA,perturbation_score_euclidean,Euclidean score,2.5677744745968556,107
3-end RNA-seq,Keratinocyte,6,SCC02_AACATCCCATGCTAGC,perturbation_score_euclidean,Euclidean score,2.56770181922774,108
3-end RNA-seq,Keratinocyte,8,AK01_AAACGTTCTTGCGAGT,perturbation_score_euclidean,Euclidean score,2.5649588134644734,109
3-end RNA-seq,Keratinocyte,8,AK01_AAATATGAGCATAGGG,perturbation_score_euclidean,Euclidean score,2.564351122054639,110
3-end RNA-seq,Keratinocyte,8,AK01_AAACGAACGCGCGTCC,perturbation_score_euclidean,Euclidean score,2.5642226136968347,111
3-end RNA-seq,Keratinocyte,7,AK01_AAACTATGACCCCCGA,perturbation_score_euclidean,Euclidean score,2.5621459757201714,112
3-end RNA-seq,Keratinocyte,8,AK02_AACAGACCCTGTTACT,perturbation_score_euclidean,Euclidean score,2.5619482304805987,113
3-end RNA-seq,Keratinocyte,13,AK02_AAATCAACTCCCTTTC,perturbation_score_euclidean,Euclidean score,2.5595517652756796,114
3-end RNA-seq,Keratinocyte,7,SCC02_AACATATATCAGTTGA,perturbation_score_euclidean,Euclidean score,2.544844280052699,115
3-end RNA-seq,Keratinocyte,8,AK02_AAACGGCCGGGCACTC,perturbation_score_euclidean,Euclidean score,2.5442186033608674,116
3-end RNA-seq,Keratinocyte,7,AK02_AAACTATTTGTTCTAC,perturbation_score_euclidean,Euclidean score,2.540430819114448,117
3-end RNA-seq,Keratinocyte,7,AK01_AAAAGGTCGTTGACAC,perturbation_score_euclidean,Euclidean score,2.540021009144426,118
3-end RNA-seq,Keratinocyte,8,AK01_AAACACACATGCATGC,perturbation_score_euclidean,Euclidean score,2.538985754271587,119
3-end RNA-seq,Keratinocyte,7,AK01_AAAAGCACTTAAACCA,perturbation_score_euclidean,Euclidean score,2.538684729703884,120
3-end RNA-seq,Keratinocyte,6,SCC02_AAACGTTGCCGGCCAT,perturbation_score_euclidean,Euclidean score,2.538280196358459,121
3-end RNA-seq,Keratinocyte,8,AK01_AAACTGGTTGGCTCCA,perturbation_score_euclidean,Euclidean score,2.5366063851128247,122
3-end RNA-seq,Keratinocyte,7,AK01_AAAGCTCAGTGGCGCT,perturbation_score_euclidean,Euclidean score,2.5355092759786912,123
3-end RNA-seq,Keratinocyte,7,AK01_AACACTTTTTACGGAG,perturbation_score_euclidean,Euclidean score,2.532595288898078,124
3-end RNA-seq,Keratinocyte,7,AK01_AAAGTGAAGGTTCGAA,perturbation_score_euclidean,Euclidean score,2.5281711824616773,125
3-end RNA-seq,Keratinocyte,8,AK01_AACAAACTGCAGTTCG,perturbation_score_euclidean,Euclidean score,2.525333801467872,126
3-end RNA-seq,Keratinocyte,6,SCC02_AACACTTGATAGCCAC,perturbation_score_euclidean,Euclidean score,2.5250155452649254,127
3-end RNA-seq,Keratinocyte,8,AK01_AAATGTTCCGTGAATT,perturbation_score_euclidean,Euclidean score,2.5201973096819774,128
3-end RNA-seq,Keratinocyte,8,AK02_AACATAGGTTGACAGC,perturbation_score_euclidean,Euclidean score,2.518448254441752,129
3-end RNA-seq,Keratinocyte,7,SCC02_AAAAGACTCAGCTCCG,perturbation_score_euclidean,Euclidean score,2.517461379641654,130
3-end RNA-seq,Keratinocyte,7,AK02_AAAACCATCATAGTGT,perturbation_score_euclidean,Euclidean score,2.5169599918215417,131
3-end RNA-seq,Keratinocyte,8,AK01_AACCAAATCCCAGATG,perturbation_score_euclidean,Euclidean score,2.5167928069889625,132
3-end RNA-seq,Keratinocyte,8,AK01_AAATACAAGCGGTCAC,perturbation_score_euclidean,Euclidean score,2.5166092016944575,133
3-end RNA-seq,Keratinocyte,6,SCC02_AAATATGATGGAACTG,perturbation_score_euclidean,Euclidean score,2.5156796763503126,134
3-end RNA-seq,Keratinocyte,8,AK01_AAAAAATCCATCTCTC,perturbation_score_euclidean,Euclidean score,2.515322608702889,135
3-end RNA-seq,Keratinocyte,8,AK01_AAAACGCGTCATGATA,perturbation_score_euclidean,Euclidean score,2.512422216751584,136
3-end RNA-seq,Keratinocyte,6,SCC02_AAAATTGCGATTATTG,perturbation_score_euclidean,Euclidean score,2.512247796133067,137
3-end RNA-seq,Keratinocyte,7,SCC02_AAACGATCTGTCTACT,perturbation_score_euclidean,Euclidean score,2.5103164473498656,138
3-end RNA-seq,Keratinocyte,7,AK01_AAATTCGACCGCAGAC,perturbation_score_euclidean,Euclidean score,2.5103164473498656,139
3-end RNA-seq,Keratinocyte,6,SCC02_AAAAAGGGTCTGCAGC,perturbation_score_euclidean,Euclidean score,2.495347936541591,140
3-end RNA-seq,Keratinocyte,7,AK01_AAAGACTCGAGGGTGG,perturbation_score_euclidean,Euclidean score,2.4943751000798735,141
3-end RNA-seq,Keratinocyte,7,AK01_AACACCCGTCAAGAGC,perturbation_score_euclidean,Euclidean score,2.4935089898990426,142
3-end RNA-seq,Keratinocyte,8,AK01_AAAGCCCGCATACCAA,perturbation_score_euclidean,Euclidean score,2.490394527860582,143
3-end RNA-seq,Keratinocyte,8,AK01_AAACCGGTGAGGTGAA,perturbation_score_euclidean,Euclidean score,2.486796575101212,144
3-end RNA-seq,Keratinocyte,8,AK01_AAAACACAGAATGGCG,perturbation_score_euclidean,Euclidean score,2.4845138972710465,145
3-end RNA-seq,Keratinocyte,8,AK01_AACAACCATACAGGTA,perturbation_score_euclidean,Euclidean score,2.4836705633279905,146
3-end RNA-seq,Keratinocyte,7,AK01_AAATCTGTACCCGTAA,perturbation_score_euclidean,Euclidean score,2.482988422495243,147
3-end RNA-seq,Keratinocyte,7,SCC02_AAAAACGGTACTTCCT,perturbation_score_euclidean,Euclidean score,2.4822513434251596,148
3-end RNA-seq,Keratinocyte,7,AK02_AAACTGGCGCGGTCAC,perturbation_score_euclidean,Euclidean score,2.4821831580168157,149
3-end RNA-seq,Keratinocyte,7,AK02_AAAAATAACGAAGAGT,perturbation_score_euclidean,Euclidean score,2.478652999417873,150
3-end RNA-seq,Keratinocyte,6,SCC02_AACAGATCCACCTCTT,perturbation_score_euclidean,Euclidean score,2.4767235160109107,151
3-end RNA-seq,Keratinocyte,7,AK01_AAATTAAAAACTGTTC,perturbation_score_euclidean,Euclidean score,2.4743149347635045,152
3-end RNA-seq,Keratinocyte,7,AK01_AACAACAGGGCTCTGG,perturbation_score_euclidean,Euclidean score,2.470494114090452,153
3-end RNA-seq,Keratinocyte,7,AK01_AAAATTCGTTTCCGGT,perturbation_score_euclidean,Euclidean score,2.468823355764565,154
3-end RNA-seq,Keratinocyte,6,SCC02_AAATGCATGGATACAC,perturbation_score_euclidean,Euclidean score,2.4684692141461833,155
3-end RNA-seq,Keratinocyte,8,AK01_AAATCCACGGAGACCA,perturbation_score_euclidean,Euclidean score,2.464046716304051,156
3-end RNA-seq,Keratinocyte,7,AK02_AAAGCACAGGGAATAA,perturbation_score_euclidean,Euclidean score,2.463863000486076,157
3-end RNA-seq,Keratinocyte,7,SCC02_AAAACCAAATCGAGTG,perturbation_score_euclidean,Euclidean score,2.463575906110814,158
3-end RNA-seq,Keratinocyte,7,AK02_AAATAGAACAGAAATT,perturbation_score_euclidean,Euclidean score,2.4621742646668494,159
3-end RNA-seq,Keratinocyte,7,AK01_AAACCCGCCGACGTTG,perturbation_score_euclidean,Euclidean score,2.4618936923396117,160
3-end RNA-seq,Keratinocyte,8,AK01_AAAGAGGGATCCGTCT,perturbation_score_euclidean,Euclidean score,2.459921903955968,161
3-end RNA-seq,Keratinocyte,8,AK02_AACACCCTCGCTCGCA,perturbation_score_euclidean,Euclidean score,2.4598115149067104,162
3-end RNA-seq,Keratinocyte,7,SCC02_AAAAACCATACGGATT,perturbation_score_euclidean,Euclidean score,2.458248830779408,163
3-end RNA-seq,Keratinocyte,8,AK02_AAATGAGTAACAGCTG,perturbation_score_euclidean,Euclidean score,2.457338599355136,164
3-end RNA-seq,Keratinocyte,7,AK01_AAAGCATGTAATCCAT,perturbation_score_euclidean,Euclidean score,2.457221078983881,165
3-end RNA-seq,Keratinocyte,8,AK01_AAATAGCTGTCGCTAC,perturbation_score_euclidean,Euclidean score,2.4565448647641626,166
3-end RNA-seq,Keratinocyte,7,AK02_AACACCAGAATTTTTA,perturbation_score_euclidean,Euclidean score,2.453781929606908,167
3-end RNA-seq,Keratinocyte,8,AK01_AAAGGCCACCCAAGGT,perturbation_score_euclidean,Euclidean score,2.4537672969822277,168
3-end RNA-seq,Keratinocyte,6,SCC02_AACAGGGGCGTCGTCG,perturbation_score_euclidean,Euclidean score,2.451057622812248,169
3-end RNA-seq,Keratinocyte,8,AK02_AAATAATGTAAATTCC,perturbation_score_euclidean,Euclidean score,2.450920920479063,170
3-end RNA-seq,Keratinocyte,7,AK02_AACAATTAGTGACCTA,perturbation_score_euclidean,Euclidean score,2.449489190735335,171
3-end RNA-seq,Keratinocyte,8,AK01_AAATCTCTGTCAAACT,perturbation_score_euclidean,Euclidean score,2.4483331794094196,172
3-end RNA-seq,Keratinocyte,8,AK01_AAAATCGCATTGCCAG,perturbation_score_euclidean,Euclidean score,2.447125539934126,173
3-end RNA-seq,Keratinocyte,7,SCC02_AAAACTGCCTATCTTG,perturbation_score_euclidean,Euclidean score,2.4469608086324346,174
3-end RNA-seq,Keratinocyte,7,AK02_AAACTCGAACTGTGGG,perturbation_score_euclidean,Euclidean score,2.4449680952859825,175
3-end RNA-seq,Keratinocyte,6,SCC02_AAAGGGAGAGCAAGCT,perturbation_score_euclidean,Euclidean score,2.4393669142069276,176
3-end RNA-seq,Keratinocyte,7,AK01_AACACGGCTTGCCGAT,perturbation_score_euclidean,Euclidean score,2.439349438145234,177
3-end RNA-seq,Keratinocyte,7,AK02_AAATGGCAATGCTGTA,perturbation_score_euclidean,Euclidean score,2.4385175878630805,178
3-end RNA-seq,Keratinocyte,7,SCC02_AAATGTCTATGCCGGT,perturbation_score_euclidean,Euclidean score,2.4362455557828344,179
3-end RNA-seq,Keratinocyte,8,SCC02_AACAAACAACGACGGA,perturbation_score_euclidean,Euclidean score,2.4356555699440334,180
3-end RNA-seq,Keratinocyte,7,AK01_AAAATTCCATTGTTGC,perturbation_score_euclidean,Euclidean score,2.4350073483711485,181
3-end RNA-seq,Keratinocyte,8,AK01_AAATTAGTTGCACAAG,perturbation_score_euclidean,Euclidean score,2.4323836941161283,182
3-end RNA-seq,Keratinocyte,7,AK01_AAAAGCAGACCCCGGG,perturbation_score_euclidean,Euclidean score,2.4293133819647426,183
3-end RNA-seq,Keratinocyte,7,AK01_AAAAGTCAACCCAATG,perturbation_score_euclidean,Euclidean score,2.4284953018996664,184
3-end RNA-seq,Keratinocyte,8,AK01_AAAACATTTTTCGCCG,perturbation_score_euclidean,Euclidean score,2.4264354652871054,185
3-end RNA-seq,Keratinocyte,7,AK02_AAATATTGGCATCGCG,perturbation_score_euclidean,Euclidean score,2.423557461980202,186
3-end RNA-seq,Keratinocyte,7,AK01_AAAGGTCTGGCGCATC,perturbation_score_euclidean,Euclidean score,2.423471798119599,187
3-end RNA-seq,Keratinocyte,7,AK02_AAAACTTTGCCATGTG,perturbation_score_euclidean,Euclidean score,2.42291614076285,188
3-end RNA-seq,Keratinocyte,7,AK01_AACATGAAGTTCGGTT,perturbation_score_euclidean,Euclidean score,2.4227086712017143,189
3-end RNA-seq,Keratinocyte,7,AK01_AACACTGCCTCTATCT,perturbation_score_euclidean,Euclidean score,2.42263707770272,190
3-end RNA-seq,Keratinocyte,8,AK01_AACATCCCCCGGTTGC,perturbation_score_euclidean,Euclidean score,2.4224418974806285,191
3-end RNA-seq,Keratinocyte,7,SCC02_AAAGCGTGCCAGGTCA,perturbation_score_euclidean,Euclidean score,2.42145872082711,192
3-end RNA-seq,Keratinocyte,8,AK01_AAACCACCGAGGTCGT,perturbation_score_euclidean,Euclidean score,2.4213142537472168,193
3-end RNA-seq,Keratinocyte,7,AK02_AAATGTACTTTTAAAT,perturbation_score_euclidean,Euclidean score,2.4192179105013647,194
3-end RNA-seq,Keratinocyte,8,AK01_AACAAAAGGCCTCTAG,perturbation_score_euclidean,Euclidean score,2.4172215541186652,195
3-end RNA-seq,Keratinocyte,6,SCC02_AAAGGAGCGAACGTAG,perturbation_score_euclidean,Euclidean score,2.416538336404031,196
3-end RNA-seq,Keratinocyte,8,AK01_AAACATTACTCGGGAA,perturbation_score_euclidean,Euclidean score,2.4161942682207087,197
3-end RNA-seq,Keratinocyte,6,AK02_AAAACTACTGATACTA,perturbation_score_euclidean,Euclidean score,2.414868145263196,198
3-end RNA-seq,Keratinocyte,7,AK01_AAATCTCCGCTACGGC,perturbation_score_euclidean,Euclidean score,2.4145632302348345,199
3-end RNA-seq,Keratinocyte,6,SCC02_AAACAAGTGAATCAAA,perturbation_score_euclidean,Euclidean score,2.4133058072434683,200
3-end RNA-seq,Endothelial,0,AK02_AAAGCACTGGGCATCT,perturbation_score_euclidean,Euclidean score,1.7179434255190238,1
3-end RNA-seq,Endothelial,0,AK02_AAAGTGAAAATGGGCG,perturbation_score_euclidean,Euclidean score,1.6809355027685848,2
3-end RNA-seq,Endothelial,0,AK02_AAAGCGACACCAATAG,perturbation_score_euclidean,Euclidean score,1.6313327678885212,3
3-end RNA-seq,Endothelial,0,AK02_AAATTGTTCAGTGACG,perturbation_score_euclidean,Euclidean score,1.6268965054810163,4
3-end RNA-seq,Endothelial,0,AK02_AACATGGCCGAAGGCG,perturbation_score_euclidean,Euclidean score,1.6268965054810163,5
3-end RNA-seq,Endothelial,0,AK01_AAAATAGCAATCCGCC,perturbation_score_euclidean,Euclidean score,1.5869067344457284,6
3-end RNA-seq,Endothelial,0,AK02_AAAACTTTCCGCTCGA,perturbation_score_euclidean,Euclidean score,1.563869594499407,7
3-end RNA-seq,Endothelial,0,AK01_AAAACAACCCATCCCG,perturbation_score_euclidean,Euclidean score,1.5598338542727666,8
3-end RNA-seq,Endothelial,0,AK01_AACAGAGCGGATTTGT,perturbation_score_euclidean,Euclidean score,1.5588490066059446,9
3-end RNA-seq,Endothelial,0,SCC02_AAAATTACATGGCAGT,perturbation_score_euclidean,Euclidean score,1.554477172123597,10
3-end RNA-seq,Endothelial,0,AK02_AACAGTACGATCCTTA,perturbation_score_euclidean,Euclidean score,1.5377196973397729,11
3-end RNA-seq,Endothelial,0,AK02_AAAACGTGACCTTCAT,perturbation_score_euclidean,Euclidean score,1.5254824363843305,12
3-end RNA-seq,Endothelial,0,AK01_AAAACGAACTGCATAC,perturbation_score_euclidean,Euclidean score,1.52245424363437,13
3-end RNA-seq,Endothelial,0,AK02_AAATGGTTGTGCACAG,perturbation_score_euclidean,Euclidean score,1.5074772611387253,14
3-end RNA-seq,Endothelial,0,AK01_AAACGTAGCGCGGAGA,perturbation_score_euclidean,Euclidean score,1.5047252714741433,15
3-end RNA-seq,Endothelial,0,AK01_AAAGTCTCAACTCGAA,perturbation_score_euclidean,Euclidean score,1.4965250418482543,16
3-end RNA-seq,Endothelial,0,AK01_AAATGCTCCGTGTATA,perturbation_score_euclidean,Euclidean score,1.4965250418482543,17
3-end RNA-seq,Endothelial,0,AK02_AAAGTGCAAACAAAGA,perturbation_score_euclidean,Euclidean score,1.4920028537080297,18
3-end RNA-seq,Endothelial,0,AK01_AACAGATACGGTTACA,perturbation_score_euclidean,Euclidean score,1.4919544286940605,19
3-end RNA-seq,Endothelial,0,AK01_AAATTAGCTAAGTTAA,perturbation_score_euclidean,Euclidean score,1.480579650478271,20
3-end RNA-seq,Endothelial,0,AK02_AAATGATCGCGAGGTA,perturbation_score_euclidean,Euclidean score,1.4754917217042887,21
3-end RNA-seq,Endothelial,0,AK02_AAATTGCCGAAGTTTT,perturbation_score_euclidean,Euclidean score,1.4711606918987428,22
3-end RNA-seq,Endothelial,0,AK01_AAACTCACTCGTGTCC,perturbation_score_euclidean,Euclidean score,1.4510914547519418,23
3-end RNA-seq,Endothelial,0,AK01_AAACACACTGACCTGC,perturbation_score_euclidean,Euclidean score,1.4485643156365637,24
3-end RNA-seq,Endothelial,0,AK01_AAAGTCGCGGCAAGTT,perturbation_score_euclidean,Euclidean score,1.4476125217483649,25
3-end RNA-seq,Endothelial,0,AK01_AAACTCAATAGGCCCG,perturbation_score_euclidean,Euclidean score,1.4463793943124137,26
3-end RNA-seq,Endothelial,0,AK01_AAAAAGCCATACTAAT,perturbation_score_euclidean,Euclidean score,1.4446802434526202,27
3-end RNA-seq,Endothelial,0,AK02_AAAACCTTTGTTGACC,perturbation_score_euclidean,Euclidean score,1.4389779295828142,28
3-end RNA-seq,Endothelial,0,AK01_AAAAGACGATAGAGAG,perturbation_score_euclidean,Euclidean score,1.4335093651257196,29
3-end RNA-seq,Endothelial,0,AK02_AAATAAGGGTGACCAT,perturbation_score_euclidean,Euclidean score,1.428736160639267,30
3-end RNA-seq,Endothelial,0,AK01_AAACCCGGTAATAATG,perturbation_score_euclidean,Euclidean score,1.4259399933735095,31
3-end RNA-seq,Endothelial,0,AK02_AAAGGTGGATCAGCCG,perturbation_score_euclidean,Euclidean score,1.416311899310976,32
3-end RNA-seq,Endothelial,0,AK01_AAACGGAGCATCCTAT,perturbation_score_euclidean,Euclidean score,1.4155855154229684,33
3-end RNA-seq,Endothelial,0,AK01_AACATTGCCGAGGCAG,perturbation_score_euclidean,Euclidean score,1.4155855154229684,34
3-end RNA-seq,Endothelial,0,AK02_AAAAGTGGCCATGACT,perturbation_score_euclidean,Euclidean score,1.415359370528506,35
3-end RNA-seq,Endothelial,0,AK02_AAACGCTGACCTGGAC,perturbation_score_euclidean,Euclidean score,1.4150505582119106,36
3-end RNA-seq,Endothelial,0,AK01_AACATCCGTCCGGGTC,perturbation_score_euclidean,Euclidean score,1.4132859754214178,37
3-end RNA-seq,Endothelial,0,AK02_AACCAACGATAGTCTT,perturbation_score_euclidean,Euclidean score,1.4129073986600817,38
3-end RNA-seq,Endothelial,0,AK01_AAACAACTGAATCGAT,perturbation_score_euclidean,Euclidean score,1.409077926121958,39
3-end RNA-seq,Endothelial,0,AK01_AACATCATATGTGGAT,perturbation_score_euclidean,Euclidean score,1.4086917784881106,40
3-end RNA-seq,Endothelial,0,AK01_AAAGCGAGCCTCTAGA,perturbation_score_euclidean,Euclidean score,1.4072881191903708,41
3-end RNA-seq,Endothelial,0,AK01_AAATCAGTGCGTTGTG,perturbation_score_euclidean,Euclidean score,1.4024935200113626,42
3-end RNA-seq,Endothelial,0,AK01_AAAGATAGCCGTCTCC,perturbation_score_euclidean,Euclidean score,1.402071877372705,43
3-end RNA-seq,Endothelial,0,AK02_AAATGCCATACTACTG,perturbation_score_euclidean,Euclidean score,1.3975306812132828,44
3-end RNA-seq,Endothelial,0,AK01_AACAGCTGCAATGGCG,perturbation_score_euclidean,Euclidean score,1.394248976060623,45
3-end RNA-seq,Endothelial,0,AK02_AAATAGTCAACGCACG,perturbation_score_euclidean,Euclidean score,1.3925278962813217,46
3-end RNA-seq,Endothelial,0,AK01_AAACGTCGGCAGATTC,perturbation_score_euclidean,Euclidean score,1.3913241836707588,47
3-end RNA-seq,Endothelial,0,AK02_AACATGCTGATACAGG,perturbation_score_euclidean,Euclidean score,1.390309539683451,48
3-end RNA-seq,Endothelial,0,AK01_AAAAGATGATCTGGTC,perturbation_score_euclidean,Euclidean score,1.3886647510311168,49
3-end RNA-seq,Endothelial,0,AK01_AAAGACAGTGTTTATG,perturbation_score_euclidean,Euclidean score,1.3875426268455513,50
3-end RNA-seq,Endothelial,0,AK01_AAAGTGCGAGACTCCG,perturbation_score_euclidean,Euclidean score,1.3868770174802438,51
3-end RNA-seq,Endothelial,0,AK01_AAAGGACGCCTCCTCG,perturbation_score_euclidean,Euclidean score,1.3844655691177794,52
3-end RNA-seq,Endothelial,0,AK01_AAACTCACAGCAGCAC,perturbation_score_euclidean,Euclidean score,1.3803032302105582,53
3-end RNA-seq,Endothelial,0,AK01_AACATCTCCCTAATAG,perturbation_score_euclidean,Euclidean score,1.3799946139430481,54
3-end RNA-seq,Endothelial,0,AK02_AAAGTTTGATGCGTCC,perturbation_score_euclidean,Euclidean score,1.3727084596437913,55
3-end RNA-seq,Endothelial,0,AK01_AAATCTGTTACTATTG,perturbation_score_euclidean,Euclidean score,1.3703309653184281,56
3-end RNA-seq,Endothelial,0,AK02_AACATCCCACGACTAG,perturbation_score_euclidean,Euclidean score,1.3684927789062662,57
3-end RNA-seq,Endothelial,0,AK02_AAAGGGCGACTCGTGG,perturbation_score_euclidean,Euclidean score,1.3682118815312578,58
3-end RNA-seq,Endothelial,0,AK02_AAAAGTTCCCTCCGAC,perturbation_score_euclidean,Euclidean score,1.3663034905993305,59
3-end RNA-seq,Endothelial,0,AK01_AAATGTTTGGCGGTGC,perturbation_score_euclidean,Euclidean score,1.3658731040891092,60
3-end RNA-seq,Endothelial,0,AK02_AAAGTCAAAAATTTCC,perturbation_score_euclidean,Euclidean score,1.3656223387659403,61
3-end RNA-seq,Endothelial,0,AK01_AACAATGGACCAGACT,perturbation_score_euclidean,Euclidean score,1.3653948590542273,62
3-end RNA-seq,Endothelial,0,AK02_AAATACTGGCGGTCAG,perturbation_score_euclidean,Euclidean score,1.3650458963567818,63
3-end RNA-seq,Endothelial,0,AK02_AAATCTTAGTCGTAAT,perturbation_score_euclidean,Euclidean score,1.363843764137629,64
3-end RNA-seq,Endothelial,0,AK01_AACACGGTAAGGCACC,perturbation_score_euclidean,Euclidean score,1.3634303762589917,65
3-end RNA-seq,Endothelial,0,AK02_AAAGCATGTAATGACG,perturbation_score_euclidean,Euclidean score,1.361276936058178,66
3-end RNA-seq,Endothelial,0,AK01_AAAGCTGGATGCTCGA,perturbation_score_euclidean,Euclidean score,1.3584354215333336,67
3-end RNA-seq,Endothelial,0,AK01_AAAACGGCGTTTGTTA,perturbation_score_euclidean,Euclidean score,1.3576453866124039,68
3-end RNA-seq,Endothelial,0,AK01_AAACTTATAGAGATTG,perturbation_score_euclidean,Euclidean score,1.3554709262831481,69
3-end RNA-seq,Endothelial,0,AK01_AAAATATCGCGTGGGA,perturbation_score_euclidean,Euclidean score,1.3532485221219124,70
3-end RNA-seq,Endothelial,0,AK01_AAACAGGTAGGGAGGA,perturbation_score_euclidean,Euclidean score,1.352109382081883,71
3-end RNA-seq,Endothelial,0,AK02_AACATATTCTAAGCCA,perturbation_score_euclidean,Euclidean score,1.3490506262677409,72
3-end RNA-seq,Endothelial,0,SCC02_AACAATCGCCCTTTGG,perturbation_score_euclidean,Euclidean score,1.3470630811993554,73
3-end RNA-seq,Endothelial,0,AK02_AAATATTTTATGGTTC,perturbation_score_euclidean,Euclidean score,1.3469631491555418,74
3-end RNA-seq,Endothelial,0,AK02_AAAAAAGAAAACATCG,perturbation_score_euclidean,Euclidean score,1.3427358131199112,75
3-end RNA-seq,Endothelial,0,AK01_AAACACTCAGTGGCAC,perturbation_score_euclidean,Euclidean score,1.3412996452231136,76
3-end RNA-seq,Endothelial,0,AK01_AAAAGACGGGGCAACT,perturbation_score_euclidean,Euclidean score,1.3371884250216655,77
3-end RNA-seq,Endothelial,0,AK02_AAATACCAGGGAGGGT,perturbation_score_euclidean,Euclidean score,1.3359556217150208,78
3-end RNA-seq,Endothelial,0,SCC02_AAACTGTCTCAACCAT,perturbation_score_euclidean,Euclidean score,1.3346822963007885,79
3-end RNA-seq,Endothelial,0,AK02_AACATCAAGTTAGATC,perturbation_score_euclidean,Euclidean score,1.3339463900651805,80
3-end RNA-seq,Endothelial,0,AK02_AAATGGTAGGTTGACA,perturbation_score_euclidean,Euclidean score,1.3317141401217827,81
3-end RNA-seq,Endothelial,0,AK02_AAAAGATCCGACATGC,perturbation_score_euclidean,Euclidean score,1.3312264866693184,82
3-end RNA-seq,Endothelial,0,AK01_AAACTCCCCAGGCCTA,perturbation_score_euclidean,Euclidean score,1.3294791436417444,83
3-end RNA-seq,Endothelial,0,AK02_AAAGAGTTCTCTGAAA,perturbation_score_euclidean,Euclidean score,1.3293175093345517,84
3-end RNA-seq,Endothelial,0,SCC02_AAAACCCGCTTGCACA,perturbation_score_euclidean,Euclidean score,1.328984410273304,85
3-end RNA-seq,Endothelial,0,SCC02_AACACCGTTTAGTGTT,perturbation_score_euclidean,Euclidean score,1.3284129897087693,86
3-end RNA-seq,Endothelial,0,AK01_AAAGTACCAAGTCACG,perturbation_score_euclidean,Euclidean score,1.327079771084947,87
3-end RNA-seq,Endothelial,0,AK01_AAAATCTGCTTGCCTG,perturbation_score_euclidean,Euclidean score,1.3265221805031904,88
3-end RNA-seq,Endothelial,0,AK01_AAAGCAGGCGGCCTAC,perturbation_score_euclidean,Euclidean score,1.3265221805031904,89
3-end RNA-seq,Endothelial,0,AK02_AACATTGACGCGCTGG,perturbation_score_euclidean,Euclidean score,1.3265060687287635,90
3-end RNA-seq,Endothelial,0,AK01_AAATGGTAGTAAAGTT,perturbation_score_euclidean,Euclidean score,1.325617304467823,91
3-end RNA-seq,Endothelial,0,AK01_AACCAATCAAGGCACC,perturbation_score_euclidean,Euclidean score,1.3251854684348956,92
3-end RNA-seq,Endothelial,0,AK02_AAATCATAGCGAGTGT,perturbation_score_euclidean,Euclidean score,1.3250060282852767,93
3-end RNA-seq,Endothelial,0,AK02_AAACTTACTGCCCCTG,perturbation_score_euclidean,Euclidean score,1.3247042238530566,94
3-end RNA-seq,Endothelial,0,AK02_AAAGCATAAGGTACTT,perturbation_score_euclidean,Euclidean score,1.3234093514305914,95
3-end RNA-seq,Endothelial,0,AK02_AAATATTACCCTGTGC,perturbation_score_euclidean,Euclidean score,1.3223124295271536,96
3-end RNA-seq,Endothelial,0,AK02_AACACCGCTGCGGCTT,perturbation_score_euclidean,Euclidean score,1.3210872752239324,97
3-end RNA-seq,Endothelial,0,AK01_AAAACGGATTGTCAGC,perturbation_score_euclidean,Euclidean score,1.3205153578693856,98
3-end RNA-seq,Endothelial,0,AK02_AAATCTTTGCCGTACT,perturbation_score_euclidean,Euclidean score,1.3200914065190372,99
3-end RNA-seq,Endothelial,0,AK01_AAATAGTGGCCTACTG,perturbation_score_euclidean,Euclidean score,1.3194823683207544,100
3-end RNA-seq,Endothelial,0,AK01_AACAAGCCGCAGAACG,perturbation_score_euclidean,Euclidean score,1.3194796236765334,101
3-end RNA-seq,Endothelial,0,AK01_AAAGCGTCTCACGATT,perturbation_score_euclidean,Euclidean score,1.3185155099736254,102
3-end RNA-seq,Endothelial,0,AK02_AAAATCGTATCTACCC,perturbation_score_euclidean,Euclidean score,1.3184878015436405,103
3-end RNA-seq,Endothelial,0,AK01_AAAGTGTAGTAACACG,perturbation_score_euclidean,Euclidean score,1.3172516801968106,104
3-end RNA-seq,Endothelial,0,AK01_AAAATTATAAAAATAC,perturbation_score_euclidean,Euclidean score,1.3158454363232803,105
3-end RNA-seq,Endothelial,0,AK02_AAATCCCCTGTCTTTT,perturbation_score_euclidean,Euclidean score,1.313208123155654,106
3-end RNA-seq,Endothelial,0,AK02_AAATACTCTATTCAAT,perturbation_score_euclidean,Euclidean score,1.312921872435773,107
3-end RNA-seq,Endothelial,0,SCC02_AACAGAGAATATGATA,perturbation_score_euclidean,Euclidean score,1.3117055298170148,108
3-end RNA-seq,Endothelial,0,AK01_AAAAACGGGGGCATAT,perturbation_score_euclidean,Euclidean score,1.3115785739027952,109
3-end RNA-seq,Endothelial,0,AK02_AACCAATCTAATTCGG,perturbation_score_euclidean,Euclidean score,1.3098751804779247,110
3-end RNA-seq,Endothelial,0,AK02_AAAGTGTCTCATTGCA,perturbation_score_euclidean,Euclidean score,1.3065431284506663,111
3-end RNA-seq,Endothelial,0,AK01_AAAGCTTCAACGCTAG,perturbation_score_euclidean,Euclidean score,1.3059028377691957,112
3-end RNA-seq,Endothelial,0,AK01_AAATAGGATCAGTGTC,perturbation_score_euclidean,Euclidean score,1.3057311719539968,113
3-end RNA-seq,Endothelial,0,AK02_AAACACCCATACCCCA,perturbation_score_euclidean,Euclidean score,1.3032507751812998,114
3-end RNA-seq,Endothelial,0,AK02_AAATATTCAGTCATAT,perturbation_score_euclidean,Euclidean score,1.3026575715770523,115
3-end RNA-seq,Endothelial,0,AK02_AAACAGGGAAAAAATC,perturbation_score_euclidean,Euclidean score,1.3011859687761658,116
3-end RNA-seq,Endothelial,0,AK02_AAATTGCGGTAATTTG,perturbation_score_euclidean,Euclidean score,1.3003141978104746,117
3-end RNA-seq,Endothelial,0,AK01_AAATCCGTTGACTGAC,perturbation_score_euclidean,Euclidean score,1.2997765219220296,118
3-end RNA-seq,Endothelial,0,AK02_AAACGGTGGCACATTA,perturbation_score_euclidean,Euclidean score,1.2990182773826977,119
3-end RNA-seq,Endothelial,0,AK02_AACACCATTAAACAAG,perturbation_score_euclidean,Euclidean score,1.2988534707811834,120
3-end RNA-seq,Endothelial,0,AK01_AAACATACCGCTGTTA,perturbation_score_euclidean,Euclidean score,1.2980954315820135,121
3-end RNA-seq,Endothelial,0,AK02_AACAAAATGACCAATT,perturbation_score_euclidean,Euclidean score,1.2971932180417516,122
3-end RNA-seq,Endothelial,0,AK01_AAACACGCAATAGCAG,perturbation_score_euclidean,Euclidean score,1.296433402183793,123
3-end RNA-seq,Endothelial,0,AK02_AAACTTTTCTAACCGG,perturbation_score_euclidean,Euclidean score,1.2921664867942106,124
3-end RNA-seq,Endothelial,0,AK01_AAAGCCTAGAAACGCC,perturbation_score_euclidean,Euclidean score,1.2914572170472123,125
3-end RNA-seq,Endothelial,0,SCC02_AAAATGTTGGAGTGCT,perturbation_score_euclidean,Euclidean score,1.2913231662490339,126
3-end RNA-seq,Endothelial,0,AK02_AAAAATGGCTGGGAGT,perturbation_score_euclidean,Euclidean score,1.2898479617813412,127
3-end RNA-seq,Endothelial,0,AK01_AAAAGGTGATACATCG,perturbation_score_euclidean,Euclidean score,1.28918887025203,128
3-end RNA-seq,Endothelial,0,AK02_AAAGAGTCCTAAGCTG,perturbation_score_euclidean,Euclidean score,1.2882836674440428,129
3-end RNA-seq,Endothelial,0,AK01_AACCAACTGTACTTAG,perturbation_score_euclidean,Euclidean score,1.2876065283810003,130
3-end RNA-seq,Endothelial,0,SCC02_AAAACCCTCACTCACG,perturbation_score_euclidean,Euclidean score,1.2875580401749482,131
3-end RNA-seq,Endothelial,0,AK02_AAACCCGCTCAACCCG,perturbation_score_euclidean,Euclidean score,1.287026304299771,132
3-end RNA-seq,Endothelial,0,AK02_AAATCTCAACCGCAAG,perturbation_score_euclidean,Euclidean score,1.2868302414107986,133
3-end RNA-seq,Endothelial,0,AK01_AAATGGTATTAAGGAG,perturbation_score_euclidean,Euclidean score,1.2858622612836068,134
3-end RNA-seq,Endothelial,0,AK02_AAAGGCAGGCAACTTT,perturbation_score_euclidean,Euclidean score,1.2854282697376085,135
3-end RNA-seq,Endothelial,0,AK02_AAAGGTAACCGACCGT,perturbation_score_euclidean,Euclidean score,1.2845670347990032,136
3-end RNA-seq,Endothelial,0,AK02_AAATCTGGTAACGTAG,perturbation_score_euclidean,Euclidean score,1.2839109178010053,137
3-end RNA-seq,Endothelial,0,AK02_AACAGCCTGTTGATAA,perturbation_score_euclidean,Euclidean score,1.2837622940834286,138
3-end RNA-seq,Endothelial,0,AK01_AAAGGCTCCAGGAGGC,perturbation_score_euclidean,Euclidean score,1.2829800707548666,139
3-end RNA-seq,Endothelial,0,AK02_AACACAATGGCACCCA,perturbation_score_euclidean,Euclidean score,1.2827287210136862,140
3-end RNA-seq,Endothelial,0,AK02_AAAAGGTTCACGGCTG,perturbation_score_euclidean,Euclidean score,1.2806673109553692,141
3-end RNA-seq,Endothelial,0,SCC02_AAAGGGGTAGATCTTT,perturbation_score_euclidean,Euclidean score,1.2803433268702054,142
3-end RNA-seq,Endothelial,0,AK01_AAAGTGTACAAAAACG,perturbation_score_euclidean,Euclidean score,1.2802735126721991,143
3-end RNA-seq,Endothelial,0,AK01_AAAGATGCCGCCACTT,perturbation_score_euclidean,Euclidean score,1.2796216147957529,144
3-end RNA-seq,Endothelial,0,AK02_AAAGAAAGCCGCCCTA,perturbation_score_euclidean,Euclidean score,1.2771882939243442,145
3-end RNA-seq,Endothelial,0,AK02_AACATGGAAGTTAGCG,perturbation_score_euclidean,Euclidean score,1.277101522483116,146
3-end RNA-seq,Endothelial,0,AK01_AAATGTATTACTGTTT,perturbation_score_euclidean,Euclidean score,1.2770951069809224,147
3-end RNA-seq,Endothelial,0,AK02_AAATTAAGCTCACAGG,perturbation_score_euclidean,Euclidean score,1.276830506455274,148
3-end RNA-seq,Endothelial,0,AK02_AAATTGGACATGCACA,perturbation_score_euclidean,Euclidean score,1.276830506455274,149
3-end RNA-seq,Endothelial,0,AK01_AAAAAGTGGCTTAGCT,perturbation_score_euclidean,Euclidean score,1.2763707992487807,150
3-end RNA-seq,Endothelial,0,AK02_AAAACACAAAATTCCT,perturbation_score_euclidean,Euclidean score,1.276288655383312,151
3-end RNA-seq,Endothelial,0,AK02_AAAGACGCTTCTCCGC,perturbation_score_euclidean,Euclidean score,1.2759031595227448,152
3-end RNA-seq,Endothelial,0,AK02_AAATATTTACTTGTGT,perturbation_score_euclidean,Euclidean score,1.2756399688822957,153
3-end RNA-seq,Endothelial,0,AK02_AAAGGTATGTCGTCGT,perturbation_score_euclidean,Euclidean score,1.2745862520376596,154
3-end RNA-seq,Endothelial,0,AK01_AAAACGCACAGGTGCA,perturbation_score_euclidean,Euclidean score,1.2742784524316029,155
3-end RNA-seq,Endothelial,0,AK01_AAACTTGAAAGATGGG,perturbation_score_euclidean,Euclidean score,1.2742784524316029,156
3-end RNA-seq,Endothelial,0,AK01_AAAGAAGTTTTAACCT,perturbation_score_euclidean,Euclidean score,1.2728147969690888,157
3-end RNA-seq,Endothelial,0,AK01_AAAAACATAGAAACGG,perturbation_score_euclidean,Euclidean score,1.272552487358656,158
3-end RNA-seq,Endothelial,0,SCC02_AAAGAAACGTTTGACG,perturbation_score_euclidean,Euclidean score,1.272466887854462,159
3-end RNA-seq,Endothelial,0,AK02_AACATGTTCTGAAGAT,perturbation_score_euclidean,Euclidean score,1.2716552876889746,160
3-end RNA-seq,Endothelial,0,SCC02_AAAGGAACCCTAACCG,perturbation_score_euclidean,Euclidean score,1.2712021058175405,161
3-end RNA-seq,Endothelial,0,AK02_AACATTGTCAAACCAA,perturbation_score_euclidean,Euclidean score,1.2710803691217911,162
3-end RNA-seq,Endothelial,0,AK02_AAAGGGACACCCAGCC,perturbation_score_euclidean,Euclidean score,1.271048281402022,163
3-end RNA-seq,Endothelial,0,AK01_AAAGTAATTTTTCCGC,perturbation_score_euclidean,Euclidean score,1.270491657334361,164
3-end RNA-seq,Endothelial,0,AK01_AAAGCACACGTGGTTT,perturbation_score_euclidean,Euclidean score,1.2704749432840305,165
3-end RNA-seq,Endothelial,0,SCC02_AAAGTCGACCCATCGA,perturbation_score_euclidean,Euclidean score,1.269951595408613,166
3-end RNA-seq,Endothelial,0,AK01_AAATCCCCTCCGCGAC,perturbation_score_euclidean,Euclidean score,1.2699350748029192,167
3-end RNA-seq,Endothelial,0,AK01_AAAAAATGTGTGCCGA,perturbation_score_euclidean,Euclidean score,1.2699203714335883,168
3-end RNA-seq,Endothelial,0,AK01_AACATTTGGGCAGACA,perturbation_score_euclidean,Euclidean score,1.2693268612015023,169
3-end RNA-seq,Endothelial,0,AK02_AAAGTAATTCAACTGT,perturbation_score_euclidean,Euclidean score,1.2690670662798862,170
3-end RNA-seq,Endothelial,0,AK01_AACAGACCATCAGACT,perturbation_score_euclidean,Euclidean score,1.2690670662798862,171
3-end RNA-seq,Endothelial,0,AK01_AAAATGTAACGTCATA,perturbation_score_euclidean,Euclidean score,1.2690088175899406,172
3-end RNA-seq,Endothelial,0,AK02_AAATCGTTACCCTGTT,perturbation_score_euclidean,Euclidean score,1.2689208802629752,173
3-end RNA-seq,Endothelial,0,AK01_AAAGAGTATAGAGGGG,perturbation_score_euclidean,Euclidean score,1.2686392493376841,174
3-end RNA-seq,Endothelial,0,AK01_AAATCTACTTCGCACT,perturbation_score_euclidean,Euclidean score,1.2684760612437667,175
3-end RNA-seq,Endothelial,0,AK02_AACATTCAGCTAAGTG,perturbation_score_euclidean,Euclidean score,1.2678044365355452,176
3-end RNA-seq,Endothelial,0,AK01_AAAACCCATATATATG,perturbation_score_euclidean,Euclidean score,1.267689332980608,177
3-end RNA-seq,Endothelial,0,AK01_AAATGCAGACTGTCTG,perturbation_score_euclidean,Euclidean score,1.2675649497503532,178
3-end RNA-seq,Endothelial,0,AK02_AAATCGGGTATAACAA,perturbation_score_euclidean,Euclidean score,1.2669645680006323,179
3-end RNA-seq,Endothelial,0,AK02_AAATAAGGGGAGATTA,perturbation_score_euclidean,Euclidean score,1.2663502654890422,180
3-end RNA-seq,Endothelial,0,AK02_AAAGGCAGGACGCTGG,perturbation_score_euclidean,Euclidean score,1.2654390653088494,181
3-end RNA-seq,Endothelial,0,AK02_AAAGCTCCTTCTAAAG,perturbation_score_euclidean,Euclidean score,1.2647410279634888,182
3-end RNA-seq,Endothelial,0,AK02_AACCAAACCGACTGCT,perturbation_score_euclidean,Euclidean score,1.264383404334585,183
3-end RNA-seq,Endothelial,0,AK02_AAACGATGTTCGCCAA,perturbation_score_euclidean,Euclidean score,1.2639493431449431,184
3-end RNA-seq,Endothelial,0,AK02_AAAGCAGGCTCATCCG,perturbation_score_euclidean,Euclidean score,1.263468343174426,185
3-end RNA-seq,Endothelial,0,AK02_AAACTGTATTTCAGTG,perturbation_score_euclidean,Euclidean score,1.2628864347006306,186
3-end RNA-seq,Endothelial,0,AK02_AAAGAGGTGTCAACGA,perturbation_score_euclidean,Euclidean score,1.2628180791804133,187
3-end RNA-seq,Endothelial,0,AK02_AAATCGCGACGCACGG,perturbation_score_euclidean,Euclidean score,1.2627599945772294,188
3-end RNA-seq,Endothelial,0,AK02_AAAAGGTCGCCTTGGC,perturbation_score_euclidean,Euclidean score,1.2611964904066466,189
3-end RNA-seq,Endothelial,0,AK02_AAACCGGGCATGGCTT,perturbation_score_euclidean,Euclidean score,1.2609063317093103,190
3-end RNA-seq,Endothelial,0,AK02_AACATGATCACATTTA,perturbation_score_euclidean,Euclidean score,1.260608507787654,191
3-end RNA-seq,Endothelial,0,SCC02_AAAATGCTGTCTAGCA,perturbation_score_euclidean,Euclidean score,1.2603442558827813,192
3-end RNA-seq,Endothelial,0,AK02_AAAGTGATTTTACACA,perturbation_score_euclidean,Euclidean score,1.2599876681479265,193
3-end RNA-seq,Endothelial,0,AK01_AAATACTAATGCTTAT,perturbation_score_euclidean,Euclidean score,1.2598045638595705,194
3-end RNA-seq,Endothelial,0,AK01_AAACCTATCCTACAAC,perturbation_score_euclidean,Euclidean score,1.2590826773194599,195
3-end RNA-seq,Endothelial,0,AK01_AAATAGCCAGAGTGAC,perturbation_score_euclidean,Euclidean score,1.2587171948967657,196
3-end RNA-seq,Endothelial,0,AK01_AAAGGCTCCGCCATCC,perturbation_score_euclidean,Euclidean score,1.2571950068553863,197
3-end RNA-seq,Endothelial,0,SCC02_AAATATTACCTCATAG,perturbation_score_euclidean,Euclidean score,1.25651961886628,198
3-end RNA-seq,Endothelial,0,SCC02_AAAGCGGAAGAGCATG,perturbation_score_euclidean,Euclidean score,1.2562670346927791,199
3-end RNA-seq,Endothelial,0,AK01_AAAACATGCCAGGGAA,perturbation_score_euclidean,Euclidean score,1.2559727007024988,200
3-end RNA-seq,Perivascular smooth muscle,11,AK01_AAATGAACATCGGCGA,perturbation_score_euclidean,Euclidean score,2.195736904968572,1
3-end RNA-seq,Perivascular smooth muscle,11,AK01_AAATCGTATCACTCCC,perturbation_score_euclidean,Euclidean score,2.096250442173508,2
3-end RNA-seq,Perivascular smooth muscle,11,AK01_AAAAATCCATGTCGTC,perturbation_score_euclidean,Euclidean score,2.09290689630823,3
3-end RNA-seq,Perivascular smooth muscle,11,AK01_AAAGTCCGCTCGAATC,perturbation_score_euclidean,Euclidean score,2.09290689630823,4
3-end RNA-seq,Perivascular smooth muscle,11,AK01_AAATACTAATGTTTTC,perturbation_score_euclidean,Euclidean score,1.939225076173384,5
3-end RNA-seq,Perivascular smooth muscle,11,AK02_AAACACCGAGCGGACG,perturbation_score_euclidean,Euclidean score,1.938644750593084,6
3-end RNA-seq,Perivascular smooth muscle,11,AK01_AAATTAATACTTACGC,perturbation_score_euclidean,Euclidean score,1.928312350830381,7
3-end RNA-seq,Perivascular smooth muscle,11,AK01_AAAAACGTCCAAGTGT,perturbation_score_euclidean,Euclidean score,1.8922365210197944,8
3-end RNA-seq,Perivascular smooth muscle,11,AK02_AAATGTGACCTCTCGG,perturbation_score_euclidean,Euclidean score,1.8481003737335773,9
3-end RNA-seq,Perivascular smooth muscle,11,AK01_AAATGGAGGGCCACTG,perturbation_score_euclidean,Euclidean score,1.8481003737335773,10
3-end RNA-seq,Perivascular smooth muscle,11,AK02_AAATGCAGTGTACTAC,perturbation_score_euclidean,Euclidean score,1.8169407941240419,11
3-end RNA-seq,Perivascular smooth muscle,11,AK02_AAAGGGTGGCATATCC,perturbation_score_euclidean,Euclidean score,1.8159331600038375,12
3-end RNA-seq,Perivascular smooth muscle,11,AK02_AAAGCTCGGTTACCGT,perturbation_score_euclidean,Euclidean score,1.7951394534093867,13
3-end RNA-seq,Perivascular smooth muscle,11,AK02_AAAGGTCGTGACTGAA,perturbation_score_euclidean,Euclidean score,1.7951394534093867,14
3-end RNA-seq,Perivascular smooth muscle,11,AK01_AAAGACCGTGGGAACC,perturbation_score_euclidean,Euclidean score,1.7951394534093867,15
3-end RNA-seq,Perivascular smooth muscle,11,AK02_AACATGGCTAACGAGA,perturbation_score_euclidean,Euclidean score,1.7904569353299344,16
3-end RNA-seq,Perivascular smooth muscle,11,AK01_AACAACAGGGCAGGAT,perturbation_score_euclidean,Euclidean score,1.7870009534958082,17
3-end RNA-seq,Perivascular smooth muscle,11,AK01_AAACAAGATTTGACGT,perturbation_score_euclidean,Euclidean score,1.7857523880825,18
3-end RNA-seq,Perivascular smooth muscle,11,AK01_AAAGTGAACCGATGTT,perturbation_score_euclidean,Euclidean score,1.7857523880825,19
3-end RNA-seq,Perivascular smooth muscle,11,SCC02_AAATTACGTAGTGTTT,perturbation_score_euclidean,Euclidean score,1.7843662647173857,20
3-end RNA-seq,Perivascular smooth muscle,11,AK02_AAACGAATTACTGGCC,perturbation_score_euclidean,Euclidean score,1.7843662647173857,21
3-end RNA-seq,Perivascular smooth muscle,11,AK02_AAATATAATGGAATAA,perturbation_score_euclidean,Euclidean score,1.7843662647173857,22
3-end RNA-seq,Perivascular smooth muscle,11,AK01_AAACCAATACCATTCG,perturbation_score_euclidean,Euclidean score,1.7843662647173857,23
3-end RNA-seq,Perivascular smooth muscle,11,AK01_AAATTTGGCTCGGTCG,perturbation_score_euclidean,Euclidean score,1.7827076342412362,24
3-end RNA-seq,Perivascular smooth muscle,11,AK02_AACAGAAGCTGGAGAA,perturbation_score_euclidean,Euclidean score,1.774179996789972,25
3-end RNA-seq,Perivascular smooth muscle,11,AK02_AAACTAGGTAGTAGAG,perturbation_score_euclidean,Euclidean score,1.753781175776701,26
3-end RNA-seq,Perivascular smooth muscle,11,AK02_AAACGAGTAAACCGCA,perturbation_score_euclidean,Euclidean score,1.7409767705230323,27
3-end RNA-seq,Perivascular smooth muscle,11,SCC02_AACAACCGCGTAAGAT,perturbation_score_euclidean,Euclidean score,1.716663809835232,28
3-end RNA-seq,Perivascular smooth muscle,11,AK02_AAATCTTTACAGCTTA,perturbation_score_euclidean,Euclidean score,1.716663809835232,29
3-end RNA-seq,Perivascular smooth muscle,11,AK01_AAACTTAATCCAATTG,perturbation_score_euclidean,Euclidean score,1.716663809835232,30
3-end RNA-seq,Perivascular smooth muscle,11,AK02_AACAGAAACAGTGTAT,perturbation_score_euclidean,Euclidean score,1.7054535045723287,31
3-end RNA-seq,Perivascular smooth muscle,11,AK02_AAACCCTACGCGCCCG,perturbation_score_euclidean,Euclidean score,1.6945423002052007,32
3-end RNA-seq,Perivascular smooth muscle,11,AK01_AAACGCGGGGATGTGC,perturbation_score_euclidean,Euclidean score,1.6895784549705575,33
3-end RNA-seq,Perivascular smooth muscle,11,AK02_AAAAGCGACATTACCT,perturbation_score_euclidean,Euclidean score,1.6888606423588672,34
3-end RNA-seq,Perivascular smooth muscle,11,AK02_AAAGTAATCGGCTCGT,perturbation_score_euclidean,Euclidean score,1.682412314718084,35
3-end RNA-seq,Perivascular smooth muscle,11,SCC02_AAAGCAGGAGATTAGG,perturbation_score_euclidean,Euclidean score,1.6789730740906692,36
3-end RNA-seq,Perivascular smooth muscle,11,SCC02_AAATAAGAGATGGAAG,perturbation_score_euclidean,Euclidean score,1.675284644501362,37
3-end RNA-seq,Perivascular smooth muscle,11,SCC02_AAAGATAGATATCACC,perturbation_score_euclidean,Euclidean score,1.6674011842161318,38
3-end RNA-seq,Perivascular smooth muscle,11,AK02_AACATGTTCTACGGTA,perturbation_score_euclidean,Euclidean score,1.6596176586664684,39
3-end RNA-seq,Perivascular smooth muscle,11,AK02_AACATTTTCACGCCCT,perturbation_score_euclidean,Euclidean score,1.6596176586664684,40
3-end RNA-seq,Perivascular smooth muscle,11,AK01_AAACATCCCACGGGCG,perturbation_score_euclidean,Euclidean score,1.6560612021424166,41
3-end RNA-seq,Perivascular smooth muscle,11,SCC02_AACATGTATGATGGAT,perturbation_score_euclidean,Euclidean score,1.65128978721218,42
3-end RNA-seq,Perivascular smooth muscle,11,AK02_AAAAAAGACCTCGACT,perturbation_score_euclidean,Euclidean score,1.6393394648109578,43
3-end RNA-seq,Perivascular smooth muscle,11,AK02_AACAGGTAGCGACAAC,perturbation_score_euclidean,Euclidean score,1.6360559390205665,44
3-end RNA-seq,Perivascular smooth muscle,11,AK01_AAAGTGTGGAAGTCTG,perturbation_score_euclidean,Euclidean score,1.6316169722501142,45
3-end RNA-seq,Perivascular smooth muscle,11,AK02_AACACTCAAATAAACT,perturbation_score_euclidean,Euclidean score,1.62970695007077,46
3-end RNA-seq,Perivascular smooth muscle,11,AK01_AAACCGAGCAGCGTAC,perturbation_score_euclidean,Euclidean score,1.6264357807984167,47
3-end RNA-seq,Perivascular smooth muscle,11,SCC02_AAACATGCCATTCCCA,perturbation_score_euclidean,Euclidean score,1.62629710001253,48
3-end RNA-seq,Perivascular smooth muscle,11,SCC02_AAAGTGAGCCGCGCCC,perturbation_score_euclidean,Euclidean score,1.62629710001253,49
3-end RNA-seq,Perivascular smooth muscle,11,AK01_AAAGGGGGGGCGATTC,perturbation_score_euclidean,Euclidean score,1.6157457008979361,50
3-end RNA-seq,Perivascular smooth muscle,11,AK01_AACCAAATCCGCGGGG,perturbation_score_euclidean,Euclidean score,1.6058071960840108,51
3-end RNA-seq,Perivascular smooth muscle,11,AK02_AAACCTGCAACCTATT,perturbation_score_euclidean,Euclidean score,1.6055634498225613,52
3-end RNA-seq,Perivascular smooth muscle,11,AK02_AACAGAAGTATAACAC,perturbation_score_euclidean,Euclidean score,1.5977999761150303,53
3-end RNA-seq,Perivascular smooth muscle,11,AK01_AACAACGATATTCCAG,perturbation_score_euclidean,Euclidean score,1.5961653873378505,54
3-end RNA-seq,Perivascular smooth muscle,11,AK02_AAAGTCTCATTCTGGA,perturbation_score_euclidean,Euclidean score,1.5942047822593497,55
3-end RNA-seq,Perivascular smooth muscle,11,AK02_AAAGCGCGTCACGTAA,perturbation_score_euclidean,Euclidean score,1.59147264759064,56
3-end RNA-seq,Perivascular smooth muscle,11,AK02_AAATTGGTTATCAAAG,perturbation_score_euclidean,Euclidean score,1.5860048722420386,57
3-end RNA-seq,Perivascular smooth muscle,11,AK02_AAAATTTATGCTTAGT,perturbation_score_euclidean,Euclidean score,1.5852232270883577,58
3-end RNA-seq,Perivascular smooth muscle,11,AK01_AACAATGTCCAGCCGT,perturbation_score_euclidean,Euclidean score,1.5741137333084765,59
3-end RNA-seq,Perivascular smooth muscle,11,AK02_AAACCGCGCCGACCAA,perturbation_score_euclidean,Euclidean score,1.5733524807139307,60
3-end RNA-seq,Perivascular smooth muscle,11,SCC02_AAATCTCGTGTCCGGC,perturbation_score_euclidean,Euclidean score,1.5732164735080585,61
3-end RNA-seq,Perivascular smooth muscle,11,SCC02_AAAATAGCTATACGCG,perturbation_score_euclidean,Euclidean score,1.5713048362917348,62
3-end RNA-seq,Perivascular smooth muscle,11,AK02_AACAATTCCCGGCGGG,perturbation_score_euclidean,Euclidean score,1.5702214272280175,63
3-end RNA-seq,Perivascular smooth muscle,11,SCC02_AAACCAATTAGTGAGC,perturbation_score_euclidean,Euclidean score,1.568677011222427,64
3-end RNA-seq,Perivascular smooth muscle,11,AK02_AAAAATATAGCACCGT,perturbation_score_euclidean,Euclidean score,1.5654140911583885,65
3-end RNA-seq,Perivascular smooth muscle,11,AK02_AAAATGAGACGTAAAA,perturbation_score_euclidean,Euclidean score,1.5591727525687789,66
3-end RNA-seq,Perivascular smooth muscle,11,AK01_AAAACGATCGAGGCCT,perturbation_score_euclidean,Euclidean score,1.5591727525687789,67
3-end RNA-seq,Perivascular smooth muscle,11,AK02_AAATCACCATTAAGTA,perturbation_score_euclidean,Euclidean score,1.5587610537466516,68
3-end RNA-seq,Perivascular smooth muscle,11,AK02_AAATTGTTTTGATGGT,perturbation_score_euclidean,Euclidean score,1.5587610537466516,69
3-end RNA-seq,Perivascular smooth muscle,11,AK01_AAAGCATAAGAGCTAA,perturbation_score_euclidean,Euclidean score,1.5587610537466516,70
3-end RNA-seq,Perivascular smooth muscle,11,AK01_AAATCCGTTCCCCGTT,perturbation_score_euclidean,Euclidean score,1.5555312002126764,71
3-end RNA-seq,Perivascular smooth muscle,11,AK01_AAATCGGGCTTCAGCA,perturbation_score_euclidean,Euclidean score,1.5555312002126764,72
3-end RNA-seq,Perivascular smooth muscle,11,AK01_AACACTGTGGCCAAAA,perturbation_score_euclidean,Euclidean score,1.5555312002126764,73
3-end RNA-seq,Perivascular smooth muscle,11,SCC02_AAATCCCGGTACGTCT,perturbation_score_euclidean,Euclidean score,1.5549260383623735,74
3-end RNA-seq,Perivascular smooth muscle,11,AK02_AAACGAAGCTTCCAGA,perturbation_score_euclidean,Euclidean score,1.5524044347469148,75
3-end RNA-seq,Perivascular smooth muscle,11,AK02_AAATCCCTGGACAGTA,perturbation_score_euclidean,Euclidean score,1.5426429908797783,76
3-end RNA-seq,Perivascular smooth muscle,11,AK02_AAAAACTCCACCTCGT,perturbation_score_euclidean,Euclidean score,1.5415381374413666,77
3-end RNA-seq,Perivascular smooth muscle,11,AK02_AAAGTAAATTGAGCCA,perturbation_score_euclidean,Euclidean score,1.5406131289477345,78
3-end RNA-seq,Perivascular smooth muscle,11,AK02_AAAAAATGGACCAGCA,perturbation_score_euclidean,Euclidean score,1.5386043402464704,79
3-end RNA-seq,Perivascular smooth muscle,11,AK02_AACAGGCACACGGATT,perturbation_score_euclidean,Euclidean score,1.5377792942441184,80
3-end RNA-seq,Perivascular smooth muscle,11,AK01_AAAAGCCCAAATTTGG,perturbation_score_euclidean,Euclidean score,1.5366417168542585,81
3-end RNA-seq,Perivascular smooth muscle,11,AK01_AAATACTACCAATAAG,perturbation_score_euclidean,Euclidean score,1.5366417168542585,82
3-end RNA-seq,Perivascular smooth muscle,11,AK02_AAATGAAGTGTCCATT,perturbation_score_euclidean,Euclidean score,1.527912172879414,83
3-end RNA-seq,Perivascular smooth muscle,11,AK02_AAACCGCCAAGAAGGA,perturbation_score_euclidean,Euclidean score,1.5276409765273493,84
3-end RNA-seq,Perivascular smooth muscle,11,AK02_AAAGTCGACTTGGGAA,perturbation_score_euclidean,Euclidean score,1.5227764900168796,85
3-end RNA-seq,Perivascular smooth muscle,11,SCC02_AAAGTCAACCCGAACC,perturbation_score_euclidean,Euclidean score,1.5216099739758837,86
3-end RNA-seq,Perivascular smooth muscle,11,AK02_AAAAGCATAAAGGGCA,perturbation_score_euclidean,Euclidean score,1.5216099739758837,87
3-end RNA-seq,Perivascular smooth muscle,11,AK02_AAACAAACGTTATAGC,perturbation_score_euclidean,Euclidean score,1.5194742704463802,88
3-end RNA-seq,Perivascular smooth muscle,11,AK01_AAACTCACTTCGGAGC,perturbation_score_euclidean,Euclidean score,1.5194742704463802,89
3-end RNA-seq,Perivascular smooth muscle,11,AK01_AACAGTATCTTTACAT,perturbation_score_euclidean,Euclidean score,1.5194742704463802,90
3-end RNA-seq,Perivascular smooth muscle,11,AK01_AACACGACACGAATCA,perturbation_score_euclidean,Euclidean score,1.5138905066179336,91
3-end RNA-seq,Perivascular smooth muscle,11,AK02_AAAGGCCCCTGAGGCA,perturbation_score_euclidean,Euclidean score,1.5137416484157105,92
3-end RNA-seq,Perivascular smooth muscle,11,AK02_AAATACACTGCTGCAG,perturbation_score_euclidean,Euclidean score,1.5127117079282302,93
3-end RNA-seq,Perivascular smooth muscle,11,AK02_AAATGACGGTGCCTTC,perturbation_score_euclidean,Euclidean score,1.5124143248192339,94
3-end RNA-seq,Perivascular smooth muscle,11,AK01_AAAGCGGAGGGCCAGG,perturbation_score_euclidean,Euclidean score,1.510548376058761,95
3-end RNA-seq,Perivascular smooth muscle,11,AK02_AAAACCCCACTGGACA,perturbation_score_euclidean,Euclidean score,1.5086668837703525,96
3-end RNA-seq,Perivascular smooth muscle,11,AK02_AAATGTGTATTGAAGC,perturbation_score_euclidean,Euclidean score,1.5065797280186455,97
3-end RNA-seq,Perivascular smooth muscle,11,SCC02_AAAGAACGTCATCTTT,perturbation_score_euclidean,Euclidean score,1.5064515829072938,98
3-end RNA-seq,Perivascular smooth muscle,11,AK02_AAAAATCGGAAGAGCC,perturbation_score_euclidean,Euclidean score,1.506190597464539,99
3-end RNA-seq,Perivascular smooth muscle,11,AK02_AAACACAGACTCCACG,perturbation_score_euclidean,Euclidean score,1.5049248540501838,100
3-end RNA-seq,Perivascular smooth muscle,11,SCC02_AAATCAGGTCTGGATA,perturbation_score_euclidean,Euclidean score,1.5048191332218408,101
3-end RNA-seq,Perivascular smooth muscle,11,SCC02_AAACGAGCAATCCTAG,perturbation_score_euclidean,Euclidean score,1.502870729329086,102
3-end RNA-seq,Perivascular smooth muscle,11,AK01_AAAAACTTTCGTTCTT,perturbation_score_euclidean,Euclidean score,1.5027860654102476,103
3-end RNA-seq,Perivascular smooth muscle,11,AK01_AAATTCCTTGACTGTG,perturbation_score_euclidean,Euclidean score,1.5023221384465884,104
3-end RNA-seq,Perivascular smooth muscle,11,SCC02_AAACATCAGTACAATC,perturbation_score_euclidean,Euclidean score,1.5003915487915027,105
3-end RNA-seq,Perivascular smooth muscle,11,AK02_AAACGACCGGTGCAAC,perturbation_score_euclidean,Euclidean score,1.5003915487915027,106
3-end RNA-seq,Perivascular smooth muscle,11,SCC02_AAACCGGTTAGTCTAT,perturbation_score_euclidean,Euclidean score,1.497818665320692,107
3-end RNA-seq,Perivascular smooth muscle,11,AK02_AAATAACAATATTGTC,perturbation_score_euclidean,Euclidean score,1.4944258538040593,108
3-end RNA-seq,Perivascular smooth muscle,11,SCC02_AAAATAGAAATCTCGA,perturbation_score_euclidean,Euclidean score,1.4942380795046837,109
3-end RNA-seq,Perivascular smooth muscle,11,AK02_AAATAAGTACCGAAGT,perturbation_score_euclidean,Euclidean score,1.4941325739069333,110
3-end RNA-seq,Perivascular smooth muscle,11,AK02_AAAGATCTCGGCGGGA,perturbation_score_euclidean,Euclidean score,1.4908121546745352,111
3-end RNA-seq,Perivascular smooth muscle,11,AK01_AAAGTTTTAAGGAACC,perturbation_score_euclidean,Euclidean score,1.4836622992054707,112
3-end RNA-seq,Perivascular smooth muscle,11,AK02_AAAGCGCCAACTTGTT,perturbation_score_euclidean,Euclidean score,1.4835832659762287,113
3-end RNA-seq,Perivascular smooth muscle,11,AK02_AAAGGTAATCCCCTCT,perturbation_score_euclidean,Euclidean score,1.4833510872024886,114
3-end RNA-seq,Perivascular smooth muscle,11,SCC02_AAATCGTAGCCAGGTT,perturbation_score_euclidean,Euclidean score,1.482999259376952,115
3-end RNA-seq,Perivascular smooth muscle,11,AK01_AAACAGGGGGCGCCAT,perturbation_score_euclidean,Euclidean score,1.4826552737612075,116
3-end RNA-seq,Perivascular smooth muscle,11,AK02_AAAATGCCAAACTGAT,perturbation_score_euclidean,Euclidean score,1.481697324795762,117
3-end RNA-seq,Perivascular smooth muscle,11,AK01_AAACCGAAGGGCTCCG,perturbation_score_euclidean,Euclidean score,1.481697324795762,118
3-end RNA-seq,Perivascular smooth muscle,11,AK01_AAATTCGACGCGCGCG,perturbation_score_euclidean,Euclidean score,1.481697324795762,119
3-end RNA-seq,Perivascular smooth muscle,11,SCC02_AAACAAGTCACTGGCG,perturbation_score_euclidean,Euclidean score,1.478505467056132,120
3-end RNA-seq,Perivascular smooth muscle,11,AK02_AAAATTTAGCTAAAGT,perturbation_score_euclidean,Euclidean score,1.4777908930777044,121
3-end RNA-seq,Perivascular smooth muscle,11,SCC02_AAACACTGGCCAGCTC,perturbation_score_euclidean,Euclidean score,1.4759067900172642,122
3-end RNA-seq,Perivascular smooth muscle,11,SCC02_AAACGAGCGCACCGGC,perturbation_score_euclidean,Euclidean score,1.4748985777065486,123
3-end RNA-seq,Perivascular smooth muscle,11,AK02_AAACCACGGTACTTTA,perturbation_score_euclidean,Euclidean score,1.474507768815638,124
3-end RNA-seq,Perivascular smooth muscle,11,AK01_AACACATTGGATCCCC,perturbation_score_euclidean,Euclidean score,1.4733699650187275,125
3-end RNA-seq,Perivascular smooth muscle,11,AK02_AAACAGCCCTCATGGC,perturbation_score_euclidean,Euclidean score,1.4704318143848434,126
3-end RNA-seq,Perivascular smooth muscle,11,AK02_AAACAGAGTATGTGCA,perturbation_score_euclidean,Euclidean score,1.4694251669687446,127
3-end RNA-seq,Perivascular smooth muscle,11,SCC02_AAAGCGATGCAGTTGG,perturbation_score_euclidean,Euclidean score,1.4671280625544276,128
3-end RNA-seq,Perivascular smooth muscle,11,AK01_AAACACACTACTAACT,perturbation_score_euclidean,Euclidean score,1.4657784172551653,129
3-end RNA-seq,Perivascular smooth muscle,11,AK02_AAAGTCACCACGCATT,perturbation_score_euclidean,Euclidean score,1.4587627127956282,130
3-end RNA-seq,Perivascular smooth muscle,11,AK02_AAAGAATCGTGTCCCG,perturbation_score_euclidean,Euclidean score,1.4570632835517976,131
3-end RNA-seq,Perivascular smooth muscle,11,AK02_AAACGGGTTCACCAGG,perturbation_score_euclidean,Euclidean score,1.4550739073482861,132
3-end RNA-seq,Perivascular smooth muscle,11,SCC02_AAAACGAAAGACTTCC,perturbation_score_euclidean,Euclidean score,1.4539825309114305,133
3-end RNA-seq,Perivascular smooth muscle,11,AK02_AACATGGGTGCTTATC,perturbation_score_euclidean,Euclidean score,1.4512540642759728,134
3-end RNA-seq,Perivascular smooth muscle,11,AK01_AACAAGCCTTCTTGAC,perturbation_score_euclidean,Euclidean score,1.4512540642759728,135
3-end RNA-seq,Perivascular smooth muscle,11,SCC02_AAACCCCTTTCTTGGA,perturbation_score_euclidean,Euclidean score,1.4512141433216914,136
3-end RNA-seq,Perivascular smooth muscle,11,AK01_AAATGTTCCATTTCTA,perturbation_score_euclidean,Euclidean score,1.4502317014319486,137
3-end RNA-seq,Perivascular smooth muscle,11,AK02_AAAATAAGCAACGCCC,perturbation_score_euclidean,Euclidean score,1.448987325479789,138
3-end RNA-seq,Perivascular smooth muscle,11,AK02_AAAAGAGTCTCCAATG,perturbation_score_euclidean,Euclidean score,1.4464166257017421,139
3-end RNA-seq,Perivascular smooth muscle,11,SCC02_AAATCAATCTGTTGTG,perturbation_score_euclidean,Euclidean score,1.4440912431428354,140
3-end RNA-seq,Perivascular smooth muscle,11,AK02_AAACAATGGCTTTGAC,perturbation_score_euclidean,Euclidean score,1.4432323873374828,141
3-end RNA-seq,Perivascular smooth muscle,11,AK02_AACAGAAATACGCTAG,perturbation_score_euclidean,Euclidean score,1.442092335917893,142
3-end RNA-seq,Perivascular smooth muscle,11,AK01_AAATTACGTGCGGCTT,perturbation_score_euclidean,Euclidean score,1.442092335917893,143
3-end RNA-seq,Perivascular smooth muscle,11,AK02_AAAGTGTGACGTGTTC,perturbation_score_euclidean,Euclidean score,1.4419087081657398,144
3-end RNA-seq,Perivascular smooth muscle,11,SCC02_AACACTTCTGACCGAG,perturbation_score_euclidean,Euclidean score,1.4415496846829081,145
3-end RNA-seq,Perivascular smooth muscle,11,AK02_AAAACAATGACACAGT,perturbation_score_euclidean,Euclidean score,1.4387983807283753,146
3-end RNA-seq,Perivascular smooth muscle,11,AK02_AACACGATCGATACTA,perturbation_score_euclidean,Euclidean score,1.4387983807283753,147
3-end RNA-seq,Perivascular smooth muscle,11,AK02_AAACTCTCGTATCAAG,perturbation_score_euclidean,Euclidean score,1.4358215379452577,148
3-end RNA-seq,Perivascular smooth muscle,11,SCC02_AAACGCCCGATAGACA,perturbation_score_euclidean,Euclidean score,1.4341347012986867,149
3-end RNA-seq,Perivascular smooth muscle,11,AK02_AAATGCCCTTAAGGCG,perturbation_score_euclidean,Euclidean score,1.4336929830729923,150
3-end RNA-seq,Perivascular smooth muscle,11,AK02_AAAACTTAAGTTAGCT,perturbation_score_euclidean,Euclidean score,1.432407214471419,151
3-end RNA-seq,Perivascular smooth muscle,11,SCC02_AAAGTTCCTGAGATTT,perturbation_score_euclidean,Euclidean score,1.4317769635391322,152
3-end RNA-seq,Perivascular smooth muscle,11,AK02_AAAACACTCGTGACTA,perturbation_score_euclidean,Euclidean score,1.431688521314653,153
3-end RNA-seq,Perivascular smooth muscle,11,AK02_AAAGTTGAGAGTTAGA,perturbation_score_euclidean,Euclidean score,1.431688521314653,154
3-end RNA-seq,Perivascular smooth muscle,11,AK01_AAAACTGTAAAACATG,perturbation_score_euclidean,Euclidean score,1.431688521314653,155
3-end RNA-seq,Perivascular smooth muscle,11,AK01_AAAATCTTACCAATAG,perturbation_score_euclidean,Euclidean score,1.431688521314653,156
3-end RNA-seq,Perivascular smooth muscle,11,AK01_AAACATATCAGAATTC,perturbation_score_euclidean,Euclidean score,1.431688521314653,157
3-end RNA-seq,Perivascular smooth muscle,11,AK01_AAATAGAAAATTTAAG,perturbation_score_euclidean,Euclidean score,1.431688521314653,158
3-end RNA-seq,Perivascular smooth muscle,11,AK01_AAATCCATTGCCAGGA,perturbation_score_euclidean,Euclidean score,1.431688521314653,159
3-end RNA-seq,Perivascular smooth muscle,11,AK01_AAATCCCTTCGACCTT,perturbation_score_euclidean,Euclidean score,1.431688521314653,160
3-end RNA-seq,Perivascular smooth muscle,11,AK01_AACCAAACCATCATGC,perturbation_score_euclidean,Euclidean score,1.431688521314653,161
3-end RNA-seq,Perivascular smooth muscle,11,SCC02_AACAATTAATCTGCGT,perturbation_score_euclidean,Euclidean score,1.429912544890573,162
3-end RNA-seq,Perivascular smooth muscle,11,SCC02_AACAACTTCTGATGGA,perturbation_score_euclidean,Euclidean score,1.4276016938343459,163
3-end RNA-seq,Perivascular smooth muscle,11,AK01_AAACGACGACTCCTTC,perturbation_score_euclidean,Euclidean score,1.4250368825644273,164
3-end RNA-seq,Perivascular smooth muscle,11,AK01_AAACTAGTAATGGCTT,perturbation_score_euclidean,Euclidean score,1.4250368825644273,165
3-end RNA-seq,Perivascular smooth muscle,11,AK01_AACACTGGCTCCATCG,perturbation_score_euclidean,Euclidean score,1.4250368825644273,166
3-end RNA-seq,Perivascular smooth muscle,21,AK02_AAAAAGTGGATCGAAT,perturbation_score_euclidean,Euclidean score,1.4235422997605378,167
3-end RNA-seq,Perivascular smooth muscle,21,AK02_AAAACTAGCTCGTTGT,perturbation_score_euclidean,Euclidean score,1.4235422997605378,168
3-end RNA-seq,Perivascular smooth muscle,21,AK02_AAAAGGAAGCTTAGTA,perturbation_score_euclidean,Euclidean score,1.4235422997605378,169
3-end RNA-seq,Perivascular smooth muscle,21,AK02_AAACAAGCCGGCAACG,perturbation_score_euclidean,Euclidean score,1.4235422997605378,170
3-end RNA-seq,Perivascular smooth muscle,21,AK02_AAACCTGCACAATACC,perturbation_score_euclidean,Euclidean score,1.4235422997605378,171
3-end RNA-seq,Perivascular smooth muscle,21,AK02_AAACGCAATTATAATC,perturbation_score_euclidean,Euclidean score,1.4235422997605378,172
3-end RNA-seq,Perivascular smooth muscle,21,AK02_AAACTAGGTCTTCGTC,perturbation_score_euclidean,Euclidean score,1.4235422997605378,173
3-end RNA-seq,Perivascular smooth muscle,21,AK02_AAATCCACACCGGTCG,perturbation_score_euclidean,Euclidean score,1.4235422997605378,174
3-end RNA-seq,Perivascular smooth muscle,21,AK02_AAATGATTGCACCGAA,perturbation_score_euclidean,Euclidean score,1.4235422997605378,175
3-end RNA-seq,Perivascular smooth muscle,21,AK02_AACAACGCGACCTGTG,perturbation_score_euclidean,Euclidean score,1.4235422997605378,176
3-end RNA-seq,Perivascular smooth muscle,21,AK01_AAACTTAACTGCGCCG,perturbation_score_euclidean,Euclidean score,1.4235422997605378,177
3-end RNA-seq,Perivascular smooth muscle,21,AK01_AAATAAGCCCTCTGAT,perturbation_score_euclidean,Euclidean score,1.4235422997605378,178
3-end RNA-seq,Perivascular smooth muscle,21,AK01_AACAATGACTCTTTTT,perturbation_score_euclidean,Euclidean score,1.4235422997605378,179
3-end RNA-seq,Perivascular smooth muscle,11,AK02_AAACTATGGACCATGG,perturbation_score_euclidean,Euclidean score,1.423212652728423,180
3-end RNA-seq,Perivascular smooth muscle,11,AK02_AAATTTTCTGTTCTAT,perturbation_score_euclidean,Euclidean score,1.4229577304508316,181
3-end RNA-seq,Perivascular smooth muscle,11,AK02_AACAAAACATACCTCA,perturbation_score_euclidean,Euclidean score,1.4206436841498151,182
3-end RNA-seq,Perivascular smooth muscle,11,AK01_AAATACGCTAAATGTG,perturbation_score_euclidean,Euclidean score,1.4199446277801937,183
3-end RNA-seq,Perivascular smooth muscle,11,SCC02_AACAACGCTGGATAAA,perturbation_score_euclidean,Euclidean score,1.4198960508016047,184
3-end RNA-seq,Perivascular smooth muscle,11,AK01_AAACAACCTCTCCTGA,perturbation_score_euclidean,Euclidean score,1.4189323228504476,185
3-end RNA-seq,Perivascular smooth muscle,11,AK02_AAAAGGCACCTCAGGT,perturbation_score_euclidean,Euclidean score,1.4189193740946981,186
3-end RNA-seq,Perivascular smooth muscle,11,AK02_AAAAGACAGTCCACGG,perturbation_score_euclidean,Euclidean score,1.41832587491,187
3-end RNA-seq,Perivascular smooth muscle,11,AK01_AACACTAGGCTATGAC,perturbation_score_euclidean,Euclidean score,1.4180260918349759,188
3-end RNA-seq,Perivascular smooth muscle,11,AK01_AAAATTCGACGCAGGG,perturbation_score_euclidean,Euclidean score,1.4155693366923927,189
3-end RNA-seq,Perivascular smooth muscle,11,SCC02_AAATGAGATCGCTCAT,perturbation_score_euclidean,Euclidean score,1.414826309156853,190
3-end RNA-seq,Perivascular smooth muscle,11,SCC02_AAATGTCAGACCCTAT,perturbation_score_euclidean,Euclidean score,1.414826309156853,191
3-end RNA-seq,Perivascular smooth muscle,11,AK01_AAAAATTGAGACTTAT,perturbation_score_euclidean,Euclidean score,1.414826309156853,192
3-end RNA-seq,Perivascular smooth muscle,11,AK01_AAAAGAAAGCCATGCA,perturbation_score_euclidean,Euclidean score,1.414826309156853,193
3-end RNA-seq,Perivascular smooth muscle,11,SCC02_AAAGGCCCACATGGGA,perturbation_score_euclidean,Euclidean score,1.414215377592794,194
3-end RNA-seq,Perivascular smooth muscle,11,AK02_AACATCACAAGAGGTT,perturbation_score_euclidean,Euclidean score,1.413717951723311,195
3-end RNA-seq,Perivascular smooth muscle,11,SCC02_AAATTTAATGAACTAC,perturbation_score_euclidean,Euclidean score,1.4125929503072576,196
3-end RNA-seq,Perivascular smooth muscle,11,AK02_AAAACGGCACCGGGTT,perturbation_score_euclidean,Euclidean score,1.4115291185040093,197
3-end RNA-seq,Perivascular smooth muscle,11,SCC02_AAAATTAGTTGGGACC,perturbation_score_euclidean,Euclidean score,1.4104353899716637,198
3-end RNA-seq,Perivascular smooth muscle,11,SCC02_AAACCATTAATCGGCT,perturbation_score_euclidean,Euclidean score,1.408903791357609,199
3-end RNA-seq,Perivascular smooth muscle,11,AK02_AAAACCCAAATCACAG,perturbation_score_euclidean,Euclidean score,1.4074857135803602,200
3-end RNA-seq,T cell,1,SCC02_AAAACAAATACTGGCG,perturbation_score_euclidean,Euclidean score,1.930524684730874,1
3-end RNA-seq,T cell,1,SCC02_AAAACTCTTTGGACAT,perturbation_score_euclidean,Euclidean score,1.930524684730874,2
3-end RNA-seq,T cell,1,SCC02_AAACCTGTACGTAGAT,perturbation_score_euclidean,Euclidean score,1.930524684730874,3
3-end RNA-seq,T cell,1,SCC02_AAACTCGTCACTGTAC,perturbation_score_euclidean,Euclidean score,1.930524684730874,4
3-end RNA-seq,T cell,1,SCC02_AAAGGCTCTGCCGCGA,perturbation_score_euclidean,Euclidean score,1.930524684730874,5
3-end RNA-seq,T cell,1,SCC02_AAAGGTAAAGTCGCTG,perturbation_score_euclidean,Euclidean score,1.930524684730874,6
3-end RNA-seq,T cell,1,SCC02_AAAGTGGCGAGCTGAA,perturbation_score_euclidean,Euclidean score,1.930524684730874,7
3-end RNA-seq,T cell,1,SCC02_AAATAGAAACCTACTA,perturbation_score_euclidean,Euclidean score,1.930524684730874,8
3-end RNA-seq,T cell,1,SCC02_AAATAGTTCAGCTAGC,perturbation_score_euclidean,Euclidean score,1.930524684730874,9
3-end RNA-seq,T cell,1,SCC02_AAATGTTACTATACAT,perturbation_score_euclidean,Euclidean score,1.5899372424510214,10
3-end RNA-seq,T cell,1,SCC02_AAACAACGCCGAATGT,perturbation_score_euclidean,Euclidean score,1.5836814525631222,11
3-end RNA-seq,T cell,1,SCC02_AAACCATTTTCAAATG,perturbation_score_euclidean,Euclidean score,1.5433633942432907,12
3-end RNA-seq,T cell,1,SCC02_AAACTAGGCTTGTAAT,perturbation_score_euclidean,Euclidean score,1.5433633942432907,13
3-end RNA-seq,T cell,1,SCC02_AAATGCCGCTGAAACT,perturbation_score_euclidean,Euclidean score,1.537547616719879,14
3-end RNA-seq,T cell,1,SCC02_AAAGCTGATGGAAGGC,perturbation_score_euclidean,Euclidean score,1.5018740630872969,15
3-end RNA-seq,T cell,1,SCC02_AAACATGAGTCCTTTT,perturbation_score_euclidean,Euclidean score,1.4983403693186041,16
3-end RNA-seq,T cell,1,SCC02_AACCAATCTGTTCCGA,perturbation_score_euclidean,Euclidean score,1.4979599762025395,17
3-end RNA-seq,T cell,1,SCC02_AAAATAAGCATGTGCT,perturbation_score_euclidean,Euclidean score,1.4931547498429476,18
3-end RNA-seq,T cell,1,SCC02_AAATCCCCGACCGTGT,perturbation_score_euclidean,Euclidean score,1.4931547498429476,19
3-end RNA-seq,T cell,1,SCC02_AAAGAGGTGGGCTTGG,perturbation_score_euclidean,Euclidean score,1.4832363435650233,20
3-end RNA-seq,T cell,1,SCC02_AACATCTTCTTTAGTC,perturbation_score_euclidean,Euclidean score,1.4729094393730886,21
3-end RNA-seq,T cell,10,SCC02_AAAAGCCCAAAACAGT,perturbation_score_euclidean,Euclidean score,1.4546045423387555,22
3-end RNA-seq,T cell,10,SCC02_AAACACGTGAGGCGGT,perturbation_score_euclidean,Euclidean score,1.4546045423387555,23
3-end RNA-seq,T cell,10,SCC02_AAACATCGGTATCGGC,perturbation_score_euclidean,Euclidean score,1.4546045423387555,24
3-end RNA-seq,T cell,10,SCC02_AAACCCTGTTCCCCTT,perturbation_score_euclidean,Euclidean score,1.4546045423387555,25
3-end RNA-seq,T cell,10,SCC02_AAAGCGATGCATATAC,perturbation_score_euclidean,Euclidean score,1.4546045423387555,26
3-end RNA-seq,T cell,10,SCC02_AACAGAATTTTTTACG,perturbation_score_euclidean,Euclidean score,1.4546045423387555,27
3-end RNA-seq,T cell,10,SCC02_AACATGTTCCTCGCAT,perturbation_score_euclidean,Euclidean score,1.4546045423387555,28
3-end RNA-seq,T cell,10,AK02_AAAAAGTACGCAGTCT,perturbation_score_euclidean,Euclidean score,1.4546045423387555,29
3-end RNA-seq,T cell,10,AK02_AAATGCCTTCTGCTCC,perturbation_score_euclidean,Euclidean score,1.4546045423387555,30
3-end RNA-seq,T cell,1,SCC02_AAACAAGCATATGGCT,perturbation_score_euclidean,Euclidean score,1.4545694702578318,31
3-end RNA-seq,T cell,1,SCC02_AAACCAATGGGATAAG,perturbation_score_euclidean,Euclidean score,1.38170596544276,32
3-end RNA-seq,T cell,1,SCC02_AAAGCGCTTCCTTTTA,perturbation_score_euclidean,Euclidean score,1.380119809622375,33
3-end RNA-seq,T cell,1,SCC02_AAAGTCTTGAGGGGGC,perturbation_score_euclidean,Euclidean score,1.3790505322486981,34
3-end RNA-seq,T cell,1,SCC02_AAATTGTGTAGGTTGG,perturbation_score_euclidean,Euclidean score,1.3525899549810039,35
3-end RNA-seq,T cell,1,SCC02_AACAGTTTTCCCGCAC,perturbation_score_euclidean,Euclidean score,1.331622223513806,36
3-end RNA-seq,T cell,1,SCC02_AAAAACCTGCCTGGAG,perturbation_score_euclidean,Euclidean score,1.3090453857162185,37
3-end RNA-seq,T cell,1,SCC02_AAAAACTTAGTCTCCA,perturbation_score_euclidean,Euclidean score,1.3090453857162185,38
3-end RNA-seq,T cell,1,SCC02_AAACAGCTCATAGTAG,perturbation_score_euclidean,Euclidean score,1.3090453857162185,39
3-end RNA-seq,T cell,1,SCC02_AAACCCGTAATGATGG,perturbation_score_euclidean,Euclidean score,1.3090453857162185,40
3-end RNA-seq,T cell,1,SCC02_AAACCTAACGCAGACT,perturbation_score_euclidean,Euclidean score,1.3090453857162185,41
3-end RNA-seq,T cell,1,SCC02_AAACTGGACTTACGGC,perturbation_score_euclidean,Euclidean score,1.3090453857162185,42
3-end RNA-seq,T cell,1,SCC02_AAAGCGTAACCCGAAG,perturbation_score_euclidean,Euclidean score,1.3090453857162185,43
3-end RNA-seq,T cell,1,SCC02_AAAGGCCGGGCTGGGA,perturbation_score_euclidean,Euclidean score,1.3090453857162185,44
3-end RNA-seq,T cell,1,SCC02_AAAGTTCTTTCTGTAC,perturbation_score_euclidean,Euclidean score,1.3090453857162185,45
3-end RNA-seq,T cell,1,SCC02_AAATCCACTCGCTTTC,perturbation_score_euclidean,Euclidean score,1.3090453857162185,46
3-end RNA-seq,T cell,1,SCC02_AAATCGTAAACTTAGG,perturbation_score_euclidean,Euclidean score,1.3090453857162185,47
3-end RNA-seq,T cell,1,SCC02_AACACAATGTGCGAGC,perturbation_score_euclidean,Euclidean score,1.3090453857162185,48
3-end RNA-seq,T cell,1,SCC02_AAAGCGCCTATTTCGC,perturbation_score_euclidean,Euclidean score,1.3085702724701749,49
3-end RNA-seq,T cell,1,AK02_AAATTTGATACGTTAG,perturbation_score_euclidean,Euclidean score,1.306146180362782,50
3-end RNA-seq,T cell,1,SCC02_AAAGACTCGTCTGGCC,perturbation_score_euclidean,Euclidean score,1.2978328901514755,51
3-end RNA-seq,T cell,1,SCC02_AAAACGCAACCATGCG,perturbation_score_euclidean,Euclidean score,1.2948721694663452,52
3-end RNA-seq,T cell,1,SCC02_AACACGCGGGGTACAC,perturbation_score_euclidean,Euclidean score,1.2902823635948373,53
3-end RNA-seq,T cell,10,SCC02_AAAAAGCATCCGTCTG,perturbation_score_euclidean,Euclidean score,1.2413998595111415,54
3-end RNA-seq,T cell,10,SCC02_AAAAATCACGAGATTT,perturbation_score_euclidean,Euclidean score,1.2413998595111415,55
3-end RNA-seq,T cell,10,SCC02_AAAAGGTAACCACCTA,perturbation_score_euclidean,Euclidean score,1.2413998595111415,56
3-end RNA-seq,T cell,10,SCC02_AAACGATGGTGCCACA,perturbation_score_euclidean,Euclidean score,1.2413998595111415,57
3-end RNA-seq,T cell,10,SCC02_AAATCACCGCCTATGT,perturbation_score_euclidean,Euclidean score,1.2413998595111415,58
3-end RNA-seq,T cell,10,SCC02_AAATTCAAGGTGGCAT,perturbation_score_euclidean,Euclidean score,1.2413998595111415,59
3-end RNA-seq,T cell,10,SCC02_AACATCTACTCGTCCA,perturbation_score_euclidean,Euclidean score,1.2395439193085667,60
3-end RNA-seq,T cell,10,SCC02_AAAAGCAGTCGTAGAA,perturbation_score_euclidean,Euclidean score,1.2376845281862632,61
3-end RNA-seq,T cell,10,SCC02_AAAATTCAAGCACGGT,perturbation_score_euclidean,Euclidean score,1.2376845281862632,62
3-end RNA-seq,T cell,10,SCC02_AAAATTCCGTCACGCT,perturbation_score_euclidean,Euclidean score,1.2376845281862632,63
3-end RNA-seq,T cell,10,SCC02_AAACCCCTTAGAAAGG,perturbation_score_euclidean,Euclidean score,1.2376845281862632,64
3-end RNA-seq,T cell,10,SCC02_AAACGTGGGGACTCCC,perturbation_score_euclidean,Euclidean score,1.2376845281862632,65
3-end RNA-seq,T cell,10,SCC02_AAAGAGACAAAGGCAT,perturbation_score_euclidean,Euclidean score,1.2376845281862632,66
3-end RNA-seq,T cell,10,SCC02_AAAGTGAAGTAAATAG,perturbation_score_euclidean,Euclidean score,1.2376845281862632,67
3-end RNA-seq,T cell,10,SCC02_AAATTAGGGGAAGATT,perturbation_score_euclidean,Euclidean score,1.2376845281862632,68
3-end RNA-seq,T cell,10,AK01_AAAAATCGACGGCCGG,perturbation_score_euclidean,Euclidean score,1.2376845281862632,69
3-end RNA-seq,T cell,1,SCC02_AAAGCCTTCCCTCTTC,perturbation_score_euclidean,Euclidean score,1.2365709918721728,70
3-end RNA-seq,T cell,1,SCC02_AAACTTGCGACGTAGA,perturbation_score_euclidean,Euclidean score,1.2350779159692797,71
3-end RNA-seq,T cell,1,SCC02_AAACCAAAATTCAGCA,perturbation_score_euclidean,Euclidean score,1.2338032030938786,72
3-end RNA-seq,T cell,10,SCC02_AACAACATTGTACCAC,perturbation_score_euclidean,Euclidean score,1.2290006819025088,73
3-end RNA-seq,T cell,10,SCC02_AAACTGGGGGACCCTC,perturbation_score_euclidean,Euclidean score,1.224938546149793,74
3-end RNA-seq,T cell,1,SCC02_AAAGAATGATCCTTAT,perturbation_score_euclidean,Euclidean score,1.1901175778737358,75
3-end RNA-seq,T cell,1,SCC02_AAATAGGTACTAACTG,perturbation_score_euclidean,Euclidean score,1.1901175778737358,76
3-end RNA-seq,T cell,1,SCC02_AAATCAACTCCTTTGG,perturbation_score_euclidean,Euclidean score,1.1901175778737358,77
3-end RNA-seq,T cell,1,SCC02_AAATCAATCTGACTAT,perturbation_score_euclidean,Euclidean score,1.1901175778737358,78
3-end RNA-seq,T cell,1,SCC02_AAATGAAGAGCCCATG,perturbation_score_euclidean,Euclidean score,1.1901175778737358,79
3-end RNA-seq,T cell,1,SCC02_AACATGGTGTACATCT,perturbation_score_euclidean,Euclidean score,1.1901175778737358,80
3-end RNA-seq,T cell,1,AK02_AAAAGGTGATTCGAAT,perturbation_score_euclidean,Euclidean score,1.1901175778737358,81
3-end RNA-seq,T cell,1,AK01_AAAAAGACAGTAACCG,perturbation_score_euclidean,Euclidean score,1.1901175778737358,82
3-end RNA-seq,T cell,1,AK01_AAAAAGATGCTTTGCG,perturbation_score_euclidean,Euclidean score,1.1901175778737358,83
3-end RNA-seq,T cell,1,SCC02_AAAAACGCGTCCCGCG,perturbation_score_euclidean,Euclidean score,1.1874896484180584,84
3-end RNA-seq,T cell,1,SCC02_AAACAGAACTAATGCC,perturbation_score_euclidean,Euclidean score,1.1874896484180584,85
3-end RNA-seq,T cell,1,SCC02_AAACCCTGTGAAACGG,perturbation_score_euclidean,Euclidean score,1.1874896484180584,86
3-end RNA-seq,T cell,1,SCC02_AAACCGCCCCACGAGG,perturbation_score_euclidean,Euclidean score,1.1874896484180584,87
3-end RNA-seq,T cell,1,SCC02_AAACGGCAGCTCGCCT,perturbation_score_euclidean,Euclidean score,1.1874896484180584,88
3-end RNA-seq,T cell,1,SCC02_AAAGCCATCTATGGAC,perturbation_score_euclidean,Euclidean score,1.1874896484180584,89
3-end RNA-seq,T cell,1,SCC02_AAAGTTCTGCCCATGG,perturbation_score_euclidean,Euclidean score,1.1874896484180584,90
3-end RNA-seq,T cell,1,SCC02_AACAAATCATAGTGTC,perturbation_score_euclidean,Euclidean score,1.1874896484180584,91
3-end RNA-seq,T cell,1,SCC02_AACACACTAGACTAGT,perturbation_score_euclidean,Euclidean score,1.1874896484180584,92
3-end RNA-seq,T cell,1,SCC02_AACAGAATCTTGCTCG,perturbation_score_euclidean,Euclidean score,1.1874896484180584,93
3-end RNA-seq,T cell,1,SCC02_AACATTCCTCGAGGGT,perturbation_score_euclidean,Euclidean score,1.1874896484180584,94
3-end RNA-seq,T cell,1,SCC02_AACCAAGTATTGTATT,perturbation_score_euclidean,Euclidean score,1.1874896484180584,95
3-end RNA-seq,T cell,1,AK02_AAACAAGACATACTTC,perturbation_score_euclidean,Euclidean score,1.1874896484180584,96
3-end RNA-seq,T cell,1,AK02_AAATCTCGAACATATT,perturbation_score_euclidean,Euclidean score,1.1874896484180584,97
3-end RNA-seq,T cell,1,SCC02_AAATGTTCGCCGTAAA,perturbation_score_euclidean,Euclidean score,1.185513216704842,98
3-end RNA-seq,T cell,1,SCC02_AAAAACATACGCGTAC,perturbation_score_euclidean,Euclidean score,1.1850863907836768,99
3-end RNA-seq,T cell,1,SCC02_AAACTCTCTGAAGGAC,perturbation_score_euclidean,Euclidean score,1.1809556144145197,100
3-end RNA-seq,T cell,1,SCC02_AAAATACTACCTATAT,perturbation_score_euclidean,Euclidean score,1.1791978197904043,101
3-end RNA-seq,T cell,10,SCC02_AAAAGGAATCCAAAAA,perturbation_score_euclidean,Euclidean score,1.1582918964377353,102
3-end RNA-seq,T cell,1,SCC02_AACAAATACAATGCCG,perturbation_score_euclidean,Euclidean score,1.155616642657785,103
3-end RNA-seq,T cell,1,SCC02_AAATTTGGGGCCTGTA,perturbation_score_euclidean,Euclidean score,1.1424175569177362,104
3-end RNA-seq,T cell,10,SCC02_AAAGTCTAGTATTTCC,perturbation_score_euclidean,Euclidean score,1.132407931851943,105
3-end RNA-seq,T cell,10,SCC02_AACATAGTCTGCCCTG,perturbation_score_euclidean,Euclidean score,1.132407931851943,106
3-end RNA-seq,T cell,1,SCC02_AAAACCGGGGCCTCCA,perturbation_score_euclidean,Euclidean score,1.131599525659903,107
3-end RNA-seq,T cell,1,AK01_AAACAACGCGCCAAGT,perturbation_score_euclidean,Euclidean score,1.1314762376944816,108
3-end RNA-seq,T cell,1,SCC02_AACAGGGCCATTCGGG,perturbation_score_euclidean,Euclidean score,1.1183157265788417,109
3-end RNA-seq,T cell,10,SCC02_AACACGCCTGATTCTT,perturbation_score_euclidean,Euclidean score,1.1148179671162797,110
3-end RNA-seq,T cell,1,SCC02_AAAGAATTTACTTCCT,perturbation_score_euclidean,Euclidean score,1.1102089586240067,111
3-end RNA-seq,T cell,1,SCC02_AACACCACAGGCAGCG,perturbation_score_euclidean,Euclidean score,1.1102089586240067,112
3-end RNA-seq,T cell,10,SCC02_AAAATCACGTCAGCAG,perturbation_score_euclidean,Euclidean score,1.105524427934592,113
3-end RNA-seq,T cell,10,SCC02_AAAGACTATACAAAGC,perturbation_score_euclidean,Euclidean score,1.105524427934592,114
3-end RNA-seq,T cell,1,SCC02_AAAAGAGGCGCTACCT,perturbation_score_euclidean,Euclidean score,1.100990584365426,115
3-end RNA-seq,T cell,1,SCC02_AAAATAAGACAGTAGG,perturbation_score_euclidean,Euclidean score,1.100990584365426,116
3-end RNA-seq,T cell,1,SCC02_AAATTGCGAAGATCTA,perturbation_score_euclidean,Euclidean score,1.100990584365426,117
3-end RNA-seq,T cell,10,SCC02_AACACGCCGTAACGGT,perturbation_score_euclidean,Euclidean score,1.099958784467204,118
3-end RNA-seq,T cell,1,SCC02_AAACACTCGCAAAGCG,perturbation_score_euclidean,Euclidean score,1.097106814248692,119
3-end RNA-seq,T cell,10,SCC02_AAAATTTCTATTGTCG,perturbation_score_euclidean,Euclidean score,1.0917568000831857,120
3-end RNA-seq,T cell,10,SCC02_AAACGAATCGCTCCAT,perturbation_score_euclidean,Euclidean score,1.0873113295431862,121
3-end RNA-seq,T cell,1,SCC02_AAAAGATCAAGCGAAC,perturbation_score_euclidean,Euclidean score,1.0868343847687507,122
3-end RNA-seq,T cell,1,SCC02_AAAAGCAGGAGTCCAT,perturbation_score_euclidean,Euclidean score,1.0868343847687507,123
3-end RNA-seq,T cell,1,SCC02_AAACACTCCTGAAAGT,perturbation_score_euclidean,Euclidean score,1.0868343847687507,124
3-end RNA-seq,T cell,1,SCC02_AAACCGACAGCCTGAA,perturbation_score_euclidean,Euclidean score,1.0868343847687507,125
3-end RNA-seq,T cell,1,SCC02_AAAGGGAGCCCTAGGC,perturbation_score_euclidean,Euclidean score,1.0868343847687507,126
3-end RNA-seq,T cell,1,SCC02_AAAGGGTTCTTATCAT,perturbation_score_euclidean,Euclidean score,1.0868343847687507,127
3-end RNA-seq,T cell,1,SCC02_AAATCCAACAAGCCTA,perturbation_score_euclidean,Euclidean score,1.0868343847687507,128
3-end RNA-seq,T cell,1,SCC02_AAATTTTAGAATGATG,perturbation_score_euclidean,Euclidean score,1.0868343847687507,129
3-end RNA-seq,T cell,1,SCC02_AAAGGATCTCGGAGCA,perturbation_score_euclidean,Euclidean score,1.0851071402341346,130
3-end RNA-seq,T cell,1,SCC02_AAAGTAATGTACGAAC,perturbation_score_euclidean,Euclidean score,1.0803029713645504,131
3-end RNA-seq,T cell,1,SCC02_AACACGAACGGATTTC,perturbation_score_euclidean,Euclidean score,1.0771036906201379,132
3-end RNA-seq,T cell,10,SCC02_AAAGGATGATCTCGTA,perturbation_score_euclidean,Euclidean score,1.0737843794486515,133
3-end RNA-seq,T cell,1,SCC02_AACATTGTAACTCCTG,perturbation_score_euclidean,Euclidean score,1.072952978444575,134
3-end RNA-seq,T cell,1,SCC02_AAAACTCCCGCATTGT,perturbation_score_euclidean,Euclidean score,1.0696437947131863,135
3-end RNA-seq,T cell,1,SCC02_AAAATCTAGTATTTCT,perturbation_score_euclidean,Euclidean score,1.0696437947131863,136
3-end RNA-seq,T cell,1,SCC02_AACAGGGCGGGAAAGT,perturbation_score_euclidean,Euclidean score,1.0696437947131863,137
3-end RNA-seq,T cell,1,SCC02_AACATTCTTATCGGAA,perturbation_score_euclidean,Euclidean score,1.0696437947131863,138
3-end RNA-seq,T cell,1,SCC02_AACCAAGATATGTTAT,perturbation_score_euclidean,Euclidean score,1.0696437947131863,139
3-end RNA-seq,T cell,1,AK02_AAACCAGGAGGTTGGG,perturbation_score_euclidean,Euclidean score,1.0696437947131863,140
3-end RNA-seq,T cell,1,AK02_AAAGCCTTATGCACCG,perturbation_score_euclidean,Euclidean score,1.0696437947131863,141
3-end RNA-seq,T cell,1,SCC02_AAACGACACGGATGTT,perturbation_score_euclidean,Euclidean score,1.0694430977384757,142
3-end RNA-seq,T cell,1,SCC02_AAACGTTAGGTGACTG,perturbation_score_euclidean,Euclidean score,1.0694430977384757,143
3-end RNA-seq,T cell,1,SCC02_AAAGCCAACCTAAGCC,perturbation_score_euclidean,Euclidean score,1.0694430977384757,144
3-end RNA-seq,T cell,1,SCC02_AAAGTGATCGGGGGAG,perturbation_score_euclidean,Euclidean score,1.0694430977384757,145
3-end RNA-seq,T cell,1,SCC02_AAAGTGCCTCAATCTC,perturbation_score_euclidean,Euclidean score,1.0694430977384757,146
3-end RNA-seq,T cell,1,SCC02_AACACAGGGGCCAAGG,perturbation_score_euclidean,Euclidean score,1.0694430977384757,147
3-end RNA-seq,T cell,1,AK02_AACAATTGGTGAATAG,perturbation_score_euclidean,Euclidean score,1.0694430977384757,148
3-end RNA-seq,T cell,1,SCC02_AAAGCTCGGAACAATT,perturbation_score_euclidean,Euclidean score,1.069180690939615,149
3-end RNA-seq,T cell,1,SCC02_AAAGGAGCTTACGTGC,perturbation_score_euclidean,Euclidean score,1.069180690939615,150
3-end RNA-seq,T cell,1,SCC02_AAAGGCCACGGATCCC,perturbation_score_euclidean,Euclidean score,1.069180690939615,151
3-end RNA-seq,T cell,1,SCC02_AAATCAGCTCCAGACC,perturbation_score_euclidean,Euclidean score,1.069180690939615,152
3-end RNA-seq,T cell,1,SCC02_AAATGATGCCGATCAC,perturbation_score_euclidean,Euclidean score,1.069180690939615,153
3-end RNA-seq,T cell,1,AK01_AAATCGGGCCGGTCGG,perturbation_score_euclidean,Euclidean score,1.069180690939615,154
3-end RNA-seq,T cell,10,SCC02_AAAACGGGCAGATATT,perturbation_score_euclidean,Euclidean score,1.0676457895144424,155
3-end RNA-seq,T cell,10,SCC02_AAAGCCGAATGAAGTG,perturbation_score_euclidean,Euclidean score,1.0676457895144424,156
3-end RNA-seq,T cell,10,SCC02_AAATCACCTAACCTCC,perturbation_score_euclidean,Euclidean score,1.0676457895144424,157
3-end RNA-seq,T cell,10,SCC02_AAATTGCCTAAACGGT,perturbation_score_euclidean,Euclidean score,1.0676457895144424,158
3-end RNA-seq,T cell,1,SCC02_AACATCACCCTTGTTC,perturbation_score_euclidean,Euclidean score,1.062109572722112,159
3-end RNA-seq,T cell,1,SCC02_AAAATAATGTGTCGGG,perturbation_score_euclidean,Euclidean score,1.057057300708511,160
3-end RNA-seq,T cell,10,SCC02_AAACACGATTCACCTG,perturbation_score_euclidean,Euclidean score,1.054024911819708,161
3-end RNA-seq,T cell,1,SCC02_AAAATCTCCCCGCCCT,perturbation_score_euclidean,Euclidean score,1.0537264053068363,162
3-end RNA-seq,T cell,1,SCC02_AAACCATCGGGTTTGT,perturbation_score_euclidean,Euclidean score,1.0537264053068363,163
3-end RNA-seq,T cell,1,SCC02_AAACTACCGCCGATTG,perturbation_score_euclidean,Euclidean score,1.0537264053068363,164
3-end RNA-seq,T cell,1,SCC02_AAAGTCTTTTCCAATT,perturbation_score_euclidean,Euclidean score,1.0537264053068363,165
3-end RNA-seq,T cell,1,SCC02_AAATCCCCCCGTCTAG,perturbation_score_euclidean,Euclidean score,1.0537264053068363,166
3-end RNA-seq,T cell,1,SCC02_AAATCCTGCAAATAGA,perturbation_score_euclidean,Euclidean score,1.0537264053068363,167
3-end RNA-seq,T cell,1,SCC02_AAATTGCTGGTGTAGT,perturbation_score_euclidean,Euclidean score,1.0537264053068363,168
3-end RNA-seq,T cell,1,SCC02_AACACGGGGCTCTTGG,perturbation_score_euclidean,Euclidean score,1.0537264053068363,169
3-end RNA-seq,T cell,1,SCC02_AACATCAAAAGAGGGC,perturbation_score_euclidean,Euclidean score,1.0537264053068363,170
3-end RNA-seq,T cell,1,AK02_AAAGGCTGCCTCCTAG,perturbation_score_euclidean,Euclidean score,1.0537264053068363,171
3-end RNA-seq,T cell,1,SCC02_AAAGTCTGAATGGCAT,perturbation_score_euclidean,Euclidean score,1.0504958492005112,172
3-end RNA-seq,T cell,1,SCC02_AAAAGTACGCTTTGAT,perturbation_score_euclidean,Euclidean score,1.0501753775700666,173
3-end RNA-seq,T cell,1,SCC02_AAAATCGCGGGAACTA,perturbation_score_euclidean,Euclidean score,1.0487871683876333,174
3-end RNA-seq,T cell,1,SCC02_AAAGCTTAAAGGTGCA,perturbation_score_euclidean,Euclidean score,1.0487871683876333,175
3-end RNA-seq,T cell,1,SCC02_AAAGGAAATCTAGAAC,perturbation_score_euclidean,Euclidean score,1.0487871683876333,176
3-end RNA-seq,T cell,1,SCC02_AAATCCATTGGAAAAA,perturbation_score_euclidean,Euclidean score,1.0487871683876333,177
3-end RNA-seq,T cell,1,SCC02_AAATCGTCCAGTCCTA,perturbation_score_euclidean,Euclidean score,1.0487871683876333,178
3-end RNA-seq,T cell,1,SCC02_AAATTAAGCTCTCTGT,perturbation_score_euclidean,Euclidean score,1.0487871683876333,179
3-end RNA-seq,T cell,1,SCC02_AACAATTCTTCATCGG,perturbation_score_euclidean,Euclidean score,1.0487871683876333,180
3-end RNA-seq,T cell,1,SCC02_AACATACGGAACAACG,perturbation_score_euclidean,Euclidean score,1.0487871683876333,181
3-end RNA-seq,T cell,1,SCC02_AACATCTTAAACGTAG,perturbation_score_euclidean,Euclidean score,1.0487871683876333,182
3-end RNA-seq,T cell,1,AK02_AAAATCCTACCGATTT,perturbation_score_euclidean,Euclidean score,1.0487871683876333,183
3-end RNA-seq,T cell,10,SCC02_AAAAGTAACCCAGCCA,perturbation_score_euclidean,Euclidean score,1.048638343433052,184
3-end RNA-seq,T cell,10,SCC02_AAAATTCTACAAAACC,perturbation_score_euclidean,Euclidean score,1.048638343433052,185
3-end RNA-seq,T cell,10,SCC02_AAACACTATGGAGTCG,perturbation_score_euclidean,Euclidean score,1.048638343433052,186
3-end RNA-seq,T cell,10,SCC02_AAAGGCATATATTTTG,perturbation_score_euclidean,Euclidean score,1.048638343433052,187
3-end RNA-seq,T cell,10,SCC02_AAATCATCAATTTTAT,perturbation_score_euclidean,Euclidean score,1.048638343433052,188
3-end RNA-seq,T cell,10,SCC02_AAATGTACATAAATTA,perturbation_score_euclidean,Euclidean score,1.048638343433052,189
3-end RNA-seq,T cell,10,SCC02_AAATTATATGCCTATC,perturbation_score_euclidean,Euclidean score,1.048638343433052,190
3-end RNA-seq,T cell,10,SCC02_AAATTGCGGTTGATTA,perturbation_score_euclidean,Euclidean score,1.048638343433052,191
3-end RNA-seq,T cell,10,SCC02_AACATCAGCGCGAACA,perturbation_score_euclidean,Euclidean score,1.048638343433052,192
3-end RNA-seq,T cell,1,SCC02_AAAATAGTGGAGCGCC,perturbation_score_euclidean,Euclidean score,1.0482301829162277,193
3-end RNA-seq,T cell,1,SCC02_AAAGCTAGGGTACGAC,perturbation_score_euclidean,Euclidean score,1.0482301829162277,194
3-end RNA-seq,T cell,1,SCC02_AAAGTGGTAAAGATAG,perturbation_score_euclidean,Euclidean score,1.0482301829162277,195
3-end RNA-seq,T cell,1,SCC02_AAATATTGACAAACAT,perturbation_score_euclidean,Euclidean score,1.0482301829162277,196
3-end RNA-seq,T cell,1,SCC02_AAATTAGCGAACCACG,perturbation_score_euclidean,Euclidean score,1.0482301829162277,197
3-end RNA-seq,T cell,1,SCC02_AAAATGCCCTCGTTGG,perturbation_score_euclidean,Euclidean score,1.0459649563444164,198
3-end RNA-seq,T cell,1,SCC02_AAATCTCTTGACGAAA,perturbation_score_euclidean,Euclidean score,1.0450938612120728,199
3-end RNA-seq,T cell,1,SCC02_AAAGTGATACAGCTGT,perturbation_score_euclidean,Euclidean score,1.0441719499871758,200
3-end RNA-seq,Plasma cell,14,SCC02_AAATGGATTAGGGGTG,perturbation_score_euclidean,Euclidean score,5.312995566016934,1
3-end RNA-seq,Plasma cell,14,SCC02_AACAGGACAAGGGCCG,perturbation_score_euclidean,Euclidean score,5.312995566016934,2
3-end RNA-seq,Plasma cell,14,SCC02_AAACCGGGCACGCTAC,perturbation_score_euclidean,Euclidean score,5.130409257419855,3
3-end RNA-seq,Plasma cell,14,SCC02_AAACGTCTGCCGCCCT,perturbation_score_euclidean,Euclidean score,5.130409257419855,4
3-end RNA-seq,Plasma cell,14,SCC02_AAAGCCCCATTCAGTA,perturbation_score_euclidean,Euclidean score,5.130409257419855,5
3-end RNA-seq,Plasma cell,14,SCC02_AAAGCTCAAAGATAAA,perturbation_score_euclidean,Euclidean score,5.130409257419855,6
3-end RNA-seq,Plasma cell,14,SCC02_AAATATTACCTCTTAA,perturbation_score_euclidean,Euclidean score,5.130409257419855,7
3-end RNA-seq,Plasma cell,14,SCC02_AAATGCCATTTCTAAC,perturbation_score_euclidean,Euclidean score,5.130409257419855,8
3-end RNA-seq,Plasma cell,14,SCC02_AACAGACTCTTCTAAG,perturbation_score_euclidean,Euclidean score,5.130409257419855,9
3-end RNA-seq,Plasma cell,14,SCC02_AAAGCTTCACCTTCAC,perturbation_score_euclidean,Euclidean score,5.007473945483867,10
3-end RNA-seq,Plasma cell,14,SCC02_AAACTTTCTTGGGTGA,perturbation_score_euclidean,Euclidean score,4.90848991525999,11
3-end RNA-seq,Plasma cell,14,SCC02_AAACTTTATTTACGAG,perturbation_score_euclidean,Euclidean score,4.808824668629564,12
3-end RNA-seq,Plasma cell,14,SCC02_AAAGTGATGAGTGCAT,perturbation_score_euclidean,Euclidean score,4.735812621077286,13
3-end RNA-seq,Plasma cell,14,SCC02_AAAGGCCCCACGCGCC,perturbation_score_euclidean,Euclidean score,4.735515258779598,14
3-end RNA-seq,Plasma cell,14,SCC02_AAATCAGGCGAGTATG,perturbation_score_euclidean,Euclidean score,4.6982380715686904,15
3-end RNA-seq,Plasma cell,14,SCC02_AAAGCACGACCGCGGT,perturbation_score_euclidean,Euclidean score,4.672673881575866,16
3-end RNA-seq,Plasma cell,14,SCC02_AAAATGAAGACTCTAG,perturbation_score_euclidean,Euclidean score,4.671840178880005,17
3-end RNA-seq,Plasma cell,14,SCC02_AAACACACGGAAGAGG,perturbation_score_euclidean,Euclidean score,4.622844866858587,18
3-end RNA-seq,Plasma cell,14,SCC02_AAATGCTCTTTCACGG,perturbation_score_euclidean,Euclidean score,4.605501310461276,19
3-end RNA-seq,Plasma cell,14,SCC02_AAATTAACAACAATTG,perturbation_score_euclidean,Euclidean score,4.587601373780721,20
3-end RNA-seq,Plasma cell,14,SCC02_AAAAGCTAGTACCGCA,perturbation_score_euclidean,Euclidean score,4.572033017894917,21
3-end RNA-seq,Plasma cell,14,SCC02_AAAAGTGTCCGGTGGG,perturbation_score_euclidean,Euclidean score,4.572033017894917,22
3-end RNA-seq,Plasma cell,14,SCC02_AACAAACCCGTTATGG,perturbation_score_euclidean,Euclidean score,4.572033017894917,23
3-end RNA-seq,Plasma cell,14,SCC02_AAAACAAACTGCGGAA,perturbation_score_euclidean,Euclidean score,4.56980885542736,24
3-end RNA-seq,Plasma cell,14,SCC02_AAAACTGAGTTGGTGC,perturbation_score_euclidean,Euclidean score,4.565345634555307,25
3-end RNA-seq,Plasma cell,14,SCC02_AAACACAACTCCGCCC,perturbation_score_euclidean,Euclidean score,4.565345634555307,26
3-end RNA-seq,Plasma cell,14,SCC02_AAACAGACTTCGTCCC,perturbation_score_euclidean,Euclidean score,4.565345634555307,27
3-end RNA-seq,Plasma cell,14,SCC02_AAACTAGTAAAGTTTT,perturbation_score_euclidean,Euclidean score,4.565345634555307,28
3-end RNA-seq,Plasma cell,14,SCC02_AAAGCCTGTCGTCCTC,perturbation_score_euclidean,Euclidean score,4.565345634555307,29
3-end RNA-seq,Plasma cell,14,SCC02_AAAGCTGCATGCGATA,perturbation_score_euclidean,Euclidean score,4.565345634555307,30
3-end RNA-seq,Plasma cell,14,SCC02_AAAGGGTTCTGTGGTA,perturbation_score_euclidean,Euclidean score,4.565345634555307,31
3-end RNA-seq,Plasma cell,14,SCC02_AAAGTCGGCGCTCGAA,perturbation_score_euclidean,Euclidean score,4.565345634555307,32
3-end RNA-seq,Plasma cell,14,SCC02_AAATCCGCTTACACCT,perturbation_score_euclidean,Euclidean score,4.565345634555307,33
3-end RNA-seq,Plasma cell,14,SCC02_AAATGATTGCAGCGCT,perturbation_score_euclidean,Euclidean score,4.565345634555307,34
3-end RNA-seq,Plasma cell,14,SCC02_AAATTATGACCGTCAA,perturbation_score_euclidean,Euclidean score,4.565345634555307,35
3-end RNA-seq,Plasma cell,14,SCC02_AAATTGTGGCGGTCAT,perturbation_score_euclidean,Euclidean score,4.565345634555307,36
3-end RNA-seq,Plasma cell,14,SCC02_AACAACTAGCGATACA,perturbation_score_euclidean,Euclidean score,4.565345634555307,37
3-end RNA-seq,Plasma cell,14,SCC02_AACAGGAATACAAGTT,perturbation_score_euclidean,Euclidean score,4.565345634555307,38
3-end RNA-seq,Plasma cell,14,SCC02_AACATGCTAAATGCTT,perturbation_score_euclidean,Euclidean score,4.565345634555307,39
3-end RNA-seq,Plasma cell,14,SCC02_AAATGCCACCGCCCTG,perturbation_score_euclidean,Euclidean score,4.552319182129706,40
3-end RNA-seq,Plasma cell,14,SCC02_AAATGCAATAGGTCTA,perturbation_score_euclidean,Euclidean score,4.5503929098490214,41
3-end RNA-seq,Plasma cell,14,SCC02_AAAGGGACGGAAAGGG,perturbation_score_euclidean,Euclidean score,4.5503861805863774,42
3-end RNA-seq,Plasma cell,14,SCC02_AAATTCTGTTCCATCT,perturbation_score_euclidean,Euclidean score,4.536894659604926,43
3-end RNA-seq,Plasma cell,14,SCC02_AAAATTGCAGCTTGAA,perturbation_score_euclidean,Euclidean score,4.536440970689279,44
3-end RNA-seq,Plasma cell,14,SCC02_AAAATGTGAGCGCCTG,perturbation_score_euclidean,Euclidean score,4.497805059403299,45
3-end RNA-seq,Plasma cell,14,SCC02_AAATACTTCATGGGAT,perturbation_score_euclidean,Euclidean score,4.48392050277087,46
3-end RNA-seq,Plasma cell,14,SCC02_AAATGTTTGTTAGGGC,perturbation_score_euclidean,Euclidean score,4.471419958385785,47
3-end RNA-seq,Plasma cell,14,SCC02_AAAAGATCAATTCTAA,perturbation_score_euclidean,Euclidean score,4.457621151562359,48
3-end RNA-seq,Plasma cell,14,SCC02_AAAGACGTATACTAAT,perturbation_score_euclidean,Euclidean score,4.457621151562359,49
3-end RNA-seq,Plasma cell,14,SCC02_AAAGCTCGTAATGGGG,perturbation_score_euclidean,Euclidean score,4.457621151562359,50
3-end RNA-seq,Plasma cell,14,SCC02_AAAGGACCCCAACTAG,perturbation_score_euclidean,Euclidean score,4.457621151562359,51
3-end RNA-seq,Plasma cell,14,SCC02_AAAGGTCCTTATACTG,perturbation_score_euclidean,Euclidean score,4.457621151562359,52
3-end RNA-seq,Plasma cell,14,SCC02_AACAGTTCAAAGTCGA,perturbation_score_euclidean,Euclidean score,4.456383218825497,53
3-end RNA-seq,Plasma cell,14,SCC02_AACAATGGGAGCGTGA,perturbation_score_euclidean,Euclidean score,4.452380780049931,54
3-end RNA-seq,Plasma cell,14,SCC02_AAATCGTCGATTGAAA,perturbation_score_euclidean,Euclidean score,4.410563802013653,55
3-end RNA-seq,Plasma cell,14,SCC02_AAACGGTAATGGGAGC,perturbation_score_euclidean,Euclidean score,4.399841438438643,56
3-end RNA-seq,Plasma cell,14,SCC02_AACAAATCATTAACGT,perturbation_score_euclidean,Euclidean score,4.383376250342497,57
3-end RNA-seq,Plasma cell,14,SCC02_AAAATCGCTGCCGATG,perturbation_score_euclidean,Euclidean score,4.380869945802673,58
3-end RNA-seq,Plasma cell,14,SCC02_AAACTAAACGCCCAGC,perturbation_score_euclidean,Euclidean score,4.37853865088019,59
3-end RNA-seq,Plasma cell,14,SCC02_AACATTCTGACCTCAT,perturbation_score_euclidean,Euclidean score,4.375931107050513,60
3-end RNA-seq,Plasma cell,14,SCC02_AAACCCGAATTCATGT,perturbation_score_euclidean,Euclidean score,4.373526320439646,61
3-end RNA-seq,Plasma cell,14,SCC02_AAAGTCTGGGTTTATC,perturbation_score_euclidean,Euclidean score,4.359821757906755,62
3-end RNA-seq,Plasma cell,14,SCC02_AACAAATCATTGGCGC,perturbation_score_euclidean,Euclidean score,4.353819302160749,63
3-end RNA-seq,Plasma cell,14,SCC02_AAAGTTAGGTTTGATT,perturbation_score_euclidean,Euclidean score,4.35241792151566,64
3-end RNA-seq,Plasma cell,14,SCC02_AAAAAGGAAGTCCGGT,perturbation_score_euclidean,Euclidean score,4.348429460200285,65
3-end RNA-seq,Plasma cell,14,SCC02_AAAAGGCTTACTGCAG,perturbation_score_euclidean,Euclidean score,4.345111261220564,66
3-end RNA-seq,Plasma cell,14,SCC02_AAATGGTTTACAAAAT,perturbation_score_euclidean,Euclidean score,4.3445013618822115,67
3-end RNA-seq,Plasma cell,14,SCC02_AAAATCGCATTCTGAC,perturbation_score_euclidean,Euclidean score,4.344045174081804,68
3-end RNA-seq,Plasma cell,14,SCC02_AAACAGACCATGAGAG,perturbation_score_euclidean,Euclidean score,4.344045174081804,69
3-end RNA-seq,Plasma cell,14,SCC02_AAATTCATGCCAGGGG,perturbation_score_euclidean,Euclidean score,4.344045174081804,70
3-end RNA-seq,Plasma cell,14,SCC02_AAATGCGAGTGCGATG,perturbation_score_euclidean,Euclidean score,4.335167039480751,71
3-end RNA-seq,Plasma cell,14,AK01_AAATAAGCTCTGCCTA,perturbation_score_euclidean,Euclidean score,4.333060697172243,72
3-end RNA-seq,Plasma cell,14,SCC02_AAAGAGGTATAGGGCG,perturbation_score_euclidean,Euclidean score,4.33259880569637,73
3-end RNA-seq,Plasma cell,14,SCC02_AAATAGGGGAACGATA,perturbation_score_euclidean,Euclidean score,4.330196762917025,74
3-end RNA-seq,Plasma cell,14,SCC02_AACAGAGTCGGATCGA,perturbation_score_euclidean,Euclidean score,4.326830493159451,75
3-end RNA-seq,Plasma cell,14,SCC02_AAATGGCCAGTGAAAC,perturbation_score_euclidean,Euclidean score,4.324334718795043,76
3-end RNA-seq,Plasma cell,14,SCC02_AACACTTTTAATTGTA,perturbation_score_euclidean,Euclidean score,4.30920314688609,77
3-end RNA-seq,Plasma cell,14,SCC02_AAATAACCACAAAGTA,perturbation_score_euclidean,Euclidean score,4.304269397055006,78
3-end RNA-seq,Plasma cell,14,SCC02_AAATGTTGACCCGGAA,perturbation_score_euclidean,Euclidean score,4.295989455490337,79
3-end RNA-seq,Plasma cell,14,SCC02_AAAGGCACTGTACTTA,perturbation_score_euclidean,Euclidean score,4.293992552087727,80
3-end RNA-seq,Plasma cell,14,SCC02_AAATCGTAGGCGACAA,perturbation_score_euclidean,Euclidean score,4.293992552087727,81
3-end RNA-seq,Plasma cell,14,SCC02_AAATTGTAATAATTCC,perturbation_score_euclidean,Euclidean score,4.293992552087727,82
3-end RNA-seq,Plasma cell,14,SCC02_AAACCCTTCACGCCTT,perturbation_score_euclidean,Euclidean score,4.287615253652528,83
3-end RNA-seq,Plasma cell,14,SCC02_AAATTTTCCACCAGCT,perturbation_score_euclidean,Euclidean score,4.285510585961415,84
3-end RNA-seq,Plasma cell,14,SCC02_AAAATAAGGGGGCGAA,perturbation_score_euclidean,Euclidean score,4.279306216095851,85
3-end RNA-seq,Plasma cell,14,SCC02_AACAGAGGACAATTTG,perturbation_score_euclidean,Euclidean score,4.279306216095851,86
3-end RNA-seq,Plasma cell,14,AK01_AACACTAGAAGCGGTT,perturbation_score_euclidean,Euclidean score,4.279306216095851,87
3-end RNA-seq,Plasma cell,14,SCC02_AAAAGTTATTAGTGCT,perturbation_score_euclidean,Euclidean score,4.27363647603596,88
3-end RNA-seq,Plasma cell,14,SCC02_AAATAATCTGCGGTAA,perturbation_score_euclidean,Euclidean score,4.268416358362769,89
3-end RNA-seq,Plasma cell,14,SCC02_AAAACGCTTTAACTTG,perturbation_score_euclidean,Euclidean score,4.265232356404173,90
3-end RNA-seq,Plasma cell,14,SCC02_AAAGGAGCTTAAAACT,perturbation_score_euclidean,Euclidean score,4.265232356404173,91
3-end RNA-seq,Plasma cell,14,SCC02_AACAGCTAAGCTGAAA,perturbation_score_euclidean,Euclidean score,4.265232356404173,92
3-end RNA-seq,Plasma cell,14,SCC02_AAAGGTATCGAAACTG,perturbation_score_euclidean,Euclidean score,4.262365070196984,93
3-end RNA-seq,Plasma cell,14,SCC02_AAATTTCAGTGTATTG,perturbation_score_euclidean,Euclidean score,4.25310561321297,94
3-end RNA-seq,Plasma cell,14,SCC02_AACATTATCACGTAAC,perturbation_score_euclidean,Euclidean score,4.25223150694611,95
3-end RNA-seq,Plasma cell,14,SCC02_AAACTGGGACGTTTTA,perturbation_score_euclidean,Euclidean score,4.250848681880471,96
3-end RNA-seq,Plasma cell,14,SCC02_AAACCTTATGATATAC,perturbation_score_euclidean,Euclidean score,4.246258501468537,97
3-end RNA-seq,Plasma cell,14,SCC02_AACCAAGCATGTCGGA,perturbation_score_euclidean,Euclidean score,4.240730054727563,98
3-end RNA-seq,Plasma cell,14,SCC02_AAACGACCGGGAGTAG,perturbation_score_euclidean,Euclidean score,4.239502625103704,99
3-end RNA-seq,Plasma cell,14,SCC02_AAAAGATGACCAGGCG,perturbation_score_euclidean,Euclidean score,4.238214739151862,100
3-end RNA-seq,Plasma cell,14,SCC02_AAACGTTATGGCCAGT,perturbation_score_euclidean,Euclidean score,4.234338713455669,101
3-end RNA-seq,Plasma cell,14,SCC02_AAACTGACGGGATAAT,perturbation_score_euclidean,Euclidean score,4.233597887184936,102
3-end RNA-seq,Plasma cell,14,SCC02_AAATAGGCCATTTGCC,perturbation_score_euclidean,Euclidean score,4.232241805813604,103
3-end RNA-seq,Plasma cell,14,SCC02_AAAACACCTAATGACG,perturbation_score_euclidean,Euclidean score,4.229466682935255,104
3-end RNA-seq,Plasma cell,14,SCC02_AAATTTCCTAAGTACT,perturbation_score_euclidean,Euclidean score,4.228603706665405,105
3-end RNA-seq,Plasma cell,14,SCC02_AAAGAAGTGCAACTGT,perturbation_score_euclidean,Euclidean score,4.228332660538259,106
3-end RNA-seq,Plasma cell,14,SCC02_AAAGTACGAACACCAT,perturbation_score_euclidean,Euclidean score,4.227919063970156,107
3-end RNA-seq,Plasma cell,14,SCC02_AAAAAAAAGCGGCGTG,perturbation_score_euclidean,Euclidean score,4.2263853760702625,108
3-end RNA-seq,Plasma cell,14,SCC02_AAAATTTCATAAGTTT,perturbation_score_euclidean,Euclidean score,4.22440331015487,109
3-end RNA-seq,Plasma cell,14,SCC02_AAAGAGATGTAGGCCT,perturbation_score_euclidean,Euclidean score,4.22440331015487,110
3-end RNA-seq,Plasma cell,14,SCC02_AAAGGGAGGGCACTTG,perturbation_score_euclidean,Euclidean score,4.22440331015487,111
3-end RNA-seq,Plasma cell,14,SCC02_AACAGAGCGTGCCATG,perturbation_score_euclidean,Euclidean score,4.22440331015487,112
3-end RNA-seq,Plasma cell,14,SCC02_AAATTCGCGAACGGCT,perturbation_score_euclidean,Euclidean score,4.222279270480585,113
3-end RNA-seq,Plasma cell,14,SCC02_AACACAACACGGATGT,perturbation_score_euclidean,Euclidean score,4.2194773484203765,114
3-end RNA-seq,Plasma cell,14,SCC02_AAAGAAGGAGTGTATC,perturbation_score_euclidean,Euclidean score,4.218796179357066,115
3-end RNA-seq,Plasma cell,14,SCC02_AAACGTTATCGCGTGA,perturbation_score_euclidean,Euclidean score,4.21371170809109,116
3-end RNA-seq,Plasma cell,14,SCC02_AAAGTTAATTGCTATA,perturbation_score_euclidean,Euclidean score,4.212156933883003,117
3-end RNA-seq,Plasma cell,14,AK02_AAATGTCTACTCGCGC,perturbation_score_euclidean,Euclidean score,4.210741065571554,118
3-end RNA-seq,Plasma cell,14,SCC02_AAATGCGATTCGGCTA,perturbation_score_euclidean,Euclidean score,4.207632733999051,119
3-end RNA-seq,Plasma cell,14,SCC02_AAAGGGCTTGCTTTAG,perturbation_score_euclidean,Euclidean score,4.2069671913481415,120
3-end RNA-seq,Plasma cell,14,SCC02_AAACTGCACACTGTAT,perturbation_score_euclidean,Euclidean score,4.205743101941267,121
3-end RNA-seq,Plasma cell,14,SCC02_AAAGAAGAGTCAACGG,perturbation_score_euclidean,Euclidean score,4.202223782474941,122
3-end RNA-seq,Plasma cell,14,SCC02_AAAATTTGAGGGTTCG,perturbation_score_euclidean,Euclidean score,4.199571300850514,123
3-end RNA-seq,Plasma cell,14,SCC02_AAAGACCAACTCAGGC,perturbation_score_euclidean,Euclidean score,4.193856360509533,124
3-end RNA-seq,Plasma cell,14,SCC02_AAAACTACAGTCATTA,perturbation_score_euclidean,Euclidean score,4.191489805101968,125
3-end RNA-seq,Plasma cell,14,SCC02_AAAGCTTCCTAAAGGT,perturbation_score_euclidean,Euclidean score,4.185721636211428,126
3-end RNA-seq,Plasma cell,14,SCC02_AAAAGTAATCAAGACG,perturbation_score_euclidean,Euclidean score,4.183689249434846,127
3-end RNA-seq,Plasma cell,14,SCC02_AAATGGCTGTTTGCGT,perturbation_score_euclidean,Euclidean score,4.183689249434846,128
3-end RNA-seq,Plasma cell,14,SCC02_AAAGGAAAGGTCGGTG,perturbation_score_euclidean,Euclidean score,4.183606337113918,129
3-end RNA-seq,Plasma cell,14,SCC02_AAATCTTTAGGAGCGG,perturbation_score_euclidean,Euclidean score,4.180455044038272,130
3-end RNA-seq,Plasma cell,14,SCC02_AAACGTGCTTGTGTAT,perturbation_score_euclidean,Euclidean score,4.176861441667285,131
3-end RNA-seq,Plasma cell,14,SCC02_AAATCCTCGCCTCAAG,perturbation_score_euclidean,Euclidean score,4.175937973811719,132
3-end RNA-seq,Plasma cell,14,SCC02_AAAACCTAGTTCCAGA,perturbation_score_euclidean,Euclidean score,4.175308002358917,133
3-end RNA-seq,Plasma cell,14,SCC02_AAAATTTTACTAATAT,perturbation_score_euclidean,Euclidean score,4.173755620674503,134
3-end RNA-seq,Plasma cell,14,SCC02_AAATGACGATCGACTA,perturbation_score_euclidean,Euclidean score,4.169767148564867,135
3-end RNA-seq,Plasma cell,14,SCC02_AAAAATGCCGAAGAGC,perturbation_score_euclidean,Euclidean score,4.1676504678912885,136
3-end RNA-seq,Plasma cell,14,SCC02_AAAATTGAACCAGGTC,perturbation_score_euclidean,Euclidean score,4.1676504678912885,137
3-end RNA-seq,Plasma cell,14,SCC02_AAACGGACCTAATGAG,perturbation_score_euclidean,Euclidean score,4.1676504678912885,138
3-end RNA-seq,Plasma cell,14,SCC02_AACCAATGGTACGTAT,perturbation_score_euclidean,Euclidean score,4.1676504678912885,139
3-end RNA-seq,Plasma cell,14,SCC02_AAATGCCCACATCCGA,perturbation_score_euclidean,Euclidean score,4.1655815822207805,140
3-end RNA-seq,Plasma cell,14,SCC02_AAATCATTGTTGTTTA,perturbation_score_euclidean,Euclidean score,4.161513995760041,141
3-end RNA-seq,Plasma cell,14,SCC02_AACACGCTAAGAGTCT,perturbation_score_euclidean,Euclidean score,4.159626990450402,142
3-end RNA-seq,Plasma cell,14,SCC02_AAAAAGCCCTCTATCC,perturbation_score_euclidean,Euclidean score,4.154493834596577,143
3-end RNA-seq,Plasma cell,14,SCC02_AAATGAGTGTGGACCA,perturbation_score_euclidean,Euclidean score,4.152328237351045,144
3-end RNA-seq,Plasma cell,14,SCC02_AAACGGACAAACGTCT,perturbation_score_euclidean,Euclidean score,4.149386550666423,145
3-end RNA-seq,Plasma cell,14,SCC02_AACAAACGTAGGGCAA,perturbation_score_euclidean,Euclidean score,4.146245121797846,146
3-end RNA-seq,Plasma cell,14,SCC02_AAATCTTGGTTCTCAG,perturbation_score_euclidean,Euclidean score,4.145870085895903,147
3-end RNA-seq,Plasma cell,14,SCC02_AAATAAACGGGCCTTC,perturbation_score_euclidean,Euclidean score,4.143824064907259,148
3-end RNA-seq,Plasma cell,14,SCC02_AAAATCAGGGAGAATT,perturbation_score_euclidean,Euclidean score,4.142229113006658,149
3-end RNA-seq,Plasma cell,14,SCC02_AAAAGCATCGTTCTGA,perturbation_score_euclidean,Euclidean score,4.141728233729534,150
3-end RNA-seq,Plasma cell,14,SCC02_AAAGATCTACCTCCAG,perturbation_score_euclidean,Euclidean score,4.137312742942035,151
3-end RNA-seq,Plasma cell,14,SCC02_AAAAATGGGTTGCAAC,perturbation_score_euclidean,Euclidean score,4.137060506410596,152
3-end RNA-seq,Plasma cell,14,SCC02_AAACCCGGCACGCTAG,perturbation_score_euclidean,Euclidean score,4.136332075991308,153
3-end RNA-seq,Plasma cell,14,SCC02_AAAAGTATCTATTGGA,perturbation_score_euclidean,Euclidean score,4.1348632117877315,154
3-end RNA-seq,Plasma cell,14,SCC02_AAATCGAGTCCCAATT,perturbation_score_euclidean,Euclidean score,4.133070191286289,155
3-end RNA-seq,Plasma cell,14,SCC02_AAATCTGACTGCATAC,perturbation_score_euclidean,Euclidean score,4.131099437525387,156
3-end RNA-seq,Plasma cell,14,SCC02_AAAGAGTTGGTTCCAA,perturbation_score_euclidean,Euclidean score,4.130580204046689,157
3-end RNA-seq,Plasma cell,14,SCC02_AAAGATTACCCTTTCG,perturbation_score_euclidean,Euclidean score,4.128633574979895,158
3-end RNA-seq,Plasma cell,14,SCC02_AAATTATCGGTGCTTA,perturbation_score_euclidean,Euclidean score,4.127380233595211,159
3-end RNA-seq,Plasma cell,14,SCC02_AAAAAATCGGACTATG,perturbation_score_euclidean,Euclidean score,4.125965625601749,160
3-end RNA-seq,Plasma cell,14,SCC02_AAAGCGAGGCGAGGGC,perturbation_score_euclidean,Euclidean score,4.1127395733067145,161
3-end RNA-seq,Plasma cell,14,SCC02_AAAACTTTGTGGGTTA,perturbation_score_euclidean,Euclidean score,4.111617125538824,162
3-end RNA-seq,Plasma cell,14,SCC02_AACCAAAAGTGCAGTT,perturbation_score_euclidean,Euclidean score,4.110809126873753,163
3-end RNA-seq,Plasma cell,14,SCC02_AAAGCGCCTAGTCAGG,perturbation_score_euclidean,Euclidean score,4.109950715307848,164
3-end RNA-seq,Plasma cell,14,SCC02_AAAACAGGCTTGATGG,perturbation_score_euclidean,Euclidean score,4.10734420650526,165
3-end RNA-seq,Plasma cell,14,SCC02_AAACAACAAGCGACTA,perturbation_score_euclidean,Euclidean score,4.10734420650526,166
3-end RNA-seq,Plasma cell,14,SCC02_AAACCCGCACGCAAGT,perturbation_score_euclidean,Euclidean score,4.10734420650526,167
3-end RNA-seq,Plasma cell,14,SCC02_AAAGGATTTACCTCGC,perturbation_score_euclidean,Euclidean score,4.10734420650526,168
3-end RNA-seq,Plasma cell,14,SCC02_AAAGTGATAAACCCTA,perturbation_score_euclidean,Euclidean score,4.10734420650526,169
3-end RNA-seq,Plasma cell,14,SCC02_AAAGTTAGAGATCCTT,perturbation_score_euclidean,Euclidean score,4.10734420650526,170
3-end RNA-seq,Plasma cell,14,SCC02_AAATACAATCGAAGTT,perturbation_score_euclidean,Euclidean score,4.10734420650526,171
3-end RNA-seq,Plasma cell,14,SCC02_AAATAGGTACATACCG,perturbation_score_euclidean,Euclidean score,4.10734420650526,172
3-end RNA-seq,Plasma cell,14,SCC02_AAATGTTAATTATTTT,perturbation_score_euclidean,Euclidean score,4.10734420650526,173
3-end RNA-seq,Plasma cell,14,SCC02_AACACTTGTTCTGCGC,perturbation_score_euclidean,Euclidean score,4.10734420650526,174
3-end RNA-seq,Plasma cell,14,SCC02_AACATCGAGATGCCAT,perturbation_score_euclidean,Euclidean score,4.10734420650526,175
3-end RNA-seq,Plasma cell,14,SCC02_AACATGCGGGGAACAC,perturbation_score_euclidean,Euclidean score,4.10734420650526,176
3-end RNA-seq,Plasma cell,14,AK02_AAAAGAGAAACCCATA,perturbation_score_euclidean,Euclidean score,4.10734420650526,177
3-end RNA-seq,Plasma cell,14,AK02_AAATCATAGGTATACT,perturbation_score_euclidean,Euclidean score,4.10734420650526,178
3-end RNA-seq,Plasma cell,14,SCC02_AAAACTTTTGTTCGCG,perturbation_score_euclidean,Euclidean score,4.106624440831063,179
3-end RNA-seq,Plasma cell,14,SCC02_AAAGTCGCCTAGACTT,perturbation_score_euclidean,Euclidean score,4.106452197154794,180
3-end RNA-seq,Plasma cell,14,SCC02_AAAATCCCCTTAAAGC,perturbation_score_euclidean,Euclidean score,4.098975970282702,181
3-end RNA-seq,Plasma cell,14,SCC02_AACATGTACTCCTATT,perturbation_score_euclidean,Euclidean score,4.090633448200563,182
3-end RNA-seq,Plasma cell,14,SCC02_AACAGTTCCTATACAC,perturbation_score_euclidean,Euclidean score,4.0899263614363734,183
3-end RNA-seq,Plasma cell,14,SCC02_AACCAAGGGTTAAGTA,perturbation_score_euclidean,Euclidean score,4.088741155655733,184
3-end RNA-seq,Plasma cell,14,SCC02_AACAAGCCCAGGCTGT,perturbation_score_euclidean,Euclidean score,4.088282136980853,185
3-end RNA-seq,Plasma cell,14,SCC02_AAATTCCTACTCAGTG,perturbation_score_euclidean,Euclidean score,4.087686174387718,186
3-end RNA-seq,Plasma cell,14,SCC02_AAATCTGTTTAACGTG,perturbation_score_euclidean,Euclidean score,4.086734867436666,187
3-end RNA-seq,Plasma cell,14,SCC02_AAAGGTACAACTTAGC,perturbation_score_euclidean,Euclidean score,4.085231977298344,188
3-end RNA-seq,Plasma cell,14,SCC02_AAAAGCCAGGGCCAAC,perturbation_score_euclidean,Euclidean score,4.085155142389657,189
3-end RNA-seq,Plasma cell,14,SCC02_AACAGGGGCGCGCAAC,perturbation_score_euclidean,Euclidean score,4.085155142389657,190
3-end RNA-seq,Plasma cell,14,SCC02_AAAACCCTGGCAGCAC,perturbation_score_euclidean,Euclidean score,4.083806587254808,191
3-end RNA-seq,Plasma cell,14,SCC02_AAATGTCAGCCATCGA,perturbation_score_euclidean,Euclidean score,4.083806587254808,192
3-end RNA-seq,Plasma cell,14,SCC02_AAATACAATCGCGCAA,perturbation_score_euclidean,Euclidean score,4.082999580152881,193
3-end RNA-seq,Plasma cell,14,SCC02_AAAAGGCTCCTTACTA,perturbation_score_euclidean,Euclidean score,4.08281174751277,194
3-end RNA-seq,Plasma cell,14,SCC02_AAAGTCCATGGGAGAC,perturbation_score_euclidean,Euclidean score,4.082466151333332,195
3-end RNA-seq,Plasma cell,14,SCC02_AAAGTGCCCAGGGCGC,perturbation_score_euclidean,Euclidean score,4.082466151333332,196
3-end RNA-seq,Plasma cell,14,SCC02_AAAGTTTCCGGTTCGG,perturbation_score_euclidean,Euclidean score,4.082466151333332,197
3-end RNA-seq,Plasma cell,14,SCC02_AACAAATGCGCTACGA,perturbation_score_euclidean,Euclidean score,4.082466151333332,198
3-end RNA-seq,Plasma cell,14,SCC02_AAATGTAGCGAGTTCA,perturbation_score_euclidean,Euclidean score,4.081396839860541,199
3-end RNA-seq,Plasma cell,14,SCC02_AAATGGTGCCTCGAGC,perturbation_score_euclidean,Euclidean score,4.080200787706756,200
3-end RNA-seq,Myeloid/dendritic,4,AK02_AAAGGAGCAGAACCTT,perturbation_score_euclidean,Euclidean score,2.0248850519085266,1
3-end RNA-seq,Myeloid/dendritic,4,SCC02_AAAAGCATGTCTAAAA,perturbation_score_euclidean,Euclidean score,2.0179745974479433,2
3-end RNA-seq,Myeloid/dendritic,4,AK01_AAAAGCGCTAGCCGGT,perturbation_score_euclidean,Euclidean score,1.92112310334779,3
3-end RNA-seq,Myeloid/dendritic,4,AK01_AAAACGGACTAAGCCC,perturbation_score_euclidean,Euclidean score,1.891993767249171,4
3-end RNA-seq,Myeloid/dendritic,4,AK01_AAACTAGAAAACGTAC,perturbation_score_euclidean,Euclidean score,1.872448999010961,5
3-end RNA-seq,Myeloid/dendritic,4,SCC02_AACAAGGTGGGTTAGA,perturbation_score_euclidean,Euclidean score,1.8575028947771246,6
3-end RNA-seq,Myeloid/dendritic,4,AK01_AAAGTCTACGTCTTCT,perturbation_score_euclidean,Euclidean score,1.8224652933007057,7
3-end RNA-seq,Myeloid/dendritic,4,AK01_AAAGGGTGCAGGACCG,perturbation_score_euclidean,Euclidean score,1.8028904849556682,8
3-end RNA-seq,Myeloid/dendritic,4,AK01_AAACTTTCGACACTCC,perturbation_score_euclidean,Euclidean score,1.797212703393599,9
3-end RNA-seq,Myeloid/dendritic,4,AK01_AAACCGATAGCTTCAA,perturbation_score_euclidean,Euclidean score,1.7847461896337042,10
3-end RNA-seq,Myeloid/dendritic,4,AK02_AACACTGTGTTGGGTT,perturbation_score_euclidean,Euclidean score,1.7670798732139756,11
3-end RNA-seq,Myeloid/dendritic,4,SCC02_AAATGAGTAGGCCCCC,perturbation_score_euclidean,Euclidean score,1.752147604768689,12
3-end RNA-seq,Myeloid/dendritic,4,AK01_AAACACCAACAAATAT,perturbation_score_euclidean,Euclidean score,1.7518115407544599,13
3-end RNA-seq,Myeloid/dendritic,4,AK01_AAATATGTTGCTTATT,perturbation_score_euclidean,Euclidean score,1.7325103807957734,14
3-end RNA-seq,Myeloid/dendritic,4,AK02_AAACAACCGGCTCAAT,perturbation_score_euclidean,Euclidean score,1.707495513300319,15
3-end RNA-seq,Myeloid/dendritic,4,AK01_AAATTTGCATACCTCC,perturbation_score_euclidean,Euclidean score,1.7057146074201155,16
3-end RNA-seq,Myeloid/dendritic,4,AK02_AAAACATCTTAACAAC,perturbation_score_euclidean,Euclidean score,1.7038473748107263,17
3-end RNA-seq,Myeloid/dendritic,4,AK02_AAACAGGGCAACCTCC,perturbation_score_euclidean,Euclidean score,1.6940214488390481,18
3-end RNA-seq,Myeloid/dendritic,4,AK02_AAATAGAGTATCCGCA,perturbation_score_euclidean,Euclidean score,1.6924620265445833,19
3-end RNA-seq,Myeloid/dendritic,4,SCC02_AAAGCTCCAGTTATAC,perturbation_score_euclidean,Euclidean score,1.6921850281581412,20
3-end RNA-seq,Myeloid/dendritic,22,SCC02_AAATCACCGACAATCG,perturbation_score_euclidean,Euclidean score,1.6890742429450074,21
3-end RNA-seq,Myeloid/dendritic,4,AK01_AAACCCCGTGGAACGA,perturbation_score_euclidean,Euclidean score,1.6811581492791086,22
3-end RNA-seq,Myeloid/dendritic,4,AK01_AAAGTTGCTACTTCCA,perturbation_score_euclidean,Euclidean score,1.6691844094103225,23
3-end RNA-seq,Myeloid/dendritic,4,AK01_AAAGATCCCTGCCGCA,perturbation_score_euclidean,Euclidean score,1.6596710795411187,24
3-end RNA-seq,Myeloid/dendritic,4,AK02_AAATCCTCTATCAGCC,perturbation_score_euclidean,Euclidean score,1.6569455389288659,25
3-end RNA-seq,Myeloid/dendritic,4,AK01_AAAATTCCGGATGGAT,perturbation_score_euclidean,Euclidean score,1.6540167704639894,26
3-end RNA-seq,Myeloid/dendritic,4,AK01_AAAATCTACTTGTGCC,perturbation_score_euclidean,Euclidean score,1.6391517626917484,27
3-end RNA-seq,Myeloid/dendritic,4,SCC02_AAACCAGGACACTGGC,perturbation_score_euclidean,Euclidean score,1.6318010859101832,28
3-end RNA-seq,Myeloid/dendritic,4,AK01_AAAGCAACCTCTGAGG,perturbation_score_euclidean,Euclidean score,1.6264867771726106,29
3-end RNA-seq,Myeloid/dendritic,4,AK01_AAATCTTGACTTTCCC,perturbation_score_euclidean,Euclidean score,1.6227016431180383,30
3-end RNA-seq,Myeloid/dendritic,4,AK01_AAACTTAGTAGGACGA,perturbation_score_euclidean,Euclidean score,1.619684055741895,31
3-end RNA-seq,Myeloid/dendritic,4,SCC02_AAATCCACTAGGATTC,perturbation_score_euclidean,Euclidean score,1.6128002258915968,32
3-end RNA-seq,Myeloid/dendritic,4,SCC02_AAATCTTTATATTTAT,perturbation_score_euclidean,Euclidean score,1.6115176907533413,33
3-end RNA-seq,Myeloid/dendritic,4,AK01_AACACTACGCTCCGGA,perturbation_score_euclidean,Euclidean score,1.6023390787768659,34
3-end RNA-seq,Myeloid/dendritic,4,SCC02_AAAATCGTAATCAGGC,perturbation_score_euclidean,Euclidean score,1.6017833542634927,35
3-end RNA-seq,Myeloid/dendritic,4,AK01_AAACTAGCCTCAAAGT,perturbation_score_euclidean,Euclidean score,1.6011882639644925,36
3-end RNA-seq,Myeloid/dendritic,4,SCC02_AACACGGGATTGACGT,perturbation_score_euclidean,Euclidean score,1.5983143608637738,37
3-end RNA-seq,Myeloid/dendritic,4,SCC02_AAAATATTGATTGCCA,perturbation_score_euclidean,Euclidean score,1.5969264536364152,38
3-end RNA-seq,Myeloid/dendritic,4,SCC02_AAATCGTAGACTGTTC,perturbation_score_euclidean,Euclidean score,1.5869453967080194,39
3-end RNA-seq,Myeloid/dendritic,4,SCC02_AAAACATCCTCGCCTG,perturbation_score_euclidean,Euclidean score,1.5718835997956313,40
3-end RNA-seq,Myeloid/dendritic,4,SCC02_AAACCTAGATTGCGCC,perturbation_score_euclidean,Euclidean score,1.5617942495228072,41
3-end RNA-seq,Myeloid/dendritic,4,AK01_AACATATGCAGAAATA,perturbation_score_euclidean,Euclidean score,1.558969181187905,42
3-end RNA-seq,Myeloid/dendritic,4,AK01_AAATTTAGATGTGTTG,perturbation_score_euclidean,Euclidean score,1.5588433669452082,43
3-end RNA-seq,Myeloid/dendritic,4,AK01_AAAGACCGGACGGCCC,perturbation_score_euclidean,Euclidean score,1.557156195906903,44
3-end RNA-seq,Myeloid/dendritic,4,SCC02_AAATGCATTTAGTCTT,perturbation_score_euclidean,Euclidean score,1.5543259433123882,45
3-end RNA-seq,Myeloid/dendritic,4,SCC02_AAAGTTAAAGGATATT,perturbation_score_euclidean,Euclidean score,1.5496067920269383,46
3-end RNA-seq,Myeloid/dendritic,4,AK02_AAAATCATTGACAATC,perturbation_score_euclidean,Euclidean score,1.5474815547226182,47
3-end RNA-seq,Myeloid/dendritic,4,SCC02_AACAGACCTAATGCTT,perturbation_score_euclidean,Euclidean score,1.5464476014310313,48
3-end RNA-seq,Myeloid/dendritic,4,AK02_AAAAAAGTCAATTTTA,perturbation_score_euclidean,Euclidean score,1.546097911878766,49
3-end RNA-seq,Myeloid/dendritic,4,AK02_AAATTAGCTGCCGCCC,perturbation_score_euclidean,Euclidean score,1.543692543266005,50
3-end RNA-seq,Myeloid/dendritic,4,SCC02_AAAGTTTGGACCTAGC,perturbation_score_euclidean,Euclidean score,1.5424639226592756,51
3-end RNA-seq,Myeloid/dendritic,4,AK02_AACAGTGAGCTTCTCC,perturbation_score_euclidean,Euclidean score,1.5417197505278668,52
3-end RNA-seq,Myeloid/dendritic,4,SCC02_AACAAGTACTTCGGTT,perturbation_score_euclidean,Euclidean score,1.5413710640789933,53
3-end RNA-seq,Myeloid/dendritic,4,SCC02_AAAGCAGTATAAATTC,perturbation_score_euclidean,Euclidean score,1.5391470485800118,54
3-end RNA-seq,Myeloid/dendritic,4,SCC02_AAAAAGGGACTCGACG,perturbation_score_euclidean,Euclidean score,1.5381103353015761,55
3-end RNA-seq,Myeloid/dendritic,4,SCC02_AAAGGGCACTGGCAAC,perturbation_score_euclidean,Euclidean score,1.5364307517065985,56
3-end RNA-seq,Myeloid/dendritic,4,SCC02_AACAGGATCAACGAGG,perturbation_score_euclidean,Euclidean score,1.5358075876773905,57
3-end RNA-seq,Myeloid/dendritic,4,AK02_AAAGTGGGACACCGGA,perturbation_score_euclidean,Euclidean score,1.5346472799879034,58
3-end RNA-seq,Myeloid/dendritic,4,AK02_AACAACGTGTTCTCAC,perturbation_score_euclidean,Euclidean score,1.532892000135483,59
3-end RNA-seq,Myeloid/dendritic,4,AK01_AAAGGAACCTGACATG,perturbation_score_euclidean,Euclidean score,1.532192986331111,60
3-end RNA-seq,Myeloid/dendritic,4,SCC02_AAAACGACAGGGGTCG,perturbation_score_euclidean,Euclidean score,1.5310328810951157,61
3-end RNA-seq,Myeloid/dendritic,4,SCC02_AAATCAGAACCCTGAC,perturbation_score_euclidean,Euclidean score,1.5305554849979117,62
3-end RNA-seq,Myeloid/dendritic,4,AK02_AAATCCAGTAGCCGAC,perturbation_score_euclidean,Euclidean score,1.5292088724938444,63
3-end RNA-seq,Myeloid/dendritic,4,SCC02_AAACCACAATTCCGAC,perturbation_score_euclidean,Euclidean score,1.528849895137195,64
3-end RNA-seq,Myeloid/dendritic,4,SCC02_AACAAATTAGAAGCGT,perturbation_score_euclidean,Euclidean score,1.5269755468406965,65
3-end RNA-seq,Myeloid/dendritic,4,AK02_AAAGCTCAGCCTGCCT,perturbation_score_euclidean,Euclidean score,1.5267293462139422,66
3-end RNA-seq,Myeloid/dendritic,4,AK01_AAACGACGGGCGAGCC,perturbation_score_euclidean,Euclidean score,1.5258475540169085,67
3-end RNA-seq,Myeloid/dendritic,4,AK01_AAAAATAGTTCTATGC,perturbation_score_euclidean,Euclidean score,1.5252416997857137,68
3-end RNA-seq,Myeloid/dendritic,4,AK01_AAAGTAAGTTGTGCAG,perturbation_score_euclidean,Euclidean score,1.5251154798744007,69
3-end RNA-seq,Myeloid/dendritic,4,AK02_AACACGAGAAGTGCGT,perturbation_score_euclidean,Euclidean score,1.5233467392609423,70
3-end RNA-seq,Myeloid/dendritic,4,SCC02_AACAGAACTCTTCACA,perturbation_score_euclidean,Euclidean score,1.518661485547717,71
3-end RNA-seq,Myeloid/dendritic,4,SCC02_AAATGTTCCAACTGAG,perturbation_score_euclidean,Euclidean score,1.518495777875244,72
3-end RNA-seq,Myeloid/dendritic,4,AK02_AAATATCTCCGGATTA,perturbation_score_euclidean,Euclidean score,1.517831055721699,73
3-end RNA-seq,Myeloid/dendritic,4,SCC02_AACACGTGGAGATGAC,perturbation_score_euclidean,Euclidean score,1.5158128338175103,74
3-end RNA-seq,Myeloid/dendritic,4,AK01_AACACTTGCCTTGCTG,perturbation_score_euclidean,Euclidean score,1.5157360263012647,75
3-end RNA-seq,Myeloid/dendritic,4,SCC02_AAACGGACATCTTCTT,perturbation_score_euclidean,Euclidean score,1.5155500771511046,76
3-end RNA-seq,Myeloid/dendritic,4,SCC02_AAAGCACAACTCGCAA,perturbation_score_euclidean,Euclidean score,1.514995086192693,77
3-end RNA-seq,Myeloid/dendritic,4,AK02_AAAGAACCAGGACGTT,perturbation_score_euclidean,Euclidean score,1.5137235730296614,78
3-end RNA-seq,Myeloid/dendritic,4,AK01_AACATTTAGTGGTTAC,perturbation_score_euclidean,Euclidean score,1.5135716325702526,79
3-end RNA-seq,Myeloid/dendritic,4,AK01_AAATGGGTTGCAAGTG,perturbation_score_euclidean,Euclidean score,1.5106248943894787,80
3-end RNA-seq,Myeloid/dendritic,4,AK01_AAACCGTAACCCGATT,perturbation_score_euclidean,Euclidean score,1.507234896619905,81
3-end RNA-seq,Myeloid/dendritic,4,AK02_AACAGACTCGCGCTCA,perturbation_score_euclidean,Euclidean score,1.505955959033286,82
3-end RNA-seq,Myeloid/dendritic,4,AK01_AAATCTTAACTCCGAT,perturbation_score_euclidean,Euclidean score,1.5052178219789207,83
3-end RNA-seq,Myeloid/dendritic,4,AK01_AAATTGTTTTCGTAGA,perturbation_score_euclidean,Euclidean score,1.5038532316978515,84
3-end RNA-seq,Myeloid/dendritic,4,AK01_AACATGTATCTCGGGC,perturbation_score_euclidean,Euclidean score,1.503002684176018,85
3-end RNA-seq,Myeloid/dendritic,4,AK02_AACACCAGGTGGGGAT,perturbation_score_euclidean,Euclidean score,1.5026487970042657,86
3-end RNA-seq,Myeloid/dendritic,4,SCC02_AAAGGTAAGCGGAGTA,perturbation_score_euclidean,Euclidean score,1.5020689298674141,87
3-end RNA-seq,Myeloid/dendritic,4,SCC02_AAACTGCAGGTCTCTC,perturbation_score_euclidean,Euclidean score,1.5005444535776158,88
3-end RNA-seq,Myeloid/dendritic,4,SCC02_AACAAGTAGTTGGTAG,perturbation_score_euclidean,Euclidean score,1.4964692878391455,89
3-end RNA-seq,Myeloid/dendritic,4,AK02_AAAAGTGAACTCAAGT,perturbation_score_euclidean,Euclidean score,1.4958010054983901,90
3-end RNA-seq,Myeloid/dendritic,4,AK01_AAATTCCAGGATCCAA,perturbation_score_euclidean,Euclidean score,1.4955485269037994,91
3-end RNA-seq,Myeloid/dendritic,4,AK01_AAAGGGATGCCTCTGG,perturbation_score_euclidean,Euclidean score,1.4954858715654646,92
3-end RNA-seq,Myeloid/dendritic,4,AK01_AAATGACAGAGCATCT,perturbation_score_euclidean,Euclidean score,1.4954858715654646,93
3-end RNA-seq,Myeloid/dendritic,4,AK01_AAATTTTATAGCTTTC,perturbation_score_euclidean,Euclidean score,1.4951802068541813,94
3-end RNA-seq,Myeloid/dendritic,4,AK01_AACCAAAGCGTGGCCC,perturbation_score_euclidean,Euclidean score,1.4916017022732477,95
3-end RNA-seq,Myeloid/dendritic,4,SCC02_AAATACGTGGGAGTGG,perturbation_score_euclidean,Euclidean score,1.4907990116655008,96
3-end RNA-seq,Myeloid/dendritic,4,SCC02_AAAACGGTTATCCGAC,perturbation_score_euclidean,Euclidean score,1.4905469878093192,97
3-end RNA-seq,Myeloid/dendritic,4,AK01_AAAAGGGATAATTGGG,perturbation_score_euclidean,Euclidean score,1.4904300305423082,98
3-end RNA-seq,Myeloid/dendritic,4,AK02_AAAGGTGAACCTGCGC,perturbation_score_euclidean,Euclidean score,1.490022040127968,99
3-end RNA-seq,Myeloid/dendritic,4,SCC02_AAACCTGTCGGCGCCT,perturbation_score_euclidean,Euclidean score,1.4886554734770596,100
3-end RNA-seq,Myeloid/dendritic,4,AK02_AAATTCTAACAGCTCA,perturbation_score_euclidean,Euclidean score,1.486271419252572,101
3-end RNA-seq,Myeloid/dendritic,4,AK01_AACACTATGAGTAAAG,perturbation_score_euclidean,Euclidean score,1.4845876898026595,102
3-end RNA-seq,Myeloid/dendritic,4,AK01_AAATGCTGCAGGGAAG,perturbation_score_euclidean,Euclidean score,1.4839856944479455,103
3-end RNA-seq,Myeloid/dendritic,4,SCC02_AACAGACGGACATGTT,perturbation_score_euclidean,Euclidean score,1.483193875975159,104
3-end RNA-seq,Myeloid/dendritic,4,SCC02_AAAACAGGTGGAGGGA,perturbation_score_euclidean,Euclidean score,1.482855577896946,105
3-end RNA-seq,Myeloid/dendritic,4,AK01_AAACTTTTGTTTCCAC,perturbation_score_euclidean,Euclidean score,1.4825470096297502,106
3-end RNA-seq,Myeloid/dendritic,4,SCC02_AAATAGGGAGGCAATG,perturbation_score_euclidean,Euclidean score,1.4803014143364361,107
3-end RNA-seq,Myeloid/dendritic,4,AK01_AAAGTTTCCTGCGATT,perturbation_score_euclidean,Euclidean score,1.4797103530728999,108
3-end RNA-seq,Myeloid/dendritic,4,AK01_AAAATTTAGAGGCATA,perturbation_score_euclidean,Euclidean score,1.479463929399361,109
3-end RNA-seq,Myeloid/dendritic,4,AK02_AACACCACAATCTCGG,perturbation_score_euclidean,Euclidean score,1.4790911997611804,110
3-end RNA-seq,Myeloid/dendritic,4,SCC02_AACAATCTCAAATAGC,perturbation_score_euclidean,Euclidean score,1.4746975111419955,111
3-end RNA-seq,Myeloid/dendritic,4,SCC02_AAAGAAGATATAGCGA,perturbation_score_euclidean,Euclidean score,1.4738626278835303,112
3-end RNA-seq,Myeloid/dendritic,4,AK02_AAAAGATCACGTGGCA,perturbation_score_euclidean,Euclidean score,1.4735649896727563,113
3-end RNA-seq,Myeloid/dendritic,4,SCC02_AAATGGTGGCCCAACC,perturbation_score_euclidean,Euclidean score,1.473497538389076,114
3-end RNA-seq,Myeloid/dendritic,4,SCC02_AAAAAATTACCACGTG,perturbation_score_euclidean,Euclidean score,1.4734946212970117,115
3-end RNA-seq,Myeloid/dendritic,4,AK01_AAACATCCTCGTGAGC,perturbation_score_euclidean,Euclidean score,1.473369593506901,116
3-end RNA-seq,Myeloid/dendritic,4,SCC02_AAATGAAGTCAAATGA,perturbation_score_euclidean,Euclidean score,1.4712736882558102,117
3-end RNA-seq,Myeloid/dendritic,4,SCC02_AAAGTGGCCATTCCTC,perturbation_score_euclidean,Euclidean score,1.469446727368167,118
3-end RNA-seq,Myeloid/dendritic,4,AK01_AAAGGTTATGAGGTCC,perturbation_score_euclidean,Euclidean score,1.4693716090530144,119
3-end RNA-seq,Myeloid/dendritic,4,SCC02_AAAAGAGCAACGGATT,perturbation_score_euclidean,Euclidean score,1.46875752260366,120
3-end RNA-seq,Myeloid/dendritic,4,AK01_AACAAATTATACGCGT,perturbation_score_euclidean,Euclidean score,1.4678281817385674,121
3-end RNA-seq,Myeloid/dendritic,4,AK02_AACACCCCGGAGTGCA,perturbation_score_euclidean,Euclidean score,1.466931934819278,122
3-end RNA-seq,Myeloid/dendritic,4,SCC02_AAAGATTAAGACAACC,perturbation_score_euclidean,Euclidean score,1.4653741645657528,123
3-end RNA-seq,Myeloid/dendritic,4,AK02_AACACGGACCGGTCCG,perturbation_score_euclidean,Euclidean score,1.464213348438166,124
3-end RNA-seq,Myeloid/dendritic,4,AK02_AAAACGGGAACTCAGT,perturbation_score_euclidean,Euclidean score,1.4615763740223833,125
3-end RNA-seq,Myeloid/dendritic,4,AK02_AACATTACATCACCTG,perturbation_score_euclidean,Euclidean score,1.4615641685532266,126
3-end RNA-seq,Myeloid/dendritic,4,SCC02_AAAAACCAACCTACTG,perturbation_score_euclidean,Euclidean score,1.460313525569908,127
3-end RNA-seq,Myeloid/dendritic,4,SCC02_AAATTGAATTATATAA,perturbation_score_euclidean,Euclidean score,1.4591261663626207,128
3-end RNA-seq,Myeloid/dendritic,4,AK02_AAAGCCGGGCGTGTCC,perturbation_score_euclidean,Euclidean score,1.4589963848464054,129
3-end RNA-seq,Myeloid/dendritic,4,SCC02_AAAGAATTGTCAAAGG,perturbation_score_euclidean,Euclidean score,1.4583540478306385,130
3-end RNA-seq,Myeloid/dendritic,22,SCC02_AAAGAGTGCTAAAGCA,perturbation_score_euclidean,Euclidean score,1.4579209172634606,131
3-end RNA-seq,Myeloid/dendritic,4,SCC02_AAAGTGTGAAGATTTA,perturbation_score_euclidean,Euclidean score,1.457280177681052,132
3-end RNA-seq,Myeloid/dendritic,4,AK01_AAATGGTAGGCTGTGT,perturbation_score_euclidean,Euclidean score,1.4541145073138997,133
3-end RNA-seq,Myeloid/dendritic,4,AK02_AACAAATTCAACCGCG,perturbation_score_euclidean,Euclidean score,1.4537034539174016,134
3-end RNA-seq,Myeloid/dendritic,4,SCC02_AACAGTACACCACGGC,perturbation_score_euclidean,Euclidean score,1.4525278964759807,135
3-end RNA-seq,Myeloid/dendritic,4,AK01_AAACGCAAAGATGGAG,perturbation_score_euclidean,Euclidean score,1.4517722999437954,136
3-end RNA-seq,Myeloid/dendritic,4,SCC02_AAAACTTTCTGAGACA,perturbation_score_euclidean,Euclidean score,1.4512447722175004,137
3-end RNA-seq,Myeloid/dendritic,4,SCC02_AACAAAGATAGTGTGT,perturbation_score_euclidean,Euclidean score,1.4510116764818577,138
3-end RNA-seq,Myeloid/dendritic,4,AK01_AAACATCGTAGTATAG,perturbation_score_euclidean,Euclidean score,1.4509994503278616,139
3-end RNA-seq,Myeloid/dendritic,4,SCC02_AAACTACCGGCGAGCA,perturbation_score_euclidean,Euclidean score,1.4506314323781457,140
3-end RNA-seq,Myeloid/dendritic,4,AK02_AAAAGCACCGGGCGAA,perturbation_score_euclidean,Euclidean score,1.450579489437724,141
3-end RNA-seq,Myeloid/dendritic,4,AK01_AACAGGACAGAACGGC,perturbation_score_euclidean,Euclidean score,1.450422695834716,142
3-end RNA-seq,Myeloid/dendritic,4,AK02_AACAAGATTGTTAGAT,perturbation_score_euclidean,Euclidean score,1.4499757131254598,143
3-end RNA-seq,Myeloid/dendritic,4,SCC02_AAACTCCCGGCCTCAC,perturbation_score_euclidean,Euclidean score,1.449707035971526,144
3-end RNA-seq,Myeloid/dendritic,4,AK02_AAATGCCTCCGCCCTT,perturbation_score_euclidean,Euclidean score,1.4495376507147282,145
3-end RNA-seq,Myeloid/dendritic,4,SCC02_AAAGAAAGGGTGGAGA,perturbation_score_euclidean,Euclidean score,1.4484140675455974,146
3-end RNA-seq,Myeloid/dendritic,4,SCC02_AAAACTCACCTGGCCT,perturbation_score_euclidean,Euclidean score,1.4464942909524865,147
3-end RNA-seq,Myeloid/dendritic,4,SCC02_AAATCCGCGGTCGATG,perturbation_score_euclidean,Euclidean score,1.4463071940742755,148
3-end RNA-seq,Myeloid/dendritic,4,SCC02_AAAGCGTACGGGCCGA,perturbation_score_euclidean,Euclidean score,1.4460536786558893,149
3-end RNA-seq,Myeloid/dendritic,4,SCC02_AAAAATCCGTTTTATG,perturbation_score_euclidean,Euclidean score,1.4440153162844285,150
3-end RNA-seq,Myeloid/dendritic,4,SCC02_AAAGACTATTGTTGTC,perturbation_score_euclidean,Euclidean score,1.443296144453115,151
3-end RNA-seq,Myeloid/dendritic,4,SCC02_AACATTTGCAATAGTC,perturbation_score_euclidean,Euclidean score,1.4431138955643585,152
3-end RNA-seq,Myeloid/dendritic,22,SCC02_AACAGAGCCTGGAGTT,perturbation_score_euclidean,Euclidean score,1.4429448210223306,153
3-end RNA-seq,Myeloid/dendritic,4,AK02_AAAAGCACGCATATTT,perturbation_score_euclidean,Euclidean score,1.442045716914592,154
3-end RNA-seq,Myeloid/dendritic,4,AK01_AACATGCCTGCAGCTT,perturbation_score_euclidean,Euclidean score,1.4418643312154944,155
3-end RNA-seq,Myeloid/dendritic,4,SCC02_AAAACGGGAAGTGCTA,perturbation_score_euclidean,Euclidean score,1.4409523408546672,156
3-end RNA-seq,Myeloid/dendritic,4,SCC02_AAAAGAGCACTGGCCT,perturbation_score_euclidean,Euclidean score,1.440765421002299,157
3-end RNA-seq,Myeloid/dendritic,4,SCC02_AAAGCCTCCATAATCC,perturbation_score_euclidean,Euclidean score,1.4402892904654534,158
3-end RNA-seq,Myeloid/dendritic,4,SCC02_AAAAACATGAAAATCT,perturbation_score_euclidean,Euclidean score,1.4378386757827772,159
3-end RNA-seq,Myeloid/dendritic,4,AK01_AAATCTAGCGATAACA,perturbation_score_euclidean,Euclidean score,1.4375394531870853,160
3-end RNA-seq,Myeloid/dendritic,4,AK01_AAAGTGGGCGCCTTAA,perturbation_score_euclidean,Euclidean score,1.43652571007077,161
3-end RNA-seq,Myeloid/dendritic,4,AK01_AAACTGACTCAATCAG,perturbation_score_euclidean,Euclidean score,1.4364163637959337,162
3-end RNA-seq,Myeloid/dendritic,4,AK01_AAATCGAGCGGTACCC,perturbation_score_euclidean,Euclidean score,1.4360580545406016,163
3-end RNA-seq,Myeloid/dendritic,4,SCC02_AAATTGGCACAAGTTA,perturbation_score_euclidean,Euclidean score,1.435911046223102,164
3-end RNA-seq,Myeloid/dendritic,4,AK02_AAACAAAGACCAGAAT,perturbation_score_euclidean,Euclidean score,1.4356404650320385,165
3-end RNA-seq,Myeloid/dendritic,4,SCC02_AAAAATCTGAGAGTTA,perturbation_score_euclidean,Euclidean score,1.435158528813274,166
3-end RNA-seq,Myeloid/dendritic,4,AK01_AAAAAGCCGAGCCTGC,perturbation_score_euclidean,Euclidean score,1.4350010298879303,167
3-end RNA-seq,Myeloid/dendritic,4,SCC02_AAATTTTAAGGTTGAG,perturbation_score_euclidean,Euclidean score,1.434560453225862,168
3-end RNA-seq,Myeloid/dendritic,4,SCC02_AAAACTTCTGACTGAG,perturbation_score_euclidean,Euclidean score,1.4340337457655836,169
3-end RNA-seq,Myeloid/dendritic,4,AK01_AAATTCTTGGATGTAG,perturbation_score_euclidean,Euclidean score,1.4336568524466715,170
3-end RNA-seq,Myeloid/dendritic,4,AK01_AAAACCAATACAAGCG,perturbation_score_euclidean,Euclidean score,1.4321415698120468,171
3-end RNA-seq,Myeloid/dendritic,4,SCC02_AAAAGCACCCATGAGA,perturbation_score_euclidean,Euclidean score,1.4315854112850483,172
3-end RNA-seq,Myeloid/dendritic,22,SCC02_AAAGTCGAATATAAAT,perturbation_score_euclidean,Euclidean score,1.4313374614235905,173
3-end RNA-seq,Myeloid/dendritic,4,SCC02_AAACGTATTGGCAGTG,perturbation_score_euclidean,Euclidean score,1.430827996065023,174
3-end RNA-seq,Myeloid/dendritic,4,SCC02_AAACTCTAGCTGGATC,perturbation_score_euclidean,Euclidean score,1.4307181806123612,175
3-end RNA-seq,Myeloid/dendritic,4,AK01_AAACTTCCCTGGTGAA,perturbation_score_euclidean,Euclidean score,1.430701335412126,176
3-end RNA-seq,Myeloid/dendritic,4,AK02_AACACAACCCTGGGGA,perturbation_score_euclidean,Euclidean score,1.4305702641602311,177
3-end RNA-seq,Myeloid/dendritic,4,AK02_AAACTCTCCCGGGGAA,perturbation_score_euclidean,Euclidean score,1.4299562942614163,178
3-end RNA-seq,Myeloid/dendritic,4,AK02_AACATCCCGACGGACG,perturbation_score_euclidean,Euclidean score,1.429953338880709,179
3-end RNA-seq,Myeloid/dendritic,4,AK02_AAACACGAAACGGCGG,perturbation_score_euclidean,Euclidean score,1.429028190238341,180
3-end RNA-seq,Myeloid/dendritic,4,SCC02_AAAATAGGAGCATTAT,perturbation_score_euclidean,Euclidean score,1.4286641626770025,181
3-end RNA-seq,Myeloid/dendritic,4,SCC02_AAAAATACAAGCGTCA,perturbation_score_euclidean,Euclidean score,1.4284533097580419,182
3-end RNA-seq,Myeloid/dendritic,4,SCC02_AAAGTCGGATCAGTCT,perturbation_score_euclidean,Euclidean score,1.428387855767588,183
3-end RNA-seq,Myeloid/dendritic,4,SCC02_AACATTATTCATATTA,perturbation_score_euclidean,Euclidean score,1.4277551000400523,184
3-end RNA-seq,Myeloid/dendritic,4,AK01_AAAATTTAGCCTGGTG,perturbation_score_euclidean,Euclidean score,1.4262085679129894,185
3-end RNA-seq,Myeloid/dendritic,4,SCC02_AAACTGGCCCAAGAGG,perturbation_score_euclidean,Euclidean score,1.4251969372636528,186
3-end RNA-seq,Myeloid/dendritic,4,AK02_AAAATTAGCAAGGGGC,perturbation_score_euclidean,Euclidean score,1.425004485181915,187
3-end RNA-seq,Myeloid/dendritic,4,AK02_AAACTACGGCAATCCC,perturbation_score_euclidean,Euclidean score,1.4247336058150364,188
3-end RNA-seq,Myeloid/dendritic,4,SCC02_AAATCGATATCCGTAC,perturbation_score_euclidean,Euclidean score,1.4247123048630819,189
3-end RNA-seq,Myeloid/dendritic,4,AK01_AAAAATCGGTACTTGG,perturbation_score_euclidean,Euclidean score,1.424421399456978,190
3-end RNA-seq,Myeloid/dendritic,4,SCC02_AAAACCGAGCCCTGAC,perturbation_score_euclidean,Euclidean score,1.4237509747013817,191
3-end RNA-seq,Myeloid/dendritic,4,SCC02_AAAAAGGACGCAATCT,perturbation_score_euclidean,Euclidean score,1.423419464212576,192
3-end RNA-seq,Myeloid/dendritic,4,SCC02_AAAGATGCCACCCCTG,perturbation_score_euclidean,Euclidean score,1.4232580039490055,193
3-end RNA-seq,Myeloid/dendritic,4,AK02_AACATGCCTATAGAGT,perturbation_score_euclidean,Euclidean score,1.423035501895763,194
3-end RNA-seq,Myeloid/dendritic,4,AK02_AAAGACCATCCGGTAC,perturbation_score_euclidean,Euclidean score,1.4224996652505004,195
3-end RNA-seq,Myeloid/dendritic,4,SCC02_AAAAGTCACCACTTCG,perturbation_score_euclidean,Euclidean score,1.4219217480051254,196
3-end RNA-seq,Myeloid/dendritic,4,AK02_AAATTTATCCGTCGTA,perturbation_score_euclidean,Euclidean score,1.421423347788088,197
3-end RNA-seq,Myeloid/dendritic,4,AK02_AAAACGACCCCCGATT,perturbation_score_euclidean,Euclidean score,1.4213800614077314,198
3-end RNA-seq,Myeloid/dendritic,4,SCC02_AAATCACGAGAAACAC,perturbation_score_euclidean,Euclidean score,1.421327437275756,199
3-end RNA-seq,Myeloid/dendritic,4,AK01_AAATGCGTCTTGGCTG,perturbation_score_euclidean,Euclidean score,1.421164516392862,200
3-end RNA-seq,NK cell,19,SCC02_AAAAATGGTTCTCTGG,perturbation_score_euclidean,Euclidean score,1.5811628670084368,1
3-end RNA-seq,NK cell,19,SCC02_AAAACCAATTGGCAAT,perturbation_score_euclidean,Euclidean score,1.5811628670084368,2
3-end RNA-seq,NK cell,19,SCC02_AAAACTAGTAAATCGA,perturbation_score_euclidean,Euclidean score,1.5811628670084368,3
3-end RNA-seq,NK cell,19,SCC02_AAAAGATCCGGGCATT,perturbation_score_euclidean,Euclidean score,1.5811628670084368,4
3-end RNA-seq,NK cell,19,SCC02_AAAAGCATGTATGAGA,perturbation_score_euclidean,Euclidean score,1.5811628670084368,5
3-end RNA-seq,NK cell,19,SCC02_AAAAGTAGCCGCGATA,perturbation_score_euclidean,Euclidean score,1.5811628670084368,6
3-end RNA-seq,NK cell,19,SCC02_AAAATCAAGGCAGTAC,perturbation_score_euclidean,Euclidean score,1.5811628670084368,7
3-end RNA-seq,NK cell,19,SCC02_AAAATCCCACAGCGTC,perturbation_score_euclidean,Euclidean score,1.5811628670084368,8
3-end RNA-seq,NK cell,19,SCC02_AAAATCGAGGCTACAG,perturbation_score_euclidean,Euclidean score,1.5811628670084368,9
3-end RNA-seq,NK cell,19,SCC02_AAACAAAACGTTGACT,perturbation_score_euclidean,Euclidean score,1.5811628670084368,10
3-end RNA-seq,NK cell,19,SCC02_AAACAAGAGTTTTTCC,perturbation_score_euclidean,Euclidean score,1.5811628670084368,11
3-end RNA-seq,NK cell,19,SCC02_AAACCGTAAAGAATTA,perturbation_score_euclidean,Euclidean score,1.5811628670084368,12
3-end RNA-seq,NK cell,19,SCC02_AAAGACCAGGATGACT,perturbation_score_euclidean,Euclidean score,1.5811628670084368,13
3-end RNA-seq,NK cell,19,SCC02_AAAGTGTCCCTTAGTA,perturbation_score_euclidean,Euclidean score,1.5811628670084368,14
3-end RNA-seq,NK cell,19,SCC02_AAATCCTCCGAACGAC,perturbation_score_euclidean,Euclidean score,1.5811628670084368,15
3-end RNA-seq,NK cell,19,SCC02_AAATTCCACATGAACG,perturbation_score_euclidean,Euclidean score,1.5811628670084368,16
3-end RNA-seq,NK cell,19,SCC02_AAATTGCGAATAGCTC,perturbation_score_euclidean,Euclidean score,1.5811628670084368,17
3-end RNA-seq,NK cell,19,SCC02_AACACTTCTAGTGCTC,perturbation_score_euclidean,Euclidean score,1.5811628670084368,18
3-end RNA-seq,NK cell,19,SCC02_AACAGTCGATTTGAGC,perturbation_score_euclidean,Euclidean score,1.5811628670084368,19
3-end RNA-seq,NK cell,19,SCC02_AACATCGTATTCGGTA,perturbation_score_euclidean,Euclidean score,1.5811628670084368,20
3-end RNA-seq,NK cell,19,SCC02_AACCAATTCGAGGCTA,perturbation_score_euclidean,Euclidean score,1.5811628670084368,21
3-end RNA-seq,NK cell,19,AK02_AAAACTCTTGCAGCAG,perturbation_score_euclidean,Euclidean score,1.5811628670084368,22
3-end RNA-seq,Mast cell,15,SCC02_AAACCCCAAGCCGGAA,perturbation_score_euclidean,Euclidean score,2.7989782254316773,1
3-end RNA-seq,Mast cell,15,AK02_AAACCCTGATGTTGCG,perturbation_score_euclidean,Euclidean score,2.6062411594892,2
3-end RNA-seq,Mast cell,15,AK02_AACATGTAATATCAGA,perturbation_score_euclidean,Euclidean score,2.6062411594892,3
3-end RNA-seq,Mast cell,15,SCC02_AAACTTACTCCGCTCG,perturbation_score_euclidean,Euclidean score,2.5775926852891,4
3-end RNA-seq,Mast cell,15,AK02_AAAATCCCATAACTGG,perturbation_score_euclidean,Euclidean score,2.576405266811773,5
3-end RNA-seq,Mast cell,15,AK01_AACAGCCCCACATATC,perturbation_score_euclidean,Euclidean score,2.5648357904098282,6
3-end RNA-seq,Mast cell,15,AK02_AAATGGAGCTGTGTAG,perturbation_score_euclidean,Euclidean score,2.5190012204237147,7
3-end RNA-seq,Mast cell,15,AK01_AAAGACCATGCACCAT,perturbation_score_euclidean,Euclidean score,2.512907845806714,8
3-end RNA-seq,Mast cell,15,AK01_AAATTACTAGGTTGTG,perturbation_score_euclidean,Euclidean score,2.512907845806714,9
3-end RNA-seq,Mast cell,15,AK02_AAAAATCTAAACGAGT,perturbation_score_euclidean,Euclidean score,2.5033208020055704,10
3-end RNA-seq,Mast cell,15,SCC02_AAATGTTATCTATCGC,perturbation_score_euclidean,Euclidean score,2.4639426790667414,11
3-end RNA-seq,Mast cell,15,AK01_AAAGGAAGCGCTTGGC,perturbation_score_euclidean,Euclidean score,2.444240348277722,12
3-end RNA-seq,Mast cell,15,SCC02_AAATCGACTTACAGGG,perturbation_score_euclidean,Euclidean score,2.3371346185119575,13
3-end RNA-seq,Mast cell,15,AK02_AACACGGGGCCTCAGG,perturbation_score_euclidean,Euclidean score,2.3315035317322654,14
3-end RNA-seq,Mast cell,15,AK01_AAAGTTCCATCTTTTG,perturbation_score_euclidean,Euclidean score,2.3315035317322654,15
3-end RNA-seq,Mast cell,15,AK01_AACACCACCTGGAACC,perturbation_score_euclidean,Euclidean score,2.3315035317322654,16
3-end RNA-seq,Mast cell,15,AK02_AAATCCCGCCACACCC,perturbation_score_euclidean,Euclidean score,2.3182271703506596,17
3-end RNA-seq,Mast cell,15,SCC02_AAAACCTTATTTTGAA,perturbation_score_euclidean,Euclidean score,2.302582907488016,18
3-end RNA-seq,Mast cell,15,AK02_AACAAGTCTTTTTATG,perturbation_score_euclidean,Euclidean score,2.2762309747772926,19
3-end RNA-seq,Mast cell,15,SCC02_AAACTCATCACACGCT,perturbation_score_euclidean,Euclidean score,2.2507974974870772,20
3-end RNA-seq,Mast cell,15,SCC02_AAATAATGGTTTGCAA,perturbation_score_euclidean,Euclidean score,2.2507974974870772,21
3-end RNA-seq,Mast cell,15,AK02_AAAGTTCAAGATCAAA,perturbation_score_euclidean,Euclidean score,2.2360535567454507,22
3-end RNA-seq,Mast cell,15,AK02_AAACGGCGATCGGAAG,perturbation_score_euclidean,Euclidean score,2.235430764154095,23
3-end RNA-seq,Mast cell,15,AK01_AACATGGGAGTGCATT,perturbation_score_euclidean,Euclidean score,2.2349588987226676,24
3-end RNA-seq,Mast cell,15,AK02_AACAGCCCCGACATTG,perturbation_score_euclidean,Euclidean score,2.2313557744963894,25
3-end RNA-seq,Mast cell,15,SCC02_AAAAGGTACCCTGCGT,perturbation_score_euclidean,Euclidean score,2.1826538711763517,26
3-end RNA-seq,Mast cell,15,AK01_AAACGTTGTAAGTCGG,perturbation_score_euclidean,Euclidean score,2.178523485593366,27
3-end RNA-seq,Mast cell,15,AK02_AAAGCCGAAAACGTGA,perturbation_score_euclidean,Euclidean score,2.1702143384900645,28
3-end RNA-seq,Mast cell,15,AK02_AAAGGAGCGCATGCCA,perturbation_score_euclidean,Euclidean score,2.1682637188344396,29
3-end RNA-seq,Mast cell,15,SCC02_AAATCATAAGCGTTCG,perturbation_score_euclidean,Euclidean score,2.15629582519878,30
3-end RNA-seq,Mast cell,15,SCC02_AAATCCCTCACATACG,perturbation_score_euclidean,Euclidean score,2.15629582519878,31
3-end RNA-seq,Mast cell,15,AK01_AAACGTGATCGTCCAT,perturbation_score_euclidean,Euclidean score,2.1542659894749967,32
3-end RNA-seq,Mast cell,15,AK02_AAATACACTTTCTTAT,perturbation_score_euclidean,Euclidean score,2.139212555280303,33
3-end RNA-seq,Mast cell,15,SCC02_AACAAAAGTGGTCTAA,perturbation_score_euclidean,Euclidean score,2.1370674430130547,34
3-end RNA-seq,Mast cell,15,AK02_AACAGTATCATAAGAC,perturbation_score_euclidean,Euclidean score,2.1333556532485187,35
3-end RNA-seq,Mast cell,15,AK02_AAATCTCGGGAAATCT,perturbation_score_euclidean,Euclidean score,2.1294290534556937,36
3-end RNA-seq,Mast cell,15,SCC02_AAAGCGGGATTCGGAA,perturbation_score_euclidean,Euclidean score,2.1280708284878997,37
3-end RNA-seq,Mast cell,15,SCC02_AAACGGCTGCTGCTGT,perturbation_score_euclidean,Euclidean score,2.1225627746219558,38
3-end RNA-seq,Mast cell,15,SCC02_AACATCACATAGGGTA,perturbation_score_euclidean,Euclidean score,2.1225627746219558,39
3-end RNA-seq,Mast cell,15,AK02_AAATCCCCCTTAGATC,perturbation_score_euclidean,Euclidean score,2.111313103282406,40
3-end RNA-seq,Mast cell,15,SCC02_AAAGTGAAATCCGGGT,perturbation_score_euclidean,Euclidean score,2.1070162922361217,41
3-end RNA-seq,Mast cell,15,SCC02_AAACCAGTATAGACGG,perturbation_score_euclidean,Euclidean score,2.089144355155968,42
3-end RNA-seq,Mast cell,15,AK01_AAATTAGTCTTAGAAA,perturbation_score_euclidean,Euclidean score,2.083683910854208,43
3-end RNA-seq,Mast cell,15,SCC02_AAATAATCATGCTCAC,perturbation_score_euclidean,Euclidean score,2.0807770154757925,44
3-end RNA-seq,Mast cell,15,AK02_AAAGAACGGCGCCCGT,perturbation_score_euclidean,Euclidean score,2.078050616827785,45
3-end RNA-seq,Mast cell,15,AK02_AAATCGCGCGGGTGAA,perturbation_score_euclidean,Euclidean score,2.076076669645609,46
3-end RNA-seq,Mast cell,15,SCC02_AAACACCTATTTCCAC,perturbation_score_euclidean,Euclidean score,2.075525443295505,47
3-end RNA-seq,Mast cell,15,AK02_AAAAAGTAGTGTTCCT,perturbation_score_euclidean,Euclidean score,2.0736879652224447,48
3-end RNA-seq,Mast cell,15,AK02_AAAGTGCTGAATCGAA,perturbation_score_euclidean,Euclidean score,2.058545136545134,49
3-end RNA-seq,Mast cell,15,SCC02_AACATAAGCTTGGACA,perturbation_score_euclidean,Euclidean score,2.0575391643965,50
3-end RNA-seq,Mast cell,15,AK02_AAATTCATACCGATCC,perturbation_score_euclidean,Euclidean score,2.0572330022339758,51
3-end RNA-seq,Mast cell,15,AK02_AACACTGCACGGTTTA,perturbation_score_euclidean,Euclidean score,2.0502864437560615,52
3-end RNA-seq,Mast cell,15,SCC02_AAACGGAAGTGACCAT,perturbation_score_euclidean,Euclidean score,2.047974223835723,53
3-end RNA-seq,Mast cell,15,SCC02_AAAAACTTACGACGAC,perturbation_score_euclidean,Euclidean score,2.04790515179822,54
3-end RNA-seq,Mast cell,15,AK02_AAATGTGGGGGAATGT,perturbation_score_euclidean,Euclidean score,2.0445089580805065,55
3-end RNA-seq,Mast cell,15,AK02_AACATCCACAATATAC,perturbation_score_euclidean,Euclidean score,2.0401012543520562,56
3-end RNA-seq,Mast cell,15,SCC02_AAAAAACATAAACCGG,perturbation_score_euclidean,Euclidean score,2.0381912213176414,57
3-end RNA-seq,Mast cell,15,SCC02_AAAGCTGAGTCTATCG,perturbation_score_euclidean,Euclidean score,2.038031749632305,58
3-end RNA-seq,Mast cell,15,SCC02_AAATTCTTCGGAAGAT,perturbation_score_euclidean,Euclidean score,2.0325524758738758,59
3-end RNA-seq,Mast cell,15,SCC02_AACATAAAGCGATATT,perturbation_score_euclidean,Euclidean score,2.0311147204035147,60
3-end RNA-seq,Mast cell,15,SCC02_AAATCAAGGTATACTC,perturbation_score_euclidean,Euclidean score,2.029867267980476,61
3-end RNA-seq,Mast cell,15,SCC02_AAAAAATCCGCTGAAC,perturbation_score_euclidean,Euclidean score,2.027049211534717,62
3-end RNA-seq,Mast cell,15,AK02_AAACATAACTTATAGT,perturbation_score_euclidean,Euclidean score,2.026095289895848,63
3-end RNA-seq,Mast cell,15,SCC02_AAAATTTGGCGAAACC,perturbation_score_euclidean,Euclidean score,2.0218930494624385,64
3-end RNA-seq,Mast cell,15,AK01_AAAGTATAGATCCTTC,perturbation_score_euclidean,Euclidean score,2.018827752948911,65
3-end RNA-seq,Mast cell,15,AK02_AAAACGTCATATGAGC,perturbation_score_euclidean,Euclidean score,2.0129871382163493,66
3-end RNA-seq,Mast cell,15,SCC02_AACATGATTTAGGAGA,perturbation_score_euclidean,Euclidean score,2.0117332657434055,67
3-end RNA-seq,Mast cell,15,SCC02_AAAGTATTTACCCGGT,perturbation_score_euclidean,Euclidean score,2.0023479471221646,68
3-end RNA-seq,Mast cell,15,AK01_AAACGACATATCTACC,perturbation_score_euclidean,Euclidean score,2.0000736276421724,69
3-end RNA-seq,Mast cell,15,SCC02_AACACTATCCCAATTT,perturbation_score_euclidean,Euclidean score,1.9984548557645512,70
3-end RNA-seq,Mast cell,15,AK02_AAACACCCGGTTTCGA,perturbation_score_euclidean,Euclidean score,1.997599951233842,71
3-end RNA-seq,Mast cell,15,SCC02_AAAAAGGTCACCCCTA,perturbation_score_euclidean,Euclidean score,1.9972344873306496,72
3-end RNA-seq,Mast cell,15,SCC02_AAACACGCTCCACACA,perturbation_score_euclidean,Euclidean score,1.9972291540016158,73
3-end RNA-seq,Mast cell,15,SCC02_AAATAACGAATCACCG,perturbation_score_euclidean,Euclidean score,1.9948481088463166,74
3-end RNA-seq,Mast cell,15,AK02_AAAGAGGTTCCGTAAA,perturbation_score_euclidean,Euclidean score,1.9864881748266117,75
3-end RNA-seq,Mast cell,15,SCC02_AAACCAACATCTCCGT,perturbation_score_euclidean,Euclidean score,1.9846916961426744,76
3-end RNA-seq,Mast cell,15,SCC02_AACAGGATGATATGGC,perturbation_score_euclidean,Euclidean score,1.9832727841209326,77
3-end RNA-seq,Mast cell,15,SCC02_AAAATAAAGTGCGACT,perturbation_score_euclidean,Euclidean score,1.9830924451033212,78
3-end RNA-seq,Mast cell,15,AK02_AAACTTATTCCCTGGT,perturbation_score_euclidean,Euclidean score,1.9829319457733627,79
3-end RNA-seq,Mast cell,15,SCC02_AAACTATACAGCCTAA,perturbation_score_euclidean,Euclidean score,1.981229124472791,80
3-end RNA-seq,Mast cell,15,AK02_AAAACTAAAATTATAC,perturbation_score_euclidean,Euclidean score,1.980339169421882,81
3-end RNA-seq,Mast cell,15,SCC02_AAAGCTGATCACGCAC,perturbation_score_euclidean,Euclidean score,1.971441249096947,82
3-end RNA-seq,Mast cell,15,SCC02_AAAAGTCTCGCCTGGC,perturbation_score_euclidean,Euclidean score,1.9679236810306597,83
3-end RNA-seq,Mast cell,15,SCC02_AAAGGGTTGTCGAGTT,perturbation_score_euclidean,Euclidean score,1.9642530736490544,84
3-end RNA-seq,Mast cell,15,SCC02_AAACGACTACCTGGAC,perturbation_score_euclidean,Euclidean score,1.959229700109942,85
3-end RNA-seq,Mast cell,15,SCC02_AAACTCTCGCCCATTG,perturbation_score_euclidean,Euclidean score,1.9553208761739962,86
3-end RNA-seq,Mast cell,15,SCC02_AAAGTTCGGTCTGGTA,perturbation_score_euclidean,Euclidean score,1.9551504370054547,87
3-end RNA-seq,Mast cell,15,SCC02_AAAGCGCTAGTGGATC,perturbation_score_euclidean,Euclidean score,1.952703037576901,88
3-end RNA-seq,Mast cell,15,SCC02_AACACGTTGGGCGTGA,perturbation_score_euclidean,Euclidean score,1.94347955145275,89
3-end RNA-seq,Mast cell,15,AK02_AAAAAGGGTTATTGAG,perturbation_score_euclidean,Euclidean score,1.9412305638444862,90
3-end RNA-seq,Mast cell,15,SCC02_AAATAGACTAGCGGCT,perturbation_score_euclidean,Euclidean score,1.9391285615160083,91
3-end RNA-seq,Mast cell,15,SCC02_AAATAATTGTCTGGCG,perturbation_score_euclidean,Euclidean score,1.9380950057219148,92
3-end RNA-seq,Mast cell,15,AK02_AAATCACATCCCTACT,perturbation_score_euclidean,Euclidean score,1.9292384648722074,93
3-end RNA-seq,Mast cell,15,SCC02_AACACAACCGTTTCGC,perturbation_score_euclidean,Euclidean score,1.927652419550674,94
3-end RNA-seq,Mast cell,15,SCC02_AAATGGCGAGCGTACA,perturbation_score_euclidean,Euclidean score,1.9247847102135176,95
3-end RNA-seq,Mast cell,15,SCC02_AAATTAGAACGTGCGG,perturbation_score_euclidean,Euclidean score,1.9245232286905705,96
3-end RNA-seq,Mast cell,15,AK02_AAAATGATACGGTCCG,perturbation_score_euclidean,Euclidean score,1.9244259573273779,97
3-end RNA-seq,Mast cell,15,SCC02_AAACGTAGGATTACGA,perturbation_score_euclidean,Euclidean score,1.9231531316186061,98
3-end RNA-seq,Mast cell,15,SCC02_AAAGCGCCTCGCGTCA,perturbation_score_euclidean,Euclidean score,1.9211636732770951,99
3-end RNA-seq,Mast cell,15,SCC02_AAAGAGATAGCTAGCT,perturbation_score_euclidean,Euclidean score,1.9151225151517877,100
3-end RNA-seq,Mast cell,15,SCC02_AACAGACAAGAATAGC,perturbation_score_euclidean,Euclidean score,1.9128710633611448,101
3-end RNA-seq,Mast cell,15,SCC02_AAAACCGCTCATGGCC,perturbation_score_euclidean,Euclidean score,1.911465020321881,102
3-end RNA-seq,Mast cell,15,AK02_AACATTTTAGTTTCTT,perturbation_score_euclidean,Euclidean score,1.911128954598455,103
3-end RNA-seq,Mast cell,15,SCC02_AACATGTATATCATAC,perturbation_score_euclidean,Euclidean score,1.9095986464686898,104
3-end RNA-seq,Mast cell,15,SCC02_AAAAAATCTACGAGGC,perturbation_score_euclidean,Euclidean score,1.907501156233649,105
3-end RNA-seq,Mast cell,15,AK02_AAATTTGTTGCGGCCC,perturbation_score_euclidean,Euclidean score,1.9047861127677528,106
3-end RNA-seq,Mast cell,15,SCC02_AACACTTATCGCACAG,perturbation_score_euclidean,Euclidean score,1.9014939423452297,107
3-end RNA-seq,Mast cell,15,SCC02_AAATCGTGGGCTAAGG,perturbation_score_euclidean,Euclidean score,1.8978631931352683,108
3-end RNA-seq,Mast cell,15,AK02_AAAAATGGGTTGGCGT,perturbation_score_euclidean,Euclidean score,1.8976213071189199,109
3-end RNA-seq,Mast cell,15,SCC02_AAAACCCTGGTCTCGT,perturbation_score_euclidean,Euclidean score,1.8963647615018577,110
3-end RNA-seq,Mast cell,15,SCC02_AAAACTTATAGCTGCC,perturbation_score_euclidean,Euclidean score,1.895668458861362,111
3-end RNA-seq,Mast cell,15,AK02_AAATTCGTGCGCGCAA,perturbation_score_euclidean,Euclidean score,1.8953130311576003,112
3-end RNA-seq,Mast cell,15,SCC02_AAAATCGACCATACAG,perturbation_score_euclidean,Euclidean score,1.8902914525258252,113
3-end RNA-seq,Mast cell,15,SCC02_AAATTGGAGCCATGAG,perturbation_score_euclidean,Euclidean score,1.8899535735918032,114
3-end RNA-seq,Mast cell,15,SCC02_AAAGTCACACTTCAAC,perturbation_score_euclidean,Euclidean score,1.8851712998554304,115
3-end RNA-seq,Mast cell,15,SCC02_AAATAGGCCCCCACAC,perturbation_score_euclidean,Euclidean score,1.882846310172056,116
3-end RNA-seq,Mast cell,15,SCC02_AACACGACTTCTATCA,perturbation_score_euclidean,Euclidean score,1.8824093046189045,117
3-end RNA-seq,Mast cell,15,SCC02_AAAGGACTCGTCGCGA,perturbation_score_euclidean,Euclidean score,1.8806097643451793,118
3-end RNA-seq,Mast cell,15,AK02_AAATCCATATTAATGG,perturbation_score_euclidean,Euclidean score,1.8754920607190793,119
3-end RNA-seq,Mast cell,15,AK02_AAATTGCAGTCGTACC,perturbation_score_euclidean,Euclidean score,1.8750705946099098,120
3-end RNA-seq,Mast cell,15,SCC02_AAATTAGAGTGACCTC,perturbation_score_euclidean,Euclidean score,1.873889221004046,121
3-end RNA-seq,Mast cell,15,SCC02_AAAGGGTGTTAAGCCA,perturbation_score_euclidean,Euclidean score,1.8731246306424312,122
3-end RNA-seq,Mast cell,15,SCC02_AAACATCTTCCACGCA,perturbation_score_euclidean,Euclidean score,1.8723823560664208,123
3-end RNA-seq,Mast cell,15,SCC02_AAACTGGGGAGAAATC,perturbation_score_euclidean,Euclidean score,1.8723823560664208,124
3-end RNA-seq,Mast cell,15,SCC02_AAATGCGTTAGTGAGA,perturbation_score_euclidean,Euclidean score,1.8723823560664208,125
3-end RNA-seq,Mast cell,15,SCC02_AAATTTACCCATGATG,perturbation_score_euclidean,Euclidean score,1.8720964032723477,126
3-end RNA-seq,Mast cell,15,SCC02_AAATTCGGTGAAATGG,perturbation_score_euclidean,Euclidean score,1.8715864581814572,127
3-end RNA-seq,Mast cell,15,AK02_AAATTAACCTACACAA,perturbation_score_euclidean,Euclidean score,1.8693767253760787,128
3-end RNA-seq,Mast cell,15,SCC02_AAAACTTAAGATCAAG,perturbation_score_euclidean,Euclidean score,1.8641206130933525,129
3-end RNA-seq,Mast cell,15,SCC02_AACAGCCGCGTAGTTT,perturbation_score_euclidean,Euclidean score,1.8627115666384852,130
3-end RNA-seq,Mast cell,15,SCC02_AAACACTGGTTCAGCC,perturbation_score_euclidean,Euclidean score,1.862471497214512,131
3-end RNA-seq,Mast cell,15,SCC02_AAAAAGTGTGGCCTCA,perturbation_score_euclidean,Euclidean score,1.860254695615734,132
3-end RNA-seq,Mast cell,15,AK02_AAACCCGTTGGCTGCA,perturbation_score_euclidean,Euclidean score,1.860248403513196,133
3-end RNA-seq,Mast cell,15,SCC02_AAACGGATTAGAGTCG,perturbation_score_euclidean,Euclidean score,1.8590426922181744,134
3-end RNA-seq,Mast cell,15,SCC02_AAATTCGACCCCTAGA,perturbation_score_euclidean,Euclidean score,1.8574646193702125,135
3-end RNA-seq,Mast cell,15,SCC02_AAATGTTGACCATGTT,perturbation_score_euclidean,Euclidean score,1.856603060003757,136
3-end RNA-seq,Mast cell,15,AK02_AAAACCTTAATCCCGA,perturbation_score_euclidean,Euclidean score,1.8563386163146127,137
3-end RNA-seq,Mast cell,15,SCC02_AAATGTTCCTAGAATA,perturbation_score_euclidean,Euclidean score,1.8552937403320116,138
3-end RNA-seq,Mast cell,15,AK02_AAACATGCCGTTAAAC,perturbation_score_euclidean,Euclidean score,1.854722534040928,139
3-end RNA-seq,Mast cell,15,SCC02_AAAAAATACTTGTATC,perturbation_score_euclidean,Euclidean score,1.8538882935573073,140
3-end RNA-seq,Mast cell,15,SCC02_AAAGATACACAGTGAC,perturbation_score_euclidean,Euclidean score,1.8535536524913343,141
3-end RNA-seq,Mast cell,15,AK02_AAAACCTGCCGCCCTA,perturbation_score_euclidean,Euclidean score,1.853229164592436,142
3-end RNA-seq,Mast cell,15,SCC02_AACAATAGCGACGTTG,perturbation_score_euclidean,Euclidean score,1.8524945075523274,143
3-end RNA-seq,Mast cell,15,SCC02_AAATCCAGCCAGTACA,perturbation_score_euclidean,Euclidean score,1.8523692934001872,144
3-end RNA-seq,Mast cell,15,SCC02_AAACATTTCTTGGACC,perturbation_score_euclidean,Euclidean score,1.8519421710610424,145
3-end RNA-seq,Mast cell,15,SCC02_AAACAGGTCCGAACGG,perturbation_score_euclidean,Euclidean score,1.8512338179388375,146
3-end RNA-seq,Mast cell,15,SCC02_AAATAGCAGGGACTTC,perturbation_score_euclidean,Euclidean score,1.8502361745397553,147
3-end RNA-seq,Mast cell,15,SCC02_AACAAGCTAGTCCGGA,perturbation_score_euclidean,Euclidean score,1.8498964721960958,148
3-end RNA-seq,Mast cell,15,AK02_AACACGCAGGAACGTT,perturbation_score_euclidean,Euclidean score,1.8492304415379899,149
3-end RNA-seq,Mast cell,15,SCC02_AAATGCTGCCTCATGA,perturbation_score_euclidean,Euclidean score,1.846357821307703,150
3-end RNA-seq,Mast cell,15,SCC02_AAATCTAATTGAGATA,perturbation_score_euclidean,Euclidean score,1.8461963516590179,151
3-end RNA-seq,Mast cell,15,SCC02_AAATGCGACTCCTGAA,perturbation_score_euclidean,Euclidean score,1.8448416646241845,152
3-end RNA-seq,Mast cell,15,SCC02_AACCAAGCTTTCAGCA,perturbation_score_euclidean,Euclidean score,1.8444444597107095,153
3-end RNA-seq,Mast cell,15,SCC02_AAATTGTACGTTCCGA,perturbation_score_euclidean,Euclidean score,1.8443538610769181,154
3-end RNA-seq,Mast cell,15,SCC02_AAAAGGCCACTCATCT,perturbation_score_euclidean,Euclidean score,1.842385730129373,155
3-end RNA-seq,Mast cell,15,AK01_AACATAATTTTATGGG,perturbation_score_euclidean,Euclidean score,1.8420040563017832,156
3-end RNA-seq,Mast cell,15,SCC02_AAAGTCATGGAGGTTT,perturbation_score_euclidean,Euclidean score,1.8408066307368007,157
3-end RNA-seq,Mast cell,15,SCC02_AAAGTCGTCAGCGTGC,perturbation_score_euclidean,Euclidean score,1.8401033807760805,158
3-end RNA-seq,Mast cell,15,SCC02_AAATCACCCTCAGTTA,perturbation_score_euclidean,Euclidean score,1.8395758789923986,159
3-end RNA-seq,Mast cell,15,SCC02_AAATGGATCAAATGCC,perturbation_score_euclidean,Euclidean score,1.8394681573703682,160
3-end RNA-seq,Mast cell,15,AK02_AACATTTTGTACCTGG,perturbation_score_euclidean,Euclidean score,1.8383336829814183,161
3-end RNA-seq,Mast cell,15,SCC02_AAAGAACCGACAAAAG,perturbation_score_euclidean,Euclidean score,1.8365050460951327,162
3-end RNA-seq,Mast cell,15,SCC02_AAATGCTCTTGATCAC,perturbation_score_euclidean,Euclidean score,1.8361054063592124,163
3-end RNA-seq,Mast cell,15,AK02_AAAAACACGAGCGCGC,perturbation_score_euclidean,Euclidean score,1.834899332055524,164
3-end RNA-seq,Mast cell,15,SCC02_AAAGATAGCGTTGTTT,perturbation_score_euclidean,Euclidean score,1.8312318385853614,165
3-end RNA-seq,Mast cell,15,AK02_AAATCCCTCGTTACCA,perturbation_score_euclidean,Euclidean score,1.8308241604019755,166
3-end RNA-seq,Mast cell,15,SCC02_AAAATACGTCTGTATT,perturbation_score_euclidean,Euclidean score,1.8291982183018491,167
3-end RNA-seq,Mast cell,15,SCC02_AAATCGTTCCCCTTAA,perturbation_score_euclidean,Euclidean score,1.828251289837369,168
3-end RNA-seq,Mast cell,15,SCC02_AAAGCAAGTAGAATAC,perturbation_score_euclidean,Euclidean score,1.8266608149661374,169
3-end RNA-seq,Mast cell,15,SCC02_AAAGAAGATGGAACTT,perturbation_score_euclidean,Euclidean score,1.8262783624101924,170
3-end RNA-seq,Mast cell,15,SCC02_AAACGGGACAAAGAAC,perturbation_score_euclidean,Euclidean score,1.8245684038093528,171
3-end RNA-seq,Mast cell,15,AK01_AAAATGCTTACCTTGT,perturbation_score_euclidean,Euclidean score,1.8239188877105763,172
3-end RNA-seq,Mast cell,15,SCC02_AAATGAGGCTTTAGAG,perturbation_score_euclidean,Euclidean score,1.8234836793292435,173
3-end RNA-seq,Mast cell,15,SCC02_AAATAAGCATTTACAC,perturbation_score_euclidean,Euclidean score,1.823011712416404,174
3-end RNA-seq,Mast cell,15,AK02_AAATCTCGAATAGCGG,perturbation_score_euclidean,Euclidean score,1.8213468573714948,175
3-end RNA-seq,Mast cell,15,SCC02_AAATCAGTGAGAATGC,perturbation_score_euclidean,Euclidean score,1.820637998591819,176
3-end RNA-seq,Mast cell,15,AK01_AACAGCCCACTGTCAT,perturbation_score_euclidean,Euclidean score,1.819614279599001,177
3-end RNA-seq,Mast cell,15,SCC02_AAAGACTCGGCCTCAA,perturbation_score_euclidean,Euclidean score,1.8183831240355435,178
3-end RNA-seq,Mast cell,15,SCC02_AAATCCTTACAGGTAA,perturbation_score_euclidean,Euclidean score,1.8175989548204796,179
3-end RNA-seq,Mast cell,15,SCC02_AACATTCGTATTACGG,perturbation_score_euclidean,Euclidean score,1.8169810915516107,180
3-end RNA-seq,Mast cell,15,SCC02_AAAACAGTGGTAGCGC,perturbation_score_euclidean,Euclidean score,1.8142121096293702,181
3-end RNA-seq,Mast cell,15,SCC02_AACATTTCCCAAGTAT,perturbation_score_euclidean,Euclidean score,1.8132064224076478,182
3-end RNA-seq,Mast cell,15,SCC02_AAAGTGACGTGCGTTC,perturbation_score_euclidean,Euclidean score,1.813179478942184,183
3-end RNA-seq,Mast cell,15,SCC02_AAATAACCGGTCCTTA,perturbation_score_euclidean,Euclidean score,1.8125738236869988,184
3-end RNA-seq,Mast cell,15,AK02_AACATTGACCCCTGGG,perturbation_score_euclidean,Euclidean score,1.8123416792215465,185
3-end RNA-seq,Mast cell,15,SCC02_AAAATTGTCACGGACA,perturbation_score_euclidean,Euclidean score,1.8111245047800018,186
3-end RNA-seq,Mast cell,15,SCC02_AAATCGAGGCATGCAC,perturbation_score_euclidean,Euclidean score,1.8103906043059537,187
3-end RNA-seq,Mast cell,15,SCC02_AAACCGCCGAAGGGAT,perturbation_score_euclidean,Euclidean score,1.8048110955565237,188
3-end RNA-seq,Mast cell,15,SCC02_AAATCACCTAGCATTC,perturbation_score_euclidean,Euclidean score,1.802431316958268,189
3-end RNA-seq,Mast cell,15,SCC02_AACAGAAATTACCAGT,perturbation_score_euclidean,Euclidean score,1.802431316958268,190
3-end RNA-seq,Mast cell,15,SCC02_AACATCTAAGCGCCGT,perturbation_score_euclidean,Euclidean score,1.8021831125975756,191
3-end RNA-seq,Mast cell,15,SCC02_AAACACAACAAGCTGA,perturbation_score_euclidean,Euclidean score,1.8001133156635725,192
3-end RNA-seq,Mast cell,15,SCC02_AAATCGTACGGTTTCT,perturbation_score_euclidean,Euclidean score,1.7996739308248615,193
3-end RNA-seq,Mast cell,15,SCC02_AAACTCCTAAGGGCGG,perturbation_score_euclidean,Euclidean score,1.7990147568289985,194
3-end RNA-seq,Mast cell,15,SCC02_AAACTCTTGAGGATTT,perturbation_score_euclidean,Euclidean score,1.7985619454674993,195
3-end RNA-seq,Mast cell,15,SCC02_AAAGGAGGGACGATTA,perturbation_score_euclidean,Euclidean score,1.797122643290078,196
3-end RNA-seq,Mast cell,15,SCC02_AAATCCAAAACTTTCG,perturbation_score_euclidean,Euclidean score,1.7968461246940721,197
3-end RNA-seq,Mast cell,15,SCC02_AAAGTCATACTTTCAG,perturbation_score_euclidean,Euclidean score,1.7959465205143905,198
3-end RNA-seq,Mast cell,15,AK01_AAAGCTGGGTTATTGT,perturbation_score_euclidean,Euclidean score,1.7937022948419041,199
3-end RNA-seq,Mast cell,15,SCC02_AAAAGTACGGGGCCAT,perturbation_score_euclidean,Euclidean score,1.7936470545158176,200
3-end RNA-seq,Other immune,18,SCC02_AAAAACGCGCTAACAA,perturbation_score_euclidean,Euclidean score,1.5620198090877182,1
3-end RNA-seq,Other immune,18,SCC02_AAAAATAGTGCTAAGT,perturbation_score_euclidean,Euclidean score,1.5620198090877182,2
3-end RNA-seq,Other immune,18,SCC02_AAAAATATGGGAGTAA,perturbation_score_euclidean,Euclidean score,1.5620198090877182,3
3-end RNA-seq,Other immune,18,SCC02_AAAAGAACCTGACCTT,perturbation_score_euclidean,Euclidean score,1.5620198090877182,4
3-end RNA-seq,Other immune,18,SCC02_AAAAGCTCCAGTCAGT,perturbation_score_euclidean,Euclidean score,1.5620198090877182,5
3-end RNA-seq,Other immune,18,SCC02_AAAATTCCTCACCTTT,perturbation_score_euclidean,Euclidean score,1.5620198090877182,6
3-end RNA-seq,Other immune,18,SCC02_AAAATTTGTCCTTGCC,perturbation_score_euclidean,Euclidean score,1.5620198090877182,7
3-end RNA-seq,Other immune,18,SCC02_AAACAATCCAGGAGCA,perturbation_score_euclidean,Euclidean score,1.5620198090877182,8
3-end RNA-seq,Other immune,18,SCC02_AAACAGATACCTCGGA,perturbation_score_euclidean,Euclidean score,1.5620198090877182,9
3-end RNA-seq,Other immune,18,SCC02_AAACATTGGTTCTAAA,perturbation_score_euclidean,Euclidean score,1.5620198090877182,10
3-end RNA-seq,Other immune,18,SCC02_AAACTTGTTAAACGAC,perturbation_score_euclidean,Euclidean score,1.5620198090877182,11
3-end RNA-seq,Other immune,18,SCC02_AAAGATCTGCCAGGCG,perturbation_score_euclidean,Euclidean score,1.5620198090877182,12
3-end RNA-seq,Other immune,18,SCC02_AAAGCAAGAGAGAACC,perturbation_score_euclidean,Euclidean score,1.5620198090877182,13
3-end RNA-seq,Other immune,18,SCC02_AAAGCAGAACCGGCGT,perturbation_score_euclidean,Euclidean score,1.5620198090877182,14
3-end RNA-seq,Other immune,18,SCC02_AAAGCGTCTAACAACC,perturbation_score_euclidean,Euclidean score,1.5620198090877182,15
3-end RNA-seq,Other immune,18,SCC02_AAAGGGAACCGTCTGC,perturbation_score_euclidean,Euclidean score,1.5620198090877182,16
3-end RNA-seq,Other immune,18,SCC02_AAATCCCCGCGTATAG,perturbation_score_euclidean,Euclidean score,1.5620198090877182,17
3-end RNA-seq,Other immune,18,SCC02_AAATCCGAGAAATGAC,perturbation_score_euclidean,Euclidean score,1.5620198090877182,18
3-end RNA-seq,Other immune,18,SCC02_AAATCTCTGGGGGGAG,perturbation_score_euclidean,Euclidean score,1.5620198090877182,19
3-end RNA-seq,Other immune,18,SCC02_AAATGTACGCAGAGGA,perturbation_score_euclidean,Euclidean score,1.5620198090877182,20
3-end RNA-seq,Other immune,18,SCC02_AAATTGCGCTTCATGG,perturbation_score_euclidean,Euclidean score,1.5620198090877182,21
3-end RNA-seq,Other immune,18,SCC02_AAATTGGGATGGTCTC,perturbation_score_euclidean,Euclidean score,1.5620198090877182,22
3-end RNA-seq,Other immune,18,SCC02_AAATTGTTGCGACTCG,perturbation_score_euclidean,Euclidean score,1.5620198090877182,23
3-end RNA-seq,Other immune,18,SCC02_AAATTTTCAAATGCCG,perturbation_score_euclidean,Euclidean score,1.5620198090877182,24
3-end RNA-seq,Other immune,18,SCC02_AACAAGTAAGGGTGAT,perturbation_score_euclidean,Euclidean score,1.5620198090877182,25
3-end RNA-seq,Other immune,18,SCC02_AACACTACACCGGAGC,perturbation_score_euclidean,Euclidean score,1.5620198090877182,26
3-end RNA-seq,Other immune,18,SCC02_AACACTTTTATGTTTC,perturbation_score_euclidean,Euclidean score,1.5620198090877182,27
3-end RNA-seq,Other immune,18,SCC02_AACAGTAAATGGGGAG,perturbation_score_euclidean,Euclidean score,1.5620198090877182,28
3-end RNA-seq,Other immune,18,SCC02_AACATCTTTTCAGTTC,perturbation_score_euclidean,Euclidean score,1.5620198090877182,29
3-end RNA-seq,Other immune,18,SCC02_AACATGCTCTAGTCCT,perturbation_score_euclidean,Euclidean score,1.5620198090877182,30
3-end RNA-seq,Other immune,18,AK02_AAAGCCTCAGGTCCGC,perturbation_score_euclidean,Euclidean score,1.5620198090877182,31
3-end RNA-seq,Other immune,18,AK02_AAATTGTGTACCGGCT,perturbation_score_euclidean,Euclidean score,1.5620198090877182,32
3-end RNA-seq,Adnexal epithelial,16,AK02_AAAAAAACCTCACTGC,perturbation_score_euclidean,Euclidean score,5.145397745266865,1
3-end RNA-seq,Adnexal epithelial,16,AK01_AACACGCCCGCCGGTC,perturbation_score_euclidean,Euclidean score,4.653619512456557,2
3-end RNA-seq,Adnexal epithelial,16,AK02_AAAGCGTTCGGACCGC,perturbation_score_euclidean,Euclidean score,4.543966121136131,3
3-end RNA-seq,Adnexal epithelial,16,AK02_AAACCGCCCTGCAGAC,perturbation_score_euclidean,Euclidean score,4.5306310669597885,4
3-end RNA-seq,Adnexal epithelial,16,AK01_AAAATCATATACAGGC,perturbation_score_euclidean,Euclidean score,4.518246501575585,5
3-end RNA-seq,Adnexal epithelial,16,AK01_AAAGACATGCCTACAG,perturbation_score_euclidean,Euclidean score,4.5177919204140125,6
3-end RNA-seq,Adnexal epithelial,16,AK02_AAACGCAAGCCATACT,perturbation_score_euclidean,Euclidean score,4.517005462278865,7
3-end RNA-seq,Adnexal epithelial,16,AK02_AACATAATACAAAGTC,perturbation_score_euclidean,Euclidean score,4.517005462278865,8
3-end RNA-seq,Adnexal epithelial,16,AK02_AAATCTGGCACCAGAA,perturbation_score_euclidean,Euclidean score,4.5051522396990675,9
3-end RNA-seq,Adnexal epithelial,16,AK01_AACAACACCTAGAGTG,perturbation_score_euclidean,Euclidean score,4.492421121893514,10
3-end RNA-seq,Adnexal epithelial,16,AK02_AAAAGGTCTACTACGG,perturbation_score_euclidean,Euclidean score,4.460229796300623,11
3-end RNA-seq,Adnexal epithelial,16,AK02_AAAATAAATTTTGTGC,perturbation_score_euclidean,Euclidean score,4.456384220359751,12
3-end RNA-seq,Adnexal epithelial,16,AK02_AAATTCGATTCGAGCA,perturbation_score_euclidean,Euclidean score,4.456384220359751,13
3-end RNA-seq,Adnexal epithelial,16,AK02_AAACAACTTATGCGGT,perturbation_score_euclidean,Euclidean score,4.390545373158989,14
3-end RNA-seq,Adnexal epithelial,16,AK02_AAAGTCCGGGAAGACG,perturbation_score_euclidean,Euclidean score,4.356325620732248,15
3-end RNA-seq,Adnexal epithelial,16,AK01_AAATTGGCCCTTATAA,perturbation_score_euclidean,Euclidean score,4.306298525334071,16
3-end RNA-seq,Adnexal epithelial,16,AK01_AACCAAATTGGACTGT,perturbation_score_euclidean,Euclidean score,4.306298525334071,17
3-end RNA-seq,Adnexal epithelial,16,AK01_AACATAGAAAGTAATC,perturbation_score_euclidean,Euclidean score,4.278709766717322,18
3-end RNA-seq,Adnexal epithelial,16,AK02_AAAGATCGTTAAGAGT,perturbation_score_euclidean,Euclidean score,4.27519011995294,19
3-end RNA-seq,Adnexal epithelial,16,AK02_AAAATTGAGTGTAGCT,perturbation_score_euclidean,Euclidean score,4.2710850197113395,20
3-end RNA-seq,Adnexal epithelial,16,AK02_AAAACGGTGAAACTCG,perturbation_score_euclidean,Euclidean score,4.264468497813392,21
3-end RNA-seq,Adnexal epithelial,16,AK01_AAAACTAATCTTCCCG,perturbation_score_euclidean,Euclidean score,4.264468497813392,22
3-end RNA-seq,Adnexal epithelial,16,AK02_AAAGGTGTAAGTAAGA,perturbation_score_euclidean,Euclidean score,4.241251663336378,23
3-end RNA-seq,Adnexal epithelial,16,AK01_AAACTGATCGATCCTC,perturbation_score_euclidean,Euclidean score,4.223022039451315,24
3-end RNA-seq,Adnexal epithelial,16,AK01_AAATTCCATCTTTATA,perturbation_score_euclidean,Euclidean score,4.223022039451315,25
3-end RNA-seq,Adnexal epithelial,16,AK02_AACATTGTATCAGTCA,perturbation_score_euclidean,Euclidean score,4.217113654840674,26
3-end RNA-seq,Adnexal epithelial,16,AK02_AAAGGGCATTTTAGAG,perturbation_score_euclidean,Euclidean score,4.208990675136849,27
3-end RNA-seq,Adnexal epithelial,16,AK01_AAAGGTGGGATGAGGA,perturbation_score_euclidean,Euclidean score,4.208830140008828,28
3-end RNA-seq,Adnexal epithelial,16,AK02_AAACGTAACTGTCGAA,perturbation_score_euclidean,Euclidean score,4.196950550459922,29
3-end RNA-seq,Adnexal epithelial,16,AK02_AAATGCAGCTAACATA,perturbation_score_euclidean,Euclidean score,4.193571086150998,30
3-end RNA-seq,Adnexal epithelial,16,AK01_AACACCGTACGATTTT,perturbation_score_euclidean,Euclidean score,4.17854058502126,31
3-end RNA-seq,Adnexal epithelial,16,AK02_AAATCTAGTCAATAGG,perturbation_score_euclidean,Euclidean score,4.1721299396287685,32
3-end RNA-seq,Adnexal epithelial,16,AK02_AAATGACCATACGGTC,perturbation_score_euclidean,Euclidean score,4.1705480068194385,33
3-end RNA-seq,Adnexal epithelial,16,AK02_AAAGCAAGGTTCATTT,perturbation_score_euclidean,Euclidean score,4.157010281356117,34
3-end RNA-seq,Adnexal epithelial,16,AK01_AACATGTACCTTTCCC,perturbation_score_euclidean,Euclidean score,4.149370398998318,35
3-end RNA-seq,Adnexal epithelial,16,AK02_AACCAAAGCACCTTCT,perturbation_score_euclidean,Euclidean score,4.145698123831428,36
3-end RNA-seq,Adnexal epithelial,16,AK01_AAATCCTATCGAATAA,perturbation_score_euclidean,Euclidean score,4.144654041353718,37
3-end RNA-seq,Adnexal epithelial,16,AK02_AACACGAGATCGCCTT,perturbation_score_euclidean,Euclidean score,4.14247141518332,38
3-end RNA-seq,Adnexal epithelial,16,AK02_AAACTATACCCTAGGT,perturbation_score_euclidean,Euclidean score,4.1360282116257405,39
3-end RNA-seq,Adnexal epithelial,16,AK01_AAAACACTGGGGTATA,perturbation_score_euclidean,Euclidean score,4.131988048719449,40
3-end RNA-seq,Adnexal epithelial,16,AK01_AAAACGAAGTGCCGAA,perturbation_score_euclidean,Euclidean score,4.131988048719449,41
3-end RNA-seq,Adnexal epithelial,16,AK01_AAAATCAAGGCTGAAC,perturbation_score_euclidean,Euclidean score,4.131988048719449,42
3-end RNA-seq,Adnexal epithelial,16,AK02_AACCAAAGGAACTGAA,perturbation_score_euclidean,Euclidean score,4.116225523346972,43
3-end RNA-seq,Adnexal epithelial,16,AK01_AAACTTTAACTCATTC,perturbation_score_euclidean,Euclidean score,4.111485217005974,44
3-end RNA-seq,Adnexal epithelial,16,AK01_AAAGACGTCCTGCTGC,perturbation_score_euclidean,Euclidean score,4.111288892143013,45
3-end RNA-seq,Adnexal epithelial,16,AK02_AACATATCACGACAGC,perturbation_score_euclidean,Euclidean score,4.100157817084919,46
3-end RNA-seq,Adnexal epithelial,16,AK02_AAACCTATTATCGGTC,perturbation_score_euclidean,Euclidean score,4.100027256697673,47
3-end RNA-seq,Adnexal epithelial,16,AK01_AAACGACGGTATTAGT,perturbation_score_euclidean,Euclidean score,4.099070357841319,48
3-end RNA-seq,Adnexal epithelial,16,AK02_AAAGATAAAAAGAACC,perturbation_score_euclidean,Euclidean score,4.0822690485315345,49
3-end RNA-seq,Adnexal epithelial,16,AK01_AAAGGACTTTCTGTCC,perturbation_score_euclidean,Euclidean score,4.061425010084832,50
3-end RNA-seq,Adnexal epithelial,16,AK02_AAAGCTCACTCTTCTG,perturbation_score_euclidean,Euclidean score,4.055224859512165,51
3-end RNA-seq,Adnexal epithelial,16,AK02_AAAACTTGGCTCCTGC,perturbation_score_euclidean,Euclidean score,4.047630507113023,52
3-end RNA-seq,Adnexal epithelial,16,AK02_AAATAGGGTACCGGCC,perturbation_score_euclidean,Euclidean score,4.041913484088146,53
3-end RNA-seq,Adnexal epithelial,16,AK02_AAATTATAAGAATGGG,perturbation_score_euclidean,Euclidean score,4.030011815764694,54
3-end RNA-seq,Adnexal epithelial,16,AK02_AAATGATGAGGCCTAT,perturbation_score_euclidean,Euclidean score,4.029227840511525,55
3-end RNA-seq,Adnexal epithelial,16,AK01_AAAATTACGGGAAGGT,perturbation_score_euclidean,Euclidean score,4.021769377878785,56
3-end RNA-seq,Adnexal epithelial,16,AK02_AACATTGTCCCCCATT,perturbation_score_euclidean,Euclidean score,3.9990783966977497,57
3-end RNA-seq,Adnexal epithelial,16,AK01_AAATGACTGATGTGCG,perturbation_score_euclidean,Euclidean score,3.9970129607873384,58
3-end RNA-seq,Adnexal epithelial,16,AK01_AAAGTCTGCTTTACTG,perturbation_score_euclidean,Euclidean score,3.9962637675892507,59
3-end RNA-seq,Adnexal epithelial,16,AK02_AAATCTTGCCGATTCC,perturbation_score_euclidean,Euclidean score,3.994165932478384,60
3-end RNA-seq,Adnexal epithelial,16,AK02_AAAACCCCTGTTCAAG,perturbation_score_euclidean,Euclidean score,3.9932740833047986,61
3-end RNA-seq,Adnexal epithelial,16,AK01_AAAGTGCATCTGATGG,perturbation_score_euclidean,Euclidean score,3.989493838013882,62
3-end RNA-seq,Adnexal epithelial,16,AK01_AAAATTCAACTCAGCT,perturbation_score_euclidean,Euclidean score,3.9843296678579585,63
3-end RNA-seq,Adnexal epithelial,16,AK01_AAACCCAATACTGGGT,perturbation_score_euclidean,Euclidean score,3.973747760999241,64
3-end RNA-seq,Adnexal epithelial,16,AK02_AAATATTCTTAAAGCT,perturbation_score_euclidean,Euclidean score,3.973287116044317,65
3-end RNA-seq,Adnexal epithelial,16,AK01_AAATATCGGGTCTGAT,perturbation_score_euclidean,Euclidean score,3.972996929670608,66
3-end RNA-seq,Adnexal epithelial,16,AK01_AACAGGTGCCCCATAC,perturbation_score_euclidean,Euclidean score,3.972170140554173,67
3-end RNA-seq,Adnexal epithelial,16,AK01_AAATGCGCTTCAGGTA,perturbation_score_euclidean,Euclidean score,3.967095889416366,68
3-end RNA-seq,Adnexal epithelial,16,AK02_AAACGAGCTTCGGGCG,perturbation_score_euclidean,Euclidean score,3.965631024473034,69
3-end RNA-seq,Adnexal epithelial,16,AK01_AAAGCGGCTGATACCA,perturbation_score_euclidean,Euclidean score,3.9647089583091506,70
3-end RNA-seq,Adnexal epithelial,16,AK02_AAATTGGTAGCACATT,perturbation_score_euclidean,Euclidean score,3.963182238171755,71
3-end RNA-seq,Adnexal epithelial,16,AK02_AAATCAGACGACACGG,perturbation_score_euclidean,Euclidean score,3.9626064665685545,72
3-end RNA-seq,Adnexal epithelial,16,AK01_AAATACCTGCAAACTC,perturbation_score_euclidean,Euclidean score,3.9618132462816926,73
3-end RNA-seq,Adnexal epithelial,16,AK01_AAAAACTGCCATCCCT,perturbation_score_euclidean,Euclidean score,3.959979587174526,74
3-end RNA-seq,Adnexal epithelial,16,AK02_AAATCGTCGAGACCAG,perturbation_score_euclidean,Euclidean score,3.959904668351186,75
3-end RNA-seq,Adnexal epithelial,16,AK01_AAATCACGCAATAACC,perturbation_score_euclidean,Euclidean score,3.958803409605511,76
3-end RNA-seq,Adnexal epithelial,16,AK02_AAACATGTGCTCTCGA,perturbation_score_euclidean,Euclidean score,3.9503010625360733,77
3-end RNA-seq,Adnexal epithelial,16,AK02_AAAGTCTGCCAACTTG,perturbation_score_euclidean,Euclidean score,3.9470563710738706,78
3-end RNA-seq,Adnexal epithelial,16,AK02_AACAGATATACTATCT,perturbation_score_euclidean,Euclidean score,3.94664035386922,79
3-end RNA-seq,Adnexal epithelial,16,AK01_AAAGACGCTCACACTT,perturbation_score_euclidean,Euclidean score,3.941664866475479,80
3-end RNA-seq,Adnexal epithelial,16,AK01_AAAAGTTGTTACGTAG,perturbation_score_euclidean,Euclidean score,3.9403352700695975,81
3-end RNA-seq,Adnexal epithelial,16,AK01_AAAGGCACTGCTAAGA,perturbation_score_euclidean,Euclidean score,3.9402778869772526,82
3-end RNA-seq,Adnexal epithelial,16,AK01_AAATGTTAGTACATCC,perturbation_score_euclidean,Euclidean score,3.940152571549089,83
3-end RNA-seq,Adnexal epithelial,16,AK02_AAACATACCGCGGCTG,perturbation_score_euclidean,Euclidean score,3.9385190260443013,84
3-end RNA-seq,Adnexal epithelial,16,AK01_AAATGGTGGAAGTCTC,perturbation_score_euclidean,Euclidean score,3.937801814675154,85
3-end RNA-seq,Adnexal epithelial,16,AK01_AAAATTGCTTCGAATA,perturbation_score_euclidean,Euclidean score,3.9286350891371185,86
3-end RNA-seq,Adnexal epithelial,16,AK01_AAAGGCCTAGTACCAG,perturbation_score_euclidean,Euclidean score,3.9141888635244935,87
3-end RNA-seq,Adnexal epithelial,16,AK02_AACACTGGATAAGCGT,perturbation_score_euclidean,Euclidean score,3.9119291833161127,88
3-end RNA-seq,Adnexal epithelial,16,AK01_AAAATCGCAGCACCAG,perturbation_score_euclidean,Euclidean score,3.9093390632475575,89
3-end RNA-seq,Adnexal epithelial,16,AK01_AAAAAACCCCCAGGAA,perturbation_score_euclidean,Euclidean score,3.9086989903018976,90
3-end RNA-seq,Adnexal epithelial,16,AK01_AAATCAACCTTGATAG,perturbation_score_euclidean,Euclidean score,3.9086963519450686,91
3-end RNA-seq,Adnexal epithelial,16,AK01_AAAACACCGTCGTCTG,perturbation_score_euclidean,Euclidean score,3.9077108957043194,92
3-end RNA-seq,Adnexal epithelial,16,AK02_AAAAGACTGTCGTGAC,perturbation_score_euclidean,Euclidean score,3.907487155178433,93
3-end RNA-seq,Adnexal epithelial,16,AK02_AAAATCCACGGGTCAC,perturbation_score_euclidean,Euclidean score,3.9068411802327847,94
3-end RNA-seq,Adnexal epithelial,16,AK01_AAAATTAGCCATTCTA,perturbation_score_euclidean,Euclidean score,3.904724363182382,95
3-end RNA-seq,Adnexal epithelial,16,AK02_AAAGCAACCATAAGCT,perturbation_score_euclidean,Euclidean score,3.9027822771214606,96
3-end RNA-seq,Adnexal epithelial,16,AK02_AAAAGCCAATAATTCT,perturbation_score_euclidean,Euclidean score,3.9012973750616404,97
3-end RNA-seq,Adnexal epithelial,16,AK02_AAAAGTCCGACATCAG,perturbation_score_euclidean,Euclidean score,3.892927622888252,98
3-end RNA-seq,Adnexal epithelial,16,AK01_AAACCGCTTTACGATT,perturbation_score_euclidean,Euclidean score,3.8922355910925224,99
3-end RNA-seq,Adnexal epithelial,16,AK02_AAAATCTCGGCACGCT,perturbation_score_euclidean,Euclidean score,3.8913351884171985,100
3-end RNA-seq,Adnexal epithelial,16,AK02_AAAGACGGACACCGCT,perturbation_score_euclidean,Euclidean score,3.89063628906118,101
3-end RNA-seq,Adnexal epithelial,16,AK02_AAAGGACAGGGTCACC,perturbation_score_euclidean,Euclidean score,3.8881599365942643,102
3-end RNA-seq,Adnexal epithelial,16,AK02_AAAATCACCTATGTAT,perturbation_score_euclidean,Euclidean score,3.887864916492787,103
3-end RNA-seq,Adnexal epithelial,16,AK02_AAATCTGGGTGGCTAT,perturbation_score_euclidean,Euclidean score,3.884725024223819,104
3-end RNA-seq,Adnexal epithelial,16,AK01_AAAATCAGTTGTAAGG,perturbation_score_euclidean,Euclidean score,3.8810007597922063,105
3-end RNA-seq,Adnexal epithelial,16,AK02_AAACACGGACACAATT,perturbation_score_euclidean,Euclidean score,3.8795157068546287,106
3-end RNA-seq,Adnexal epithelial,16,AK02_AAAATCTACCCTGACG,perturbation_score_euclidean,Euclidean score,3.876469939156983,107
3-end RNA-seq,Adnexal epithelial,16,AK01_AAACGATGGATACTCC,perturbation_score_euclidean,Euclidean score,3.8754144671730066,108
3-end RNA-seq,Adnexal epithelial,16,AK02_AAAGGAGCATGATGTT,perturbation_score_euclidean,Euclidean score,3.8715993179808774,109
3-end RNA-seq,Adnexal epithelial,16,AK02_AACAAAAGCATTATCA,perturbation_score_euclidean,Euclidean score,3.871184391592365,110
3-end RNA-seq,Adnexal epithelial,16,AK01_AAAGGCAGTGTGGTTG,perturbation_score_euclidean,Euclidean score,3.8685872523335805,111
3-end RNA-seq,Adnexal epithelial,16,AK02_AAAGAGTTAAGTAGGA,perturbation_score_euclidean,Euclidean score,3.866781145774458,112
3-end RNA-seq,Adnexal epithelial,16,AK01_AAATCCTGAATCAGAA,perturbation_score_euclidean,Euclidean score,3.8630190710054757,113
3-end RNA-seq,Adnexal epithelial,16,AK02_AAATCAGCAACTATAT,perturbation_score_euclidean,Euclidean score,3.8615382894926804,114
3-end RNA-seq,Adnexal epithelial,16,AK02_AAACATCAACACTCGG,perturbation_score_euclidean,Euclidean score,3.858884351882807,115
3-end RNA-seq,Adnexal epithelial,16,AK02_AAAAGTTAATCGGAAT,perturbation_score_euclidean,Euclidean score,3.8578189061952113,116
3-end RNA-seq,Adnexal epithelial,16,AK02_AACAAGGAACGGCTTA,perturbation_score_euclidean,Euclidean score,3.8574037773786607,117
3-end RNA-seq,Adnexal epithelial,16,AK02_AAATCTCACGATGCCT,perturbation_score_euclidean,Euclidean score,3.8565691513993428,118
3-end RNA-seq,Adnexal epithelial,16,AK02_AACAATCGCCAGAGGC,perturbation_score_euclidean,Euclidean score,3.855597077233131,119
3-end RNA-seq,Adnexal epithelial,16,AK01_AAAGGGTTGGTACTCC,perturbation_score_euclidean,Euclidean score,3.852709128888307,120
3-end RNA-seq,Adnexal epithelial,16,AK02_AAAACGGGGGATTGCC,perturbation_score_euclidean,Euclidean score,3.8522061146967794,121
3-end RNA-seq,Adnexal epithelial,16,AK02_AAAACCCTAGAGTCTA,perturbation_score_euclidean,Euclidean score,3.8494426598408467,122
3-end RNA-seq,Adnexal epithelial,16,AK02_AAAGTTGTACATGTCA,perturbation_score_euclidean,Euclidean score,3.8492491007551455,123
3-end RNA-seq,Adnexal epithelial,16,AK01_AAACCTAATCCGGTAC,perturbation_score_euclidean,Euclidean score,3.848761639920191,124
3-end RNA-seq,Adnexal epithelial,16,AK02_AAATGGGGAGATGAGG,perturbation_score_euclidean,Euclidean score,3.84838601972058,125
3-end RNA-seq,Adnexal epithelial,16,AK01_AAAAAACTTCCCAACG,perturbation_score_euclidean,Euclidean score,3.847546941649969,126
3-end RNA-seq,Adnexal epithelial,16,AK02_AAAAAATCAAATTTGT,perturbation_score_euclidean,Euclidean score,3.8438614243436806,127
3-end RNA-seq,Adnexal epithelial,16,AK02_AAATTTCTGCTATTCT,perturbation_score_euclidean,Euclidean score,3.8423256595338224,128
3-end RNA-seq,Adnexal epithelial,16,AK01_AAAGGGGAGACAAAGC,perturbation_score_euclidean,Euclidean score,3.8418054958759957,129
3-end RNA-seq,Adnexal epithelial,16,AK01_AACAGCCAGGAGCTCG,perturbation_score_euclidean,Euclidean score,3.8400998579699137,130
3-end RNA-seq,Adnexal epithelial,16,AK02_AACAGAAGTAGTCTAC,perturbation_score_euclidean,Euclidean score,3.835450662629934,131
3-end RNA-seq,Adnexal epithelial,16,AK02_AAAAAGCATCCGCGAA,perturbation_score_euclidean,Euclidean score,3.8314364379094674,132
3-end RNA-seq,Adnexal epithelial,16,AK02_AAAGCCACCGTGCGCT,perturbation_score_euclidean,Euclidean score,3.8279921896955957,133
3-end RNA-seq,Adnexal epithelial,16,AK01_AAATAGAGGGGCGCTT,perturbation_score_euclidean,Euclidean score,3.8274018032702077,134
3-end RNA-seq,Adnexal epithelial,16,AK02_AAAACTGCGGTACTGT,perturbation_score_euclidean,Euclidean score,3.8241927389686863,135
3-end RNA-seq,Adnexal epithelial,16,AK02_AAATCGGTTCGACATA,perturbation_score_euclidean,Euclidean score,3.822057203500788,136
3-end RNA-seq,Adnexal epithelial,16,AK02_AAATTGCATTGAAATT,perturbation_score_euclidean,Euclidean score,3.816477642229001,137
3-end RNA-seq,Adnexal epithelial,16,AK01_AAACATATGGTGGCCC,perturbation_score_euclidean,Euclidean score,3.8164398776230186,138
3-end RNA-seq,Adnexal epithelial,16,AK02_AAACCGCCGCGCCCCG,perturbation_score_euclidean,Euclidean score,3.815590446113593,139
3-end RNA-seq,Adnexal epithelial,16,AK01_AAAGCAAACTCTTCAG,perturbation_score_euclidean,Euclidean score,3.8148030204162646,140
3-end RNA-seq,Adnexal epithelial,16,AK01_AAAAGCCAAGGATACA,perturbation_score_euclidean,Euclidean score,3.810263142047776,141
3-end RNA-seq,Adnexal epithelial,16,AK02_AAACACAGTTTGCTCC,perturbation_score_euclidean,Euclidean score,3.808968564053553,142
3-end RNA-seq,Adnexal epithelial,16,AK02_AAATCTTCGACTTCCA,perturbation_score_euclidean,Euclidean score,3.8087651745477062,143
3-end RNA-seq,Adnexal epithelial,16,AK02_AAATATTTTCTCTGAA,perturbation_score_euclidean,Euclidean score,3.8068636587875413,144
3-end RNA-seq,Adnexal epithelial,16,AK02_AAAAACCATCCTACCT,perturbation_score_euclidean,Euclidean score,3.803382708185727,145
3-end RNA-seq,Adnexal epithelial,16,AK02_AAATATTGTTGGGTGG,perturbation_score_euclidean,Euclidean score,3.8024006481500443,146
3-end RNA-seq,Adnexal epithelial,16,AK02_AAACTTGATATCTAAT,perturbation_score_euclidean,Euclidean score,3.8021686122453158,147
3-end RNA-seq,Adnexal epithelial,16,AK02_AACATTAGATTCGAGA,perturbation_score_euclidean,Euclidean score,3.801718815816096,148
3-end RNA-seq,Adnexal epithelial,16,AK01_AAATACTAGCTTGGAG,perturbation_score_euclidean,Euclidean score,3.8008903253079667,149
3-end RNA-seq,Adnexal epithelial,16,AK01_AAAGCCGCTGCAGAAC,perturbation_score_euclidean,Euclidean score,3.7978482591875076,150
3-end RNA-seq,Adnexal epithelial,16,AK02_AAAGTATTCAAAACGT,perturbation_score_euclidean,Euclidean score,3.795751554489159,151
3-end RNA-seq,Adnexal epithelial,16,AK02_AAAAGGTTATTATGGC,perturbation_score_euclidean,Euclidean score,3.795427412742339,152
3-end RNA-seq,Adnexal epithelial,16,AK02_AAAAAGACTCCTGCCG,perturbation_score_euclidean,Euclidean score,3.7952253187545075,153
3-end RNA-seq,Adnexal epithelial,16,AK01_AAAGCGCTGTAATTCT,perturbation_score_euclidean,Euclidean score,3.7925331631298063,154
3-end RNA-seq,Adnexal epithelial,16,AK02_AAACTGCGTAGTCGTA,perturbation_score_euclidean,Euclidean score,3.7881137762112767,155
3-end RNA-seq,Adnexal epithelial,16,AK02_AACAGCGAATCAAAAG,perturbation_score_euclidean,Euclidean score,3.787663914044774,156
3-end RNA-seq,Adnexal epithelial,16,AK01_AAATCTGAGGGAGTGA,perturbation_score_euclidean,Euclidean score,3.7872202643727015,157
3-end RNA-seq,Adnexal epithelial,16,AK01_AAAAGGCTAATCTCTC,perturbation_score_euclidean,Euclidean score,3.7846525681399172,158
3-end RNA-seq,Adnexal epithelial,16,AK02_AAAAGTGTTCCTGAGA,perturbation_score_euclidean,Euclidean score,3.7818912857207967,159
3-end RNA-seq,Adnexal epithelial,16,AK01_AACAGCATGTACATTC,perturbation_score_euclidean,Euclidean score,3.780184210313651,160
3-end RNA-seq,Adnexal epithelial,16,AK01_AAATTACAATATCTTG,perturbation_score_euclidean,Euclidean score,3.7796829804799588,161
3-end RNA-seq,Adnexal epithelial,16,AK02_AAAGTGTCCCGTTATT,perturbation_score_euclidean,Euclidean score,3.779416380941094,162
3-end RNA-seq,Adnexal epithelial,16,AK01_AACATTTTTGGGAAAA,perturbation_score_euclidean,Euclidean score,3.777517026296802,163
3-end RNA-seq,Adnexal epithelial,16,AK02_AAATGTGATCTGTCGT,perturbation_score_euclidean,Euclidean score,3.7773949043114445,164
3-end RNA-seq,Adnexal epithelial,16,AK01_AAACCACGACAGCGCC,perturbation_score_euclidean,Euclidean score,3.77453242184059,165
3-end RNA-seq,Adnexal epithelial,16,AK02_AAATACAACAGAAATA,perturbation_score_euclidean,Euclidean score,3.7725582416642833,166
3-end RNA-seq,Adnexal epithelial,16,AK02_AAAAGGCTTTGTCACC,perturbation_score_euclidean,Euclidean score,3.769539746592967,167
3-end RNA-seq,Adnexal epithelial,16,AK02_AAACCACCTAGTATAC,perturbation_score_euclidean,Euclidean score,3.769539746592967,168
3-end RNA-seq,Adnexal epithelial,16,AK02_AAAGGCTAACGCGTCT,perturbation_score_euclidean,Euclidean score,3.769539746592967,169
3-end RNA-seq,Adnexal epithelial,16,AK02_AAATAATGTAGCGCGT,perturbation_score_euclidean,Euclidean score,3.769539746592967,170
3-end RNA-seq,Adnexal epithelial,16,AK02_AAATTCAAAGATAAAT,perturbation_score_euclidean,Euclidean score,3.769539746592967,171
3-end RNA-seq,Adnexal epithelial,16,AK02_AACACACCTCTACCAA,perturbation_score_euclidean,Euclidean score,3.769539746592967,172
3-end RNA-seq,Adnexal epithelial,16,AK01_AACAGTTCCCTCTTAT,perturbation_score_euclidean,Euclidean score,3.765389203933141,173
3-end RNA-seq,Adnexal epithelial,16,AK01_AAATGCGGCCGCAGTG,perturbation_score_euclidean,Euclidean score,3.763964077081582,174
3-end RNA-seq,Adnexal epithelial,16,AK02_AAAGCGAATGGTTAGA,perturbation_score_euclidean,Euclidean score,3.762250088288655,175
3-end RNA-seq,Adnexal epithelial,16,AK02_AAAGATCAAGTGCTGT,perturbation_score_euclidean,Euclidean score,3.758970091797637,176
3-end RNA-seq,Adnexal epithelial,16,AK02_AAATCGGGGCCCTTGA,perturbation_score_euclidean,Euclidean score,3.758787086861643,177
3-end RNA-seq,Adnexal epithelial,16,AK01_AAATAAATAATGTGGC,perturbation_score_euclidean,Euclidean score,3.7581127910969396,178
3-end RNA-seq,Adnexal epithelial,16,AK01_AAATCGTAACACAAGC,perturbation_score_euclidean,Euclidean score,3.752484208388623,179
3-end RNA-seq,Adnexal epithelial,16,AK01_AAATGTAGTAGTACTA,perturbation_score_euclidean,Euclidean score,3.7513825579304547,180
3-end RNA-seq,Adnexal epithelial,16,AK02_AAACCAAAAGAAAAGT,perturbation_score_euclidean,Euclidean score,3.750472416625943,181
3-end RNA-seq,Adnexal epithelial,16,AK01_AAAGCGCCGGAACTTT,perturbation_score_euclidean,Euclidean score,3.74863765221745,182
3-end RNA-seq,Adnexal epithelial,16,AK02_AAAGGTGCTATACAGG,perturbation_score_euclidean,Euclidean score,3.748554458695473,183
3-end RNA-seq,Adnexal epithelial,16,AK01_AAAGGTTTTACTCTGA,perturbation_score_euclidean,Euclidean score,3.7454189599071683,184
3-end RNA-seq,Adnexal epithelial,16,AK02_AAACGAGGTCGGGATA,perturbation_score_euclidean,Euclidean score,3.743730644661097,185
3-end RNA-seq,Adnexal epithelial,16,AK02_AAAGGGACGCCCCGGG,perturbation_score_euclidean,Euclidean score,3.7418672489426172,186
3-end RNA-seq,Adnexal epithelial,16,AK01_AAAAAGGAATTTGGCG,perturbation_score_euclidean,Euclidean score,3.7410860409899036,187
3-end RNA-seq,Adnexal epithelial,16,AK01_AAACACGGTCTTACGG,perturbation_score_euclidean,Euclidean score,3.7408303775542775,188
3-end RNA-seq,Adnexal epithelial,16,AK01_AAATAAGGAGTGCCTG,perturbation_score_euclidean,Euclidean score,3.7396545398783463,189
3-end RNA-seq,Adnexal epithelial,16,AK02_AAAGCACATCAACCCT,perturbation_score_euclidean,Euclidean score,3.738421974395363,190
3-end RNA-seq,Adnexal epithelial,16,AK02_AAAAGTCACCACAGCG,perturbation_score_euclidean,Euclidean score,3.738044160487776,191
3-end RNA-seq,Adnexal epithelial,16,AK01_AAATGTAGGCATTCAG,perturbation_score_euclidean,Euclidean score,3.7379599958993746,192
3-end RNA-seq,Adnexal epithelial,16,AK01_AAAGTGGGGCGAAAAG,perturbation_score_euclidean,Euclidean score,3.7366984062642574,193
3-end RNA-seq,Adnexal epithelial,16,AK02_AACACTCTCTGGCGAT,perturbation_score_euclidean,Euclidean score,3.734708304645701,194
3-end RNA-seq,Adnexal epithelial,16,AK02_AAACGCCAGTACAACA,perturbation_score_euclidean,Euclidean score,3.7346962460147206,195
3-end RNA-seq,Adnexal epithelial,16,AK02_AAACACAATGTCAAAG,perturbation_score_euclidean,Euclidean score,3.7343063176029925,196
3-end RNA-seq,Adnexal epithelial,16,AK02_AACACTAAGAGGAAAC,perturbation_score_euclidean,Euclidean score,3.7340362247775696,197
3-end RNA-seq,Adnexal epithelial,16,AK02_AAAGCCTACTAGAGTT,perturbation_score_euclidean,Euclidean score,3.733598547393574,198
3-end RNA-seq,Adnexal epithelial,16,AK01_AAAGTGAACACGCCCC,perturbation_score_euclidean,Euclidean score,3.7271985983517126,199
3-end RNA-seq,Adnexal epithelial,16,AK01_AAAAGGTTGCCAATTT,perturbation_score_euclidean,Euclidean score,3.7257768721727214,200
3-end RNA-seq,Sebocyte,9,AK02_AAAGATCCTGCGTACT,perturbation_score_euclidean,Euclidean score,3.2383961247160804,1
3-end RNA-seq,Sebocyte,9,AK02_AAAATATAAGGTACAT,perturbation_score_euclidean,Euclidean score,3.0629971463597045,2
3-end RNA-seq,Sebocyte,9,AK02_AAATCACGACGCGAGG,perturbation_score_euclidean,Euclidean score,3.0629971463597045,3
3-end RNA-seq,Sebocyte,9,AK02_AAAGAGACGACTGTTC,perturbation_score_euclidean,Euclidean score,3.055393512118339,4
3-end RNA-seq,Sebocyte,9,AK02_AACCAACCCGTCCGTA,perturbation_score_euclidean,Euclidean score,3.055393512118339,5
3-end RNA-seq,Sebocyte,9,AK02_AAAGGCACCTGGAGAA,perturbation_score_euclidean,Euclidean score,3.012719359450057,6
3-end RNA-seq,Sebocyte,9,AK02_AAATGTTTCCCGGCAG,perturbation_score_euclidean,Euclidean score,2.9350815505229755,7
3-end RNA-seq,Sebocyte,9,AK02_AAATTCAACCTTCGCG,perturbation_score_euclidean,Euclidean score,2.916289636364176,8
3-end RNA-seq,Sebocyte,9,AK02_AACAATTTCGCGAAAA,perturbation_score_euclidean,Euclidean score,2.916289636364176,9
3-end RNA-seq,Sebocyte,9,AK02_AACATTTTCGCGCTTT,perturbation_score_euclidean,Euclidean score,2.916289636364176,10
3-end RNA-seq,Sebocyte,9,AK02_AAACACCAGTATGTCA,perturbation_score_euclidean,Euclidean score,2.9153292346013417,11
3-end RNA-seq,Sebocyte,9,AK02_AAAGTCCGGTTTCTTG,perturbation_score_euclidean,Euclidean score,2.888686149212952,12
3-end RNA-seq,Sebocyte,9,AK02_AAATCTAGAATCCTTT,perturbation_score_euclidean,Euclidean score,2.888686149212952,13
3-end RNA-seq,Sebocyte,9,AK02_AAAGAGTAAACGCGTA,perturbation_score_euclidean,Euclidean score,2.879683331337002,14
3-end RNA-seq,Sebocyte,9,SCC02_AACCAACTCTTTATTC,perturbation_score_euclidean,Euclidean score,2.872615407180182,15
3-end RNA-seq,Sebocyte,9,AK02_AAAATTCTCGCACGCT,perturbation_score_euclidean,Euclidean score,2.872615407180182,16
3-end RNA-seq,Sebocyte,9,AK02_AAACTCGTCGGAGATT,perturbation_score_euclidean,Euclidean score,2.872615407180182,17
3-end RNA-seq,Sebocyte,9,AK02_AAAGACCAAGTTGATG,perturbation_score_euclidean,Euclidean score,2.872615407180182,18
3-end RNA-seq,Sebocyte,9,AK02_AAAGCCGGGCCTCCGT,perturbation_score_euclidean,Euclidean score,2.872615407180182,19
3-end RNA-seq,Sebocyte,9,AK02_AAAGTCTGCCGGGTGA,perturbation_score_euclidean,Euclidean score,2.872615407180182,20
3-end RNA-seq,Sebocyte,9,AK02_AAATCGTCTACGACAG,perturbation_score_euclidean,Euclidean score,2.872615407180182,21
3-end RNA-seq,Sebocyte,9,AK02_AAATCGTTACAGTACC,perturbation_score_euclidean,Euclidean score,2.872615407180182,22
3-end RNA-seq,Sebocyte,9,AK02_AAATCTCCGTCATTTG,perturbation_score_euclidean,Euclidean score,2.872615407180182,23
3-end RNA-seq,Sebocyte,9,AK02_AAATGGGAGCGTATAT,perturbation_score_euclidean,Euclidean score,2.872615407180182,24
3-end RNA-seq,Sebocyte,9,AK02_AAATGTAGGGCCGATG,perturbation_score_euclidean,Euclidean score,2.872615407180182,25
3-end RNA-seq,Sebocyte,9,AK02_AACAGACCGGTACCTT,perturbation_score_euclidean,Euclidean score,2.872615407180182,26
3-end RNA-seq,Sebocyte,9,AK02_AACATCAGTATCGTGA,perturbation_score_euclidean,Euclidean score,2.872615407180182,27
3-end RNA-seq,Sebocyte,9,AK01_AAACTCAATGCTCCGG,perturbation_score_euclidean,Euclidean score,2.872615407180182,28
3-end RNA-seq,Sebocyte,9,AK02_AAAGGCATTGACTACT,perturbation_score_euclidean,Euclidean score,2.852947449650146,29
3-end RNA-seq,Sebocyte,9,AK02_AAAGTTACGTGTTGCA,perturbation_score_euclidean,Euclidean score,2.852947449650146,30
3-end RNA-seq,Sebocyte,9,AK02_AAATCGTTGGTTTCAC,perturbation_score_euclidean,Euclidean score,2.852947449650146,31
3-end RNA-seq,Sebocyte,9,AK02_AACATCAGGCACCCAG,perturbation_score_euclidean,Euclidean score,2.852947449650146,32
3-end RNA-seq,Sebocyte,9,AK02_AAAGCTAGATCACTTC,perturbation_score_euclidean,Euclidean score,2.8450119290458793,33
3-end RNA-seq,Sebocyte,9,AK02_AACATCGAAGCCATCG,perturbation_score_euclidean,Euclidean score,2.7934012363298892,34
3-end RNA-seq,Sebocyte,9,AK02_AAATGAAACCCAATAC,perturbation_score_euclidean,Euclidean score,2.7869165861699012,35
3-end RNA-seq,Sebocyte,9,AK02_AAATCTGAAGCGAGGG,perturbation_score_euclidean,Euclidean score,2.7830131127722946,36
3-end RNA-seq,Sebocyte,9,AK02_AAAATCTACCGCACAT,perturbation_score_euclidean,Euclidean score,2.7749266615289585,37
3-end RNA-seq,Sebocyte,9,AK02_AAACTTCTACTGTGCC,perturbation_score_euclidean,Euclidean score,2.7749266615289585,38
3-end RNA-seq,Sebocyte,9,AK02_AAATTTGAGTCCTGAA,perturbation_score_euclidean,Euclidean score,2.7749266615289585,39
3-end RNA-seq,Sebocyte,9,AK01_AAAGACAGGTTGAGGC,perturbation_score_euclidean,Euclidean score,2.7749266615289585,40
3-end RNA-seq,Sebocyte,9,AK02_AACAATAATAAAGCAC,perturbation_score_euclidean,Euclidean score,2.7727233004716276,41
3-end RNA-seq,Sebocyte,9,AK01_AAAGAGGTCCATATTC,perturbation_score_euclidean,Euclidean score,2.7552447311195114,42
3-end RNA-seq,Sebocyte,9,AK02_AAATGTCAGCTAAGCT,perturbation_score_euclidean,Euclidean score,2.746041532918054,43
3-end RNA-seq,Sebocyte,9,AK02_AAAGGCATGTTACCAA,perturbation_score_euclidean,Euclidean score,2.7303386516153374,44
3-end RNA-seq,Sebocyte,9,AK02_AAACTGAGACATTATG,perturbation_score_euclidean,Euclidean score,2.7281114837774023,45
3-end RNA-seq,Sebocyte,9,AK02_AAACGGGACGGTAGAT,perturbation_score_euclidean,Euclidean score,2.718531543473882,46
3-end RNA-seq,Sebocyte,9,AK02_AAAAACCTTGCGTATG,perturbation_score_euclidean,Euclidean score,2.7149836480336678,47
3-end RNA-seq,Sebocyte,9,AK02_AAAGAAAAATTAGAAT,perturbation_score_euclidean,Euclidean score,2.6896588261323013,48
3-end RNA-seq,Sebocyte,9,AK02_AAAATCCGCATGCCTG,perturbation_score_euclidean,Euclidean score,2.6845609273068485,49
3-end RNA-seq,Sebocyte,9,AK02_AAAATCCGGTCGTGTG,perturbation_score_euclidean,Euclidean score,2.6845609273068485,50
3-end RNA-seq,Sebocyte,9,SCC02_AAAAAAACGGATCCCA,perturbation_score_euclidean,Euclidean score,2.6841510406208453,51
3-end RNA-seq,Sebocyte,9,AK02_AAAAGGCTTAGGGAGA,perturbation_score_euclidean,Euclidean score,2.6810879179197387,52
3-end RNA-seq,Sebocyte,9,AK02_AAATCCTAGGTTCAAG,perturbation_score_euclidean,Euclidean score,2.66147448025312,53
3-end RNA-seq,Sebocyte,9,AK02_AAAATCGGACGAACAG,perturbation_score_euclidean,Euclidean score,2.6613997671822007,54
3-end RNA-seq,Sebocyte,9,AK02_AAAGTCTCGACTATGA,perturbation_score_euclidean,Euclidean score,2.649907832308374,55
3-end RNA-seq,Sebocyte,9,AK02_AAATTGGACAAAATTG,perturbation_score_euclidean,Euclidean score,2.644899943853334,56
3-end RNA-seq,Sebocyte,9,AK02_AAAACAAAGAATCCTC,perturbation_score_euclidean,Euclidean score,2.643167812074257,57
3-end RNA-seq,Sebocyte,9,AK02_AAATCACCACCGGAAT,perturbation_score_euclidean,Euclidean score,2.6387759561101065,58
3-end RNA-seq,Sebocyte,9,AK02_AAACATAATAGCCATA,perturbation_score_euclidean,Euclidean score,2.6382717384393333,59
3-end RNA-seq,Sebocyte,9,AK02_AAAACGATCTCAAATT,perturbation_score_euclidean,Euclidean score,2.6343503427193427,60
3-end RNA-seq,Sebocyte,9,AK02_AAAGCAGGCGACGAAA,perturbation_score_euclidean,Euclidean score,2.630814471668975,61
3-end RNA-seq,Sebocyte,9,AK02_AACATACGTCGACTCC,perturbation_score_euclidean,Euclidean score,2.6302476786243143,62
3-end RNA-seq,Sebocyte,9,AK02_AAAAAGGGCCAAAGGG,perturbation_score_euclidean,Euclidean score,2.626323381354678,63
3-end RNA-seq,Sebocyte,9,AK02_AAAACGCCTATTTTGC,perturbation_score_euclidean,Euclidean score,2.626323381354678,64
3-end RNA-seq,Sebocyte,9,AK02_AAAAGAACATTAGCTC,perturbation_score_euclidean,Euclidean score,2.626323381354678,65
3-end RNA-seq,Sebocyte,9,AK02_AAAATTGTGGTTTTCC,perturbation_score_euclidean,Euclidean score,2.626323381354678,66
3-end RNA-seq,Sebocyte,9,AK02_AAATTTCCTCCTTCGC,perturbation_score_euclidean,Euclidean score,2.6175817541968254,67
3-end RNA-seq,Sebocyte,9,AK02_AAATCTGCCCGGCGGA,perturbation_score_euclidean,Euclidean score,2.617580276101349,68
3-end RNA-seq,Sebocyte,9,AK02_AACAAGTGGCATTTTA,perturbation_score_euclidean,Euclidean score,2.6173927908172168,69
3-end RNA-seq,Sebocyte,9,AK02_AAAACAGTACCACACC,perturbation_score_euclidean,Euclidean score,2.612629191843133,70
3-end RNA-seq,Sebocyte,9,AK02_AAACGCAGGCTAGGAG,perturbation_score_euclidean,Euclidean score,2.6100463468048223,71
3-end RNA-seq,Sebocyte,9,AK02_AAATACCACCGTTTTG,perturbation_score_euclidean,Euclidean score,2.6080160981558755,72
3-end RNA-seq,Sebocyte,9,AK02_AAAAACGTTTTACTTG,perturbation_score_euclidean,Euclidean score,2.606500292032194,73
3-end RNA-seq,Sebocyte,9,AK02_AACAGGAGGGGGCGAG,perturbation_score_euclidean,Euclidean score,2.6015407782787636,74
3-end RNA-seq,Sebocyte,9,AK02_AAAGAACTCTCCATCA,perturbation_score_euclidean,Euclidean score,2.5913471665606753,75
3-end RNA-seq,Sebocyte,9,AK02_AAATTGCTGATAAGGT,perturbation_score_euclidean,Euclidean score,2.585972644394078,76
3-end RNA-seq,Sebocyte,9,AK02_AAACCGGTTTGGCCGT,perturbation_score_euclidean,Euclidean score,2.582800785048125,77
3-end RNA-seq,Sebocyte,9,AK02_AAAGTATAGTTCAGTC,perturbation_score_euclidean,Euclidean score,2.5794793602572623,78
3-end RNA-seq,Sebocyte,9,AK02_AAAAGGCCCCCCCACC,perturbation_score_euclidean,Euclidean score,2.577956601364282,79
3-end RNA-seq,Sebocyte,9,AK02_AAACTAGTCACGGACT,perturbation_score_euclidean,Euclidean score,2.573242025942901,80
3-end RNA-seq,Sebocyte,9,AK02_AAAAGTACGCATCCTT,perturbation_score_euclidean,Euclidean score,2.5664396829661054,81
3-end RNA-seq,Sebocyte,9,AK02_AAATGACCTAGCCCAC,perturbation_score_euclidean,Euclidean score,2.5662265018291324,82
3-end RNA-seq,Sebocyte,9,AK02_AAAGCAAAACCATAGT,perturbation_score_euclidean,Euclidean score,2.562621721012244,83
3-end RNA-seq,Sebocyte,9,AK02_AAAAGCCGGTTGTTGC,perturbation_score_euclidean,Euclidean score,2.5609610327816874,84
3-end RNA-seq,Sebocyte,9,AK02_AACAGGCCGGGGTTGT,perturbation_score_euclidean,Euclidean score,2.5528950433835655,85
3-end RNA-seq,Sebocyte,9,AK02_AAAACCCATTATGTCC,perturbation_score_euclidean,Euclidean score,2.5527987251405913,86
3-end RNA-seq,Sebocyte,9,AK02_AAAGGAGGACTGCAAG,perturbation_score_euclidean,Euclidean score,2.5527987251405913,87
3-end RNA-seq,Sebocyte,9,AK02_AAATTGGTGCTCCTGA,perturbation_score_euclidean,Euclidean score,2.5527987251405913,88
3-end RNA-seq,Sebocyte,9,AK02_AAAAAGCCCCAACCGT,perturbation_score_euclidean,Euclidean score,2.5447279926868736,89
3-end RNA-seq,Sebocyte,9,AK02_AAAAGGGCCAACTAGT,perturbation_score_euclidean,Euclidean score,2.5447279926868736,90
3-end RNA-seq,Sebocyte,9,AK02_AAAGCGCGGCCGATCC,perturbation_score_euclidean,Euclidean score,2.5447279926868736,91
3-end RNA-seq,Sebocyte,9,AK02_AACACGCCGGATTTGG,perturbation_score_euclidean,Euclidean score,2.5447279926868736,92
3-end RNA-seq,Sebocyte,9,AK02_AACATTTATTTCCATC,perturbation_score_euclidean,Euclidean score,2.5447279926868736,93
3-end RNA-seq,Sebocyte,9,AK02_AAACGTTCAACTTTTC,perturbation_score_euclidean,Euclidean score,2.5421118014075437,94
3-end RNA-seq,Sebocyte,9,AK02_AAAGCCTTCAACCTCG,perturbation_score_euclidean,Euclidean score,2.5421118014075437,95
3-end RNA-seq,Sebocyte,9,AK02_AAAGATTATGCAATTT,perturbation_score_euclidean,Euclidean score,2.5393940896123546,96
3-end RNA-seq,Sebocyte,9,AK02_AAACAATAGAGAATAC,perturbation_score_euclidean,Euclidean score,2.535225735528765,97
3-end RNA-seq,Sebocyte,9,AK02_AACAAGTCGCCCTCAC,perturbation_score_euclidean,Euclidean score,2.5344727847856268,98
3-end RNA-seq,Sebocyte,9,AK02_AAAAGAATCATAATTG,perturbation_score_euclidean,Euclidean score,2.5340034110886718,99
3-end RNA-seq,Sebocyte,9,AK02_AAAAATACATCCGATC,perturbation_score_euclidean,Euclidean score,2.5337624134977332,100
3-end RNA-seq,Sebocyte,9,AK02_AAATACAGCTGCCTAT,perturbation_score_euclidean,Euclidean score,2.531000109549207,101
3-end RNA-seq,Sebocyte,9,AK02_AAACTGCCGCAAATGT,perturbation_score_euclidean,Euclidean score,2.5293336268854754,102
3-end RNA-seq,Sebocyte,9,AK02_AAACAGTATGGTGGAT,perturbation_score_euclidean,Euclidean score,2.526845269185744,103
3-end RNA-seq,Sebocyte,9,AK02_AAATAAACTAGGTCCA,perturbation_score_euclidean,Euclidean score,2.526845269185744,104
3-end RNA-seq,Sebocyte,9,AK02_AAATGGACAGAATGCT,perturbation_score_euclidean,Euclidean score,2.526845269185744,105
3-end RNA-seq,Sebocyte,9,AK02_AACAATTTCTAATGAG,perturbation_score_euclidean,Euclidean score,2.526845269185744,106
3-end RNA-seq,Sebocyte,9,AK02_AAACATCGTATGATGG,perturbation_score_euclidean,Euclidean score,2.526388346395744,107
3-end RNA-seq,Sebocyte,9,AK02_AAAACTATAGTCAGTG,perturbation_score_euclidean,Euclidean score,2.521957379958263,108
3-end RNA-seq,Sebocyte,9,AK02_AAATTTGACGCGTGCA,perturbation_score_euclidean,Euclidean score,2.521744588683436,109
3-end RNA-seq,Sebocyte,9,AK02_AAACATGGCGGCGTGC,perturbation_score_euclidean,Euclidean score,2.5210592053497,110
3-end RNA-seq,Sebocyte,9,AK02_AAATGTTTGGCCTAGC,perturbation_score_euclidean,Euclidean score,2.516355091819128,111
3-end RNA-seq,Sebocyte,9,AK02_AAATTTCCCTTGATTT,perturbation_score_euclidean,Euclidean score,2.5145644903693833,112
3-end RNA-seq,Sebocyte,9,AK02_AAATACTCGCGCACGA,perturbation_score_euclidean,Euclidean score,2.5143504906307137,113
3-end RNA-seq,Sebocyte,9,AK02_AAAGACAATTCGAATG,perturbation_score_euclidean,Euclidean score,2.5091791659017724,114
3-end RNA-seq,Sebocyte,9,AK02_AAAGATCCCGTATGGT,perturbation_score_euclidean,Euclidean score,2.506542841049753,115
3-end RNA-seq,Sebocyte,9,AK02_AAACAAACTGCCGCAT,perturbation_score_euclidean,Euclidean score,2.502509164281703,116
3-end RNA-seq,Sebocyte,9,AK02_AAATCGGACTTTCATC,perturbation_score_euclidean,Euclidean score,2.502268708652591,117
3-end RNA-seq,Sebocyte,9,AK02_AAACAAAAATGCAAAC,perturbation_score_euclidean,Euclidean score,2.5005609122066565,118
3-end RNA-seq,Sebocyte,9,AK02_AAAGTGTTACGGCGCA,perturbation_score_euclidean,Euclidean score,2.4987755183621356,119
3-end RNA-seq,Sebocyte,9,AK02_AAAGCTACTGGCTACA,perturbation_score_euclidean,Euclidean score,2.4973364511746503,120
3-end RNA-seq,Sebocyte,9,AK02_AAATTCTATGACTCAA,perturbation_score_euclidean,Euclidean score,2.496642330648033,121
3-end RNA-seq,Sebocyte,9,SCC02_AAACGCTGCGAAACGG,perturbation_score_euclidean,Euclidean score,2.4949725542535255,122
3-end RNA-seq,Sebocyte,9,AK02_AAAACCTTTTTGCAAT,perturbation_score_euclidean,Euclidean score,2.4944710776526713,123
3-end RNA-seq,Sebocyte,9,AK02_AAACCGCTGTCAACTT,perturbation_score_euclidean,Euclidean score,2.4933032112640023,124
3-end RNA-seq,Sebocyte,9,AK02_AAAATCTATGATGCGT,perturbation_score_euclidean,Euclidean score,2.4913337042718497,125
3-end RNA-seq,Sebocyte,9,AK02_AAACTTCATCTGGTTG,perturbation_score_euclidean,Euclidean score,2.4904732267694794,126
3-end RNA-seq,Sebocyte,9,AK02_AAACGAAAACTTAGAA,perturbation_score_euclidean,Euclidean score,2.488338691880952,127
3-end RNA-seq,Sebocyte,9,AK02_AAATTGTGTCCACTAC,perturbation_score_euclidean,Euclidean score,2.486739682807452,128
3-end RNA-seq,Sebocyte,9,AK02_AAATCCTATGCTCCTG,perturbation_score_euclidean,Euclidean score,2.4848706727706595,129
3-end RNA-seq,Sebocyte,9,AK02_AAAGGGACTCGACTCT,perturbation_score_euclidean,Euclidean score,2.483739983436299,130
3-end RNA-seq,Sebocyte,9,AK02_AAACCAATGATCTTGA,perturbation_score_euclidean,Euclidean score,2.4814398294379894,131
3-end RNA-seq,Sebocyte,9,AK02_AAAGGATCAACCTCAG,perturbation_score_euclidean,Euclidean score,2.4728892493592705,132
3-end RNA-seq,Sebocyte,9,AK02_AACCAATTTTCTAAAT,perturbation_score_euclidean,Euclidean score,2.47039396730622,133
3-end RNA-seq,Sebocyte,9,AK02_AAATGTCGATCGTTCG,perturbation_score_euclidean,Euclidean score,2.4703201919583138,134
3-end RNA-seq,Sebocyte,9,AK02_AAATTCCGCAAGTCTC,perturbation_score_euclidean,Euclidean score,2.4703201919583138,135
3-end RNA-seq,Sebocyte,9,AK02_AACACTGGACGACAGC,perturbation_score_euclidean,Euclidean score,2.4703201919583138,136
3-end RNA-seq,Sebocyte,9,SCC02_AAAGGATTTAACGCGT,perturbation_score_euclidean,Euclidean score,2.4680630255778233,137
3-end RNA-seq,Sebocyte,9,AK02_AAAGCTGGATGTCTGT,perturbation_score_euclidean,Euclidean score,2.4644292359966693,138
3-end RNA-seq,Sebocyte,9,AK02_AAAGAAAGAATTCGCC,perturbation_score_euclidean,Euclidean score,2.4616579092495265,139
3-end RNA-seq,Sebocyte,9,AK02_AAATGCCAGTAAAGTT,perturbation_score_euclidean,Euclidean score,2.460757731254421,140
3-end RNA-seq,Sebocyte,9,AK02_AAAAAGGTGCTTGGGG,perturbation_score_euclidean,Euclidean score,2.4594343305526727,141
3-end RNA-seq,Sebocyte,9,AK02_AAAGCTACGAGCTAAT,perturbation_score_euclidean,Euclidean score,2.457430705380714,142
3-end RNA-seq,Sebocyte,9,AK02_AACAATTTATGGACGC,perturbation_score_euclidean,Euclidean score,2.4567603930682425,143
3-end RNA-seq,Sebocyte,9,AK02_AAAAATGCCGATTTCC,perturbation_score_euclidean,Euclidean score,2.4552438252139064,144
3-end RNA-seq,Sebocyte,9,SCC02_AAAGACCGGAACGAGG,perturbation_score_euclidean,Euclidean score,2.453019684381087,145
3-end RNA-seq,Sebocyte,9,SCC02_AAAAGCGTCGATAGCC,perturbation_score_euclidean,Euclidean score,2.452255977351092,146
3-end RNA-seq,Sebocyte,9,AK02_AAAATCGCCGCGTCTT,perturbation_score_euclidean,Euclidean score,2.451981759016874,147
3-end RNA-seq,Sebocyte,9,AK02_AAAAGAGGTGTCCTGC,perturbation_score_euclidean,Euclidean score,2.4519797330663096,148
3-end RNA-seq,Sebocyte,9,AK02_AAAGCGTCTCCTGGGA,perturbation_score_euclidean,Euclidean score,2.451597774905652,149
3-end RNA-seq,Sebocyte,9,AK02_AAAACCGGCAGAACTT,perturbation_score_euclidean,Euclidean score,2.450015687592324,150
3-end RNA-seq,Sebocyte,9,AK02_AACAGTAGAAACGCTG,perturbation_score_euclidean,Euclidean score,2.4498082571825734,151
3-end RNA-seq,Sebocyte,9,AK02_AAATAAGCTAGCAACG,perturbation_score_euclidean,Euclidean score,2.449355328377047,152
3-end RNA-seq,Sebocyte,9,AK02_AAAGAGATCGGTTCAA,perturbation_score_euclidean,Euclidean score,2.4489917041669753,153
3-end RNA-seq,Sebocyte,9,AK02_AAAACTTACTAGTCTG,perturbation_score_euclidean,Euclidean score,2.4484622516101844,154
3-end RNA-seq,Sebocyte,9,AK02_AACACGGCGTTGTTAA,perturbation_score_euclidean,Euclidean score,2.4443630182271354,155
3-end RNA-seq,Sebocyte,9,AK02_AAAGGGATGCATAACA,perturbation_score_euclidean,Euclidean score,2.4443455416702222,156
3-end RNA-seq,Sebocyte,9,AK02_AAAGACACGAGTGATA,perturbation_score_euclidean,Euclidean score,2.4420530738888555,157
3-end RNA-seq,Sebocyte,9,AK02_AACATCTATCAAGGGA,perturbation_score_euclidean,Euclidean score,2.4389575650030872,158
3-end RNA-seq,Sebocyte,9,AK02_AAAGAAAGAGCAGCGG,perturbation_score_euclidean,Euclidean score,2.437851949968687,159
3-end RNA-seq,Sebocyte,9,AK02_AAAATTTATTTTGGTA,perturbation_score_euclidean,Euclidean score,2.437816350306589,160
3-end RNA-seq,Sebocyte,9,AK02_AAAATATCTTTTGAGA,perturbation_score_euclidean,Euclidean score,2.4367105555115827,161
3-end RNA-seq,Sebocyte,9,AK02_AAAGGTTTTATACGGA,perturbation_score_euclidean,Euclidean score,2.4335194698436005,162
3-end RNA-seq,Sebocyte,9,AK02_AAACCTGTCGGGGCTG,perturbation_score_euclidean,Euclidean score,2.433517800058261,163
3-end RNA-seq,Sebocyte,9,AK02_AACATCCTTGAAGCAT,perturbation_score_euclidean,Euclidean score,2.432884993330867,164
3-end RNA-seq,Sebocyte,9,AK02_AAATGTAAAGAACACC,perturbation_score_euclidean,Euclidean score,2.4302800138342633,165
3-end RNA-seq,Sebocyte,9,AK02_AACACTGACCGTATTC,perturbation_score_euclidean,Euclidean score,2.4302800138342633,166
3-end RNA-seq,Sebocyte,9,AK02_AAAGTTGACCGCCTGC,perturbation_score_euclidean,Euclidean score,2.4231557503082346,167
3-end RNA-seq,Sebocyte,9,AK02_AACACTGTCGGTGTAC,perturbation_score_euclidean,Euclidean score,2.4213506509171348,168
3-end RNA-seq,Sebocyte,9,AK02_AAACGGATAGGGCGAC,perturbation_score_euclidean,Euclidean score,2.420540947759496,169
3-end RNA-seq,Sebocyte,9,AK02_AAAAAAGCTTCCTTAA,perturbation_score_euclidean,Euclidean score,2.4187894635092158,170
3-end RNA-seq,Sebocyte,9,AK02_AAAAACGATCGCCGGC,perturbation_score_euclidean,Euclidean score,2.4187894635092158,171
3-end RNA-seq,Sebocyte,9,AK02_AAACGCGGCTACAGTG,perturbation_score_euclidean,Euclidean score,2.4187894635092158,172
3-end RNA-seq,Sebocyte,9,AK02_AAAGCCTCGGAGTAGT,perturbation_score_euclidean,Euclidean score,2.4187894635092158,173
3-end RNA-seq,Sebocyte,9,AK02_AAAGTGCGACATGGTT,perturbation_score_euclidean,Euclidean score,2.4187894635092158,174
3-end RNA-seq,Sebocyte,9,AK02_AAATGTACGGTCGGAG,perturbation_score_euclidean,Euclidean score,2.4187894635092158,175
3-end RNA-seq,Sebocyte,9,AK02_AAATTTCGACCGGCGC,perturbation_score_euclidean,Euclidean score,2.4187894635092158,176
3-end RNA-seq,Sebocyte,9,AK02_AACAACGTAATTGGAA,perturbation_score_euclidean,Euclidean score,2.4187894635092158,177
3-end RNA-seq,Sebocyte,9,AK02_AACAAGCCCAGTCAAT,perturbation_score_euclidean,Euclidean score,2.4187894635092158,178
3-end RNA-seq,Sebocyte,9,AK02_AACAGATTATATGTTT,perturbation_score_euclidean,Euclidean score,2.4187894635092158,179
3-end RNA-seq,Sebocyte,9,AK02_AAAACTCCATTGAGGT,perturbation_score_euclidean,Euclidean score,2.418344834034311,180
3-end RNA-seq,Sebocyte,9,AK02_AACACCAATCTCGGTA,perturbation_score_euclidean,Euclidean score,2.4179138797520454,181
3-end RNA-seq,Sebocyte,9,AK02_AAAAAGGCTGTACTTG,perturbation_score_euclidean,Euclidean score,2.41316560083046,182
3-end RNA-seq,Sebocyte,9,AK02_AAACCAAGGTGCGCCG,perturbation_score_euclidean,Euclidean score,2.413034028159891,183
3-end RNA-seq,Sebocyte,9,AK02_AAAAATATGGCCTGTA,perturbation_score_euclidean,Euclidean score,2.410985398801894,184
3-end RNA-seq,Sebocyte,9,AK02_AAATCCCGGGTCTGAC,perturbation_score_euclidean,Euclidean score,2.4103992146447575,185
3-end RNA-seq,Sebocyte,9,SCC02_AAACTTGCTGCATGCA,perturbation_score_euclidean,Euclidean score,2.4101290046497383,186
3-end RNA-seq,Sebocyte,9,AK02_AAACAACACAAGGTAG,perturbation_score_euclidean,Euclidean score,2.409798910749188,187
3-end RNA-seq,Sebocyte,9,AK02_AAACAGGACTACATAA,perturbation_score_euclidean,Euclidean score,2.403693675411428,188
3-end RNA-seq,Sebocyte,9,AK02_AAACTTATATTGGCAC,perturbation_score_euclidean,Euclidean score,2.403693675411428,189
3-end RNA-seq,Sebocyte,9,AK02_AACCAACTGCTTAATA,perturbation_score_euclidean,Euclidean score,2.403693675411428,190
3-end RNA-seq,Sebocyte,9,SCC02_AAACACTCAAATGTTC,perturbation_score_euclidean,Euclidean score,2.4035841281380175,191
3-end RNA-seq,Sebocyte,9,SCC02_AAATCCCGGTCTTCTA,perturbation_score_euclidean,Euclidean score,2.402286334546787,192
3-end RNA-seq,Sebocyte,9,AK02_AAAATACAAATTCTGT,perturbation_score_euclidean,Euclidean score,2.3976901828916244,193
3-end RNA-seq,Sebocyte,9,AK02_AAAATTATGACGCTCA,perturbation_score_euclidean,Euclidean score,2.397477114791639,194
3-end RNA-seq,Sebocyte,9,AK02_AACAATGATGCAATAC,perturbation_score_euclidean,Euclidean score,2.3972776538516323,195
3-end RNA-seq,Sebocyte,9,AK02_AAACTGAGGTGCCTAT,perturbation_score_euclidean,Euclidean score,2.396137494207885,196
3-end RNA-seq,Sebocyte,9,AK02_AAAGGTACAGGAACAA,perturbation_score_euclidean,Euclidean score,2.396137494207885,197
3-end RNA-seq,Sebocyte,9,AK02_AAAGTATCCGACGCGT,perturbation_score_euclidean,Euclidean score,2.396137494207885,198
3-end RNA-seq,Sebocyte,9,AK02_AACCAACTTTTATCTC,perturbation_score_euclidean,Euclidean score,2.396137494207885,199
3-end RNA-seq,Sebocyte,9,AK02_AAAGCAGCACGGAGTT,perturbation_score_euclidean,Euclidean score,2.3948984602749785,200
Full-length RNA-seq,Fibroblast,3,SCC01_GATAGCTTACAGTCCGA,perturbation_score_euclidean,Euclidean score,3.104887508905752,1
Full-length RNA-seq,Fibroblast,3,SCC06_GACCAATATGCGAGTAC,perturbation_score_euclidean,Euclidean score,2.940838231232374,2
Full-length RNA-seq,Fibroblast,3,AK07_TACGGTATACCCGATAG,perturbation_score_euclidean,Euclidean score,2.940070053413361,3
Full-length RNA-seq,Fibroblast,3,SCC01_CATGCCTATGGATCACG,perturbation_score_euclidean,Euclidean score,2.8962147709459574,4
Full-length RNA-seq,Fibroblast,3,AK06_GACCAATATGCGAAATC,perturbation_score_euclidean,Euclidean score,2.8333085947543863,5
Full-length RNA-seq,Fibroblast,3,AK07_CTCCATGTACTTACGTT,perturbation_score_euclidean,Euclidean score,2.8067472438720604,6
Full-length RNA-seq,Fibroblast,3,AK07_GTAGAAATACACTACGA,perturbation_score_euclidean,Euclidean score,2.80438681668371,7
Full-length RNA-seq,Fibroblast,3,AK07_TACAGGTTACAGTCGAC,perturbation_score_euclidean,Euclidean score,2.7584982624094248,8
Full-length RNA-seq,Fibroblast,3,SCC01_AATCGTGTACTCTCCGA,perturbation_score_euclidean,Euclidean score,2.710300690633265,9
Full-length RNA-seq,Fibroblast,3,SCC06_TCAGTGACGACCAGCGT,perturbation_score_euclidean,Euclidean score,2.69291575328886,10
Full-length RNA-seq,Fibroblast,0,SCC07_GAGACTTCGATGCGGCT,perturbation_score_euclidean,Euclidean score,2.686091893536505,11
Full-length RNA-seq,Fibroblast,3,AK07_AATAGAGATGTCAATCT,perturbation_score_euclidean,Euclidean score,2.632057818320089,12
Full-length RNA-seq,Fibroblast,3,SCC07_ATGGATCATGAAGTCGT,perturbation_score_euclidean,Euclidean score,2.6319264100823734,13
Full-length RNA-seq,Fibroblast,3,AK07_ACACCAATACTTGGAAC,perturbation_score_euclidean,Euclidean score,2.585530173570683,14
Full-length RNA-seq,Fibroblast,3,SCC04_AGGTAGGTACTGGCCAG,perturbation_score_euclidean,Euclidean score,2.534229019369498,15
Full-length RNA-seq,Fibroblast,3,SCC01_GGTCACGGCTGCGTAGA,perturbation_score_euclidean,Euclidean score,2.506357739907408,16
Full-length RNA-seq,Fibroblast,0,SCC01_ACACAGTATGGGAACTT,perturbation_score_euclidean,Euclidean score,2.5055753711313726,17
Full-length RNA-seq,Fibroblast,3,SCC06_TCACATTGCTCGTAACT,perturbation_score_euclidean,Euclidean score,2.4947879808681788,18
Full-length RNA-seq,Fibroblast,3,SCCuniq_TGACGCGGCTAACAGGC,perturbation_score_euclidean,Euclidean score,2.494176892954196,19
Full-length RNA-seq,Fibroblast,0,SCC06_CTCCATGATGCAGCACA,perturbation_score_euclidean,Euclidean score,2.478326390599313,20
Full-length RNA-seq,Fibroblast,3,SCC06_TCAAGTGCGAGCACGAA,perturbation_score_euclidean,Euclidean score,2.4775849586341923,21
Full-length RNA-seq,Fibroblast,0,SCC06_TGCGGCATACTCGGTCT,perturbation_score_euclidean,Euclidean score,2.476933704126442,22
Full-length RNA-seq,Fibroblast,3,SCC04_CTTCCTTGCTCGTGTTA,perturbation_score_euclidean,Euclidean score,2.476518312649563,23
Full-length RNA-seq,Fibroblast,3,AK07_CCTGCATTACGACCCAA,perturbation_score_euclidean,Euclidean score,2.471847808729696,24
Full-length RNA-seq,Fibroblast,0,SCC06_GACCCAGCGACACGGAA,perturbation_score_euclidean,Euclidean score,2.4698458321989687,25
Full-length RNA-seq,Fibroblast,3,AK07_TGCGACGGCTTTGCAAC,perturbation_score_euclidean,Euclidean score,2.469706570816587,26
Full-length RNA-seq,Fibroblast,3,SCC06_CTGAGGCATGTGCTACT,perturbation_score_euclidean,Euclidean score,2.4687898341828047,27
Full-length RNA-seq,Fibroblast,3,AK07_TCAAGACGCTTCATCGA,perturbation_score_euclidean,Euclidean score,2.458009186376025,28
Full-length RNA-seq,Fibroblast,3,SCC07_GACTCAAGCTTACGTAC,perturbation_score_euclidean,Euclidean score,2.440004723879564,29
Full-length RNA-seq,Fibroblast,3,SCC06_TTCTAGTGCTGATACAA,perturbation_score_euclidean,Euclidean score,2.4283909728183657,30
Full-length RNA-seq,Fibroblast,3,SCC01_AATGGCTTACATTTGCC,perturbation_score_euclidean,Euclidean score,2.42838445685196,31
Full-length RNA-seq,Fibroblast,3,SCC07_CGTTAGAATGACCAGCA,perturbation_score_euclidean,Euclidean score,2.4261010907219394,32
Full-length RNA-seq,Fibroblast,3,SCC07_TGCAGATATGGCCAGTG,perturbation_score_euclidean,Euclidean score,2.4014204934442462,33
Full-length RNA-seq,Fibroblast,3,AK07_GTTGTGACGATCAACCA,perturbation_score_euclidean,Euclidean score,2.4007178894414882,34
Full-length RNA-seq,Fibroblast,3,SCC04_ATTCCATCGACCGATCG,perturbation_score_euclidean,Euclidean score,2.400637939460747,35
Full-length RNA-seq,Fibroblast,3,SCC06_CCACGAGCGATATCGGT,perturbation_score_euclidean,Euclidean score,2.397605429402531,36
Full-length RNA-seq,Fibroblast,3,AK07_AGGGAGTCGATAACCTG,perturbation_score_euclidean,Euclidean score,2.396628771911397,37
Full-length RNA-seq,Fibroblast,3,SCC07_CTACGGGATGCACGTCT,perturbation_score_euclidean,Euclidean score,2.3904447054315585,38
Full-length RNA-seq,Fibroblast,3,SCC07_GAGGGATGCTAGCAATA,perturbation_score_euclidean,Euclidean score,2.388178129740056,39
Full-length RNA-seq,Fibroblast,0,SCC01_ACTGCAAATGCTGTAAG,perturbation_score_euclidean,Euclidean score,2.377989303481569,40
Full-length RNA-seq,Fibroblast,3,SCC04_ACAGGGAATGTGCTACT,perturbation_score_euclidean,Euclidean score,2.373001450990668,41
Full-length RNA-seq,Fibroblast,3,SCC06_CACGGGTATGTGCTAGA,perturbation_score_euclidean,Euclidean score,2.370379457047713,42
Full-length RNA-seq,Fibroblast,3,AK07_AGGATCTATGCAGCACA,perturbation_score_euclidean,Euclidean score,2.369869759910691,43
Full-length RNA-seq,Fibroblast,3,SCC07_TGGTAGTGCTCCCATAA,perturbation_score_euclidean,Euclidean score,2.369869759910691,44
Full-length RNA-seq,Fibroblast,3,SCC04_AACACACTACTCTTGGT,perturbation_score_euclidean,Euclidean score,2.3655544088861937,45
Full-length RNA-seq,Fibroblast,3,SCC04_CCACCATTACATAAGGA,perturbation_score_euclidean,Euclidean score,2.3651710605256193,46
Full-length RNA-seq,Fibroblast,3,SCC06_CTCATCGATGGCCTTGT,perturbation_score_euclidean,Euclidean score,2.364479423766575,47
Full-length RNA-seq,Fibroblast,0,SCC06_GACACGCTACCGGACGT,perturbation_score_euclidean,Euclidean score,2.3635356612246174,48
Full-length RNA-seq,Fibroblast,3,SCC07_TCGAACACGATTGTGCA,perturbation_score_euclidean,Euclidean score,2.362256798340723,49
Full-length RNA-seq,Fibroblast,3,AK07_TCACTCGCGACCGTTTC,perturbation_score_euclidean,Euclidean score,2.3616294514565803,50
Full-length RNA-seq,Fibroblast,3,SCC01_CGGGTGTCGACACACTA,perturbation_score_euclidean,Euclidean score,2.3600087152298372,51
Full-length RNA-seq,Fibroblast,3,SCC06_CATTGTTCGAACAGTGG,perturbation_score_euclidean,Euclidean score,2.3581929971645463,52
Full-length RNA-seq,Fibroblast,3,SCC07_GTGGCGTATGTCAATCC,perturbation_score_euclidean,Euclidean score,2.3561117761775447,53
Full-length RNA-seq,Fibroblast,3,SCC01_ATCCCTGATGTCGAATA,perturbation_score_euclidean,Euclidean score,2.3530521742007826,54
Full-length RNA-seq,Fibroblast,3,SCC06_AGGCTGCGCTTGACTAC,perturbation_score_euclidean,Euclidean score,2.3515718763940803,55
Full-length RNA-seq,Fibroblast,3,SCC06_GGTCACGATGCGCACTT,perturbation_score_euclidean,Euclidean score,2.3492199300597494,56
Full-length RNA-seq,Fibroblast,3,AK07_TCGATTTGCTCCCATAA,perturbation_score_euclidean,Euclidean score,2.3473520242804446,57
Full-length RNA-seq,Fibroblast,3,SCC04_TCATCATTACGATCACG,perturbation_score_euclidean,Euclidean score,2.343639622922441,58
Full-length RNA-seq,Fibroblast,3,SCC06_TATCTGTGCTGAGCTCC,perturbation_score_euclidean,Euclidean score,2.3379243417753637,59
Full-length RNA-seq,Fibroblast,3,AK07_GGTAGAGGCTATTAGGA,perturbation_score_euclidean,Euclidean score,2.335917702192016,60
Full-length RNA-seq,Fibroblast,3,SCC07_ACAGAAAGCTTGACTTG,perturbation_score_euclidean,Euclidean score,2.329587115551764,61
Full-length RNA-seq,Fibroblast,3,AK07_CGTGATATACCGTACGG,perturbation_score_euclidean,Euclidean score,2.3293009128623945,62
Full-length RNA-seq,Fibroblast,3,AK07_CTTCCGATACTAGTCTC,perturbation_score_euclidean,Euclidean score,2.323108365885456,63
Full-length RNA-seq,Fibroblast,3,AK07_AGGAATAGCTGAGGAAA,perturbation_score_euclidean,Euclidean score,2.314292454803341,64
Full-length RNA-seq,Fibroblast,0,SCCuniq_CATTCTACGAGAGGAAA,perturbation_score_euclidean,Euclidean score,2.3123288265787263,65
Full-length RNA-seq,Fibroblast,3,SCC06_GACGCTGCGATTGCAGT,perturbation_score_euclidean,Euclidean score,2.3040389056022943,66
Full-length RNA-seq,Fibroblast,3,SCC04_TGGAACTTACAGAAGGT,perturbation_score_euclidean,Euclidean score,2.300196742086431,67
Full-length RNA-seq,Fibroblast,3,AK01_TCTACATGCTAGACGTG,perturbation_score_euclidean,Euclidean score,2.296028072819561,68
Full-length RNA-seq,Fibroblast,3,AK01_CAGCAGCCGAGCTTTCC,perturbation_score_euclidean,Euclidean score,2.292203384305698,69
Full-length RNA-seq,Fibroblast,3,SCC06_GCTTCACATGTGGCCTC,perturbation_score_euclidean,Euclidean score,2.291809819961759,70
Full-length RNA-seq,Fibroblast,3,SCC07_TCCGGGAGCTTTACCAG,perturbation_score_euclidean,Euclidean score,2.283203881863964,71
Full-length RNA-seq,Fibroblast,3,SCC07_TTCGATTTACGAGAAAT,perturbation_score_euclidean,Euclidean score,2.2821332984733225,72
Full-length RNA-seq,Fibroblast,3,SCC07_AGTGCCGATGAGTCGAC,perturbation_score_euclidean,Euclidean score,2.278655067024865,73
Full-length RNA-seq,Fibroblast,3,SCC07_AGGTTGTCGAGATACAA,perturbation_score_euclidean,Euclidean score,2.2765691473942837,74
Full-length RNA-seq,Fibroblast,3,SCC06_TTTATGCTACTAAACTG,perturbation_score_euclidean,Euclidean score,2.276183505780298,75
Full-length RNA-seq,Fibroblast,3,SCC04_CCCGGAAATGCATCTGC,perturbation_score_euclidean,Euclidean score,2.267315804943443,76
Full-length RNA-seq,Fibroblast,3,AK07_GTCAGCGCGATGTGCAT,perturbation_score_euclidean,Euclidean score,2.265170041590176,77
Full-length RNA-seq,Fibroblast,3,AK07_CTGGCAGCGAAGGGTCA,perturbation_score_euclidean,Euclidean score,2.2610704289917822,78
Full-length RNA-seq,Fibroblast,3,SCC04_GTTAGACCGAATAGGGC,perturbation_score_euclidean,Euclidean score,2.2570958160682983,79
Full-length RNA-seq,Fibroblast,3,SCC07_ACTTTGTGCTGAGAACC,perturbation_score_euclidean,Euclidean score,2.255498679672856,80
Full-length RNA-seq,Fibroblast,3,SCC06_CGGAATTGCTGAGTTTC,perturbation_score_euclidean,Euclidean score,2.255441027165197,81
Full-length RNA-seq,Fibroblast,3,SCC04_CCTCACACGATGTGGAG,perturbation_score_euclidean,Euclidean score,2.2519766410129214,82
Full-length RNA-seq,Fibroblast,3,AK07_ATTCTACTACTGCAGCG,perturbation_score_euclidean,Euclidean score,2.2482967961782103,83
Full-length RNA-seq,Fibroblast,3,SCC04_TAAGCGTTACACGATAT,perturbation_score_euclidean,Euclidean score,2.2481117713766716,84
Full-length RNA-seq,Fibroblast,3,SCCuniq_TCAAGACCGAATGCTAC,perturbation_score_euclidean,Euclidean score,2.2477290473940914,85
Full-length RNA-seq,Fibroblast,3,AK07_GTCATTTATGGCGTTGA,perturbation_score_euclidean,Euclidean score,2.2467429688775713,86
Full-length RNA-seq,Fibroblast,3,SCC06_AGACTCACGACATCCCT,perturbation_score_euclidean,Euclidean score,2.2464968823381657,87
Full-length RNA-seq,Fibroblast,3,SCC04_TCCACGTTACGCGTGCA,perturbation_score_euclidean,Euclidean score,2.241852542203426,88
Full-length RNA-seq,Fibroblast,3,SCC04_ACGATCAGCTGTTACCA,perturbation_score_euclidean,Euclidean score,2.2414429576117767,89
Full-length RNA-seq,Fibroblast,3,SCC06_CAGAGCCCGATTGTTCT,perturbation_score_euclidean,Euclidean score,2.2355081176189042,90
Full-length RNA-seq,Fibroblast,3,SCC07_AGCTACAATGAACTCCT,perturbation_score_euclidean,Euclidean score,2.2335190754178957,91
Full-length RNA-seq,Fibroblast,3,SCC07_AGGTCTAGCTAGGACAC,perturbation_score_euclidean,Euclidean score,2.2329168602055605,92
Full-length RNA-seq,Fibroblast,3,SCCuniq_TGTTCATCGACCGTTTC,perturbation_score_euclidean,Euclidean score,2.232477397924933,93
Full-length RNA-seq,Fibroblast,3,AK07_CGAGGAAGCTAGCGTAG,perturbation_score_euclidean,Euclidean score,2.2308979606866615,94
Full-length RNA-seq,Fibroblast,3,AK07_AGGACGACGAACGAGCA,perturbation_score_euclidean,Euclidean score,2.2301503625697485,95
Full-length RNA-seq,Fibroblast,3,SCC04_TTGGGCGGCTATCTCGA,perturbation_score_euclidean,Euclidean score,2.2295027024663807,96
Full-length RNA-seq,Fibroblast,3,SCC06_TTCTCTCCGATGGTAGG,perturbation_score_euclidean,Euclidean score,2.228794460631182,97
Full-length RNA-seq,Fibroblast,3,AK07_GAGACTTTACCAGCAGT,perturbation_score_euclidean,Euclidean score,2.2283785745294042,98
Full-length RNA-seq,Fibroblast,3,SCC06_GGGCCATTACGCCAGAC,perturbation_score_euclidean,Euclidean score,2.225622467684414,99
Full-length RNA-seq,Fibroblast,3,SCC06_ATTGTTCGCTACTGGTT,perturbation_score_euclidean,Euclidean score,2.2236249856971355,100
Full-length RNA-seq,Fibroblast,3,AK07_TCGACGGCGATAGCTAC,perturbation_score_euclidean,Euclidean score,2.223549782334746,101
Full-length RNA-seq,Fibroblast,3,AK01_GGAAGTGCGATCATGAC,perturbation_score_euclidean,Euclidean score,2.2218553568378763,102
Full-length RNA-seq,Fibroblast,3,SCC04_AGGGTGAGCTATAGAGT,perturbation_score_euclidean,Euclidean score,2.22129021601224,103
Full-length RNA-seq,Fibroblast,0,SCC04_AGATCCATACAGAAGGT,perturbation_score_euclidean,Euclidean score,2.220483159279512,104
Full-length RNA-seq,Fibroblast,0,SCC06_GTTGAACATGCTGACAG,perturbation_score_euclidean,Euclidean score,2.220483159279512,105
Full-length RNA-seq,Fibroblast,0,SCCuniq_CGATCGGCGATTGTGCA,perturbation_score_euclidean,Euclidean score,2.220483159279512,106
Full-length RNA-seq,Fibroblast,0,SCC07_ACATGCAATGGGCATCG,perturbation_score_euclidean,Euclidean score,2.220483159279512,107
Full-length RNA-seq,Fibroblast,3,AK07_GGGTCACGCTAAGTGTA,perturbation_score_euclidean,Euclidean score,2.2190039665428007,108
Full-length RNA-seq,Fibroblast,3,SCC06_GTGAGGAGCTGACCTAT,perturbation_score_euclidean,Euclidean score,2.210867194507109,109
Full-length RNA-seq,Fibroblast,3,SCC04_ATACCTTCGATTGCAAC,perturbation_score_euclidean,Euclidean score,2.210448563693214,110
Full-length RNA-seq,Fibroblast,3,SCC07_GCACATAATGATTTGCC,perturbation_score_euclidean,Euclidean score,2.2087965147618607,111
Full-length RNA-seq,Fibroblast,0,AK07_TTCTTCCTACCAGCACG,perturbation_score_euclidean,Euclidean score,2.207726519040412,112
Full-length RNA-seq,Fibroblast,3,SCC07_CTGGCAGGCTAGTCCTA,perturbation_score_euclidean,Euclidean score,2.2067821522613675,113
Full-length RNA-seq,Fibroblast,3,SCC01_CGCAGGTTACGGAGGGT,perturbation_score_euclidean,Euclidean score,2.2041458962453677,114
Full-length RNA-seq,Fibroblast,3,AK01_CATAGACGCTTTCGTTT,perturbation_score_euclidean,Euclidean score,2.2027001428721746,115
Full-length RNA-seq,Fibroblast,3,AK07_AAGCGTTTACCGGACGT,perturbation_score_euclidean,Euclidean score,2.2018466171357405,116
Full-length RNA-seq,Fibroblast,0,SCC06_AGTACTGGCTAGGACAC,perturbation_score_euclidean,Euclidean score,2.201106058888559,117
Full-length RNA-seq,Fibroblast,3,SCC06_TGTGGCGTACCGTGGTG,perturbation_score_euclidean,Euclidean score,2.2009698132651794,118
Full-length RNA-seq,Fibroblast,0,SCC07_TCATTCAGCTGACCGCT,perturbation_score_euclidean,Euclidean score,2.1981432853081753,119
Full-length RNA-seq,Fibroblast,3,AK01_TACGGGCTACTGCATGA,perturbation_score_euclidean,Euclidean score,2.196344107387967,120
Full-length RNA-seq,Fibroblast,3,AK07_GCTCAAAGCTCACAGAG,perturbation_score_euclidean,Euclidean score,2.196344107387967,121
Full-length RNA-seq,Fibroblast,3,SCC04_CCGTTCAATGCAACTGA,perturbation_score_euclidean,Euclidean score,2.19616840449312,122
Full-length RNA-seq,Fibroblast,3,SCC04_TGACAGTTACGCCAGTG,perturbation_score_euclidean,Euclidean score,2.1959335819557997,123
Full-length RNA-seq,Fibroblast,3,SCC07_AACAACCATGTGAGGCT,perturbation_score_euclidean,Euclidean score,2.1957053067719805,124
Full-length RNA-seq,Fibroblast,3,SCCuniq_AGACCATATGGAAGTAG,perturbation_score_euclidean,Euclidean score,2.193867380400491,125
Full-length RNA-seq,Fibroblast,3,SCC01_AGACACTCGATAGGACG,perturbation_score_euclidean,Euclidean score,2.193743340061323,126
Full-length RNA-seq,Fibroblast,3,SCC04_CCTACGTCGACATCGCG,perturbation_score_euclidean,Euclidean score,2.1930453393474996,127
Full-length RNA-seq,Fibroblast,3,AK04_CAACCAACGAAGATTGA,perturbation_score_euclidean,Euclidean score,2.1912866520167165,128
Full-length RNA-seq,Fibroblast,3,SCC06_TTGGGCGATGCACGTGG,perturbation_score_euclidean,Euclidean score,2.1892997515632553,129
Full-length RNA-seq,Fibroblast,0,AK07_CTCAGGGCGAAAGTATG,perturbation_score_euclidean,Euclidean score,2.1887474051814033,130
Full-length RNA-seq,Fibroblast,3,SCC04_TTCATTGTACTACGCGG,perturbation_score_euclidean,Euclidean score,2.1884908941141896,131
Full-length RNA-seq,Fibroblast,3,SCC04_AATGGCTGCTGATACCT,perturbation_score_euclidean,Euclidean score,2.1825658920560485,132
Full-length RNA-seq,Fibroblast,3,SCCuniq_CTCCACACGAATTAAGG,perturbation_score_euclidean,Euclidean score,2.181323641021402,133
Full-length RNA-seq,Fibroblast,3,AK07_TGCGGGTCGAGTTGCCG,perturbation_score_euclidean,Euclidean score,2.1809254246704612,134
Full-length RNA-seq,Fibroblast,3,AK07_GGTAATCATGGCGTTAG,perturbation_score_euclidean,Euclidean score,2.1793927382448848,135
Full-length RNA-seq,Fibroblast,3,SCC06_AGGTTACCGAACGGTAG,perturbation_score_euclidean,Euclidean score,2.174134094791777,136
Full-length RNA-seq,Fibroblast,0,SCC06_AGTTCCCCGATTGTTCT,perturbation_score_euclidean,Euclidean score,2.173723034118733,137
Full-length RNA-seq,Fibroblast,3,SCC07_GGTGTTATACCTAAGTA,perturbation_score_euclidean,Euclidean score,2.1732353859760862,138
Full-length RNA-seq,Fibroblast,3,SCC06_ACTTTCATACGTAACAC,perturbation_score_euclidean,Euclidean score,2.1710216505543762,139
Full-length RNA-seq,Fibroblast,3,SCC04_GTCATGACGAACTGTGT,perturbation_score_euclidean,Euclidean score,2.1665376565636603,140
Full-length RNA-seq,Fibroblast,3,SCCuniq_GTCACTCTACCGGACTG,perturbation_score_euclidean,Euclidean score,2.1644783647355657,141
Full-length RNA-seq,Fibroblast,3,AK07_GTCTACCCGATCGGGTC,perturbation_score_euclidean,Euclidean score,2.1630994681830806,142
Full-length RNA-seq,Fibroblast,0,SCC06_AACAAGAGCTCCTGCGA,perturbation_score_euclidean,Euclidean score,2.162773997036602,143
Full-length RNA-seq,Fibroblast,3,SCC07_TTCAGGATACCTCCCTT,perturbation_score_euclidean,Euclidean score,2.162222704327848,144
Full-length RNA-seq,Fibroblast,3,AK07_ACACTGAATGTAAACGC,perturbation_score_euclidean,Euclidean score,2.162144432623824,145
Full-length RNA-seq,Fibroblast,3,SCC04_TTAGGCAGCTATGCTCA,perturbation_score_euclidean,Euclidean score,2.1618359502265423,146
Full-length RNA-seq,Fibroblast,3,SCC04_CAAGAGGGCTTATCGGT,perturbation_score_euclidean,Euclidean score,2.1582330956499614,147
Full-length RNA-seq,Fibroblast,3,AK07_ACAAGCTGCTCCCGCAA,perturbation_score_euclidean,Euclidean score,2.155767203556363,148
Full-length RNA-seq,Fibroblast,3,SCC06_TAAGCGTTACGTGCGAC,perturbation_score_euclidean,Euclidean score,2.1550551908167277,149
Full-length RNA-seq,Fibroblast,3,AK04_GGGATGAGCTTGCAGCC,perturbation_score_euclidean,Euclidean score,2.1547083783437486,150
Full-length RNA-seq,Fibroblast,0,AK07_CGACAGCATGGTGTGGC,perturbation_score_euclidean,Euclidean score,2.1543237933905166,151
Full-length RNA-seq,Fibroblast,3,SCC07_TACGCTCATGGGTCGGT,perturbation_score_euclidean,Euclidean score,2.1539943145408214,152
Full-length RNA-seq,Fibroblast,3,SCCuniq_TTCACCGTACATATGGC,perturbation_score_euclidean,Euclidean score,2.1527312324864907,153
Full-length RNA-seq,Fibroblast,3,SCC04_TGTGGCGCGAGATTCAC,perturbation_score_euclidean,Euclidean score,2.1502518625740166,154
Full-length RNA-seq,Fibroblast,3,AK07_ACAGCCGCGAATAGGAT,perturbation_score_euclidean,Euclidean score,2.1498271345786377,155
Full-length RNA-seq,Fibroblast,3,AK07_ACCATTTCGAACGAGCA,perturbation_score_euclidean,Euclidean score,2.1498271345786377,156
Full-length RNA-seq,Fibroblast,0,SCC06_CGAGTTAATGGTAGCAC,perturbation_score_euclidean,Euclidean score,2.1496201205239442,157
Full-length RNA-seq,Fibroblast,0,AK07_TCGGATAGCTATTCACG,perturbation_score_euclidean,Euclidean score,2.1485794008880834,158
Full-length RNA-seq,Fibroblast,0,SCC07_GTTGCTCATGTCCCTAA,perturbation_score_euclidean,Euclidean score,2.1485794008880834,159
Full-length RNA-seq,Fibroblast,3,SCC06_AGGCATTGCTGGAGACT,perturbation_score_euclidean,Euclidean score,2.1446955138508845,160
Full-length RNA-seq,Fibroblast,0,AK07_AGACAGGTACCATAAGC,perturbation_score_euclidean,Euclidean score,2.1444198446523504,161
Full-length RNA-seq,Fibroblast,3,SCC07_CTCACTGCGAGCTTCCT,perturbation_score_euclidean,Euclidean score,2.143426644495767,162
Full-length RNA-seq,Fibroblast,3,AK07_CTGAGCGATGGGCAGTT,perturbation_score_euclidean,Euclidean score,2.1412196992892887,163
Full-length RNA-seq,Fibroblast,3,SCC04_TGAGCATCGACTCGGGT,perturbation_score_euclidean,Euclidean score,2.1408244770737994,164
Full-length RNA-seq,Fibroblast,3,AK07_GGGAGTATACGGAGGGT,perturbation_score_euclidean,Euclidean score,2.139948882727477,165
Full-length RNA-seq,Fibroblast,0,SCC06_CTTGAGATACCGCATCC,perturbation_score_euclidean,Euclidean score,2.1376593088355333,166
Full-length RNA-seq,Fibroblast,3,SCC06_TATTGCTTACACTGATG,perturbation_score_euclidean,Euclidean score,2.1372911748244103,167
Full-length RNA-seq,Fibroblast,3,SCC07_GTGGTTATACAGGTATT,perturbation_score_euclidean,Euclidean score,2.1366449858150336,168
Full-length RNA-seq,Fibroblast,3,SCC04_CCACCATTACCGTGGTG,perturbation_score_euclidean,Euclidean score,2.1356678642347373,169
Full-length RNA-seq,Fibroblast,3,SCC07_ATTCACTATGCACACCC,perturbation_score_euclidean,Euclidean score,2.1349911198007128,170
Full-length RNA-seq,Fibroblast,3,SCC07_TGCCGAGCGAAGGACTG,perturbation_score_euclidean,Euclidean score,2.1330614649629642,171
Full-length RNA-seq,Fibroblast,3,AK07_AGAGAATGCTTAACGGG,perturbation_score_euclidean,Euclidean score,2.1328726457738103,172
Full-length RNA-seq,Fibroblast,3,SCC07_CGATGGCTACCGCAGTG,perturbation_score_euclidean,Euclidean score,2.131203838464806,173
Full-length RNA-seq,Fibroblast,3,SCC04_GCGAGAAATGCTAGCCC,perturbation_score_euclidean,Euclidean score,2.1305858299942244,174
Full-length RNA-seq,Fibroblast,3,SCC01_TGCACGGCGACACAGCC,perturbation_score_euclidean,Euclidean score,2.130173415336372,175
Full-length RNA-seq,Fibroblast,3,AK04_TCCCACAGCTGTTAGAA,perturbation_score_euclidean,Euclidean score,2.1298632689145545,176
Full-length RNA-seq,Fibroblast,0,SCC04_AGAGAGCCGACGTAACT,perturbation_score_euclidean,Euclidean score,2.128295066417657,177
Full-length RNA-seq,Fibroblast,0,SCC04_TTCTCTCCGACAGCCTG,perturbation_score_euclidean,Euclidean score,2.126178416136378,178
Full-length RNA-seq,Fibroblast,3,AK07_CGTGCTTTACGATTTCT,perturbation_score_euclidean,Euclidean score,2.1258291788288965,179
Full-length RNA-seq,Fibroblast,3,SCC06_CTCAATTCGAGACCGAA,perturbation_score_euclidean,Euclidean score,2.125699310922912,180
Full-length RNA-seq,Fibroblast,3,AK07_GTTCGCTTACGGTCTGG,perturbation_score_euclidean,Euclidean score,2.1254427051851756,181
Full-length RNA-seq,Fibroblast,3,SCC01_CGGAGAAGCTTGCAAGG,perturbation_score_euclidean,Euclidean score,2.124354112573816,182
Full-length RNA-seq,Fibroblast,3,AK07_GTCCCATATGTCTCGAC,perturbation_score_euclidean,Euclidean score,2.124000783789611,183
Full-length RNA-seq,Fibroblast,3,SCC04_TGTTACTTACACCTCAC,perturbation_score_euclidean,Euclidean score,2.123836244965963,184
Full-length RNA-seq,Fibroblast,3,SCC04_CCGTAGGATGGGCTTCT,perturbation_score_euclidean,Euclidean score,2.1230942836561795,185
Full-length RNA-seq,Fibroblast,0,AK07_TCCTCTTGCTAGACGTG,perturbation_score_euclidean,Euclidean score,2.123093390686948,186
Full-length RNA-seq,Fibroblast,3,SCC04_ATACTTCTACACACGAT,perturbation_score_euclidean,Euclidean score,2.1227929501952554,187
Full-length RNA-seq,Fibroblast,3,SCC06_TATCCTATACCGTGGGT,perturbation_score_euclidean,Euclidean score,2.120495740855477,188
Full-length RNA-seq,Fibroblast,3,AK07_AGGGTGAGCTCTGTGAT,perturbation_score_euclidean,Euclidean score,2.1186004194067296,189
Full-length RNA-seq,Fibroblast,3,AK07_AAACGAATACCTTCGAC,perturbation_score_euclidean,Euclidean score,2.1184545546351226,190
Full-length RNA-seq,Fibroblast,3,SCC04_CTGCGAGTACTTACGTT,perturbation_score_euclidean,Euclidean score,2.1181701868518696,191
Full-length RNA-seq,Fibroblast,3,SCC06_CACACAATACTGTGCTC,perturbation_score_euclidean,Euclidean score,2.116670505853026,192
Full-length RNA-seq,Fibroblast,0,SCC06_GACGTTATACTCCCGGT,perturbation_score_euclidean,Euclidean score,2.1164639168836725,193
Full-length RNA-seq,Fibroblast,3,SCCuniq_AATGAAGGCTAGACGTG,perturbation_score_euclidean,Euclidean score,2.1160010416885213,194
Full-length RNA-seq,Fibroblast,3,AK07_ATGCGATTACACCAGAC,perturbation_score_euclidean,Euclidean score,2.115882854345017,195
Full-length RNA-seq,Fibroblast,3,SCCuniq_GGGTCACATGGTAAAGG,perturbation_score_euclidean,Euclidean score,2.115705374929066,196
Full-length RNA-seq,Fibroblast,3,SCC06_CATTCCGATGCTGACAG,perturbation_score_euclidean,Euclidean score,2.1151488932968876,197
Full-length RNA-seq,Fibroblast,3,AK07_TTGAACGTACACTACGA,perturbation_score_euclidean,Euclidean score,2.1151488932968876,198
Full-length RNA-seq,Fibroblast,3,SCC07_CGCGTGACGAAGACGGT,perturbation_score_euclidean,Euclidean score,2.1151488932968876,199
Full-length RNA-seq,Fibroblast,0,SCC06_CCCTAACTACTCTTCGA,perturbation_score_euclidean,Euclidean score,2.1135774730729535,200
Full-length RNA-seq,Keratinocyte,5,AK07_TCCACGTATGAATGCAC,perturbation_score_euclidean,Euclidean score,3.853755308851288,1
Full-length RNA-seq,Keratinocyte,5,SCC07_CTCACTGGCTCTGTGTA,perturbation_score_euclidean,Euclidean score,3.5666551799796937,2
Full-length RNA-seq,Keratinocyte,5,AK01_TTACCGCATGCACGTAA,perturbation_score_euclidean,Euclidean score,3.2280633562165097,3
Full-length RNA-seq,Keratinocyte,5,SCC01_TTTACCATACAGCTTTC,perturbation_score_euclidean,Euclidean score,3.225361476612688,4
Full-length RNA-seq,Keratinocyte,5,SCC07_GATTCGATACTCGAATA,perturbation_score_euclidean,Euclidean score,3.1868424653257317,5
Full-length RNA-seq,Keratinocyte,5,AK07_TCAGCAATACGTCGTCC,perturbation_score_euclidean,Euclidean score,3.1644092946230966,6
Full-length RNA-seq,Keratinocyte,5,AK07_TCGGGTGGCTTTGATCG,perturbation_score_euclidean,Euclidean score,3.1314357470184415,7
Full-length RNA-seq,Keratinocyte,5,SCC01_CGTGTCTCGACGTACTA,perturbation_score_euclidean,Euclidean score,3.052408204701034,8
Full-length RNA-seq,Keratinocyte,5,SCC01_GGTCACGGCTCACACTA,perturbation_score_euclidean,Euclidean score,3.035511518789583,9
Full-length RNA-seq,Keratinocyte,5,SCC01_TGAGACTCGATCATCCC,perturbation_score_euclidean,Euclidean score,3.035511518789583,10
Full-length RNA-seq,Keratinocyte,5,SCC01_TCTTTGATACATGGTAT,perturbation_score_euclidean,Euclidean score,3.0212954675930583,11
Full-length RNA-seq,Keratinocyte,5,SCC01_GTCACTCTACATGGTAC,perturbation_score_euclidean,Euclidean score,3.0139723475479347,12
Full-length RNA-seq,Keratinocyte,5,AK07_GAGTCATTACTGTGCTC,perturbation_score_euclidean,Euclidean score,2.987777540513456,13
Full-length RNA-seq,Keratinocyte,5,AK07_TTACCATATGCTGACCC,perturbation_score_euclidean,Euclidean score,2.9866330419031186,14
Full-length RNA-seq,Keratinocyte,5,SCCuniq_AAGACAAGCTAACGTTC,perturbation_score_euclidean,Euclidean score,2.9639949249248243,15
Full-length RNA-seq,Keratinocyte,5,SCC07_AGAACCTCGATAACTCG,perturbation_score_euclidean,Euclidean score,2.963858929416482,16
Full-length RNA-seq,Keratinocyte,5,AK07_GTGAGGATACGAAAGGT,perturbation_score_euclidean,Euclidean score,2.943927528384035,17
Full-length RNA-seq,Keratinocyte,5,AK07_TAGAGTCGCTTATCTGG,perturbation_score_euclidean,Euclidean score,2.9240389725791665,18
Full-length RNA-seq,Keratinocyte,5,SCCuniq_GATGAGGTACTTTAGGA,perturbation_score_euclidean,Euclidean score,2.913458924281723,19
Full-length RNA-seq,Keratinocyte,5,SCC01_TCGATTTATGGACCCAA,perturbation_score_euclidean,Euclidean score,2.9042400734679163,20
Full-length RNA-seq,Keratinocyte,5,SCCuniq_TATCAGGGCTCCCGTAG,perturbation_score_euclidean,Euclidean score,2.8802813644216148,21
Full-length RNA-seq,Keratinocyte,5,SCC07_AAGAACATACTGGTTGG,perturbation_score_euclidean,Euclidean score,2.870960376824906,22
Full-length RNA-seq,Keratinocyte,5,SCC07_GTTGCGGATGTGCTACT,perturbation_score_euclidean,Euclidean score,2.862513964063661,23
Full-length RNA-seq,Keratinocyte,5,AK01_AGCGATTTACGTTCTCG,perturbation_score_euclidean,Euclidean score,2.861289649009917,24
Full-length RNA-seq,Keratinocyte,5,SCC07_TAATCTCATGTTCTGGC,perturbation_score_euclidean,Euclidean score,2.845003016946477,25
Full-length RNA-seq,Keratinocyte,5,AK01_TCTTGCGTACAGAATCT,perturbation_score_euclidean,Euclidean score,2.8424649558862267,26
Full-length RNA-seq,Keratinocyte,5,SCC01_TGCTCCAATGGATATAC,perturbation_score_euclidean,Euclidean score,2.83819558494372,27
Full-length RNA-seq,Keratinocyte,5,SCC01_CGAGAAGATGTTTCAGT,perturbation_score_euclidean,Euclidean score,2.828848086561177,28
Full-length RNA-seq,Keratinocyte,5,SCC06_GTGAGTTCGAGAGAATT,perturbation_score_euclidean,Euclidean score,2.819030159609857,29
Full-length RNA-seq,Keratinocyte,5,SCC01_CGAGTTATACGTAGCAC,perturbation_score_euclidean,Euclidean score,2.811926696930965,30
Full-length RNA-seq,Keratinocyte,5,SCC07_AGACCCGATGTTGGACG,perturbation_score_euclidean,Euclidean score,2.780484883101077,31
Full-length RNA-seq,Keratinocyte,5,SCC01_TCGTGCTTACAAGCCTA,perturbation_score_euclidean,Euclidean score,2.7721674348048584,32
Full-length RNA-seq,Keratinocyte,5,AK07_TGGGCGTCGAGGACTGA,perturbation_score_euclidean,Euclidean score,2.7654157456791384,33
Full-length RNA-seq,Keratinocyte,5,SCC01_ACAGAAATACATCACAG,perturbation_score_euclidean,Euclidean score,2.752942453120407,34
Full-length RNA-seq,Keratinocyte,5,SCC01_TATCTTGCGAATTTCGG,perturbation_score_euclidean,Euclidean score,2.752942453120407,35
Full-length RNA-seq,Keratinocyte,5,SCCuniq_GATCCCTATGAAATGGG,perturbation_score_euclidean,Euclidean score,2.752942453120407,36
Full-length RNA-seq,Keratinocyte,5,AK07_CTAGGTATACTAGCAAT,perturbation_score_euclidean,Euclidean score,2.745867074413852,37
Full-length RNA-seq,Keratinocyte,5,SCCuniq_GTCGTTCCGAATTGTGC,perturbation_score_euclidean,Euclidean score,2.7457400525375344,38
Full-length RNA-seq,Keratinocyte,5,SCC07_GGGCTACATGTCATAGA,perturbation_score_euclidean,Euclidean score,2.7430272356994565,39
Full-length RNA-seq,Keratinocyte,5,SCC07_GTGTCCTTACAAACCAT,perturbation_score_euclidean,Euclidean score,2.7388034874016447,40
Full-length RNA-seq,Keratinocyte,5,SCCuniq_ATCAGGTTACCACACAA,perturbation_score_euclidean,Euclidean score,2.737861852471124,41
Full-length RNA-seq,Keratinocyte,5,AK01_CCCGGAAATGGGAGTAG,perturbation_score_euclidean,Euclidean score,2.737070761866119,42
Full-length RNA-seq,Keratinocyte,5,AK07_CTTTCGGGCTCCGACGT,perturbation_score_euclidean,Euclidean score,2.7365142551712185,43
Full-length RNA-seq,Keratinocyte,5,AK01_GAATCACTACAGGAACG,perturbation_score_euclidean,Euclidean score,2.730640910026322,44
Full-length RNA-seq,Keratinocyte,5,SCC07_AGGAAATTACTAGTCCT,perturbation_score_euclidean,Euclidean score,2.730640910026322,45
Full-length RNA-seq,Keratinocyte,5,AK01_GTCACGGATGCTTCGAC,perturbation_score_euclidean,Euclidean score,2.7281473841508985,46
Full-length RNA-seq,Keratinocyte,5,SCC01_ACGTTCCTACCCTCTTC,perturbation_score_euclidean,Euclidean score,2.7281129014548036,47
Full-length RNA-seq,Keratinocyte,5,SCC07_ACTTATCCGACACGGAA,perturbation_score_euclidean,Euclidean score,2.7271793075667645,48
Full-length RNA-seq,Keratinocyte,5,SCC07_GTGAGCCTACCATACAG,perturbation_score_euclidean,Euclidean score,2.7271793075667645,49
Full-length RNA-seq,Keratinocyte,5,SCC01_GCCAACGCGACCTGCTT,perturbation_score_euclidean,Euclidean score,2.724789922440528,50
Full-length RNA-seq,Keratinocyte,5,SCCuniq_TGAGGTTATGATCACCC,perturbation_score_euclidean,Euclidean score,2.7178648612695846,51
Full-length RNA-seq,Keratinocyte,5,AK07_GATGCTAATGGGCATAT,perturbation_score_euclidean,Euclidean score,2.714793668427627,52
Full-length RNA-seq,Keratinocyte,5,SCC01_GGTGAAGGCTTACACTG,perturbation_score_euclidean,Euclidean score,2.709047639498239,53
Full-length RNA-seq,Keratinocyte,5,AK07_TGTGAGTATGAAGCGCT,perturbation_score_euclidean,Euclidean score,2.705694555261577,54
Full-length RNA-seq,Keratinocyte,5,AK01_TTCCTCTCGATCAAGGG,perturbation_score_euclidean,Euclidean score,2.7043786577760915,55
Full-length RNA-seq,Keratinocyte,5,AK01_TGATTTCCGATTGTGCA,perturbation_score_euclidean,Euclidean score,2.699553750152368,56
Full-length RNA-seq,Keratinocyte,5,AK01_TCAAGTGATGTCTCGAC,perturbation_score_euclidean,Euclidean score,2.6967423697994133,57
Full-length RNA-seq,Keratinocyte,5,AK07_TTAGGGTATGTGCTCAT,perturbation_score_euclidean,Euclidean score,2.6913503160068246,58
Full-length RNA-seq,Keratinocyte,5,SCC07_ATTATCCATGATCGCTC,perturbation_score_euclidean,Euclidean score,2.6844051373176496,59
Full-length RNA-seq,Keratinocyte,5,SCC07_AGTCACAATGCTGGTGA,perturbation_score_euclidean,Euclidean score,2.680638182683648,60
Full-length RNA-seq,Keratinocyte,5,SCC07_TTCCTTCCGACTCGGAC,perturbation_score_euclidean,Euclidean score,2.679450154907136,61
Full-length RNA-seq,Keratinocyte,5,SCC07_GCCCGAAGCTACGAGCA,perturbation_score_euclidean,Euclidean score,2.678330797382582,62
Full-length RNA-seq,Keratinocyte,5,AK07_GTAGCTATACACCTACC,perturbation_score_euclidean,Euclidean score,2.6781469982835184,63
Full-length RNA-seq,Keratinocyte,5,SCC07_TGTGCGGCGATGCACGC,perturbation_score_euclidean,Euclidean score,2.673203789376887,64
Full-length RNA-seq,Keratinocyte,5,AK04_GGTAATCCGATACAGAA,perturbation_score_euclidean,Euclidean score,2.664115488199787,65
Full-length RNA-seq,Keratinocyte,5,AK07_CCCATTGGCTCGACAGA,perturbation_score_euclidean,Euclidean score,2.660596947663555,66
Full-length RNA-seq,Keratinocyte,5,SCC07_TCGTCCAGCTACCGACC,perturbation_score_euclidean,Euclidean score,2.660596947663555,67
Full-length RNA-seq,Keratinocyte,5,SCC07_GACGTTAGCTTGCGGCT,perturbation_score_euclidean,Euclidean score,2.6482778306575727,68
Full-length RNA-seq,Keratinocyte,5,AK07_TGATTTCTACGACCCAA,perturbation_score_euclidean,Euclidean score,2.642809970336601,69
Full-length RNA-seq,Keratinocyte,5,AK07_GGAGGTACGACCCGTAG,perturbation_score_euclidean,Euclidean score,2.637565061794079,70
Full-length RNA-seq,Keratinocyte,5,SCCuniq_TGATCAGCGAGCCTGCA,perturbation_score_euclidean,Euclidean score,2.6335835953307645,71
Full-length RNA-seq,Keratinocyte,5,AK07_GTGACGCATGTGGCAGT,perturbation_score_euclidean,Euclidean score,2.622447189145122,72
Full-length RNA-seq,Keratinocyte,5,AK07_GCGAGAAGCTACGGGTA,perturbation_score_euclidean,Euclidean score,2.6190195488244377,73
Full-length RNA-seq,Keratinocyte,5,AK07_AGATGCTTACGTGTGGC,perturbation_score_euclidean,Euclidean score,2.6114561749570817,74
Full-length RNA-seq,Keratinocyte,5,SCC07_CCACAAATACTCATAGA,perturbation_score_euclidean,Euclidean score,2.6114561749570817,75
Full-length RNA-seq,Keratinocyte,5,SCC01_CAGCAGCGCTCAGCCTG,perturbation_score_euclidean,Euclidean score,2.6105524090228345,76
Full-length RNA-seq,Keratinocyte,5,AK07_TCATGAGGCTATCCTTT,perturbation_score_euclidean,Euclidean score,2.606801552344296,77
Full-length RNA-seq,Keratinocyte,5,AK01_GTGCGTGATGTGAGGCT,perturbation_score_euclidean,Euclidean score,2.606247444269038,78
Full-length RNA-seq,Keratinocyte,5,SCC01_TTCTCTCTACCATAAGC,perturbation_score_euclidean,Euclidean score,2.605853302154568,79
Full-length RNA-seq,Keratinocyte,5,SCC07_CCCGGAAGCTAGCGGAT,perturbation_score_euclidean,Euclidean score,2.6057589541388255,80
Full-length RNA-seq,Keratinocyte,5,SCC01_GCTGCAGGCTAATGCTC,perturbation_score_euclidean,Euclidean score,2.6055447090992967,81
Full-length RNA-seq,Keratinocyte,5,SCC01_GAAGCCCCGAGAGCTCC,perturbation_score_euclidean,Euclidean score,2.6038308335066085,82
Full-length RNA-seq,Keratinocyte,5,AK01_ACATCGAATGGGAACAA,perturbation_score_euclidean,Euclidean score,2.60311879390159,83
Full-length RNA-seq,Keratinocyte,5,AK07_AAACGAATACTTTCAGC,perturbation_score_euclidean,Euclidean score,2.6015761171336447,84
Full-length RNA-seq,Keratinocyte,5,SCCuniq_CACACAAATGAGAGTTC,perturbation_score_euclidean,Euclidean score,2.598954487475471,85
Full-length RNA-seq,Keratinocyte,5,SCCuniq_AAAGGATTACCGAGTGC,perturbation_score_euclidean,Euclidean score,2.587163583337343,86
Full-length RNA-seq,Keratinocyte,5,AK04_AAACGAACGAATTTCTC,perturbation_score_euclidean,Euclidean score,2.5859786091335963,87
Full-length RNA-seq,Keratinocyte,5,SCC07_ATGGGTTATGATCACCC,perturbation_score_euclidean,Euclidean score,2.5853995650244053,88
Full-length RNA-seq,Keratinocyte,5,AK07_TTCAGGACGAAGTCCCG,perturbation_score_euclidean,Euclidean score,2.5826339965547653,89
Full-length RNA-seq,Keratinocyte,5,SCC01_ACTCTCGGCTATCCTCC,perturbation_score_euclidean,Euclidean score,2.5806058674779773,90
Full-length RNA-seq,Keratinocyte,5,SCCuniq_GTCTGTCCGAATCCCTC,perturbation_score_euclidean,Euclidean score,2.580064721420608,91
Full-length RNA-seq,Keratinocyte,5,AK07_TGGGCGTCGATAGCTAC,perturbation_score_euclidean,Euclidean score,2.579456476616687,92
Full-length RNA-seq,Keratinocyte,5,AK07_TACCTGCCGAGTACTAC,perturbation_score_euclidean,Euclidean score,2.5788767480201176,93
Full-length RNA-seq,Keratinocyte,5,AK07_CCGGGTATACTCAATCC,perturbation_score_euclidean,Euclidean score,2.5727021081522943,94
Full-length RNA-seq,Keratinocyte,5,SCCuniq_TATCCTACGAGAATTAG,perturbation_score_euclidean,Euclidean score,2.5701034722565157,95
Full-length RNA-seq,Keratinocyte,5,SCC01_ATAGAGAGCTCGAATGG,perturbation_score_euclidean,Euclidean score,2.569849385645712,96
Full-length RNA-seq,Keratinocyte,5,SCC01_ACCACAAGCTTATCCAG,perturbation_score_euclidean,Euclidean score,2.5696811533690496,97
Full-length RNA-seq,Keratinocyte,5,AK01_GGTGAAGCGATAGCTGT,perturbation_score_euclidean,Euclidean score,2.565872381520267,98
Full-length RNA-seq,Keratinocyte,5,AK01_CGTGTCTCGATTCGTAG,perturbation_score_euclidean,Euclidean score,2.5642703554104047,99
Full-length RNA-seq,Keratinocyte,5,AK04_GAGTCTAGCTGTCGGTC,perturbation_score_euclidean,Euclidean score,2.561015610010264,100
Full-length RNA-seq,Keratinocyte,5,AK07_GTCTACCATGGGCATAT,perturbation_score_euclidean,Euclidean score,2.554009855306337,101
Full-length RNA-seq,Keratinocyte,5,AK01_AGGGCCTCGAACGGCTC,perturbation_score_euclidean,Euclidean score,2.5525013491604307,102
Full-length RNA-seq,Keratinocyte,5,SCC01_GGGTCACATGTCTTCCC,perturbation_score_euclidean,Euclidean score,2.552120534607095,103
Full-length RNA-seq,Keratinocyte,5,AK01_CTCAGGGGCTTCAACGT,perturbation_score_euclidean,Euclidean score,2.5481743433855932,104
Full-length RNA-seq,Keratinocyte,5,SCC07_GAGAAATGCTGGCATCC,perturbation_score_euclidean,Euclidean score,2.5470102537307535,105
Full-length RNA-seq,Keratinocyte,5,AK07_GCAACCGGCTTCGGTAT,perturbation_score_euclidean,Euclidean score,2.545910023616657,106
Full-length RNA-seq,Keratinocyte,5,AK07_ATTCCATCGAGTGCTTA,perturbation_score_euclidean,Euclidean score,2.5454248807702116,107
Full-length RNA-seq,Keratinocyte,5,AK01_CGGCAGTATGAGAGTTC,perturbation_score_euclidean,Euclidean score,2.5424501803938058,108
Full-length RNA-seq,Keratinocyte,5,SCCuniq_TCACTATCGAAGTGTGG,perturbation_score_euclidean,Euclidean score,2.539767289313619,109
Full-length RNA-seq,Keratinocyte,5,AK07_TGAGCATTACCATTTGC,perturbation_score_euclidean,Euclidean score,2.535106228890945,110
Full-length RNA-seq,Keratinocyte,5,AK07_GGAGCAAGCTGACCGAA,perturbation_score_euclidean,Euclidean score,2.5334457825620116,111
Full-length RNA-seq,Keratinocyte,5,AK07_GGTAGAGTACCACACCT,perturbation_score_euclidean,Euclidean score,2.531491198915042,112
Full-length RNA-seq,Keratinocyte,5,SCC01_TTGTTGTCGAAGCAATA,perturbation_score_euclidean,Euclidean score,2.5308255496766723,113
Full-length RNA-seq,Keratinocyte,5,SCC01_CAAGCTAGCTTACAGAA,perturbation_score_euclidean,Euclidean score,2.5303429590761874,114
Full-length RNA-seq,Keratinocyte,5,AK07_ACTTTGTATGATTCGAA,perturbation_score_euclidean,Euclidean score,2.5286058501068753,115
Full-length RNA-seq,Keratinocyte,5,SCC07_ATCCGTCCGACGGATCC,perturbation_score_euclidean,Euclidean score,2.528335437556802,116
Full-length RNA-seq,Keratinocyte,5,AK01_ACACTGATACAGGGTCT,perturbation_score_euclidean,Euclidean score,2.5280890612869884,117
Full-length RNA-seq,Keratinocyte,5,AK07_AACACACTACAGGTATT,perturbation_score_euclidean,Euclidean score,2.5278987580000667,118
Full-length RNA-seq,Keratinocyte,5,AK07_GTGAGGAATGCACGTCC,perturbation_score_euclidean,Euclidean score,2.5257438648345123,119
Full-length RNA-seq,Keratinocyte,5,SCC01_TGTCAGACGAATAGGAT,perturbation_score_euclidean,Euclidean score,2.5253777068824275,120
Full-length RNA-seq,Keratinocyte,5,SCC07_GAGTTACGCTGCTCGTG,perturbation_score_euclidean,Euclidean score,2.5253777068824275,121
Full-length RNA-seq,Keratinocyte,5,SCCuniq_GGTGATTCGAGCATTTG,perturbation_score_euclidean,Euclidean score,2.524984954868307,122
Full-length RNA-seq,Keratinocyte,5,SCC07_TGCGGGTATGCTAAGTG,perturbation_score_euclidean,Euclidean score,2.5249769936849376,123
Full-length RNA-seq,Keratinocyte,5,SCC01_TCACATTGCTAACGTTC,perturbation_score_euclidean,Euclidean score,2.5241259507687004,124
Full-length RNA-seq,Keratinocyte,5,SCC07_TCCAGAAATGCTTCGAC,perturbation_score_euclidean,Euclidean score,2.5235843180746,125
Full-length RNA-seq,Keratinocyte,5,AK04_CATCGGGCGACACGTGC,perturbation_score_euclidean,Euclidean score,2.516933711475777,126
Full-length RNA-seq,Keratinocyte,5,SCC01_TCGCAGGATGGCAGTCA,perturbation_score_euclidean,Euclidean score,2.515017333115875,127
Full-length RNA-seq,Keratinocyte,5,AK07_TCAAGACCGACCGTTTC,perturbation_score_euclidean,Euclidean score,2.5118177642110333,128
Full-length RNA-seq,Keratinocyte,5,SCC07_AAGCGTTTACTCGGGAT,perturbation_score_euclidean,Euclidean score,2.5090896688830058,129
Full-length RNA-seq,Keratinocyte,5,SCC07_CACTGAACGATATCGGT,perturbation_score_euclidean,Euclidean score,2.509055277143453,130
Full-length RNA-seq,Keratinocyte,5,SCC07_GCGTTTCATGACGTCGA,perturbation_score_euclidean,Euclidean score,2.5081365670926354,131
Full-length RNA-seq,Keratinocyte,5,SCC01_CGAGGAAGCTGTGGCTC,perturbation_score_euclidean,Euclidean score,2.506025313801652,132
Full-length RNA-seq,Keratinocyte,5,AK07_ACGTAGTCGATGTGCTA,perturbation_score_euclidean,Euclidean score,2.504710487161623,133
Full-length RNA-seq,Keratinocyte,5,SCC07_TTCTTGACGAGAGAATT,perturbation_score_euclidean,Euclidean score,2.5046377107715037,134
Full-length RNA-seq,Keratinocyte,5,SCC07_GGTCACGTACCATCTGC,perturbation_score_euclidean,Euclidean score,2.50449515057576,135
Full-length RNA-seq,Keratinocyte,5,AK07_GTTCCGTATGGCAGTCA,perturbation_score_euclidean,Euclidean score,2.5031161247500364,136
Full-length RNA-seq,Keratinocyte,5,SCCuniq_GTAGATCATGGTTCTAC,perturbation_score_euclidean,Euclidean score,2.499814370946439,137
Full-length RNA-seq,Keratinocyte,5,AK07_TTGCCTGGCTGACCTAT,perturbation_score_euclidean,Euclidean score,2.49927786500466,138
Full-length RNA-seq,Keratinocyte,5,SCC01_CTAACTTATGATGGGCT,perturbation_score_euclidean,Euclidean score,2.4949208720252596,139
Full-length RNA-seq,Keratinocyte,5,SCC07_TCACGGGTACGAGTACC,perturbation_score_euclidean,Euclidean score,2.4913337437537098,140
Full-length RNA-seq,Keratinocyte,5,SCC04_GCGGAAATACATCACCC,perturbation_score_euclidean,Euclidean score,2.490259250256101,141
Full-length RNA-seq,Keratinocyte,5,SCC07_TCGCACTATGCCTAGGG,perturbation_score_euclidean,Euclidean score,2.490066679183408,142
Full-length RNA-seq,Keratinocyte,5,SCC07_GTCGTTCTACCTGTACC,perturbation_score_euclidean,Euclidean score,2.4891869443727885,143
Full-length RNA-seq,Keratinocyte,5,SCCuniq_ACGTCCTGCTCTATGAC,perturbation_score_euclidean,Euclidean score,2.4880020023293397,144
Full-length RNA-seq,Keratinocyte,5,SCC07_ACGTTCCATGAATCTAG,perturbation_score_euclidean,Euclidean score,2.4855051794219514,145
Full-length RNA-seq,Keratinocyte,5,SCCuniq_TTTGGTTTACTGCTCAT,perturbation_score_euclidean,Euclidean score,2.484473744775479,146
Full-length RNA-seq,Keratinocyte,5,SCC07_TTCTTGATACTTGGAAC,perturbation_score_euclidean,Euclidean score,2.4841628781649976,147
Full-length RNA-seq,Keratinocyte,5,SCC01_ATGCATGATGGGAGGCA,perturbation_score_euclidean,Euclidean score,2.482853375243912,148
Full-length RNA-seq,Keratinocyte,5,AK07_TTACCGCGCTTCATGAC,perturbation_score_euclidean,Euclidean score,2.4788796045045762,149
Full-length RNA-seq,Keratinocyte,5,AK07_GGAATGGATGGAGAAGC,perturbation_score_euclidean,Euclidean score,2.4788203973387217,150
Full-length RNA-seq,Keratinocyte,5,SCC07_GGCACGTATGTAGTCTC,perturbation_score_euclidean,Euclidean score,2.477487756529812,151
Full-length RNA-seq,Keratinocyte,5,AK01_CTGTAGACGAACGGGAT,perturbation_score_euclidean,Euclidean score,2.477077489489027,152
Full-length RNA-seq,Keratinocyte,5,AK01_AAGACAAATGCCTATCA,perturbation_score_euclidean,Euclidean score,2.4742537578594916,153
Full-length RNA-seq,Keratinocyte,5,SCC01_AACCTGAGCTACCGATT,perturbation_score_euclidean,Euclidean score,2.4735140275976524,154
Full-length RNA-seq,Keratinocyte,5,AK01_TCCTTTCCGACAGTGTT,perturbation_score_euclidean,Euclidean score,2.471765932511073,155
Full-length RNA-seq,Keratinocyte,5,SCC01_TAGCACAATGATGGTCG,perturbation_score_euclidean,Euclidean score,2.471315414222787,156
Full-length RNA-seq,Keratinocyte,5,SCCuniq_TGGTTAGCGAATGCTCA,perturbation_score_euclidean,Euclidean score,2.46870471390646,157
Full-length RNA-seq,Keratinocyte,5,AK07_TCTTAGTGCTTTGTTGG,perturbation_score_euclidean,Euclidean score,2.4678504124892244,158
Full-length RNA-seq,Keratinocyte,5,AK01_CAACAACCGAACGGTAG,perturbation_score_euclidean,Euclidean score,2.4618698195268442,159
Full-length RNA-seq,Keratinocyte,5,SCC01_TTTCATGTACAAGCCTG,perturbation_score_euclidean,Euclidean score,2.4603976950246054,160
Full-length RNA-seq,Keratinocyte,5,SCC07_CCTCACAATGGTCTAAG,perturbation_score_euclidean,Euclidean score,2.460347075848841,161
Full-length RNA-seq,Keratinocyte,5,AK07_CCTCAACGCTCCGTTTC,perturbation_score_euclidean,Euclidean score,2.460199768836629,162
Full-length RNA-seq,Keratinocyte,5,AK01_ATCGATGCGATTCGTTT,perturbation_score_euclidean,Euclidean score,2.4595375498518366,163
Full-length RNA-seq,Keratinocyte,5,SCC01_GCATGATATGTGCAGCG,perturbation_score_euclidean,Euclidean score,2.4593838241135124,164
Full-length RNA-seq,Keratinocyte,5,AK07_TCGGTCTGCTGCCAAGA,perturbation_score_euclidean,Euclidean score,2.4585111636118255,165
Full-length RNA-seq,Keratinocyte,5,SCC07_CATGCAAGCTGGTACAG,perturbation_score_euclidean,Euclidean score,2.456983615684477,166
Full-length RNA-seq,Keratinocyte,5,SCC01_AAACCCAATGCAAGCAT,perturbation_score_euclidean,Euclidean score,2.456409403955243,167
Full-length RNA-seq,Keratinocyte,5,AK01_GTGAGGAATGGACCACG,perturbation_score_euclidean,Euclidean score,2.452393676634932,168
Full-length RNA-seq,Keratinocyte,5,SCC07_ACCGTTCATGTGCTAGG,perturbation_score_euclidean,Euclidean score,2.4521598486721614,169
Full-length RNA-seq,Keratinocyte,5,SCC07_GTGTTCCTACTCGAACA,perturbation_score_euclidean,Euclidean score,2.450253285269872,170
Full-length RNA-seq,Keratinocyte,5,SCC07_GTGACGCGCTACAGTGG,perturbation_score_euclidean,Euclidean score,2.4497675486166406,171
Full-length RNA-seq,Keratinocyte,5,AK01_GGGACAAGCTAAGTGTA,perturbation_score_euclidean,Euclidean score,2.4495576230554734,172
Full-length RNA-seq,Keratinocyte,5,SCC07_CGTTAGAGCTACTCAAC,perturbation_score_euclidean,Euclidean score,2.4473352855516706,173
Full-length RNA-seq,Keratinocyte,5,AK01_CCTAACCATGCAGCACA,perturbation_score_euclidean,Euclidean score,2.4463094452157677,174
Full-length RNA-seq,Keratinocyte,5,SCC07_AGATGAAGCTGTGCGCT,perturbation_score_euclidean,Euclidean score,2.4463094452157677,175
Full-length RNA-seq,Keratinocyte,5,AK07_ATCGCCTGCTGTTAGAA,perturbation_score_euclidean,Euclidean score,2.445171557741855,176
Full-length RNA-seq,Keratinocyte,5,AK01_TTCACCGATGGATATAC,perturbation_score_euclidean,Euclidean score,2.4449974297351664,177
Full-length RNA-seq,Keratinocyte,5,SCC01_ACGGTCGCGACTGTGTA,perturbation_score_euclidean,Euclidean score,2.443533775684094,178
Full-length RNA-seq,Keratinocyte,5,AK01_ACAACCACGACTACAGT,perturbation_score_euclidean,Euclidean score,2.443094188060563,179
Full-length RNA-seq,Keratinocyte,5,SCC07_AGTAACCCGAGCGTGAA,perturbation_score_euclidean,Euclidean score,2.4420024507939315,180
Full-length RNA-seq,Keratinocyte,5,SCCuniq_CAAGCTACGAACTCCAA,perturbation_score_euclidean,Euclidean score,2.441912449004879,181
Full-length RNA-seq,Keratinocyte,5,SCC01_GGGAGATATGACTGGGC,perturbation_score_euclidean,Euclidean score,2.438615603779209,182
Full-length RNA-seq,Keratinocyte,5,AK01_TAACTTCGCTGAACGCA,perturbation_score_euclidean,Euclidean score,2.4378099532603583,183
Full-length RNA-seq,Keratinocyte,5,SCCuniq_GCGTTTCCGATGGGTTT,perturbation_score_euclidean,Euclidean score,2.437131241081421,184
Full-length RNA-seq,Keratinocyte,5,SCC01_CATCCACGCTGGCTGCT,perturbation_score_euclidean,Euclidean score,2.436185183572378,185
Full-length RNA-seq,Keratinocyte,5,AK07_GCAGTTATACCGTAGGC,perturbation_score_euclidean,Euclidean score,2.4359778117581876,186
Full-length RNA-seq,Keratinocyte,5,AK07_ATAGGCTGCTGTACGCC,perturbation_score_euclidean,Euclidean score,2.4337002823823566,187
Full-length RNA-seq,Keratinocyte,5,AK07_GAGAAATGCTCTCGCGA,perturbation_score_euclidean,Euclidean score,2.4332349455954514,188
Full-length RNA-seq,Keratinocyte,5,SCCuniq_GTGCGTGCGATCGGCTG,perturbation_score_euclidean,Euclidean score,2.432163261231262,189
Full-length RNA-seq,Keratinocyte,5,AK07_AGGAAATATGCTTCTAA,perturbation_score_euclidean,Euclidean score,2.431930586376295,190
Full-length RNA-seq,Keratinocyte,5,SCCuniq_GTTGCGGGCTATTCCGA,perturbation_score_euclidean,Euclidean score,2.4304761715790795,191
Full-length RNA-seq,Keratinocyte,5,AK07_AATCGACTACTCATCGT,perturbation_score_euclidean,Euclidean score,2.430014114500715,192
Full-length RNA-seq,Keratinocyte,5,AK01_CAACGGCGCTCAGTGAG,perturbation_score_euclidean,Euclidean score,2.429962066628401,193
Full-length RNA-seq,Keratinocyte,5,SCC01_TTTAGTCATGACCAGCA,perturbation_score_euclidean,Euclidean score,2.429857918146853,194
Full-length RNA-seq,Keratinocyte,5,SCC01_AACAAGAATGGTGCGAC,perturbation_score_euclidean,Euclidean score,2.4266729328026204,195
Full-length RNA-seq,Keratinocyte,5,AK07_CATGGATGCTGTCGCTG,perturbation_score_euclidean,Euclidean score,2.426543414222636,196
Full-length RNA-seq,Keratinocyte,5,AK01_AAAGTGATACGCGTTGA,perturbation_score_euclidean,Euclidean score,2.425315777416884,197
Full-length RNA-seq,Keratinocyte,5,AK01_TGTTCTAGCTCTGCGAC,perturbation_score_euclidean,Euclidean score,2.4249412341942347,198
Full-length RNA-seq,Keratinocyte,5,SCC01_CTGGTCTGCTGCGTCGT,perturbation_score_euclidean,Euclidean score,2.422949421186007,199
Full-length RNA-seq,Keratinocyte,5,SCC01_GATTCTTTACCCTATCA,perturbation_score_euclidean,Euclidean score,2.4226577099424884,200
Full-length RNA-seq,Endothelial,1,SCC06_GTTGCTCGCTCCGCAGT,perturbation_score_euclidean,Euclidean score,2.746323586295117,1
Full-length RNA-seq,Endothelial,1,SCC07_TTGTGGAATGCCATAAG,perturbation_score_euclidean,Euclidean score,2.6415349689861034,2
Full-length RNA-seq,Endothelial,1,SCCuniq_AATCACGCGAGTCGTTA,perturbation_score_euclidean,Euclidean score,2.628356602452585,3
Full-length RNA-seq,Endothelial,1,SCCuniq_GTTTGGATACTGCAGGT,perturbation_score_euclidean,Euclidean score,2.590246971188274,4
Full-length RNA-seq,Endothelial,1,SCCuniq_TTCGCTGATGACCGTTT,perturbation_score_euclidean,Euclidean score,2.590246971188274,5
Full-length RNA-seq,Endothelial,1,SCC04_GCTACAACGAAGCGCTC,perturbation_score_euclidean,Euclidean score,2.5879048679488323,6
Full-length RNA-seq,Endothelial,1,SCC06_TCATACTGCTCTCACAA,perturbation_score_euclidean,Euclidean score,2.5879048679488323,7
Full-length RNA-seq,Endothelial,1,SCC06_TGATGCAGCTAGATGTA,perturbation_score_euclidean,Euclidean score,2.5879048679488323,8
Full-length RNA-seq,Endothelial,1,SCC07_TCGACGGTACAAACCCA,perturbation_score_euclidean,Euclidean score,2.5704339824345652,9
Full-length RNA-seq,Endothelial,1,SCC07_TCTATCAATGGAGAAGC,perturbation_score_euclidean,Euclidean score,2.5632863079039008,10
Full-length RNA-seq,Endothelial,1,AK07_TCAGCAACGAAGATGTA,perturbation_score_euclidean,Euclidean score,2.5526524294004473,11
Full-length RNA-seq,Endothelial,1,AK07_CCACCATGCTGTCATCA,perturbation_score_euclidean,Euclidean score,2.5226656676995556,12
Full-length RNA-seq,Endothelial,8,AK04_TATTGCTGCTGAATTAG,perturbation_score_euclidean,Euclidean score,2.515592840170776,13
Full-length RNA-seq,Endothelial,1,SCC06_ACATTTCATGATCGCTC,perturbation_score_euclidean,Euclidean score,2.510162019957688,14
Full-length RNA-seq,Endothelial,1,AK07_AAGCCATATGAAGCGCT,perturbation_score_euclidean,Euclidean score,2.4792261979247145,15
Full-length RNA-seq,Endothelial,1,SCC07_TCGCAGGGCTGAGTTTC,perturbation_score_euclidean,Euclidean score,2.4792261979247145,16
Full-length RNA-seq,Endothelial,8,SCC01_ATCGTCCGCTTACAGAA,perturbation_score_euclidean,Euclidean score,2.4579923072698873,17
Full-length RNA-seq,Endothelial,1,AK07_TCTAACTGCTTTGTTGG,perturbation_score_euclidean,Euclidean score,2.45016472244944,18
Full-length RNA-seq,Endothelial,1,SCC06_CAGCAGCGCTGAACGCA,perturbation_score_euclidean,Euclidean score,2.4500049995128497,19
Full-length RNA-seq,Endothelial,1,SCC07_TAGCACAATGAGTCCGG,perturbation_score_euclidean,Euclidean score,2.4500049995128497,20
Full-length RNA-seq,Endothelial,1,AK07_TTGTTCACGACTACAGT,perturbation_score_euclidean,Euclidean score,2.4484854924597905,21
Full-length RNA-seq,Endothelial,1,SCC01_GAGGCAACGATTGTGGT,perturbation_score_euclidean,Euclidean score,2.443308788657363,22
Full-length RNA-seq,Endothelial,1,AK06_TGTTACTTACTTCTCTT,perturbation_score_euclidean,Euclidean score,2.443308788657363,23
Full-length RNA-seq,Endothelial,1,AK07_ATCGATGGCTACAGTTC,perturbation_score_euclidean,Euclidean score,2.43528770924148,24
Full-length RNA-seq,Endothelial,1,AK06_GAGTTGTGCTTGTGCTA,perturbation_score_euclidean,Euclidean score,2.4191968395248167,25
Full-length RNA-seq,Endothelial,1,AK07_GTCTGTCATGGGAGGCA,perturbation_score_euclidean,Euclidean score,2.395289042225525,26
Full-length RNA-seq,Endothelial,1,AK07_TAGACTGATGCATAAGC,perturbation_score_euclidean,Euclidean score,2.395289042225525,27
Full-length RNA-seq,Endothelial,1,SCC04_TTCCTCTGCTTGACTGT,perturbation_score_euclidean,Euclidean score,2.3872024112132997,28
Full-length RNA-seq,Endothelial,1,SCC01_TCATACTCGAGTCAGAG,perturbation_score_euclidean,Euclidean score,2.3826542684475656,29
Full-length RNA-seq,Endothelial,1,AK01_CACTGTCATGGTTCTCG,perturbation_score_euclidean,Euclidean score,2.3826542684475656,30
Full-length RNA-seq,Endothelial,1,SCCuniq_ACCGTTCTACGACCATA,perturbation_score_euclidean,Euclidean score,2.3826542684475656,31
Full-length RNA-seq,Endothelial,1,SCCuniq_CAAGAGGATGGTAGCCA,perturbation_score_euclidean,Euclidean score,2.3826542684475656,32
Full-length RNA-seq,Endothelial,1,SCC01_ATTATCCTACTTAGAAC,perturbation_score_euclidean,Euclidean score,2.3740179481566805,33
Full-length RNA-seq,Endothelial,1,SCCuniq_TCACTCGTACGTCAGAT,perturbation_score_euclidean,Euclidean score,2.369234090768771,34
Full-length RNA-seq,Endothelial,8,SCCuniq_TGACTCCATGTATGACA,perturbation_score_euclidean,Euclidean score,2.367076525353585,35
Full-length RNA-seq,Endothelial,8,AK07_AGACCCGATGACCATAA,perturbation_score_euclidean,Euclidean score,2.367076525353585,36
Full-length RNA-seq,Endothelial,8,SCC07_GTGGAGATACATTTCCA,perturbation_score_euclidean,Euclidean score,2.367076525353585,37
Full-length RNA-seq,Endothelial,1,SCC01_TTGTTTGTACATGGGCT,perturbation_score_euclidean,Euclidean score,2.366393369483319,38
Full-length RNA-seq,Endothelial,8,AK07_GTGAGTTGCTGTGGACA,perturbation_score_euclidean,Euclidean score,2.3640829888271186,39
Full-length RNA-seq,Endothelial,8,SCC01_GTTACGACGAGCTCGGT,perturbation_score_euclidean,Euclidean score,2.3610804641265575,40
Full-length RNA-seq,Endothelial,1,SCC06_ACATCCCATGCGTATAA,perturbation_score_euclidean,Euclidean score,2.3479855187070013,41
Full-length RNA-seq,Endothelial,1,AK07_ACTATGGTACGCCTTCG,perturbation_score_euclidean,Euclidean score,2.3479855187070013,42
Full-length RNA-seq,Endothelial,1,SCC04_CAGAGCCATGCGAGTCA,perturbation_score_euclidean,Euclidean score,2.345865732490036,43
Full-length RNA-seq,Endothelial,8,SCCuniq_AGGGTCCTACACGATAT,perturbation_score_euclidean,Euclidean score,2.340409312540724,44
Full-length RNA-seq,Endothelial,8,SCC07_TACACCCATGGCCTTCG,perturbation_score_euclidean,Euclidean score,2.3371400694511513,45
Full-length RNA-seq,Endothelial,1,SCCuniq_CATAGACTACTACGCGG,perturbation_score_euclidean,Euclidean score,2.3341520655675576,46
Full-length RNA-seq,Endothelial,1,SCC07_AGTTCCCTACGTAGCCA,perturbation_score_euclidean,Euclidean score,2.3266468487887724,47
Full-length RNA-seq,Endothelial,1,AK01_GTAGAAAATGAGGGTGG,perturbation_score_euclidean,Euclidean score,2.3256694019530118,48
Full-length RNA-seq,Endothelial,1,AK04_AGAACAAGCTACGAGCA,perturbation_score_euclidean,Euclidean score,2.3256694019530118,49
Full-length RNA-seq,Endothelial,8,SCC07_ATCCCTGATGTTCTCTT,perturbation_score_euclidean,Euclidean score,2.3248656159207934,50
Full-length RNA-seq,Endothelial,1,SCC04_AATGGCTGCTTCTCCAC,perturbation_score_euclidean,Euclidean score,2.319776486892741,51
Full-length RNA-seq,Endothelial,8,AK04_ACGCACGGCTGGCTGCT,perturbation_score_euclidean,Euclidean score,2.3187711383575893,52
Full-length RNA-seq,Endothelial,1,SCC04_AGAGAGCGCTCGTGGTC,perturbation_score_euclidean,Euclidean score,2.315980417286832,53
Full-length RNA-seq,Endothelial,1,SCC07_CGAAGGAATGAAGTCGT,perturbation_score_euclidean,Euclidean score,2.3108060461568565,54
Full-length RNA-seq,Endothelial,8,SCC06_TACGCTCGCTGAACATA,perturbation_score_euclidean,Euclidean score,2.3077279574838605,55
Full-length RNA-seq,Endothelial,1,SCCuniq_AATGGCTGCTGATAAAC,perturbation_score_euclidean,Euclidean score,2.301408329712655,56
Full-length RNA-seq,Endothelial,1,SCCuniq_TTGCGTCCGACAACGCC,perturbation_score_euclidean,Euclidean score,2.301408329712655,57
Full-length RNA-seq,Endothelial,1,AK07_TCCGTGTTACGGCTTCT,perturbation_score_euclidean,Euclidean score,2.3000452874700357,58
Full-length RNA-seq,Endothelial,1,SCC07_CAGATTGTACACCAGCA,perturbation_score_euclidean,Euclidean score,2.3000452874700357,59
Full-length RNA-seq,Endothelial,1,SCC07_CTGAGCGTACACCAGAC,perturbation_score_euclidean,Euclidean score,2.3000452874700357,60
Full-length RNA-seq,Endothelial,1,AK07_TCGGATAATGGAGAATA,perturbation_score_euclidean,Euclidean score,2.300035021298504,61
Full-length RNA-seq,Endothelial,8,SCC06_TATCCTAGCTCAACGTT,perturbation_score_euclidean,Euclidean score,2.296835870791869,62
Full-length RNA-seq,Endothelial,8,SCC07_GGTAACTCGATACAGCT,perturbation_score_euclidean,Euclidean score,2.296835870791869,63
Full-length RNA-seq,Endothelial,1,SCC06_TTGAGTGATGACAGCGT,perturbation_score_euclidean,Euclidean score,2.2941433996901783,64
Full-length RNA-seq,Endothelial,1,SCCuniq_AGACCCGATGTATGACA,perturbation_score_euclidean,Euclidean score,2.2941433996901783,65
Full-length RNA-seq,Endothelial,1,SCC07_TCGACGGGCTATCCTAG,perturbation_score_euclidean,Euclidean score,2.2941433996901783,66
Full-length RNA-seq,Endothelial,8,SCCuniq_AGGCCACTACCGGACGT,perturbation_score_euclidean,Euclidean score,2.2908383894018676,67
Full-length RNA-seq,Endothelial,1,AK07_CGAGTTATACTCAATCT,perturbation_score_euclidean,Euclidean score,2.289554432659854,68
Full-length RNA-seq,Endothelial,1,SCC07_GGGCTCAGCTGGTGGAT,perturbation_score_euclidean,Euclidean score,2.289554432659854,69
Full-length RNA-seq,Endothelial,8,AK01_CACAGATATGCGGACAT,perturbation_score_euclidean,Euclidean score,2.2814211650978242,70
Full-length RNA-seq,Endothelial,1,SCCuniq_GACAGCCCGACAGTGAG,perturbation_score_euclidean,Euclidean score,2.2771524462470674,71
Full-length RNA-seq,Endothelial,8,AK07_TGGATCAATGTATGATG,perturbation_score_euclidean,Euclidean score,2.2712948407992606,72
Full-length RNA-seq,Endothelial,8,SCCuniq_TCATGCCCGAAATGATG,perturbation_score_euclidean,Euclidean score,2.270671216952249,73
Full-length RNA-seq,Endothelial,1,SCC01_GTTACAGGCTCACAGCC,perturbation_score_euclidean,Euclidean score,2.26690463170257,74
Full-length RNA-seq,Endothelial,1,SCC04_AATTCCTTACCAACTTC,perturbation_score_euclidean,Euclidean score,2.2668792563621833,75
Full-length RNA-seq,Endothelial,8,AK04_TGGTAGTCGAACAGTTC,perturbation_score_euclidean,Euclidean score,2.2616475730323553,76
Full-length RNA-seq,Endothelial,1,SCC06_ATCACTTATGCACACCC,perturbation_score_euclidean,Euclidean score,2.2614527485395306,77
Full-length RNA-seq,Endothelial,1,AK07_AGTCTCCATGTTCCAGT,perturbation_score_euclidean,Euclidean score,2.254130418081655,78
Full-length RNA-seq,Endothelial,1,SCC07_GTGCACGCGACTACAGT,perturbation_score_euclidean,Euclidean score,2.254130418081655,79
Full-length RNA-seq,Endothelial,8,SCC07_TACAACGATGGCAGTCG,perturbation_score_euclidean,Euclidean score,2.250432776533537,80
Full-length RNA-seq,Endothelial,1,AK07_GCCAGCATACAATCTTC,perturbation_score_euclidean,Euclidean score,2.2415094514050597,81
Full-length RNA-seq,Endothelial,1,AK07_CTCAGAAATGGCCTTCG,perturbation_score_euclidean,Euclidean score,2.2405009979810058,82
Full-length RNA-seq,Endothelial,1,AK04_CCTTCAGCGATTCACAG,perturbation_score_euclidean,Euclidean score,2.238415029154921,83
Full-length RNA-seq,Endothelial,1,SCC01_GGAAGTGATGAGGTATT,perturbation_score_euclidean,Euclidean score,2.236243443698184,84
Full-length RNA-seq,Endothelial,1,AK01_TCAAGTGGCTGCCAAGA,perturbation_score_euclidean,Euclidean score,2.235921793122166,85
Full-length RNA-seq,Endothelial,1,AK01_TGTTACTGCTGTCAGAG,perturbation_score_euclidean,Euclidean score,2.235458443894091,86
Full-length RNA-seq,Endothelial,8,SCC06_TTGGTTTATGCTAGCGG,perturbation_score_euclidean,Euclidean score,2.2292952147366654,87
Full-length RNA-seq,Endothelial,8,AK07_CGGTCAGTACGTAACTA,perturbation_score_euclidean,Euclidean score,2.2292952147366654,88
Full-length RNA-seq,Endothelial,1,SCC07_TCTTTGAATGGCAGTCG,perturbation_score_euclidean,Euclidean score,2.2220316527227597,89
Full-length RNA-seq,Endothelial,1,SCCuniq_GAAGAATTACTGCTCAT,perturbation_score_euclidean,Euclidean score,2.2164396760413276,90
Full-length RNA-seq,Endothelial,1,SCC04_TACCGGGTACTAATACG,perturbation_score_euclidean,Euclidean score,2.2137614982302667,91
Full-length RNA-seq,Endothelial,1,SCC01_ATTCACTCGACTTGACA,perturbation_score_euclidean,Euclidean score,2.2125394326321812,92
Full-length RNA-seq,Endothelial,1,SCCuniq_TCCTGCAGCTGCTTTGA,perturbation_score_euclidean,Euclidean score,2.21246334309682,93
Full-length RNA-seq,Endothelial,8,SCC01_GCAACATGCTGCATTTG,perturbation_score_euclidean,Euclidean score,2.2101499536292533,94
Full-length RNA-seq,Endothelial,1,SCC06_CGATGGCGCTGTCATCA,perturbation_score_euclidean,Euclidean score,2.2085894196455342,95
Full-length RNA-seq,Endothelial,1,SCCuniq_ACAACCAGCTAGACGTG,perturbation_score_euclidean,Euclidean score,2.1987047494817467,96
Full-length RNA-seq,Endothelial,1,SCCuniq_ATATCCTCGACATCCCT,perturbation_score_euclidean,Euclidean score,2.1987047494817467,97
Full-length RNA-seq,Endothelial,1,SCCuniq_CTGATCCTACACGCAGT,perturbation_score_euclidean,Euclidean score,2.1987047494817467,98
Full-length RNA-seq,Endothelial,1,SCCuniq_GGGTGAATACGGAAGGT,perturbation_score_euclidean,Euclidean score,2.1987047494817467,99
Full-length RNA-seq,Endothelial,1,SCC07_CAACCTCGCTCGACAGA,perturbation_score_euclidean,Euclidean score,2.191470111641265,100
Full-length RNA-seq,Endothelial,1,SCC07_CATAGACTACGCGTTAG,perturbation_score_euclidean,Euclidean score,2.191470111641265,101
Full-length RNA-seq,Endothelial,1,SCC07_AATGGAATACGTCGTCC,perturbation_score_euclidean,Euclidean score,2.189825501551264,102
Full-length RNA-seq,Endothelial,1,SCC07_AATGCCAGCTAACAAGT,perturbation_score_euclidean,Euclidean score,2.1893212884964623,103
Full-length RNA-seq,Endothelial,1,AK07_TTGCGTCTACGATTTCT,perturbation_score_euclidean,Euclidean score,2.1864620706072033,104
Full-length RNA-seq,Endothelial,8,SCC01_ACTTCGCTACTTTAGGA,perturbation_score_euclidean,Euclidean score,2.1841091255128697,105
Full-length RNA-seq,Endothelial,1,AK07_TCAGTTTATGTAGTGAC,perturbation_score_euclidean,Euclidean score,2.1796539857355692,106
Full-length RNA-seq,Endothelial,1,SCC01_CTCCATGGCTATCCTTT,perturbation_score_euclidean,Euclidean score,2.179209917349249,107
Full-length RNA-seq,Endothelial,1,AK07_TCGGGTGGCTCCAGCGT,perturbation_score_euclidean,Euclidean score,2.179209917349249,108
Full-length RNA-seq,Endothelial,1,AK07_AACCTGAATGCATCTGC,perturbation_score_euclidean,Euclidean score,2.178245860118366,109
Full-length RNA-seq,Endothelial,1,SCCuniq_TCACTATTACACACGAT,perturbation_score_euclidean,Euclidean score,2.1766731753120525,110
Full-length RNA-seq,Endothelial,1,SCC07_TTGATGGATGTCTCCTC,perturbation_score_euclidean,Euclidean score,2.170576090162027,111
Full-length RNA-seq,Endothelial,8,SCC01_CCTCATGATGTCAATCT,perturbation_score_euclidean,Euclidean score,2.169564624818071,112
Full-length RNA-seq,Endothelial,1,SCCuniq_CTGTCGTTACTAGCAAC,perturbation_score_euclidean,Euclidean score,2.1669244143485304,113
Full-length RNA-seq,Endothelial,1,SCC07_ATACCGACGAATCCTCC,perturbation_score_euclidean,Euclidean score,2.1668541810614843,114
Full-length RNA-seq,Endothelial,1,SCCuniq_CACGTGGGCTGCACGCT,perturbation_score_euclidean,Euclidean score,2.1657934192387085,115
Full-length RNA-seq,Endothelial,1,SCC07_CTCCGATATGTCCCGAC,perturbation_score_euclidean,Euclidean score,2.1626334897282082,116
Full-length RNA-seq,Endothelial,8,SCC01_CATGGATCGAAATGCTC,perturbation_score_euclidean,Euclidean score,2.1572134093063724,117
Full-length RNA-seq,Endothelial,8,AK07_TCTTGCGGCTAAGCACG,perturbation_score_euclidean,Euclidean score,2.1552929744454365,118
Full-length RNA-seq,Endothelial,1,AK07_AGTCATGCGATCATCCC,perturbation_score_euclidean,Euclidean score,2.1507221742457032,119
Full-length RNA-seq,Endothelial,8,SCC06_GTCGTAATACTGGTTCT,perturbation_score_euclidean,Euclidean score,2.1505107653855524,120
Full-length RNA-seq,Endothelial,1,SCC04_TACCGAACGATGGTACT,perturbation_score_euclidean,Euclidean score,2.1466673155070155,121
Full-length RNA-seq,Endothelial,1,AK07_GCGGATCATGTGGTTGA,perturbation_score_euclidean,Euclidean score,2.1447271104692955,122
Full-length RNA-seq,Endothelial,1,AK07_CCATCACGCTACTCAAC,perturbation_score_euclidean,Euclidean score,2.1394975558785276,123
Full-length RNA-seq,Endothelial,1,SCC01_CTTCTCTTACGAAAGGT,perturbation_score_euclidean,Euclidean score,2.13743482693666,124
Full-length RNA-seq,Endothelial,1,AK07_CATAAGCATGGCAACAT,perturbation_score_euclidean,Euclidean score,2.13743482693666,125
Full-length RNA-seq,Endothelial,1,SCC01_CTCAAGATACAAGCGAA,perturbation_score_euclidean,Euclidean score,2.1357259691224995,126
Full-length RNA-seq,Endothelial,1,AK07_GTCATGACGACTCGGAC,perturbation_score_euclidean,Euclidean score,2.1309511253816367,127
Full-length RNA-seq,Endothelial,1,SCCuniq_CATCGGGCGAGAGAACC,perturbation_score_euclidean,Euclidean score,2.1301652379230656,128
Full-length RNA-seq,Endothelial,1,AK01_GATCAGTATGTAAACGC,perturbation_score_euclidean,Euclidean score,2.1299890673609485,129
Full-length RNA-seq,Endothelial,1,SCC07_TCTTTGAGCTGTTGAGG,perturbation_score_euclidean,Euclidean score,2.1296732838798875,130
Full-length RNA-seq,Endothelial,8,SCC06_CCTCAACTACTCGAAGC,perturbation_score_euclidean,Euclidean score,2.129518462835364,131
Full-length RNA-seq,Endothelial,8,SCC06_CTTTCGGTACAGTCCGA,perturbation_score_euclidean,Euclidean score,2.129518462835364,132
Full-length RNA-seq,Endothelial,8,SCC06_GCAGGCTTACATCACCC,perturbation_score_euclidean,Euclidean score,2.129518462835364,133
Full-length RNA-seq,Endothelial,1,SCCuniq_CCGGGTAATGTCGGTCT,perturbation_score_euclidean,Euclidean score,2.1237497870702184,134
Full-length RNA-seq,Endothelial,1,SCC07_GCCATGGTACTACGGTA,perturbation_score_euclidean,Euclidean score,2.123081550923679,135
Full-length RNA-seq,Endothelial,1,AK07_AAGGAATTACATGGTAT,perturbation_score_euclidean,Euclidean score,2.1227797465481184,136
Full-length RNA-seq,Endothelial,8,AK07_ACATTTCCGACATCGGC,perturbation_score_euclidean,Euclidean score,2.1217830053826487,137
Full-length RNA-seq,Endothelial,8,AK01_TCTACCGTACTCACAGG,perturbation_score_euclidean,Euclidean score,2.121739954303222,138
Full-length RNA-seq,Endothelial,8,SCC04_CGAGTGCTACCTAGCCC,perturbation_score_euclidean,Euclidean score,2.121739954303222,139
Full-length RNA-seq,Endothelial,1,AK07_GTTGTCCATGCACGTAA,perturbation_score_euclidean,Euclidean score,2.1205394843175176,140
Full-length RNA-seq,Endothelial,8,SCC07_TTTACGTGCTAGGACAC,perturbation_score_euclidean,Euclidean score,2.120255472851237,141
Full-length RNA-seq,Endothelial,1,AK07_TTTCGATGCTCGTAACT,perturbation_score_euclidean,Euclidean score,2.117890556130055,142
Full-length RNA-seq,Endothelial,8,SCC04_CTTTCGGCGACGAGTTT,perturbation_score_euclidean,Euclidean score,2.117451071284424,143
Full-length RNA-seq,Endothelial,1,SCC06_GTTGCTCGCTTGCACTA,perturbation_score_euclidean,Euclidean score,2.1169672655005067,144
Full-length RNA-seq,Endothelial,1,AK07_AGCGTCGGCTACTCAAC,perturbation_score_euclidean,Euclidean score,2.1169672655005067,145
Full-length RNA-seq,Endothelial,1,AK07_CTACATTTACACAGAGG,perturbation_score_euclidean,Euclidean score,2.1169672655005067,146
Full-length RNA-seq,Endothelial,1,AK07_GTCACGGTACCATAAGC,perturbation_score_euclidean,Euclidean score,2.1169672655005067,147
Full-length RNA-seq,Endothelial,1,AK07_TGTACAGATGCCTGACC,perturbation_score_euclidean,Euclidean score,2.1169672655005067,148
Full-length RNA-seq,Endothelial,1,SCC07_AGCGTCGGCTCGTACAT,perturbation_score_euclidean,Euclidean score,2.1169672655005067,149
Full-length RNA-seq,Endothelial,1,SCC07_AGGGCCTTACACGATCA,perturbation_score_euclidean,Euclidean score,2.1169672655005067,150
Full-length RNA-seq,Endothelial,1,SCC07_CAAAGAAATGTGGCCTC,perturbation_score_euclidean,Euclidean score,2.1169672655005067,151
Full-length RNA-seq,Endothelial,1,SCC07_CCCTTAGTACAGAATCT,perturbation_score_euclidean,Euclidean score,2.1169672655005067,152
Full-length RNA-seq,Endothelial,1,SCC07_TCTCAGCATGCCTGACC,perturbation_score_euclidean,Euclidean score,2.1169672655005067,153
Full-length RNA-seq,Endothelial,1,SCC07_GCTTGGGGCTCGTACTA,perturbation_score_euclidean,Euclidean score,2.116197735765933,154
Full-length RNA-seq,Endothelial,1,AK07_TGTTACTATGACCAGAC,perturbation_score_euclidean,Euclidean score,2.112192859160981,155
Full-length RNA-seq,Endothelial,8,SCC07_CTTACCGATGTACGGGC,perturbation_score_euclidean,Euclidean score,2.11148391024253,156
Full-length RNA-seq,Endothelial,1,AK07_GGAACCCGCTCAGCCTG,perturbation_score_euclidean,Euclidean score,2.110712345931758,157
Full-length RNA-seq,Endothelial,1,SCC01_GTGCTGGGCTGGAGAAA,perturbation_score_euclidean,Euclidean score,2.110225077856174,158
Full-length RNA-seq,Endothelial,1,SCCuniq_GGGTCACTACGGCAGTT,perturbation_score_euclidean,Euclidean score,2.109537568448184,159
Full-length RNA-seq,Endothelial,8,AK04_CCGGACAGCTCGCGCTA,perturbation_score_euclidean,Euclidean score,2.1074635060506877,160
Full-length RNA-seq,Endothelial,1,SCC04_GGTGAAGATGTTCTGTA,perturbation_score_euclidean,Euclidean score,2.1020858216908795,161
Full-length RNA-seq,Endothelial,1,AK04_TCAGCAAATGCGAACGC,perturbation_score_euclidean,Euclidean score,2.1006888499949,162
Full-length RNA-seq,Endothelial,1,SCC07_ATCATTCCGAGGTTACT,perturbation_score_euclidean,Euclidean score,2.1004412531016063,163
Full-length RNA-seq,Endothelial,1,SCC07_CTCATTACGACTCGGAC,perturbation_score_euclidean,Euclidean score,2.1004412531016063,164
Full-length RNA-seq,Endothelial,8,AK07_GGCACGTATGAGATGCC,perturbation_score_euclidean,Euclidean score,2.0990965886732997,165
Full-length RNA-seq,Endothelial,8,AK07_GTGCACGGCTTGCAGCC,perturbation_score_euclidean,Euclidean score,2.0990965886732997,166
Full-length RNA-seq,Endothelial,1,SCC07_GATTCGATACAGTCTGG,perturbation_score_euclidean,Euclidean score,2.098572817575568,167
Full-length RNA-seq,Endothelial,1,AK07_GGAGCAATACTTACGTT,perturbation_score_euclidean,Euclidean score,2.0949585807286097,168
Full-length RNA-seq,Endothelial,1,SCC07_GACCCAGGCTGAGGACT,perturbation_score_euclidean,Euclidean score,2.0949585807286097,169
Full-length RNA-seq,Endothelial,1,SCCuniq_CTACAGAATGATGGTCG,perturbation_score_euclidean,Euclidean score,2.09348001624139,170
Full-length RNA-seq,Endothelial,1,SCC07_CTCTCAGCGATACACTG,perturbation_score_euclidean,Euclidean score,2.093371543435094,171
Full-length RNA-seq,Endothelial,8,SCC04_TTCTCTCCGACCTGCTT,perturbation_score_euclidean,Euclidean score,2.0924442394855,172
Full-length RNA-seq,Endothelial,8,SCC07_TATCTGTCGAAGTTACC,perturbation_score_euclidean,Euclidean score,2.0913077617869917,173
Full-length RNA-seq,Endothelial,1,SCCuniq_TTACTGTGCTGACCGAA,perturbation_score_euclidean,Euclidean score,2.0912363032480017,174
Full-length RNA-seq,Endothelial,8,SCCuniq_GCTACCTCGAACAGTCT,perturbation_score_euclidean,Euclidean score,2.090867390530961,175
Full-length RNA-seq,Endothelial,8,SCC01_TTACAGGGCTACGACTT,perturbation_score_euclidean,Euclidean score,2.0890282086398555,176
Full-length RNA-seq,Endothelial,1,AK07_TGTCCTGATGCATACTT,perturbation_score_euclidean,Euclidean score,2.089018310227381,177
Full-length RNA-seq,Endothelial,1,SCCuniq_CATGGATTACAGAATAG,perturbation_score_euclidean,Euclidean score,2.0883251088403365,178
Full-length RNA-seq,Endothelial,1,AK07_ACTCCCAGCTCCGCAGT,perturbation_score_euclidean,Euclidean score,2.0863502526172333,179
Full-length RNA-seq,Endothelial,1,AK07_CACACAACGAACAGTTC,perturbation_score_euclidean,Euclidean score,2.0863502526172333,180
Full-length RNA-seq,Endothelial,1,SCC07_CTCCACAATGGTTACAA,perturbation_score_euclidean,Euclidean score,2.0863502526172333,181
Full-length RNA-seq,Endothelial,1,AK07_GTTGAACTACGCAGTGC,perturbation_score_euclidean,Euclidean score,2.085331399890897,182
Full-length RNA-seq,Endothelial,1,AK07_TTTACCAGCTAAGTAGT,perturbation_score_euclidean,Euclidean score,2.085331399890897,183
Full-length RNA-seq,Endothelial,1,SCC07_ATCGTCCATGCGGACTG,perturbation_score_euclidean,Euclidean score,2.085331399890897,184
Full-length RNA-seq,Endothelial,8,SCC06_ACTTTGTTACATCGGGC,perturbation_score_euclidean,Euclidean score,2.0848781771700486,185
Full-length RNA-seq,Endothelial,1,AK07_CACCGTTGCTAGACGAC,perturbation_score_euclidean,Euclidean score,2.082903147919664,186
Full-length RNA-seq,Endothelial,1,SCC04_GTCCACTATGCTAAGTA,perturbation_score_euclidean,Euclidean score,2.0800995988096402,187
Full-length RNA-seq,Endothelial,1,AK04_TTCTGTAATGATCACAG,perturbation_score_euclidean,Euclidean score,2.0800995988096402,188
Full-length RNA-seq,Endothelial,1,SCC07_ATGCATGCGATTGCCGG,perturbation_score_euclidean,Euclidean score,2.078088863418211,189
Full-length RNA-seq,Endothelial,8,SCCuniq_CGAGTGCCGACGTGGAA,perturbation_score_euclidean,Euclidean score,2.077561408397758,190
Full-length RNA-seq,Endothelial,1,AK07_TGATGCACGATATCCAG,perturbation_score_euclidean,Euclidean score,2.0759064254003308,191
Full-length RNA-seq,Endothelial,1,SCC04_TGCTCGTCGACCAGCGT,perturbation_score_euclidean,Euclidean score,2.0757446925288843,192
Full-length RNA-seq,Endothelial,1,SCCuniq_AATGCCACGAAACGGTG,perturbation_score_euclidean,Euclidean score,2.0755810766119773,193
Full-length RNA-seq,Endothelial,1,SCCuniq_TGCTTCGTACGCCAGAC,perturbation_score_euclidean,Euclidean score,2.073828608672223,194
Full-length RNA-seq,Endothelial,8,SCC06_CACAGATATGACCTACC,perturbation_score_euclidean,Euclidean score,2.069062794131519,195
Full-length RNA-seq,Endothelial,1,SCC07_GTAGATCATGGCCTTTG,perturbation_score_euclidean,Euclidean score,2.0683133862279224,196
Full-length RNA-seq,Endothelial,8,AK07_CACAGGCTACTACGCGG,perturbation_score_euclidean,Euclidean score,2.068231021641562,197
Full-length RNA-seq,Endothelial,8,SCC06_TTGGGTAGCTTACAGAA,perturbation_score_euclidean,Euclidean score,2.068084478482003,198
Full-length RNA-seq,Endothelial,8,SCC04_AACAGGGATGTGGCAGT,perturbation_score_euclidean,Euclidean score,2.065486572346062,199
Full-length RNA-seq,Endothelial,1,SCC07_ATGATCGATGAAACACT,perturbation_score_euclidean,Euclidean score,2.0646002775479086,200
Full-length RNA-seq,Perivascular smooth muscle,4,AK07_ACTGTGAATGTGCTAGA,perturbation_score_euclidean,Euclidean score,2.7394863056622873,1
Full-length RNA-seq,Perivascular smooth muscle,4,SCC07_ATTCCTAGCTGATACAA,perturbation_score_euclidean,Euclidean score,2.6360003590691767,2
Full-length RNA-seq,Perivascular smooth muscle,4,SCC06_TACATTCCGAAGACGAC,perturbation_score_euclidean,Euclidean score,2.444808422494923,3
Full-length RNA-seq,Perivascular smooth muscle,4,AK04_CCTCCAAATGATTCGGA,perturbation_score_euclidean,Euclidean score,2.4365223943039136,4
Full-length RNA-seq,Perivascular smooth muscle,4,SCC01_TTTCCTCCGACGCCAGT,perturbation_score_euclidean,Euclidean score,2.434382156305646,5
Full-length RNA-seq,Perivascular smooth muscle,4,AK04_ACCACAACGAACAGTCT,perturbation_score_euclidean,Euclidean score,2.40382692618579,6
Full-length RNA-seq,Perivascular smooth muscle,4,SCC06_TACCGAAATGACCAGCA,perturbation_score_euclidean,Euclidean score,2.40382692618579,7
Full-length RNA-seq,Perivascular smooth muscle,4,AK07_GATGCTAGCTACACAAA,perturbation_score_euclidean,Euclidean score,2.3734061644359383,8
Full-length RNA-seq,Perivascular smooth muscle,4,SCC01_GCAGCCATACCCATAAG,perturbation_score_euclidean,Euclidean score,2.3680382164596376,9
Full-length RNA-seq,Perivascular smooth muscle,4,SCC06_ACTATCTCGATCGAGCC,perturbation_score_euclidean,Euclidean score,2.3680382164596376,10
Full-length RNA-seq,Perivascular smooth muscle,4,AK07_ACTGCAACGATAACTCG,perturbation_score_euclidean,Euclidean score,2.3680382164596376,11
Full-length RNA-seq,Perivascular smooth muscle,4,AK07_GACTCAACGACTACCGG,perturbation_score_euclidean,Euclidean score,2.3680382164596376,12
Full-length RNA-seq,Perivascular smooth muscle,4,SCC06_GCCAACGATGTCTTCCC,perturbation_score_euclidean,Euclidean score,2.3520905295108916,13
Full-length RNA-seq,Perivascular smooth muscle,4,SCCuniq_TAGCACATACTCGAACA,perturbation_score_euclidean,Euclidean score,2.3520905295108916,14
Full-length RNA-seq,Perivascular smooth muscle,4,AK07_GGGTGAACGATTCGTGA,perturbation_score_euclidean,Euclidean score,2.3520905295108916,15
Full-length RNA-seq,Perivascular smooth muscle,4,SCC07_AAGTCGTTACATGGTAC,perturbation_score_euclidean,Euclidean score,2.32936166031819,16
Full-length RNA-seq,Perivascular smooth muscle,4,AK07_ACTACGAGCTAAGCAAT,perturbation_score_euclidean,Euclidean score,2.3239698759285776,17
Full-length RNA-seq,Perivascular smooth muscle,4,AK07_CGTCCATATGTGAGGCT,perturbation_score_euclidean,Euclidean score,2.31636617013447,18
Full-length RNA-seq,Perivascular smooth muscle,4,SCC06_GGTGTTAATGACTACCT,perturbation_score_euclidean,Euclidean score,2.29057535962498,19
Full-length RNA-seq,Perivascular smooth muscle,4,SCC06_ATTCCCGTACCGAGTCA,perturbation_score_euclidean,Euclidean score,2.2882956709525826,20
Full-length RNA-seq,Perivascular smooth muscle,4,SCC07_GGGCTCAGCTGGCATTT,perturbation_score_euclidean,Euclidean score,2.2869380686272,21
Full-length RNA-seq,Perivascular smooth muscle,4,SCC04_TTACGCCATGGTAGCCG,perturbation_score_euclidean,Euclidean score,2.2832874994322583,22
Full-length RNA-seq,Perivascular smooth muscle,4,SCCuniq_AAGGAATGCTCTACAGT,perturbation_score_euclidean,Euclidean score,2.2832874994322583,23
Full-length RNA-seq,Perivascular smooth muscle,4,SCCuniq_ACAGGGACGACAAGCCC,perturbation_score_euclidean,Euclidean score,2.2832874994322583,24
Full-length RNA-seq,Perivascular smooth muscle,4,SCCuniq_CTCAAGATACCGCACTT,perturbation_score_euclidean,Euclidean score,2.2832874994322583,25
Full-length RNA-seq,Perivascular smooth muscle,4,SCCuniq_TCAAGTGCGACGCCAGT,perturbation_score_euclidean,Euclidean score,2.2832874994322583,26
Full-length RNA-seq,Perivascular smooth muscle,4,AK07_AGATCGTATGGCCTTGC,perturbation_score_euclidean,Euclidean score,2.2832874994322583,27
Full-length RNA-seq,Perivascular smooth muscle,4,AK07_ATCACGATACTGCATGA,perturbation_score_euclidean,Euclidean score,2.2832874994322583,28
Full-length RNA-seq,Perivascular smooth muscle,4,AK07_CAACAGTATGTAAGGGA,perturbation_score_euclidean,Euclidean score,2.2832874994322583,29
Full-length RNA-seq,Perivascular smooth muscle,4,AK07_CAAGCTAATGTACGGTA,perturbation_score_euclidean,Euclidean score,2.2832874994322583,30
Full-length RNA-seq,Perivascular smooth muscle,4,AK07_CGGGTGTCGACCAAATC,perturbation_score_euclidean,Euclidean score,2.2832874994322583,31
Full-length RNA-seq,Perivascular smooth muscle,4,AK07_CTGGTCTCGACACAGAG,perturbation_score_euclidean,Euclidean score,2.2832874994322583,32
Full-length RNA-seq,Perivascular smooth muscle,4,AK07_GTGAGGAATGAGAATCT,perturbation_score_euclidean,Euclidean score,2.2832874994322583,33
Full-length RNA-seq,Perivascular smooth muscle,4,AK07_TCGCAGGATGGTAGCCA,perturbation_score_euclidean,Euclidean score,2.2832874994322583,34
Full-length RNA-seq,Perivascular smooth muscle,4,AK07_TGTCAGAATGGTGCCTC,perturbation_score_euclidean,Euclidean score,2.2832874994322583,35
Full-length RNA-seq,Perivascular smooth muscle,4,SCC07_CCTACGTGCTAACAGGC,perturbation_score_euclidean,Euclidean score,2.2832874994322583,36
Full-length RNA-seq,Perivascular smooth muscle,4,SCC07_CGAAGGACGAACTCATG,perturbation_score_euclidean,Euclidean score,2.2832874994322583,37
Full-length RNA-seq,Perivascular smooth muscle,4,SCC07_CGATGGCCGACGGATTT,perturbation_score_euclidean,Euclidean score,2.2832874994322583,38
Full-length RNA-seq,Perivascular smooth muscle,4,SCC07_CTCATTATACGTAACCA,perturbation_score_euclidean,Euclidean score,2.2832874994322583,39
Full-length RNA-seq,Perivascular smooth muscle,4,SCC07_CTTCTAATACTCAATCT,perturbation_score_euclidean,Euclidean score,2.2832874994322583,40
Full-length RNA-seq,Perivascular smooth muscle,4,SCC07_GATTCGAATGTGGCCTC,perturbation_score_euclidean,Euclidean score,2.2832874994322583,41
Full-length RNA-seq,Perivascular smooth muscle,4,SCC07_GTAACACGCTCCAGCCA,perturbation_score_euclidean,Euclidean score,2.2832874994322583,42
Full-length RNA-seq,Perivascular smooth muscle,4,SCC07_GTAATGCGCTCACGTGC,perturbation_score_euclidean,Euclidean score,2.2832874994322583,43
Full-length RNA-seq,Perivascular smooth muscle,4,SCC07_TGGGAAGGCTAGGAGGG,perturbation_score_euclidean,Euclidean score,2.2832874994322583,44
Full-length RNA-seq,Perivascular smooth muscle,4,SCC04_TCGCTTGCGAAGTCCTA,perturbation_score_euclidean,Euclidean score,2.275938092647816,45
Full-length RNA-seq,Perivascular smooth muscle,4,AK07_CGCGTGATACGGTCGAC,perturbation_score_euclidean,Euclidean score,2.2716287173751684,46
Full-length RNA-seq,Perivascular smooth muscle,4,SCC06_TATCAGGATGATAAGGA,perturbation_score_euclidean,Euclidean score,2.2668413404010597,47
Full-length RNA-seq,Perivascular smooth muscle,4,AK07_TTTACTGATGGCAGTCA,perturbation_score_euclidean,Euclidean score,2.2641926500115535,48
Full-length RNA-seq,Perivascular smooth muscle,4,AK07_TGATTCTATGATTTCCA,perturbation_score_euclidean,Euclidean score,2.2637292005231546,49
Full-length RNA-seq,Perivascular smooth muscle,4,SCC06_AATGAAGCGACGTACAT,perturbation_score_euclidean,Euclidean score,2.261706462523361,50
Full-length RNA-seq,Perivascular smooth muscle,4,SCC07_GACTGATTACAATCTTC,perturbation_score_euclidean,Euclidean score,2.2578640963071566,51
Full-length RNA-seq,Perivascular smooth muscle,4,AK07_TGGCGTGTACCCTGACC,perturbation_score_euclidean,Euclidean score,2.255591942987799,52
Full-length RNA-seq,Perivascular smooth muscle,4,SCC01_TACGGGCATGCGAAATC,perturbation_score_euclidean,Euclidean score,2.2447260778117077,53
Full-length RNA-seq,Perivascular smooth muscle,4,SCC04_CTTCGGTGCTATTTCCT,perturbation_score_euclidean,Euclidean score,2.2447260778117077,54
Full-length RNA-seq,Perivascular smooth muscle,4,AK07_ATGGAGGGCTGCGTCGT,perturbation_score_euclidean,Euclidean score,2.2447260778117077,55
Full-length RNA-seq,Perivascular smooth muscle,4,AK07_GAACGTTATGGGCTTCC,perturbation_score_euclidean,Euclidean score,2.2447260778117077,56
Full-length RNA-seq,Perivascular smooth muscle,4,SCC07_GGTTCTCCGACTACAGT,perturbation_score_euclidean,Euclidean score,2.2447260778117077,57
Full-length RNA-seq,Perivascular smooth muscle,4,SCC07_GTCGAATTACATCACCC,perturbation_score_euclidean,Euclidean score,2.2443631147177405,58
Full-length RNA-seq,Perivascular smooth muscle,4,SCC06_GCCCGAAATGAAACCCG,perturbation_score_euclidean,Euclidean score,2.231739594904552,59
Full-length RNA-seq,Perivascular smooth muscle,4,AK06_CGCAGGTCGAGATACCT,perturbation_score_euclidean,Euclidean score,2.231739594904552,60
Full-length RNA-seq,Perivascular smooth muscle,4,AK06_CTCATCGCGAAGTTCCA,perturbation_score_euclidean,Euclidean score,2.231739594904552,61
Full-length RNA-seq,Perivascular smooth muscle,4,AK07_AGGGTCCCGAAGTGTGG,perturbation_score_euclidean,Euclidean score,2.2183815274110144,62
Full-length RNA-seq,Perivascular smooth muscle,4,SCC06_CATCCGTATGGCTCTCG,perturbation_score_euclidean,Euclidean score,2.2179795236178306,63
Full-length RNA-seq,Perivascular smooth muscle,4,AK01_TAACCAGTACAGAATCT,perturbation_score_euclidean,Euclidean score,2.2142887509837847,64
Full-length RNA-seq,Perivascular smooth muscle,4,SCCuniq_GACTTCCTACGTCAGAT,perturbation_score_euclidean,Euclidean score,2.2053787474778725,65
Full-length RNA-seq,Perivascular smooth muscle,4,SCCuniq_AGGGTCCCGATCAACCA,perturbation_score_euclidean,Euclidean score,2.2042338460654327,66
Full-length RNA-seq,Perivascular smooth muscle,4,SCC01_ATTGGGTGCTGTAGAGC,perturbation_score_euclidean,Euclidean score,2.201418296212594,67
Full-length RNA-seq,Perivascular smooth muscle,4,SCCuniq_GCCGTGACGAACAGTGG,perturbation_score_euclidean,Euclidean score,2.1863212801316245,68
Full-length RNA-seq,Perivascular smooth muscle,4,SCCuniq_TCAAGTGCGACATCCCT,perturbation_score_euclidean,Euclidean score,2.1863212801316245,69
Full-length RNA-seq,Perivascular smooth muscle,4,SCC07_CGCCAGAATGAGTCGAC,perturbation_score_euclidean,Euclidean score,2.1840821556314403,70
Full-length RNA-seq,Perivascular smooth muscle,4,SCC07_TGCAGTAGCTAGCGGAT,perturbation_score_euclidean,Euclidean score,2.1840821556314403,71
Full-length RNA-seq,Perivascular smooth muscle,4,SCC07_CTCAACCTACCTGTAAG,perturbation_score_euclidean,Euclidean score,2.170798926454084,72
Full-length RNA-seq,Perivascular smooth muscle,4,AK07_GAACGTTTACAGTCTGG,perturbation_score_euclidean,Euclidean score,2.1607255843556286,73
Full-length RNA-seq,Perivascular smooth muscle,4,SCCuniq_TCCTCGAATGCTGACAG,perturbation_score_euclidean,Euclidean score,2.1563016942900965,74
Full-length RNA-seq,Perivascular smooth muscle,4,SCC06_TGATTCTGCTTCAAGGG,perturbation_score_euclidean,Euclidean score,2.1556263295792517,75
Full-length RNA-seq,Perivascular smooth muscle,4,SCC06_GTGTGATCGACTTGAGT,perturbation_score_euclidean,Euclidean score,2.149874381779906,76
Full-length RNA-seq,Perivascular smooth muscle,4,SCCuniq_ACTATTCGCTTACGGAG,perturbation_score_euclidean,Euclidean score,2.1486690610422308,77
Full-length RNA-seq,Perivascular smooth muscle,4,SCC07_CCACCATGCTAACGTTC,perturbation_score_euclidean,Euclidean score,2.1447610963931707,78
Full-length RNA-seq,Perivascular smooth muscle,4,AK01_GATAGCTGCTCCTGGTG,perturbation_score_euclidean,Euclidean score,2.140912611852243,79
Full-length RNA-seq,Perivascular smooth muscle,4,AK07_GTCGCGAATGGCAGGTT,perturbation_score_euclidean,Euclidean score,2.140912611852243,80
Full-length RNA-seq,Perivascular smooth muscle,4,SCC07_CCTAAGACGAATAGCTC,perturbation_score_euclidean,Euclidean score,2.140912611852243,81
Full-length RNA-seq,Perivascular smooth muscle,4,AK07_TTAGTCTCGATAACGGG,perturbation_score_euclidean,Euclidean score,2.139822638354056,82
Full-length RNA-seq,Perivascular smooth muscle,4,SCC07_TTTGGTTCGAAAGTGTA,perturbation_score_euclidean,Euclidean score,2.1364474983970365,83
Full-length RNA-seq,Perivascular smooth muscle,4,SCC07_CCCGAAGTACCCTCTTC,perturbation_score_euclidean,Euclidean score,2.132053944792016,84
Full-length RNA-seq,Perivascular smooth muscle,4,SCC06_GTGAGCCCGATAGCTAC,perturbation_score_euclidean,Euclidean score,2.131461268999951,85
Full-length RNA-seq,Perivascular smooth muscle,4,AK01_TAGGTACATGGTCAGAT,perturbation_score_euclidean,Euclidean score,2.127859544676771,86
Full-length RNA-seq,Perivascular smooth muscle,4,SCCuniq_CGACAGCGCTGCGTGAA,perturbation_score_euclidean,Euclidean score,2.127859544676771,87
Full-length RNA-seq,Perivascular smooth muscle,4,SCCuniq_GTAGATCATGAAGCGAA,perturbation_score_euclidean,Euclidean score,2.127859544676771,88
Full-length RNA-seq,Perivascular smooth muscle,4,AK07_TTCACGCCGACGTACAT,perturbation_score_euclidean,Euclidean score,2.127859544676771,89
Full-length RNA-seq,Perivascular smooth muscle,4,SCC07_CATGAGTATGAGGGTCT,perturbation_score_euclidean,Euclidean score,2.127859544676771,90
Full-length RNA-seq,Perivascular smooth muscle,4,AK04_CGAGTGCTACTAATTCC,perturbation_score_euclidean,Euclidean score,2.126941352756808,91
Full-length RNA-seq,Perivascular smooth muscle,4,SCCuniq_CTCAATTATGTAGTCAG,perturbation_score_euclidean,Euclidean score,2.122191684062266,92
Full-length RNA-seq,Perivascular smooth muscle,4,AK07_AGTACCAGCTCCCGCAA,perturbation_score_euclidean,Euclidean score,2.122191684062266,93
Full-length RNA-seq,Perivascular smooth muscle,4,AK07_TGTAGACCGATCGGGTC,perturbation_score_euclidean,Euclidean score,2.122191684062266,94
Full-length RNA-seq,Perivascular smooth muscle,4,SCC06_CAGTTAGATGATGGTAT,perturbation_score_euclidean,Euclidean score,2.1155960211804947,95
Full-length RNA-seq,Perivascular smooth muscle,4,SCC07_TTCTCTCATGTGGTTGG,perturbation_score_euclidean,Euclidean score,2.1147729119645104,96
Full-length RNA-seq,Perivascular smooth muscle,4,SCCuniq_AATAGAGGCTGAGGACT,perturbation_score_euclidean,Euclidean score,2.104563889913127,97
Full-length RNA-seq,Perivascular smooth muscle,4,AK01_GACTGATATGCAACTTC,perturbation_score_euclidean,Euclidean score,2.1043449057146617,98
Full-length RNA-seq,Perivascular smooth muscle,4,SCC06_CCTCTAGCGATGTGCTA,perturbation_score_euclidean,Euclidean score,2.1043449057146617,99
Full-length RNA-seq,Perivascular smooth muscle,4,AK07_TACGCTCTACGAAATCC,perturbation_score_euclidean,Euclidean score,2.09069632413696,100
Full-length RNA-seq,Perivascular smooth muscle,4,AK04_ATCCCTGGCTCAGTCTA,perturbation_score_euclidean,Euclidean score,2.086105291514776,101
Full-length RNA-seq,Perivascular smooth muscle,4,SCCuniq_CATGGATGCTAGTTAGA,perturbation_score_euclidean,Euclidean score,2.0792454231685467,102
Full-length RNA-seq,Perivascular smooth muscle,4,AK07_TCATCATATGCATGAGT,perturbation_score_euclidean,Euclidean score,2.0783451392584316,103
Full-length RNA-seq,Perivascular smooth muscle,4,SCC06_CTATCTAGCTATAGCTC,perturbation_score_euclidean,Euclidean score,2.07683321134899,104
Full-length RNA-seq,Perivascular smooth muscle,4,AK07_ACAACCATACCTGAAGC,perturbation_score_euclidean,Euclidean score,2.0687163716032293,105
Full-length RNA-seq,Perivascular smooth muscle,4,SCC07_CAACAACTACGTGCCTC,perturbation_score_euclidean,Euclidean score,2.0687163716032293,106
Full-length RNA-seq,Perivascular smooth muscle,4,SCC07_GATCATGGCTCACAGAG,perturbation_score_euclidean,Euclidean score,2.0687163716032293,107
Full-length RNA-seq,Perivascular smooth muscle,4,SCC01_AGGGTTTATGTAGTGAC,perturbation_score_euclidean,Euclidean score,2.0682546497909104,108
Full-length RNA-seq,Perivascular smooth muscle,4,AK07_CTAGGTATACCATGAGT,perturbation_score_euclidean,Euclidean score,2.0664927317814548,109
Full-length RNA-seq,Perivascular smooth muscle,4,AK04_GGGACAAGCTTGACTTG,perturbation_score_euclidean,Euclidean score,2.064855265291445,110
Full-length RNA-seq,Perivascular smooth muscle,4,SCC06_TTGCGTCATGCACACCT,perturbation_score_euclidean,Euclidean score,2.064855265291445,111
Full-length RNA-seq,Perivascular smooth muscle,4,SCC01_GAGTTTGTACACTGATG,perturbation_score_euclidean,Euclidean score,2.063589183390196,112
Full-length RNA-seq,Perivascular smooth muscle,4,SCC01_TATTGCTATGACCGTTT,perturbation_score_euclidean,Euclidean score,2.063589183390196,113
Full-length RNA-seq,Perivascular smooth muscle,4,SCCuniq_CACACAACGATCGGTAT,perturbation_score_euclidean,Euclidean score,2.059462528684723,114
Full-length RNA-seq,Perivascular smooth muscle,4,AK07_CAACAGTTACCACGTCT,perturbation_score_euclidean,Euclidean score,2.059462528684723,115
Full-length RNA-seq,Perivascular smooth muscle,4,AK07_CACTAAGGCTATAGAGT,perturbation_score_euclidean,Euclidean score,2.059462528684723,116
Full-length RNA-seq,Perivascular smooth muscle,4,AK07_CTTCCGATACGATTTGA,perturbation_score_euclidean,Euclidean score,2.059462528684723,117
Full-length RNA-seq,Perivascular smooth muscle,4,AK07_GGAATGGATGCAACTTC,perturbation_score_euclidean,Euclidean score,2.059462528684723,118
Full-length RNA-seq,Perivascular smooth muscle,4,AK07_GTTGCGGCGATTAAGGA,perturbation_score_euclidean,Euclidean score,2.059462528684723,119
Full-length RNA-seq,Perivascular smooth muscle,4,AK07_TCTATCACGAACTCAAC,perturbation_score_euclidean,Euclidean score,2.059462528684723,120
Full-length RNA-seq,Perivascular smooth muscle,4,SCC07_AAGCGTTGCTAAGTCAA,perturbation_score_euclidean,Euclidean score,2.059462528684723,121
Full-length RNA-seq,Perivascular smooth muscle,4,SCC07_CCCTAACGCTGAGAACC,perturbation_score_euclidean,Euclidean score,2.059462528684723,122
Full-length RNA-seq,Perivascular smooth muscle,4,SCC07_GATGAGGTACATTTGCC,perturbation_score_euclidean,Euclidean score,2.059462528684723,123
Full-length RNA-seq,Perivascular smooth muscle,4,SCC07_GTAGTACATGACTACGA,perturbation_score_euclidean,Euclidean score,2.059462528684723,124
Full-length RNA-seq,Perivascular smooth muscle,4,SCC07_TCTGCCACGAATTCACG,perturbation_score_euclidean,Euclidean score,2.059462528684723,125
Full-length RNA-seq,Perivascular smooth muscle,4,AK04_GCGTGCATACTAGTCAG,perturbation_score_euclidean,Euclidean score,2.057271563291038,126
Full-length RNA-seq,Perivascular smooth muscle,4,SCC07_GGGCTACATGAGTTGTA,perturbation_score_euclidean,Euclidean score,2.050409091698167,127
Full-length RNA-seq,Perivascular smooth muscle,4,SCC07_TGCTGAATACTATGACA,perturbation_score_euclidean,Euclidean score,2.049983008373016,128
Full-length RNA-seq,Perivascular smooth muscle,4,AK07_CACTAAGATGTGGTTGG,perturbation_score_euclidean,Euclidean score,2.0483867544008887,129
Full-length RNA-seq,Perivascular smooth muscle,4,SCC06_CTGTAGACGACATCGGC,perturbation_score_euclidean,Euclidean score,2.0450739498607735,130
Full-length RNA-seq,Perivascular smooth muscle,4,SCC06_TTCTTCCCGACATCGGC,perturbation_score_euclidean,Euclidean score,2.0440337690608166,131
Full-length RNA-seq,Perivascular smooth muscle,4,SCC07_TTGCTGCATGCCTAGGA,perturbation_score_euclidean,Euclidean score,2.038783356901237,132
Full-length RNA-seq,Perivascular smooth muscle,4,AK07_TGATTCTTACCAACTGA,perturbation_score_euclidean,Euclidean score,2.036874023135604,133
Full-length RNA-seq,Perivascular smooth muscle,4,SCC06_CTTTCGGGCTATTTCTC,perturbation_score_euclidean,Euclidean score,2.0362491404071545,134
Full-length RNA-seq,Perivascular smooth muscle,4,SCC07_AGGATAAGCTATGCTCA,perturbation_score_euclidean,Euclidean score,2.03614653988847,135
Full-length RNA-seq,Perivascular smooth muscle,4,SCCuniq_GGGCTACTACCGATAAC,perturbation_score_euclidean,Euclidean score,2.0355572466475444,136
Full-length RNA-seq,Perivascular smooth muscle,4,AK07_GTTGTCCTACTCCCGGT,perturbation_score_euclidean,Euclidean score,2.031675089123826,137
Full-length RNA-seq,Perivascular smooth muscle,4,SCC06_GTCATCCATGTCATCGT,perturbation_score_euclidean,Euclidean score,2.0303861732031736,138
Full-length RNA-seq,Perivascular smooth muscle,4,SCC06_TCGACCTTACGTCATCT,perturbation_score_euclidean,Euclidean score,2.027798011816032,139
Full-length RNA-seq,Perivascular smooth muscle,4,SCCuniq_CGGAACCGCTAGATTGA,perturbation_score_euclidean,Euclidean score,2.027683979345213,140
Full-length RNA-seq,Perivascular smooth muscle,4,SCC06_ACATGCAGCTCTGTGTA,perturbation_score_euclidean,Euclidean score,2.025203134463764,141
Full-length RNA-seq,Perivascular smooth muscle,4,SCC06_TGCAGTATACTCTCGAC,perturbation_score_euclidean,Euclidean score,2.025203134463764,142
Full-length RNA-seq,Perivascular smooth muscle,4,SCC06_TGTTCCGATGCTAGCCC,perturbation_score_euclidean,Euclidean score,2.025203134463764,143
Full-length RNA-seq,Perivascular smooth muscle,4,AK06_TGGATCAGCTCCGTGGT,perturbation_score_euclidean,Euclidean score,2.025029252639719,144
Full-length RNA-seq,Perivascular smooth muscle,4,SCC01_CGTGCTTCGACCTACAA,perturbation_score_euclidean,Euclidean score,2.023690895317253,145
Full-length RNA-seq,Perivascular smooth muscle,4,AK07_CATGCAAGCTGACAAAT,perturbation_score_euclidean,Euclidean score,2.023149771876805,146
Full-length RNA-seq,Perivascular smooth muscle,4,AK07_TGCGATATACTCGAATA,perturbation_score_euclidean,Euclidean score,2.0224238072574856,147
Full-length RNA-seq,Perivascular smooth muscle,4,SCC07_GCCGTGAATGGGTCGAC,perturbation_score_euclidean,Euclidean score,2.0193117667943095,148
Full-length RNA-seq,Perivascular smooth muscle,4,SCC04_TTTACGTTACGCCATAA,perturbation_score_euclidean,Euclidean score,2.0186614681810657,149
Full-length RNA-seq,Perivascular smooth muscle,4,AK01_TCACGGGGCTAGACGTG,perturbation_score_euclidean,Euclidean score,2.016485653664072,150
Full-length RNA-seq,Perivascular smooth muscle,4,AK07_AACCTTTTACCCGAGGT,perturbation_score_euclidean,Euclidean score,2.015542350124129,151
Full-length RNA-seq,Perivascular smooth muscle,4,AK01_GAATCGTCGACTCACAA,perturbation_score_euclidean,Euclidean score,2.005091453661192,152
Full-length RNA-seq,Perivascular smooth muscle,4,AK06_GTGCTGGGCTGGAGACT,perturbation_score_euclidean,Euclidean score,2.0036227741169,153
Full-length RNA-seq,Perivascular smooth muscle,4,AK04_TGAGCATCGAACCCTCT,perturbation_score_euclidean,Euclidean score,2.0033581358341443,154
Full-length RNA-seq,Perivascular smooth muscle,4,SCC06_ATCCATTTACGTGCCTC,perturbation_score_euclidean,Euclidean score,2.0028335075348274,155
Full-length RNA-seq,Perivascular smooth muscle,4,SCCuniq_ACACAGTCGAAAGTGTA,perturbation_score_euclidean,Euclidean score,2.0028335075348274,156
Full-length RNA-seq,Perivascular smooth muscle,4,AK07_CGGGACTCGAGTCGGAA,perturbation_score_euclidean,Euclidean score,2.0028335075348274,157
Full-length RNA-seq,Perivascular smooth muscle,4,SCC07_AGTAGCTTACAGTCTGG,perturbation_score_euclidean,Euclidean score,2.0028335075348274,158
Full-length RNA-seq,Perivascular smooth muscle,4,SCC07_CAACGGCTACGAGGTTC,perturbation_score_euclidean,Euclidean score,2.0028335075348274,159
Full-length RNA-seq,Perivascular smooth muscle,4,AK07_TTCGATTCGATGGTAGG,perturbation_score_euclidean,Euclidean score,2.0002967168681782,160
Full-length RNA-seq,Perivascular smooth muscle,4,AK01_CTCTGGTATGACGATAT,perturbation_score_euclidean,Euclidean score,1.998116139313386,161
Full-length RNA-seq,Perivascular smooth muscle,4,AK04_TCAATTCATGTTTCAGC,perturbation_score_euclidean,Euclidean score,1.9967613227852432,162
Full-length RNA-seq,Perivascular smooth muscle,4,AK07_GCATGATGCTCCTACAA,perturbation_score_euclidean,Euclidean score,1.993554342654072,163
Full-length RNA-seq,Perivascular smooth muscle,4,SCC07_CCTAAGATACGAGAACG,perturbation_score_euclidean,Euclidean score,1.9902014711888871,164
Full-length RNA-seq,Perivascular smooth muscle,4,SCC07_ATGATCGATGGGAACAA,perturbation_score_euclidean,Euclidean score,1.9881829644051734,165
Full-length RNA-seq,Perivascular smooth muscle,4,SCC04_GAGTTGTATGTCTCGCA,perturbation_score_euclidean,Euclidean score,1.9870846357641858,166
Full-length RNA-seq,Perivascular smooth muscle,4,AK07_CCATCACCGAAGTGTGG,perturbation_score_euclidean,Euclidean score,1.9866812433195138,167
Full-length RNA-seq,Perivascular smooth muscle,4,AK07_AGCGCCATACCATACTC,perturbation_score_euclidean,Euclidean score,1.9838374856807826,168
Full-length RNA-seq,Perivascular smooth muscle,4,AK07_TTACGCCTACAGATCGC,perturbation_score_euclidean,Euclidean score,1.980881627575248,169
Full-length RNA-seq,Perivascular smooth muscle,4,SCC04_AAACCCAGCTGAGAATT,perturbation_score_euclidean,Euclidean score,1.9800448213817776,170
Full-length RNA-seq,Perivascular smooth muscle,4,SCCuniq_GTTGCTCTACGCCTTTG,perturbation_score_euclidean,Euclidean score,1.9767755854277074,171
Full-length RNA-seq,Perivascular smooth muscle,4,SCC07_ACTTAGGGCTCTACCGG,perturbation_score_euclidean,Euclidean score,1.9723054242859146,172
Full-length RNA-seq,Perivascular smooth muscle,4,AK01_TTACCGCATGAAGCGAA,perturbation_score_euclidean,Euclidean score,1.9722719526323798,173
Full-length RNA-seq,Perivascular smooth muscle,4,AK04_TAACGACTACGGCTGGT,perturbation_score_euclidean,Euclidean score,1.9722719526323798,174
Full-length RNA-seq,Perivascular smooth muscle,4,SCC06_AGCGCCAGCTTCATCCC,perturbation_score_euclidean,Euclidean score,1.9722719526323798,175
Full-length RNA-seq,Perivascular smooth muscle,4,SCC06_TCCAGAAGCTTAGGACG,perturbation_score_euclidean,Euclidean score,1.9722719526323798,176
Full-length RNA-seq,Perivascular smooth muscle,4,SCCuniq_GGTCTGGGCTACCGACC,perturbation_score_euclidean,Euclidean score,1.9722719526323798,177
Full-length RNA-seq,Perivascular smooth muscle,4,AK07_ACGGAAGATGCTAATCC,perturbation_score_euclidean,Euclidean score,1.9722719526323798,178
Full-length RNA-seq,Perivascular smooth muscle,4,SCC07_TCTTTGATACCTGACAG,perturbation_score_euclidean,Euclidean score,1.9722719526323798,179
Full-length RNA-seq,Perivascular smooth muscle,4,SCC07_TGCTCGTTACTGCATGA,perturbation_score_euclidean,Euclidean score,1.9722719526323798,180
Full-length RNA-seq,Perivascular smooth muscle,4,AK07_GTAGGTTTACTCTCGCA,perturbation_score_euclidean,Euclidean score,1.9715461539152042,181
Full-length RNA-seq,Perivascular smooth muscle,4,SCCuniq_TCCAGAACGACTTGAGT,perturbation_score_euclidean,Euclidean score,1.9669271533441193,182
Full-length RNA-seq,Perivascular smooth muscle,4,SCC07_CCTTTGGCGAGTGGCTC,perturbation_score_euclidean,Euclidean score,1.966200662080482,183
Full-length RNA-seq,Perivascular smooth muscle,4,SCCuniq_GTCCCATCGAACTGGTT,perturbation_score_euclidean,Euclidean score,1.964076984312169,184
Full-length RNA-seq,Perivascular smooth muscle,4,SCC07_TCGGGCAATGCTTCATG,perturbation_score_euclidean,Euclidean score,1.964076984312169,185
Full-length RNA-seq,Perivascular smooth muscle,4,SCC04_CACTGGGGCTACTCATG,perturbation_score_euclidean,Euclidean score,1.9639853029108278,186
Full-length RNA-seq,Perivascular smooth muscle,4,SCC06_TACGGGCTACATGATTG,perturbation_score_euclidean,Euclidean score,1.9639853029108278,187
Full-length RNA-seq,Perivascular smooth muscle,4,SCC07_GTAGGAGTACCCGAGGT,perturbation_score_euclidean,Euclidean score,1.9639853029108278,188
Full-length RNA-seq,Perivascular smooth muscle,4,AK04_GGGCTCATACTCACACT,perturbation_score_euclidean,Euclidean score,1.9630400052131525,189
Full-length RNA-seq,Perivascular smooth muscle,4,SCCuniq_GGTTAACTACCGTAGGC,perturbation_score_euclidean,Euclidean score,1.9565544438753772,190
Full-length RNA-seq,Perivascular smooth muscle,4,AK01_GTGATGTTACACGATAC,perturbation_score_euclidean,Euclidean score,1.9563563784098745,191
Full-length RNA-seq,Perivascular smooth muscle,4,SCCuniq_AGTTCGATACGGCATCG,perturbation_score_euclidean,Euclidean score,1.9541690341171483,192
Full-length RNA-seq,Perivascular smooth muscle,4,AK07_ACCCAAAATGTTGGAAC,perturbation_score_euclidean,Euclidean score,1.9541690341171483,193
Full-length RNA-seq,Perivascular smooth muscle,4,SCC07_AAGCGAGGCTCTTGCGG,perturbation_score_euclidean,Euclidean score,1.9533874052013,194
Full-length RNA-seq,Perivascular smooth muscle,4,SCC07_TGCAGATGCTTACAGAA,perturbation_score_euclidean,Euclidean score,1.9518953998227644,195
Full-length RNA-seq,Perivascular smooth muscle,4,AK07_AGTTCGACGAATTTCCT,perturbation_score_euclidean,Euclidean score,1.9486955818562373,196
Full-length RNA-seq,Perivascular smooth muscle,4,AK07_TAGGTACGCTAGTCCAT,perturbation_score_euclidean,Euclidean score,1.9478178396858088,197
Full-length RNA-seq,Perivascular smooth muscle,4,SCC07_TAGAGTCATGGATATGT,perturbation_score_euclidean,Euclidean score,1.9478178396858088,198
Full-length RNA-seq,Perivascular smooth muscle,4,SCC04_GGTAATCGCTGAGAATT,perturbation_score_euclidean,Euclidean score,1.9472903209486971,199
Full-length RNA-seq,Perivascular smooth muscle,4,SCC04_TGTAGACATGGAGGTTC,perturbation_score_euclidean,Euclidean score,1.9472513244889942,200
Full-length RNA-seq,T cell,2,SCC01_TGCTTCGGCTTGTGCTA,perturbation_score_euclidean,Euclidean score,2.2032999577001604,1
Full-length RNA-seq,T cell,2,SCCuniq_GTTGCGGCGAATTGTGC,perturbation_score_euclidean,Euclidean score,2.2032999577001604,2
Full-length RNA-seq,T cell,2,AK01_TTCATGTCGACGCCAGT,perturbation_score_euclidean,Euclidean score,2.1952624290061546,3
Full-length RNA-seq,T cell,2,AK04_CGTTCTGATGCTAAGTG,perturbation_score_euclidean,Euclidean score,2.1952624290061546,4
Full-length RNA-seq,T cell,2,AK01_AAGCGAGTACTATGCAA,perturbation_score_euclidean,Euclidean score,2.185820825326657,5
Full-length RNA-seq,T cell,2,AK01_ATGCCTCTACCACACCC,perturbation_score_euclidean,Euclidean score,2.185820825326657,6
Full-length RNA-seq,T cell,2,AK01_CGCAGGTGCTTTGCAGT,perturbation_score_euclidean,Euclidean score,2.185820825326657,7
Full-length RNA-seq,T cell,2,SCC06_GACGTTACGAGTTACAC,perturbation_score_euclidean,Euclidean score,2.185820825326657,8
Full-length RNA-seq,T cell,2,SCCuniq_TCACGCTGCTTCTTGCC,perturbation_score_euclidean,Euclidean score,2.155802256733548,9
Full-length RNA-seq,T cell,2,AK01_CAGCAATGCTGCAGAAC,perturbation_score_euclidean,Euclidean score,2.134857340013912,10
Full-length RNA-seq,T cell,2,SCCuniq_AACGGGAGCTTCATCTT,perturbation_score_euclidean,Euclidean score,2.126915461972802,11
Full-length RNA-seq,T cell,2,AK04_AGACCCGTACCAGCACG,perturbation_score_euclidean,Euclidean score,2.0322030320203752,12
Full-length RNA-seq,T cell,2,SCCuniq_TGCACGGCGAATTTCTC,perturbation_score_euclidean,Euclidean score,2.0322030320203752,13
Full-length RNA-seq,T cell,2,SCC01_TCCTCCCGCTACACAAA,perturbation_score_euclidean,Euclidean score,1.9861016805933158,14
Full-length RNA-seq,T cell,2,AK07_TGAGCATCGAGTTACCA,perturbation_score_euclidean,Euclidean score,1.9828529075192005,15
Full-length RNA-seq,T cell,2,AK01_CGTTCTGTACCGGACTG,perturbation_score_euclidean,Euclidean score,1.9484543782156172,16
Full-length RNA-seq,T cell,2,SCC01_TTCCTAAATGGGCATCG,perturbation_score_euclidean,Euclidean score,1.9274067126492531,17
Full-length RNA-seq,T cell,2,SCC01_GTAGAAACGAGCCAAGA,perturbation_score_euclidean,Euclidean score,1.9220084071840324,18
Full-length RNA-seq,T cell,2,SCCuniq_AGTCACACGAATTCCGA,perturbation_score_euclidean,Euclidean score,1.9220084071840324,19
Full-length RNA-seq,T cell,2,SCCuniq_GCCAGGTATGGGAAACG,perturbation_score_euclidean,Euclidean score,1.9220084071840324,20
Full-length RNA-seq,T cell,2,SCCuniq_TTCGATTCGAAACGGTG,perturbation_score_euclidean,Euclidean score,1.9220084071840324,21
Full-length RNA-seq,T cell,2,SCC04_TTCCGGTGCTGTTACAC,perturbation_score_euclidean,Euclidean score,1.918267818284094,22
Full-length RNA-seq,T cell,2,SCC04_CTACAGAGCTCCAGGTC,perturbation_score_euclidean,Euclidean score,1.8965186078058656,23
Full-length RNA-seq,T cell,2,AK04_ATTACTCTACTAGCAAC,perturbation_score_euclidean,Euclidean score,1.8865093204012047,24
Full-length RNA-seq,T cell,2,AK07_AAGTCGTATGTTCCCGA,perturbation_score_euclidean,Euclidean score,1.8863128388979162,25
Full-length RNA-seq,T cell,2,AK07_GGTGTTAGCTTCGAACT,perturbation_score_euclidean,Euclidean score,1.8863128388979162,26
Full-length RNA-seq,T cell,2,SCC07_CAACGGCGCTCAGTCTA,perturbation_score_euclidean,Euclidean score,1.8863128388979162,27
Full-length RNA-seq,T cell,2,SCC07_TAGGAGGATGAATCTAG,perturbation_score_euclidean,Euclidean score,1.8863128388979162,28
Full-length RNA-seq,T cell,2,AK04_CTGAGGCATGGCCATAG,perturbation_score_euclidean,Euclidean score,1.884373535093138,29
Full-length RNA-seq,T cell,2,AK01_GTCACGGCGACGTGTGC,perturbation_score_euclidean,Euclidean score,1.8818451195510242,30
Full-length RNA-seq,T cell,2,SCC06_TTGGATGCGAAGCGCTC,perturbation_score_euclidean,Euclidean score,1.8818451195510242,31
Full-length RNA-seq,T cell,2,SCCuniq_TAGACTGTACGCAGGTT,perturbation_score_euclidean,Euclidean score,1.8818451195510242,32
Full-length RNA-seq,T cell,2,AK04_GTGTGGCTACTGCTAGG,perturbation_score_euclidean,Euclidean score,1.8768691377522648,33
Full-length RNA-seq,T cell,2,SCCuniq_TGGGATTCGAGTCGGAA,perturbation_score_euclidean,Euclidean score,1.8768691377522648,34
Full-length RNA-seq,T cell,2,SCC01_GACTTCCCGAGGACTTT,perturbation_score_euclidean,Euclidean score,1.8675170633859175,35
Full-length RNA-seq,T cell,2,AK01_GTGAGTTGCTTAACGGG,perturbation_score_euclidean,Euclidean score,1.8648023780221619,36
Full-length RNA-seq,T cell,2,AK04_GGCAGTCCGAATCTCTT,perturbation_score_euclidean,Euclidean score,1.8613243472396819,37
Full-length RNA-seq,T cell,2,AK01_GTTCCGTTACGTAGCCA,perturbation_score_euclidean,Euclidean score,1.8602833965366394,38
Full-length RNA-seq,T cell,2,AK01_TGACGCGGCTTGCGTGC,perturbation_score_euclidean,Euclidean score,1.8460332149502674,39
Full-length RNA-seq,T cell,2,SCC01_TCTATACATGGTGCGAC,perturbation_score_euclidean,Euclidean score,1.8400590822953333,40
Full-length RNA-seq,T cell,2,AK01_GAGACTTGCTCTCGGAC,perturbation_score_euclidean,Euclidean score,1.8367827547371212,41
Full-length RNA-seq,T cell,2,SCCuniq_GCATTAGATGAACTGAC,perturbation_score_euclidean,Euclidean score,1.8367827547371212,42
Full-length RNA-seq,T cell,2,AK07_TCGCTCAATGGTTCTCG,perturbation_score_euclidean,Euclidean score,1.8367827547371212,43
Full-length RNA-seq,T cell,2,AK01_TCACTATCGAATCTCTT,perturbation_score_euclidean,Euclidean score,1.8340461498490754,44
Full-length RNA-seq,T cell,2,SCC04_AGTCTCCCGAGACCGAA,perturbation_score_euclidean,Euclidean score,1.8340461498490754,45
Full-length RNA-seq,T cell,2,AK04_GTGTTCCGCTCCAACAT,perturbation_score_euclidean,Euclidean score,1.8340461498490754,46
Full-length RNA-seq,T cell,2,SCC06_AAGACAAATGTGAGGTC,perturbation_score_euclidean,Euclidean score,1.8340461498490754,47
Full-length RNA-seq,T cell,2,SCCuniq_ACAGGGACGAGAGAACC,perturbation_score_euclidean,Euclidean score,1.8340461498490754,48
Full-length RNA-seq,T cell,2,SCCuniq_TTTACCAGCTGAATTCC,perturbation_score_euclidean,Euclidean score,1.8340461498490754,49
Full-length RNA-seq,T cell,2,SCC07_GTAATCGGCTACGGGTA,perturbation_score_euclidean,Euclidean score,1.8340461498490754,50
Full-length RNA-seq,T cell,2,SCC06_AGCTTCCCGAATCTGCA,perturbation_score_euclidean,Euclidean score,1.8246602351360575,51
Full-length RNA-seq,T cell,2,AK01_ATCCGTCCGAGCTCGTG,perturbation_score_euclidean,Euclidean score,1.814401923440735,52
Full-length RNA-seq,T cell,2,AK04_TCTGTCGCGAATAGGGC,perturbation_score_euclidean,Euclidean score,1.814401923440735,53
Full-length RNA-seq,T cell,2,AK01_TTGCCTGCGACATCGGC,perturbation_score_euclidean,Euclidean score,1.8140523187472959,54
Full-length RNA-seq,T cell,2,AK04_ATTATCCATGTGGCCAG,perturbation_score_euclidean,Euclidean score,1.8140523187472959,55
Full-length RNA-seq,T cell,2,AK04_TTCGATTATGTCGGGAC,perturbation_score_euclidean,Euclidean score,1.8140523187472959,56
Full-length RNA-seq,T cell,2,SCC01_CGAGTGCATGTCGAAGC,perturbation_score_euclidean,Euclidean score,1.813450851047731,57
Full-length RNA-seq,T cell,2,AK01_TCAAGACTACGAGTACC,perturbation_score_euclidean,Euclidean score,1.8089894606276216,58
Full-length RNA-seq,T cell,2,SCC06_CTTAGGATACCTAGCGG,perturbation_score_euclidean,Euclidean score,1.8089894606276216,59
Full-length RNA-seq,T cell,2,SCC07_TAACGACTACCTTCGAC,perturbation_score_euclidean,Euclidean score,1.8089894606276216,60
Full-length RNA-seq,T cell,2,AK01_AGCATCATACTTCTGTA,perturbation_score_euclidean,Euclidean score,1.8084095209447835,61
Full-length RNA-seq,T cell,2,SCC04_ACCTGAATACGCAGGTT,perturbation_score_euclidean,Euclidean score,1.8084095209447835,62
Full-length RNA-seq,T cell,2,AK04_TTTAGTCTACCGGACTG,perturbation_score_euclidean,Euclidean score,1.8084095209447835,63
Full-length RNA-seq,T cell,2,AK04_CGATGGCATGTCAATCT,perturbation_score_euclidean,Euclidean score,1.8054757824602397,64
Full-length RNA-seq,T cell,2,SCC01_CATAGACGCTTGGATCT,perturbation_score_euclidean,Euclidean score,1.8035026953504512,65
Full-length RNA-seq,T cell,2,SCCuniq_AGCATCACGAACTCAAC,perturbation_score_euclidean,Euclidean score,1.7983681632550284,66
Full-length RNA-seq,T cell,2,AK01_CTGCAGGCGAACAGTGG,perturbation_score_euclidean,Euclidean score,1.796175468418862,67
Full-length RNA-seq,T cell,2,AK01_GTACAGTTACCAGCCCT,perturbation_score_euclidean,Euclidean score,1.796175468418862,68
Full-length RNA-seq,T cell,2,AK01_TCCAGAAATGAGAATCT,perturbation_score_euclidean,Euclidean score,1.796175468418862,69
Full-length RNA-seq,T cell,2,AK01_TTGTTTGCGATGCGTGC,perturbation_score_euclidean,Euclidean score,1.796175468418862,70
Full-length RNA-seq,T cell,2,AK04_AGTGATCATGTGTGTGA,perturbation_score_euclidean,Euclidean score,1.796175468418862,71
Full-length RNA-seq,T cell,2,AK04_TCTGCCACGAAACGGCA,perturbation_score_euclidean,Euclidean score,1.796175468418862,72
Full-length RNA-seq,T cell,2,SCC06_TCACACCCGACCAGCGT,perturbation_score_euclidean,Euclidean score,1.796175468418862,73
Full-length RNA-seq,T cell,2,AK07_AAGCGTTCGACTACATG,perturbation_score_euclidean,Euclidean score,1.796175468418862,74
Full-length RNA-seq,T cell,2,SCCuniq_GGCACGTGCTCTATGTG,perturbation_score_euclidean,Euclidean score,1.7944005174672422,75
Full-length RNA-seq,T cell,2,SCCuniq_AGGTTACTACTTCCCAG,perturbation_score_euclidean,Euclidean score,1.7904920279256509,76
Full-length RNA-seq,T cell,2,AK01_ATGCATGGCTGACCTAT,perturbation_score_euclidean,Euclidean score,1.7872362960296473,77
Full-length RNA-seq,T cell,2,AK04_ACAGGGAATGTTTAGGA,perturbation_score_euclidean,Euclidean score,1.7867180679566208,78
Full-length RNA-seq,T cell,2,SCC01_TGAGGTTATGCATAAGC,perturbation_score_euclidean,Euclidean score,1.7845006007302227,79
Full-length RNA-seq,T cell,2,SCC04_CCCTTAGCGATGACTTG,perturbation_score_euclidean,Euclidean score,1.7845006007302227,80
Full-length RNA-seq,T cell,2,SCC04_TTGCGTCATGTACGCGG,perturbation_score_euclidean,Euclidean score,1.7845006007302227,81
Full-length RNA-seq,T cell,2,AK04_TGGTGATTACCCTCTTC,perturbation_score_euclidean,Euclidean score,1.7845006007302227,82
Full-length RNA-seq,T cell,2,SCCuniq_GATCCCTTACGCGTGCA,perturbation_score_euclidean,Euclidean score,1.7845006007302227,83
Full-length RNA-seq,T cell,2,SCC07_CCAATTTCGACAGTCGC,perturbation_score_euclidean,Euclidean score,1.7750360121282769,84
Full-length RNA-seq,T cell,2,SCC06_ACGGTCGATGGGTCGAC,perturbation_score_euclidean,Euclidean score,1.7749224363410472,85
Full-length RNA-seq,T cell,2,SCC01_AGATAGACGATAACCTG,perturbation_score_euclidean,Euclidean score,1.7736787244246786,86
Full-length RNA-seq,T cell,2,AK01_ATTCTACCGATATCGGT,perturbation_score_euclidean,Euclidean score,1.7736787244246786,87
Full-length RNA-seq,T cell,2,AK01_TCGGGCAATGCGCAGTG,perturbation_score_euclidean,Euclidean score,1.7736787244246786,88
Full-length RNA-seq,T cell,2,AK01_TGTCCACGCTCAAGCCC,perturbation_score_euclidean,Euclidean score,1.7736787244246786,89
Full-length RNA-seq,T cell,2,AK01_GACCTTCGCTGCTCTCT,perturbation_score_euclidean,Euclidean score,1.771260985064875,90
Full-length RNA-seq,T cell,2,AK01_GATCCCTTACGGTCTGG,perturbation_score_euclidean,Euclidean score,1.771260985064875,91
Full-length RNA-seq,T cell,2,SCC06_TTGATGGATGGTGTGGC,perturbation_score_euclidean,Euclidean score,1.771260985064875,92
Full-length RNA-seq,T cell,2,SCCuniq_CAGCAGCTACTTTAGGA,perturbation_score_euclidean,Euclidean score,1.7703111203029165,93
Full-length RNA-seq,T cell,2,SCC07_GCATCTCATGCTTCGTA,perturbation_score_euclidean,Euclidean score,1.7703111203029165,94
Full-length RNA-seq,T cell,2,AK01_TCCCACATACATAACAC,perturbation_score_euclidean,Euclidean score,1.7655557211789823,95
Full-length RNA-seq,T cell,2,AK04_TGCACGGCGAGTAGAGC,perturbation_score_euclidean,Euclidean score,1.7605961760698334,96
Full-length RNA-seq,T cell,2,SCC07_TACCGGGCGAATCCTTT,perturbation_score_euclidean,Euclidean score,1.7586566624492432,97
Full-length RNA-seq,T cell,2,AK01_ACTTTGTGCTTGACTCA,perturbation_score_euclidean,Euclidean score,1.7572410473955862,98
Full-length RNA-seq,T cell,2,AK01_TGGCGTGCGAGCTCGGT,perturbation_score_euclidean,Euclidean score,1.757226887598533,99
Full-length RNA-seq,T cell,2,AK04_CCGAACGCGACCTACAA,perturbation_score_euclidean,Euclidean score,1.755531075359116,100
Full-length RNA-seq,T cell,2,AK04_ACGCACGTACCTCCACG,perturbation_score_euclidean,Euclidean score,1.7551768366936658,101
Full-length RNA-seq,T cell,2,SCC01_CCCTAACGCTGGCATTT,perturbation_score_euclidean,Euclidean score,1.7546159219934645,102
Full-length RNA-seq,T cell,2,AK01_CTGAATGTACCTAAGTA,perturbation_score_euclidean,Euclidean score,1.7506798360419857,103
Full-length RNA-seq,T cell,2,AK04_TTTCCTCTACACTGCTC,perturbation_score_euclidean,Euclidean score,1.7433978391660414,104
Full-length RNA-seq,T cell,2,SCC06_CAATTTCCGAAATGAGT,perturbation_score_euclidean,Euclidean score,1.7427620784719282,105
Full-length RNA-seq,T cell,2,AK01_TGATGGTTACGAAAGGT,perturbation_score_euclidean,Euclidean score,1.7400170397888013,106
Full-length RNA-seq,T cell,2,SCC04_CAATACGGCTGTCGTTA,perturbation_score_euclidean,Euclidean score,1.7353579021668064,107
Full-length RNA-seq,T cell,2,SCC07_AACGAAATACGACCATA,perturbation_score_euclidean,Euclidean score,1.7353579021668064,108
Full-length RNA-seq,T cell,2,AK04_CGAGTGCTACTATGCAA,perturbation_score_euclidean,Euclidean score,1.7328450904323893,109
Full-length RNA-seq,T cell,2,AK07_TCCTCTTGCTGGTGTTT,perturbation_score_euclidean,Euclidean score,1.7328450904323893,110
Full-length RNA-seq,T cell,2,SCC07_TCCATCGTACCATCTTG,perturbation_score_euclidean,Euclidean score,1.7328450904323893,111
Full-length RNA-seq,T cell,2,SCC07_TCCCACATACTCATAGA,perturbation_score_euclidean,Euclidean score,1.7328450904323893,112
Full-length RNA-seq,T cell,2,AK01_GTGTAACTACGAGGCAG,perturbation_score_euclidean,Euclidean score,1.732700512986278,113
Full-length RNA-seq,T cell,2,AK01_CATGGATCGACTTGCGG,perturbation_score_euclidean,Euclidean score,1.7325558408545003,114
Full-length RNA-seq,T cell,2,AK01_TCCGAAATACTAGATCG,perturbation_score_euclidean,Euclidean score,1.7313677937239698,115
Full-length RNA-seq,T cell,2,AK04_AGACCATGCTATAGGAT,perturbation_score_euclidean,Euclidean score,1.7313657992936748,116
Full-length RNA-seq,T cell,2,AK01_TGAACGTGCTAGTCGGA,perturbation_score_euclidean,Euclidean score,1.7310737358822927,117
Full-length RNA-seq,T cell,2,AK04_AAGATAGATGATGGGCT,perturbation_score_euclidean,Euclidean score,1.7310737358822927,118
Full-length RNA-seq,T cell,2,AK04_GGTGATTCGACAGCCTG,perturbation_score_euclidean,Euclidean score,1.7310737358822927,119
Full-length RNA-seq,T cell,2,AK07_ATTCAGGCGATAACCTG,perturbation_score_euclidean,Euclidean score,1.7310737358822927,120
Full-length RNA-seq,T cell,2,SCC06_AGTGTTGTACCCGATCC,perturbation_score_euclidean,Euclidean score,1.7304929862859557,121
Full-length RNA-seq,T cell,2,AK01_GTTAGTGCGAGATAAAC,perturbation_score_euclidean,Euclidean score,1.7289792906904047,122
Full-length RNA-seq,T cell,2,SCC01_AACGGGAGCTTGTGCTA,perturbation_score_euclidean,Euclidean score,1.7240869945665747,123
Full-length RNA-seq,T cell,2,SCC06_GTGGAAGGCTCGCCAGT,perturbation_score_euclidean,Euclidean score,1.7237539265961157,124
Full-length RNA-seq,T cell,2,AK04_CACTGTCGCTGGTGTTT,perturbation_score_euclidean,Euclidean score,1.722841828745311,125
Full-length RNA-seq,T cell,2,SCC06_CGAGGCTGCTAACGTGG,perturbation_score_euclidean,Euclidean score,1.722302876797152,126
Full-length RNA-seq,T cell,2,AK01_GACATCACGACTACCCT,perturbation_score_euclidean,Euclidean score,1.720144799905431,127
Full-length RNA-seq,T cell,2,SCCuniq_GAGGGTAGCTAGGTAGC,perturbation_score_euclidean,Euclidean score,1.720144799905431,128
Full-length RNA-seq,T cell,2,SCC01_GATGTTGTACGGAGTAG,perturbation_score_euclidean,Euclidean score,1.7170461708678455,129
Full-length RNA-seq,T cell,2,SCC01_GTGAGGACGAGGACTTT,perturbation_score_euclidean,Euclidean score,1.7170461708678455,130
Full-length RNA-seq,T cell,2,SCC04_TCCTCGACGAAGTCCAT,perturbation_score_euclidean,Euclidean score,1.7170461708678455,131
Full-length RNA-seq,T cell,2,AK04_AACCACACGACGTGTTA,perturbation_score_euclidean,Euclidean score,1.7170461708678455,132
Full-length RNA-seq,T cell,2,AK01_GCAGTTACGAGCACCCA,perturbation_score_euclidean,Euclidean score,1.7170243329445438,133
Full-length RNA-seq,T cell,2,SCC04_TGCTTGCATGTAAGGGA,perturbation_score_euclidean,Euclidean score,1.7168031864007403,134
Full-length RNA-seq,T cell,2,SCCuniq_TGTGTGACGAAGGGTCA,perturbation_score_euclidean,Euclidean score,1.7168031864007403,135
Full-length RNA-seq,T cell,2,AK07_CCTACGTTACGTGTTCC,perturbation_score_euclidean,Euclidean score,1.7168031864007403,136
Full-length RNA-seq,T cell,2,SCC07_TCGGGTGATGAAGTCCG,perturbation_score_euclidean,Euclidean score,1.7168031864007403,137
Full-length RNA-seq,T cell,2,AK07_TCACTATGCTTGCACTA,perturbation_score_euclidean,Euclidean score,1.7147379633123085,138
Full-length RNA-seq,T cell,2,AK04_TAGGTTGGCTCAGTGTT,perturbation_score_euclidean,Euclidean score,1.713837010458256,139
Full-length RNA-seq,T cell,2,SCCuniq_GAGACTTATGAGTTGTA,perturbation_score_euclidean,Euclidean score,1.7134706235791914,140
Full-length RNA-seq,T cell,2,SCC06_GAGACCCGCTCTGTGGC,perturbation_score_euclidean,Euclidean score,1.709098251997986,141
Full-length RNA-seq,T cell,2,SCC01_ACCGTTCGCTTAGGAGC,perturbation_score_euclidean,Euclidean score,1.7082505193835462,142
Full-length RNA-seq,T cell,2,SCC01_GGTTGTATACAGTCCGA,perturbation_score_euclidean,Euclidean score,1.7082505193835462,143
Full-length RNA-seq,T cell,2,AK01_GACGCTGATGAAGCGAA,perturbation_score_euclidean,Euclidean score,1.7082505193835462,144
Full-length RNA-seq,T cell,2,AK01_GTAGATCATGCATCTGC,perturbation_score_euclidean,Euclidean score,1.7082505193835462,145
Full-length RNA-seq,T cell,2,AK01_GTTATGGGCTTGCAGCC,perturbation_score_euclidean,Euclidean score,1.7082505193835462,146
Full-length RNA-seq,T cell,2,AK01_TGGCGTGATGTCTCCTC,perturbation_score_euclidean,Euclidean score,1.7082505193835462,147
Full-length RNA-seq,T cell,2,AK01_TTCTTGAGCTCGCGCTA,perturbation_score_euclidean,Euclidean score,1.7082505193835462,148
Full-length RNA-seq,T cell,2,AK01_AATCGACGCTTCTTTCA,perturbation_score_euclidean,Euclidean score,1.708197622924982,149
Full-length RNA-seq,T cell,2,SCC04_ATCCATTGCTCAAGCAG,perturbation_score_euclidean,Euclidean score,1.7075840874395898,150
Full-length RNA-seq,T cell,2,SCC06_CTCAACCCGATGCGGCT,perturbation_score_euclidean,Euclidean score,1.7065085850072956,151
Full-length RNA-seq,T cell,2,SCCuniq_TTACCGCATGTGCTAGG,perturbation_score_euclidean,Euclidean score,1.7040277220275457,152
Full-length RNA-seq,T cell,2,AK01_TCCGGGAATGATTCCTA,perturbation_score_euclidean,Euclidean score,1.7033630341636383,153
Full-length RNA-seq,T cell,2,AK04_TAAGCACCGAAGGTCAG,perturbation_score_euclidean,Euclidean score,1.7031178594991958,154
Full-length RNA-seq,T cell,2,AK04_CTAGACATACCCTATCA,perturbation_score_euclidean,Euclidean score,1.701409520365992,155
Full-length RNA-seq,T cell,2,AK01_GGGACTCCGAAGATTAG,perturbation_score_euclidean,Euclidean score,1.7013884256516592,156
Full-length RNA-seq,T cell,2,AK01_AGTAGCTATGGATTTGA,perturbation_score_euclidean,Euclidean score,1.700826098382523,157
Full-length RNA-seq,T cell,2,SCC07_ATACCGACGAAGATTAG,perturbation_score_euclidean,Euclidean score,1.700826098382523,158
Full-length RNA-seq,T cell,2,AK04_CAACGGCGCTATGCTAC,perturbation_score_euclidean,Euclidean score,1.7006821048080825,159
Full-length RNA-seq,T cell,2,AK04_TTCTTCCATGAAGCGAA,perturbation_score_euclidean,Euclidean score,1.7001414161337074,160
Full-length RNA-seq,T cell,2,SCC04_CCTCCAAGCTAGTTCCA,perturbation_score_euclidean,Euclidean score,1.696930429506477,161
Full-length RNA-seq,T cell,2,SCCuniq_TTACAGGTACAGATGCC,perturbation_score_euclidean,Euclidean score,1.696930429506477,162
Full-length RNA-seq,T cell,2,AK07_GAGTGTTATGAAGTCAT,perturbation_score_euclidean,Euclidean score,1.696930429506477,163
Full-length RNA-seq,T cell,2,AK07_GAGTGTTATGTTCTGTA,perturbation_score_euclidean,Euclidean score,1.696930429506477,164
Full-length RNA-seq,T cell,2,AK07_GGTGATTATGAACTGAC,perturbation_score_euclidean,Euclidean score,1.696930429506477,165
Full-length RNA-seq,T cell,2,SCC01_TGCTTCGATGCGAGTAC,perturbation_score_euclidean,Euclidean score,1.696344766554518,166
Full-length RNA-seq,T cell,2,AK01_AAGTGAACGAGATTCAC,perturbation_score_euclidean,Euclidean score,1.6951244201579707,167
Full-length RNA-seq,T cell,2,AK01_CGTAGTAATGATCGCTC,perturbation_score_euclidean,Euclidean score,1.6950656051497182,168
Full-length RNA-seq,T cell,2,AK04_CTGCTCAATGTTCCCAG,perturbation_score_euclidean,Euclidean score,1.6923192703834775,169
Full-length RNA-seq,T cell,2,SCC01_AGCCACGCGAATTCACG,perturbation_score_euclidean,Euclidean score,1.6914223513274822,170
Full-length RNA-seq,T cell,2,SCC01_ATCTTCAATGGTTACAA,perturbation_score_euclidean,Euclidean score,1.6914223513274822,171
Full-length RNA-seq,T cell,2,AK01_TGTTTGTTACTGGCAGT,perturbation_score_euclidean,Euclidean score,1.6879375625835205,172
Full-length RNA-seq,T cell,2,SCCuniq_TTCCTAAGCTGGACTGA,perturbation_score_euclidean,Euclidean score,1.6875245727657935,173
Full-length RNA-seq,T cell,2,SCCuniq_AGTGCCGTACTCGGTAA,perturbation_score_euclidean,Euclidean score,1.6874034670764921,174
Full-length RNA-seq,T cell,2,AK04_CTGTGAAGCTAGCGCTC,perturbation_score_euclidean,Euclidean score,1.6862373280341656,175
Full-length RNA-seq,T cell,2,SCC04_TTTGGTTGCTCAGATTC,perturbation_score_euclidean,Euclidean score,1.6852385242605727,176
Full-length RNA-seq,T cell,2,SCC06_AGTCACAATGTAGATCA,perturbation_score_euclidean,Euclidean score,1.6798313605778703,177
Full-length RNA-seq,T cell,2,SCCuniq_CTACGGGTACCCATACC,perturbation_score_euclidean,Euclidean score,1.6798313605778703,178
Full-length RNA-seq,T cell,2,SCC07_AGCCAATATGCTAAGTA,perturbation_score_euclidean,Euclidean score,1.6798313605778703,179
Full-length RNA-seq,T cell,2,SCC07_GTAACACGCTCCAAATC,perturbation_score_euclidean,Euclidean score,1.6798313605778703,180
Full-length RNA-seq,T cell,2,SCC07_GTCGTAAATGAGCCATG,perturbation_score_euclidean,Euclidean score,1.6798313605778703,181
Full-length RNA-seq,T cell,2,AK04_TTTACTGATGCACACCT,perturbation_score_euclidean,Euclidean score,1.6723442596144462,182
Full-length RNA-seq,T cell,2,SCC07_CCTAAGAATGAGCTTGA,perturbation_score_euclidean,Euclidean score,1.6723442596144462,183
Full-length RNA-seq,T cell,2,SCC07_TACGGGCTACGTGCGAT,perturbation_score_euclidean,Euclidean score,1.6723442596144462,184
Full-length RNA-seq,T cell,2,SCC01_GCTCAAAGCTGATTAGA,perturbation_score_euclidean,Euclidean score,1.6697334288030241,185
Full-length RNA-seq,T cell,2,AK01_ATCACAGGCTTCGAACT,perturbation_score_euclidean,Euclidean score,1.6697334288030241,186
Full-length RNA-seq,T cell,2,AK01_TCGGTCTATGACCTCAC,perturbation_score_euclidean,Euclidean score,1.6697334288030241,187
Full-length RNA-seq,T cell,2,SCC04_AGCATCATACATCACCC,perturbation_score_euclidean,Euclidean score,1.6697334288030241,188
Full-length RNA-seq,T cell,2,SCCuniq_CTTGATTTACAGTCTGG,perturbation_score_euclidean,Euclidean score,1.6697334288030241,189
Full-length RNA-seq,T cell,2,SCCuniq_GACCTTCATGGATCATA,perturbation_score_euclidean,Euclidean score,1.6697334288030241,190
Full-length RNA-seq,T cell,2,SCC07_GCACGTGCGACCGCAGT,perturbation_score_euclidean,Euclidean score,1.6697334288030241,191
Full-length RNA-seq,T cell,2,SCC01_TAGATCGATGTGCTAGG,perturbation_score_euclidean,Euclidean score,1.6658236920748668,192
Full-length RNA-seq,T cell,2,AK04_TGTTCATCGATTCACAG,perturbation_score_euclidean,Euclidean score,1.6642543606670261,193
Full-length RNA-seq,T cell,2,SCC06_AGGGTGACGAGGCATCC,perturbation_score_euclidean,Euclidean score,1.6642543606670261,194
Full-length RNA-seq,T cell,2,SCCuniq_AACACACCGAAAGTATG,perturbation_score_euclidean,Euclidean score,1.6642543606670261,195
Full-length RNA-seq,T cell,2,AK01_ATGGATCGCTACGAGCA,perturbation_score_euclidean,Euclidean score,1.663264352147316,196
Full-length RNA-seq,T cell,2,SCC01_GTAAGTCCGACCTACAA,perturbation_score_euclidean,Euclidean score,1.6569473577809724,197
Full-length RNA-seq,T cell,2,SCC04_AAAGAACGCTGAGAAAG,perturbation_score_euclidean,Euclidean score,1.6552715889447664,198
Full-length RNA-seq,T cell,2,SCC04_AGTCAACATGAAGCGCT,perturbation_score_euclidean,Euclidean score,1.6552715889447664,199
Full-length RNA-seq,T cell,2,SCC04_TCCCAGTGCTGCTTCCT,perturbation_score_euclidean,Euclidean score,1.6552715889447664,200
Full-length RNA-seq,B cell,12,SCC01_AGACACTATGCTAGCGG,perturbation_score_euclidean,Euclidean score,1.650271015291095,1
Full-length RNA-seq,B cell,12,SCC01_GATAGAATACTTGCTGT,perturbation_score_euclidean,Euclidean score,1.650271015291095,2
Full-length RNA-seq,B cell,12,SCC01_TCCTAATGCTATTCCGA,perturbation_score_euclidean,Euclidean score,1.650271015291095,3
Full-length RNA-seq,B cell,12,SCC01_TGGTAGTGCTCCTGGTG,perturbation_score_euclidean,Euclidean score,1.650271015291095,4
Full-length RNA-seq,B cell,12,AK01_ACCTGTCTACACGTCGA,perturbation_score_euclidean,Euclidean score,1.650271015291095,5
Full-length RNA-seq,B cell,12,AK01_GTCTACCTACAATCTTC,perturbation_score_euclidean,Euclidean score,1.650271015291095,6
Full-length RNA-seq,B cell,12,AK01_TCGAAGTCGACTCAAGT,perturbation_score_euclidean,Euclidean score,1.650271015291095,7
Full-length RNA-seq,B cell,12,SCC04_AAACGAAGCTGTTGCGC,perturbation_score_euclidean,Euclidean score,1.650271015291095,8
Full-length RNA-seq,B cell,12,SCC04_ATCGTGATACTGGTTGG,perturbation_score_euclidean,Euclidean score,1.650271015291095,9
Full-length RNA-seq,B cell,12,SCC04_CAAAGAACGAGTCATCA,perturbation_score_euclidean,Euclidean score,1.650271015291095,10
Full-length RNA-seq,B cell,12,SCC04_CACTAAGATGAGATGCC,perturbation_score_euclidean,Euclidean score,1.650271015291095,11
Full-length RNA-seq,B cell,12,SCC04_GGGCTCACGAGAACGCA,perturbation_score_euclidean,Euclidean score,1.650271015291095,12
Full-length RNA-seq,B cell,12,SCC04_GTAGAGGATGAAGTCCG,perturbation_score_euclidean,Euclidean score,1.650271015291095,13
Full-length RNA-seq,B cell,12,SCC04_TGAGACTCGATGCAGCC,perturbation_score_euclidean,Euclidean score,1.650271015291095,14
Full-length RNA-seq,B cell,12,AK04_AGTACTGGCTATCTGCA,perturbation_score_euclidean,Euclidean score,1.650271015291095,15
Full-length RNA-seq,B cell,12,AK04_TATTTCGTACATTTGCT,perturbation_score_euclidean,Euclidean score,1.650271015291095,16
Full-length RNA-seq,B cell,12,SCCuniq_ATGACCACGAAGATTAG,perturbation_score_euclidean,Euclidean score,1.650271015291095,17
Full-length RNA-seq,B cell,12,SCCuniq_ATTCTACATGTATGATG,perturbation_score_euclidean,Euclidean score,1.650271015291095,18
Full-length RNA-seq,B cell,12,SCCuniq_CATTTCATACTAGTCCT,perturbation_score_euclidean,Euclidean score,1.650271015291095,19
Full-length RNA-seq,B cell,12,SCCuniq_CTTCTAAGCTGCAGAAC,perturbation_score_euclidean,Euclidean score,1.650271015291095,20
Full-length RNA-seq,B cell,12,SCCuniq_GGGACCTTACCGTAGGC,perturbation_score_euclidean,Euclidean score,1.650271015291095,21
Full-length RNA-seq,B cell,12,SCCuniq_TCAATTCTACGAGAATA,perturbation_score_euclidean,Euclidean score,1.650271015291095,22
Full-length RNA-seq,B cell,12,SCCuniq_TCCGTGTCGAAGATTGA,perturbation_score_euclidean,Euclidean score,1.650271015291095,23
Full-length RNA-seq,B cell,12,SCC07_ATTATCCTACCTCCCTT,perturbation_score_euclidean,Euclidean score,1.650271015291095,24
Full-length RNA-seq,B cell,12,AK01_GTTAGTGGCTTCTCACC,perturbation_score_euclidean,Euclidean score,1.6327015516920251,25
Full-length RNA-seq,B cell,12,SCC01_CAACGGCCGACGTACTA,perturbation_score_euclidean,Euclidean score,1.6148178732279255,26
Full-length RNA-seq,B cell,12,SCC01_TACTTGTGCTTCGAGCC,perturbation_score_euclidean,Euclidean score,1.6148178732279255,27
Full-length RNA-seq,B cell,12,AK01_CGATCGGGCTACTGGTT,perturbation_score_euclidean,Euclidean score,1.6148178732279255,28
Full-length RNA-seq,B cell,12,AK01_GACCCAGTACAAATGCC,perturbation_score_euclidean,Euclidean score,1.6148178732279255,29
Full-length RNA-seq,B cell,12,AK01_TACATTCTACCTAGCGG,perturbation_score_euclidean,Euclidean score,1.6148178732279255,30
Full-length RNA-seq,B cell,12,AK01_TTTGGTTCGACGTGGTC,perturbation_score_euclidean,Euclidean score,1.6148178732279255,31
Full-length RNA-seq,B cell,12,SCC04_AGAAATGCGAGGACTGA,perturbation_score_euclidean,Euclidean score,1.6148178732279255,32
Full-length RNA-seq,B cell,12,SCC04_CGGTCAGCGAATCTCGA,perturbation_score_euclidean,Euclidean score,1.6148178732279255,33
Full-length RNA-seq,B cell,12,AK04_GTAATCGCGACATCGCG,perturbation_score_euclidean,Euclidean score,1.6148178732279255,34
Full-length RNA-seq,B cell,12,SCCuniq_AATGGAAGCTGAGGACT,perturbation_score_euclidean,Euclidean score,1.6148178732279255,35
Full-length RNA-seq,B cell,12,SCCuniq_ATCGTCCGCTGTTACAC,perturbation_score_euclidean,Euclidean score,1.6148178732279255,36
Full-length RNA-seq,B cell,12,SCCuniq_TACATTCCGAACAATAG,perturbation_score_euclidean,Euclidean score,1.6148178732279255,37
Full-length RNA-seq,B cell,12,SCCuniq_TATCTGTCGACGGATTT,perturbation_score_euclidean,Euclidean score,1.6148178732279255,38
Full-length RNA-seq,B cell,12,SCC07_GAGAGGTCGACTGTGAT,perturbation_score_euclidean,Euclidean score,1.6148178732279255,39
Full-length RNA-seq,B cell,12,SCC07_GGCGTCATACTAAAGCT,perturbation_score_euclidean,Euclidean score,1.6148178732279255,40
Full-length RNA-seq,B cell,12,SCC07_GTGCTGGTACACTGCTC,perturbation_score_euclidean,Euclidean score,1.6148178732279255,41
Full-length RNA-seq,B cell,12,SCC07_TCGCTTGTACAAGCGAA,perturbation_score_euclidean,Euclidean score,1.6148178732279255,42
Full-length RNA-seq,B cell,12,SCC01_ACTGATGGCTCGCCTAG,perturbation_score_euclidean,Euclidean score,1.4174777200366004,43
Full-length RNA-seq,B cell,12,AK04_TTGTTTGTACGAGGTTC,perturbation_score_euclidean,Euclidean score,1.3839295443462856,44
Full-length RNA-seq,B cell,12,SCCuniq_GACGTTATACCATGAGT,perturbation_score_euclidean,Euclidean score,1.3839295443462856,45
Full-length RNA-seq,B cell,12,SCC07_CTGCGAGCGACTCGGGT,perturbation_score_euclidean,Euclidean score,1.3630282945536474,46
Full-length RNA-seq,B cell,12,SCCuniq_GCACTAAATGGCAGTGC,perturbation_score_euclidean,Euclidean score,1.3452315528470082,47
Full-length RNA-seq,B cell,12,AK01_GTTCGCTATGAGCCCAA,perturbation_score_euclidean,Euclidean score,1.3213199953260968,48
Full-length RNA-seq,B cell,12,SCCuniq_GTCTAGAGCTCTGTGGC,perturbation_score_euclidean,Euclidean score,1.3204716880736376,49
Full-length RNA-seq,B cell,12,SCC01_TGCATCCTACAAACCCA,perturbation_score_euclidean,Euclidean score,1.3114642885563446,50
Full-length RNA-seq,B cell,12,SCC01_TGCGACGTACAACTGAC,perturbation_score_euclidean,Euclidean score,1.3114642885563446,51
Full-length RNA-seq,B cell,12,AK01_ATTCTACATGGTTAAAC,perturbation_score_euclidean,Euclidean score,1.3114642885563446,52
Full-length RNA-seq,B cell,12,AK01_GTACAACGCTTTCACTT,perturbation_score_euclidean,Euclidean score,1.3114642885563446,53
Full-length RNA-seq,B cell,12,AK01_GTTGTCCGCTGTCGTTA,perturbation_score_euclidean,Euclidean score,1.3114642885563446,54
Full-length RNA-seq,B cell,12,AK01_TCATGCCTACGAAAGGT,perturbation_score_euclidean,Euclidean score,1.3114642885563446,55
Full-length RNA-seq,B cell,12,AK01_TCTCCGAGCTAACGGTG,perturbation_score_euclidean,Euclidean score,1.3114642885563446,56
Full-length RNA-seq,B cell,12,AK01_TGCTCCAGCTAAGCAAT,perturbation_score_euclidean,Euclidean score,1.3114642885563446,57
Full-length RNA-seq,B cell,12,AK01_TTTGATCGCTGTCAGAG,perturbation_score_euclidean,Euclidean score,1.3114642885563446,58
Full-length RNA-seq,B cell,12,SCC04_AAGACTCATGTACGCGG,perturbation_score_euclidean,Euclidean score,1.3114642885563446,59
Full-length RNA-seq,B cell,12,SCC04_AGGGTGACGACCAGCCA,perturbation_score_euclidean,Euclidean score,1.3114642885563446,60
Full-length RNA-seq,B cell,12,SCC04_GGAGATGGCTACAATAG,perturbation_score_euclidean,Euclidean score,1.3114642885563446,61
Full-length RNA-seq,B cell,12,SCC04_GTCGCGATACTAGTGAC,perturbation_score_euclidean,Euclidean score,1.3114642885563446,62
Full-length RNA-seq,B cell,12,SCC04_TGCGATAGCTAGTCCTA,perturbation_score_euclidean,Euclidean score,1.3114642885563446,63
Full-length RNA-seq,B cell,12,SCC04_TTCATGTCGAGCATTTG,perturbation_score_euclidean,Euclidean score,1.3114642885563446,64
Full-length RNA-seq,B cell,12,AK04_CCATCACTACCGGACAT,perturbation_score_euclidean,Euclidean score,1.3114642885563446,65
Full-length RNA-seq,B cell,12,SCC07_AAGCCATATGTGCATAG,perturbation_score_euclidean,Euclidean score,1.3114642885563446,66
Full-length RNA-seq,B cell,12,SCCuniq_TCGCTTGGCTTCTCCAC,perturbation_score_euclidean,Euclidean score,1.2959565034604645,67
Full-length RNA-seq,B cell,12,SCC04_AGGCATTCGAAGGTCAG,perturbation_score_euclidean,Euclidean score,1.2852292939818502,68
Full-length RNA-seq,B cell,12,SCC07_CATGGTACGAAGCGTAG,perturbation_score_euclidean,Euclidean score,1.2756280345410465,69
Full-length RNA-seq,B cell,12,SCC01_AATGACCGCTCCCGCAA,perturbation_score_euclidean,Euclidean score,1.2675378543970777,70
Full-length RNA-seq,B cell,12,SCC01_TCCGTGTATGGATTTCT,perturbation_score_euclidean,Euclidean score,1.2448292125454148,71
Full-length RNA-seq,B cell,12,SCC04_CCTCACATACCTTCGAC,perturbation_score_euclidean,Euclidean score,1.2448292125454148,72
Full-length RNA-seq,B cell,12,AK04_TGAATCGTACGAAAGGT,perturbation_score_euclidean,Euclidean score,1.2448292125454148,73
Full-length RNA-seq,B cell,12,SCCuniq_TCGGGACTACGAAGTGA,perturbation_score_euclidean,Euclidean score,1.2448292125454148,74
Full-length RNA-seq,B cell,12,SCCuniq_TCGTGGGTACCGTAGTA,perturbation_score_euclidean,Euclidean score,1.2448292125454148,75
Full-length RNA-seq,B cell,12,AK07_GACCTTCATGGCTCTAT,perturbation_score_euclidean,Euclidean score,1.2448292125454148,76
Full-length RNA-seq,B cell,12,SCC04_AGAAGTACGAACCGACC,perturbation_score_euclidean,Euclidean score,1.2407023593459776,77
Full-length RNA-seq,B cell,12,SCC04_TATGTTCTACTAATTCC,perturbation_score_euclidean,Euclidean score,1.2183585125802505,78
Full-length RNA-seq,B cell,12,AK04_TTAATCCCGAGAATTAG,perturbation_score_euclidean,Euclidean score,1.2183585125802505,79
Full-length RNA-seq,B cell,12,SCCuniq_CATCGCTTACTGTGTTC,perturbation_score_euclidean,Euclidean score,1.2183585125802505,80
Full-length RNA-seq,B cell,12,SCC04_CAATCGAATGAATCTAG,perturbation_score_euclidean,Euclidean score,1.2141207251192865,81
Full-length RNA-seq,B cell,12,AK04_GCCAACGGCTGTGCTTA,perturbation_score_euclidean,Euclidean score,1.2141207251192865,82
Full-length RNA-seq,B cell,12,SCCuniq_TGTAACGATGTAGTCAG,perturbation_score_euclidean,Euclidean score,1.1994906453954528,83
Full-length RNA-seq,B cell,12,AK07_TGAGTCACGAGGTAATA,perturbation_score_euclidean,Euclidean score,1.1851036775400423,84
Full-length RNA-seq,B cell,12,SCC01_ACAACCATACTAGTGAC,perturbation_score_euclidean,Euclidean score,1.1713746921940322,85
Full-length RNA-seq,B cell,12,SCC01_CTCATTATACCGTAGGC,perturbation_score_euclidean,Euclidean score,1.1713746921940322,86
Full-length RNA-seq,B cell,12,SCC01_GCAGCTGGCTCAGATTC,perturbation_score_euclidean,Euclidean score,1.1713746921940322,87
Full-length RNA-seq,B cell,12,SCC01_TGATCAGGCTCGACAAG,perturbation_score_euclidean,Euclidean score,1.1713746921940322,88
Full-length RNA-seq,B cell,12,AK01_GCCAGGTATGGACCACG,perturbation_score_euclidean,Euclidean score,1.1713746921940322,89
Full-length RNA-seq,B cell,12,SCC04_ACTATGGATGCTAAGTG,perturbation_score_euclidean,Euclidean score,1.1713746921940322,90
Full-length RNA-seq,B cell,12,SCC04_AGGTCATATGAGCTTTC,perturbation_score_euclidean,Euclidean score,1.1713746921940322,91
Full-length RNA-seq,B cell,12,SCC04_CACTGTCGCTGCCTGCA,perturbation_score_euclidean,Euclidean score,1.1713746921940322,92
Full-length RNA-seq,B cell,12,SCC04_CCGTGAGATGATCGCTT,perturbation_score_euclidean,Euclidean score,1.1713746921940322,93
Full-length RNA-seq,B cell,12,SCC04_CTAACTTCGAGATTCGT,perturbation_score_euclidean,Euclidean score,1.1713746921940322,94
Full-length RNA-seq,B cell,12,SCC04_GTGTGATGCTTGCGGTC,perturbation_score_euclidean,Euclidean score,1.1713746921940322,95
Full-length RNA-seq,B cell,12,SCC04_GTTGTCCATGATATGGC,perturbation_score_euclidean,Euclidean score,1.1713746921940322,96
Full-length RNA-seq,B cell,12,SCC04_TGGGAGATACTCATAGG,perturbation_score_euclidean,Euclidean score,1.1713746921940322,97
Full-length RNA-seq,B cell,12,SCC06_GACCCAGTACTCATAGA,perturbation_score_euclidean,Euclidean score,1.1713746921940322,98
Full-length RNA-seq,B cell,12,SCC07_CCTCCTCCGAAGCGCCT,perturbation_score_euclidean,Euclidean score,1.1713746921940322,99
Full-length RNA-seq,B cell,12,AK07_GTAGATCGCTTCGAACT,perturbation_score_euclidean,Euclidean score,1.1615934937692063,100
Full-length RNA-seq,B cell,12,SCC01_GATCACAATGAAGCCTA,perturbation_score_euclidean,Euclidean score,1.1327866798062396,101
Full-length RNA-seq,B cell,12,AK01_CTCATGCATGTTCTCAA,perturbation_score_euclidean,Euclidean score,1.1327866798062396,102
Full-length RNA-seq,B cell,12,AK01_TGTGATGCGAGGCTGCT,perturbation_score_euclidean,Euclidean score,1.1327866798062396,103
Full-length RNA-seq,B cell,12,SCC04_AACCCAAATGTATGCAA,perturbation_score_euclidean,Euclidean score,1.1327866798062396,104
Full-length RNA-seq,B cell,12,SCC04_AGTAGCTATGTCGGTAA,perturbation_score_euclidean,Euclidean score,1.1327866798062396,105
Full-length RNA-seq,B cell,12,SCC04_CATTCCGCGAGGTTACT,perturbation_score_euclidean,Euclidean score,1.1327866798062396,106
Full-length RNA-seq,B cell,12,SCC04_CCGGGTACGATGACTCA,perturbation_score_euclidean,Euclidean score,1.1327866798062396,107
Full-length RNA-seq,B cell,12,SCC04_CGGAACCATGAACTGAC,perturbation_score_euclidean,Euclidean score,1.1327866798062396,108
Full-length RNA-seq,B cell,12,SCC04_TACTGCCCGATCTCCAC,perturbation_score_euclidean,Euclidean score,1.1327866798062396,109
Full-length RNA-seq,B cell,12,SCC04_TCACGGGCGATGTGCTA,perturbation_score_euclidean,Euclidean score,1.1327866798062396,110
Full-length RNA-seq,B cell,12,SCC04_TTCCTCTCGAGTCAGCC,perturbation_score_euclidean,Euclidean score,1.1327866798062396,111
Full-length RNA-seq,B cell,12,AK04_AAGTCGTTACCAACTTC,perturbation_score_euclidean,Euclidean score,1.1327866798062396,112
Full-length RNA-seq,B cell,12,AK04_CTCAACCATGACTACGA,perturbation_score_euclidean,Euclidean score,1.1327866798062396,113
Full-length RNA-seq,B cell,12,SCC06_CGTGTCTCGACCCGCAA,perturbation_score_euclidean,Euclidean score,1.1327866798062396,114
Full-length RNA-seq,B cell,12,SCC06_GTCTACCTACCTAAGTA,perturbation_score_euclidean,Euclidean score,1.1327866798062396,115
Full-length RNA-seq,B cell,12,SCC06_TGAATCGGCTCGAATTC,perturbation_score_euclidean,Euclidean score,1.1327866798062396,116
Full-length RNA-seq,B cell,12,SCCuniq_GATGATCTACCGTGGCA,perturbation_score_euclidean,Euclidean score,1.1327866798062396,117
Full-length RNA-seq,B cell,12,SCCuniq_TATCTTGCGAAACACCT,perturbation_score_euclidean,Euclidean score,1.1327866798062396,118
Full-length RNA-seq,B cell,12,SCCuniq_TCGTAGATACGCTCTCA,perturbation_score_euclidean,Euclidean score,1.1327866798062396,119
Full-length RNA-seq,B cell,12,SCCuniq_TGAGTCATACGTAAAGG,perturbation_score_euclidean,Euclidean score,1.1327866798062396,120
Full-length RNA-seq,B cell,12,AK07_GAATCACATGTGTGCTC,perturbation_score_euclidean,Euclidean score,1.1220972406237957,121
Full-length RNA-seq,B cell,12,SCC07_CGAGAAGCGAAACAAGT,perturbation_score_euclidean,Euclidean score,1.1183567226070101,122
Full-length RNA-seq,B cell,12,SCC04_ACCATTTTACCAGCCCT,perturbation_score_euclidean,Euclidean score,1.0727014210232084,123
Full-length RNA-seq,B cell,12,SCC04_TGGGCGTCGATGGCACC,perturbation_score_euclidean,Euclidean score,1.0458071964189966,124
Full-length RNA-seq,B cell,12,SCC07_GTGTAACGCTTCCGCGA,perturbation_score_euclidean,Euclidean score,1.039747922269265,125
Full-length RNA-seq,B cell,12,AK04_ATTCTTGCGATTCGTAG,perturbation_score_euclidean,Euclidean score,1.0020824523862817,126
Full-length RNA-seq,B cell,12,SCCuniq_TCAATTCCGATCTCATT,perturbation_score_euclidean,Euclidean score,0.9964975094216094,127
Full-length RNA-seq,B cell,12,SCC04_GGGTAGACGATCTTTCA,perturbation_score_euclidean,Euclidean score,0.9906729074013072,128
Full-length RNA-seq,B cell,12,SCCuniq_CATCCCACGAAGTGTGG,perturbation_score_euclidean,Euclidean score,0.9889603256199073,129
Full-length RNA-seq,B cell,12,SCC04_ATGGATCTACCTCCGAC,perturbation_score_euclidean,Euclidean score,0.9860689953402099,130
Full-length RNA-seq,B cell,12,AK07_AGTTCGAGCTGGTAATA,perturbation_score_euclidean,Euclidean score,0.9769443150512301,131
Full-length RNA-seq,B cell,12,AK01_TAGGGTTGCTTTCAGAC,perturbation_score_euclidean,Euclidean score,0.9739157235576869,132
Full-length RNA-seq,B cell,12,AK01_TCTTGCGATGCCGATCC,perturbation_score_euclidean,Euclidean score,0.9739157235576869,133
Full-length RNA-seq,B cell,12,AK04_AACCACACGACACACGC,perturbation_score_euclidean,Euclidean score,0.9739157235576869,134
Full-length RNA-seq,B cell,12,SCCuniq_TTTCATGTACCGAGTGC,perturbation_score_euclidean,Euclidean score,0.9739157235576869,135
Full-length RNA-seq,B cell,12,SCC04_GTCTCACTACAAGCGAA,perturbation_score_euclidean,Euclidean score,0.9703093471987446,136
Full-length RNA-seq,B cell,12,SCC04_TCATATCTACGATATAC,perturbation_score_euclidean,Euclidean score,0.9703093471987446,137
Full-length RNA-seq,B cell,12,SCC04_CAGATTGTACTGTGTGA,perturbation_score_euclidean,Euclidean score,0.9662057351074052,138
Full-length RNA-seq,B cell,12,AK07_AAACGCTATGCTAATCC,perturbation_score_euclidean,Euclidean score,0.9584413112080584,139
Full-length RNA-seq,B cell,12,AK07_ATCCACCTACTATGAGT,perturbation_score_euclidean,Euclidean score,0.9584413112080584,140
Full-length RNA-seq,B cell,12,AK07_CACTGGGTACCGCATAA,perturbation_score_euclidean,Euclidean score,0.9584413112080584,141
Full-length RNA-seq,B cell,12,AK07_CGAGGCTGCTTTCGTAG,perturbation_score_euclidean,Euclidean score,0.9584413112080584,142
Full-length RNA-seq,B cell,12,AK07_CGGAATTATGTATGATG,perturbation_score_euclidean,Euclidean score,0.9584413112080584,143
Full-length RNA-seq,B cell,12,AK07_CTCATCGATGGTCTAAG,perturbation_score_euclidean,Euclidean score,0.9584413112080584,144
Full-length RNA-seq,B cell,12,AK07_CTCTCAGTACAAGCGCT,perturbation_score_euclidean,Euclidean score,0.9584413112080584,145
Full-length RNA-seq,B cell,12,AK07_GATAGAAGCTGAGAACC,perturbation_score_euclidean,Euclidean score,0.9584413112080584,146
Full-length RNA-seq,B cell,12,AK07_GATGTTGATGTTCCCAG,perturbation_score_euclidean,Euclidean score,0.9584413112080584,147
Full-length RNA-seq,B cell,12,AK07_GGAACCCATGCACACAA,perturbation_score_euclidean,Euclidean score,0.9584413112080584,148
Full-length RNA-seq,B cell,12,AK07_GGAGGTATACTCTCGCA,perturbation_score_euclidean,Euclidean score,0.9584413112080584,149
Full-length RNA-seq,B cell,12,AK07_GGCTTTCTACAAATGCC,perturbation_score_euclidean,Euclidean score,0.9584413112080584,150
Full-length RNA-seq,B cell,12,AK07_GTCGTAAATGAAGTCTA,perturbation_score_euclidean,Euclidean score,0.9584413112080584,151
Full-length RNA-seq,B cell,12,AK07_GTGGTTAGCTCCCGCAA,perturbation_score_euclidean,Euclidean score,0.9584413112080584,152
Full-length RNA-seq,B cell,12,AK07_TCATTGTCGAAACGGTG,perturbation_score_euclidean,Euclidean score,0.9584413112080584,153
Full-length RNA-seq,B cell,12,AK07_TTCTAGTGCTTCCGCGA,perturbation_score_euclidean,Euclidean score,0.9584413112080584,154
Full-length RNA-seq,B cell,12,SCC07_ACATCCCGCTGACCGCT,perturbation_score_euclidean,Euclidean score,0.9584413112080584,155
Full-length RNA-seq,B cell,12,SCC07_AGGGCTCATGAGATCGC,perturbation_score_euclidean,Euclidean score,0.9584413112080584,156
Full-length RNA-seq,B cell,12,SCC07_AGGTTGTGCTGGACTGA,perturbation_score_euclidean,Euclidean score,0.9584413112080584,157
Full-length RNA-seq,B cell,12,SCC07_CATTGAGTACTGAGGCT,perturbation_score_euclidean,Euclidean score,0.9584413112080584,158
Full-length RNA-seq,B cell,12,SCC07_CCGAACGCGAGACCGTC,perturbation_score_euclidean,Euclidean score,0.9584413112080584,159
Full-length RNA-seq,B cell,12,SCC07_GATGAGGGCTGCTTTCC,perturbation_score_euclidean,Euclidean score,0.9584413112080584,160
Full-length RNA-seq,B cell,12,SCC07_GGTTAACGCTAGGTAGC,perturbation_score_euclidean,Euclidean score,0.9584413112080584,161
Full-length RNA-seq,B cell,12,SCC07_GTACAACTACCCATAAG,perturbation_score_euclidean,Euclidean score,0.9584413112080584,162
Full-length RNA-seq,B cell,12,SCC07_GTACAACTACCCGAGGT,perturbation_score_euclidean,Euclidean score,0.9584413112080584,163
Full-length RNA-seq,B cell,12,SCC07_TACACCCGCTACTGTTG,perturbation_score_euclidean,Euclidean score,0.9584413112080584,164
Full-length RNA-seq,B cell,12,SCC07_TATCAGGATGGGTCTAA,perturbation_score_euclidean,Euclidean score,0.9584413112080584,165
Full-length RNA-seq,B cell,12,SCC07_TCATTGTGCTGGCTGCT,perturbation_score_euclidean,Euclidean score,0.9584413112080584,166
Full-length RNA-seq,B cell,12,SCC07_TCTTGCGTACCCTGACC,perturbation_score_euclidean,Euclidean score,0.9584413112080584,167
Full-length RNA-seq,B cell,12,SCC07_TGAATGCCGACCCGGTA,perturbation_score_euclidean,Euclidean score,0.9584413112080584,168
Full-length RNA-seq,B cell,12,SCC07_TGGATGTATGATATGGC,perturbation_score_euclidean,Euclidean score,0.9584413112080584,169
Full-length RNA-seq,B cell,12,SCC04_AGACCCGATGAAGCCTG,perturbation_score_euclidean,Euclidean score,0.9354996071576983,170
Full-length RNA-seq,B cell,12,AK07_AACGGGATACATTTCCA,perturbation_score_euclidean,Euclidean score,0.9316498554926699,171
Full-length RNA-seq,B cell,12,SCC07_AGGGCTCATGGAAGTGA,perturbation_score_euclidean,Euclidean score,0.9316498554926699,172
Full-length RNA-seq,B cell,12,SCC04_GTGCACGTACGTTCTCG,perturbation_score_euclidean,Euclidean score,0.9311149551849003,173
Full-length RNA-seq,B cell,12,SCC06_CAAGGGACGAACTCAAC,perturbation_score_euclidean,Euclidean score,0.9257998973517299,174
Full-length RNA-seq,B cell,12,SCC06_GCCAGCAGCTTCTTGTT,perturbation_score_euclidean,Euclidean score,0.9257998973517299,175
Full-length RNA-seq,B cell,12,SCCuniq_TGGAGGAGCTCTGTGAT,perturbation_score_euclidean,Euclidean score,0.9088062278174304,176
Full-length RNA-seq,B cell,12,SCC07_GGCGTCAATGCCATAAG,perturbation_score_euclidean,Euclidean score,0.9071570780905664,177
Full-length RNA-seq,B cell,12,AK07_CTACCCACGAACAGTGG,perturbation_score_euclidean,Euclidean score,0.9061460131306756,178
Full-length RNA-seq,B cell,12,SCC01_ACCCAAAATGGAAGTGA,perturbation_score_euclidean,Euclidean score,0.9041208112763311,179
Full-length RNA-seq,B cell,12,SCC01_ACGTTCCCGAGAATTCC,perturbation_score_euclidean,Euclidean score,0.9041208112763311,180
Full-length RNA-seq,B cell,12,SCC01_GGGTGTCATGGCCATAG,perturbation_score_euclidean,Euclidean score,0.9041208112763311,181
Full-length RNA-seq,B cell,12,AK01_GTCTACCTACAGTCCGG,perturbation_score_euclidean,Euclidean score,0.9041208112763311,182
Full-length RNA-seq,B cell,12,SCC04_CAACAGTATGTTTCAGC,perturbation_score_euclidean,Euclidean score,0.9041208112763311,183
Full-length RNA-seq,B cell,12,SCC04_TCCCACATACCTAAGTG,perturbation_score_euclidean,Euclidean score,0.9041208112763311,184
Full-length RNA-seq,B cell,12,SCC06_GTTTACTTACCTTCGAC,perturbation_score_euclidean,Euclidean score,0.9041208112763311,185
Full-length RNA-seq,B cell,12,SCC06_TTTGACTCGAGTTACAC,perturbation_score_euclidean,Euclidean score,0.9041208112763311,186
Full-length RNA-seq,B cell,12,SCCuniq_CGTAAGTCGAAGCGCCT,perturbation_score_euclidean,Euclidean score,0.9041208112763311,187
Full-length RNA-seq,B cell,12,AK07_GTAATGCTACAGAATCT,perturbation_score_euclidean,Euclidean score,0.9041208112763311,188
Full-length RNA-seq,B cell,12,SCC07_GAAGAATCGAGCGTGAA,perturbation_score_euclidean,Euclidean score,0.9041208112763311,189
Full-length RNA-seq,B cell,12,SCC07_TAACTTCATGGACCCAA,perturbation_score_euclidean,Euclidean score,0.9041208112763311,190
Full-length RNA-seq,B cell,12,SCC07_TCTTCCTATGATCGCTC,perturbation_score_euclidean,Euclidean score,0.9041208112763311,191
Full-length RNA-seq,B cell,12,SCC07_TTCCGTGGCTCGATAGG,perturbation_score_euclidean,Euclidean score,0.9041208112763311,192
Full-length RNA-seq,B cell,12,SCC04_TGAATCGTACCCTCTTC,perturbation_score_euclidean,Euclidean score,0.9030264575234999,193
Full-length RNA-seq,B cell,12,SCCuniq_AATGCCATACCGAGTGC,perturbation_score_euclidean,Euclidean score,0.8962518886270995,194
Full-length RNA-seq,B cell,12,AK07_AAGAACAATGACTGGGC,perturbation_score_euclidean,Euclidean score,0.8822211878675797,195
Full-length RNA-seq,B cell,12,AK07_CTCAGTCCGAATAGGGC,perturbation_score_euclidean,Euclidean score,0.8822211878675797,196
Full-length RNA-seq,B cell,12,AK07_TGCCGAGGCTCGGAAGT,perturbation_score_euclidean,Euclidean score,0.8822211878675797,197
Full-length RNA-seq,B cell,12,SCC07_ATTACCTATGGCAACAT,perturbation_score_euclidean,Euclidean score,0.8822211878675797,198
Full-length RNA-seq,B cell,12,SCC07_CCTGTTGATGGGCTTCC,perturbation_score_euclidean,Euclidean score,0.8822211878675797,199
Full-length RNA-seq,B cell,12,SCC07_CTACCTGGCTCGACAAG,perturbation_score_euclidean,Euclidean score,0.8822211878675797,200
Full-length RNA-seq,Plasma cell,13,SCC01_AAGTACCGCTTGGGTTT,perturbation_score_euclidean,Euclidean score,4.314384547571105,1
Full-length RNA-seq,Plasma cell,13,SCC01_ACACTGAATGGTCATCT,perturbation_score_euclidean,Euclidean score,4.314384547571105,2
Full-length RNA-seq,Plasma cell,13,SCC01_ATGGGAGGCTGGAGAAA,perturbation_score_euclidean,Euclidean score,4.314384547571105,3
Full-length RNA-seq,Plasma cell,13,SCC01_ATTACTCCGATATCTGG,perturbation_score_euclidean,Euclidean score,4.314384547571105,4
Full-length RNA-seq,Plasma cell,13,SCC01_CAACGATCGATGGTAGG,perturbation_score_euclidean,Euclidean score,4.314384547571105,5
Full-length RNA-seq,Plasma cell,13,SCC01_GGGTTATTACAAGCCTG,perturbation_score_euclidean,Euclidean score,4.314384547571105,6
Full-length RNA-seq,Plasma cell,13,SCC01_TCGGTCTTACAAGCCTA,perturbation_score_euclidean,Euclidean score,4.314384547571105,7
Full-length RNA-seq,Plasma cell,13,SCC01_TGGGCTGTACTGAGTCA,perturbation_score_euclidean,Euclidean score,4.314384547571105,8
Full-length RNA-seq,Plasma cell,13,SCC01_TGGGTTAATGCCTGAAG,perturbation_score_euclidean,Euclidean score,4.314384547571105,9
Full-length RNA-seq,Plasma cell,13,AK01_CTCAACCATGGGTCGGT,perturbation_score_euclidean,Euclidean score,4.314384547571105,10
Full-length RNA-seq,Plasma cell,13,AK01_TGTGAGTTACCGAACGC,perturbation_score_euclidean,Euclidean score,4.314384547571105,11
Full-length RNA-seq,Plasma cell,13,SCC04_CATGCTCGCTGTTACAC,perturbation_score_euclidean,Euclidean score,4.314384547571105,12
Full-length RNA-seq,Plasma cell,13,SCC06_ACACTGAGCTGCGTAGA,perturbation_score_euclidean,Euclidean score,4.314384547571105,13
Full-length RNA-seq,Plasma cell,13,SCC06_AGAAATGTACATTCCTA,perturbation_score_euclidean,Euclidean score,4.314384547571105,14
Full-length RNA-seq,Plasma cell,13,SCC06_GACCAATCGAACAATAG,perturbation_score_euclidean,Euclidean score,4.314384547571105,15
Full-length RNA-seq,Plasma cell,13,SCC06_TGTTGGACGACCAAAGG,perturbation_score_euclidean,Euclidean score,4.314384547571105,16
Full-length RNA-seq,Plasma cell,13,SCC01_CCTAAGACGAAATGAGT,perturbation_score_euclidean,Euclidean score,3.987999370034892,17
Full-length RNA-seq,Plasma cell,13,SCC01_TATTTCGTACTTACGTT,perturbation_score_euclidean,Euclidean score,3.987999370034892,18
Full-length RNA-seq,Plasma cell,13,AK01_TTGGGATTACCGAGTAC,perturbation_score_euclidean,Euclidean score,3.987999370034892,19
Full-length RNA-seq,Plasma cell,13,SCC01_AAATGGAATGGTAACTA,perturbation_score_euclidean,Euclidean score,3.888849300206635,20
Full-length RNA-seq,Plasma cell,13,SCC01_ACGATGTCGAGGCTTAT,perturbation_score_euclidean,Euclidean score,3.888849300206635,21
Full-length RNA-seq,Plasma cell,13,SCC01_CATTGAGTACTGGTTGA,perturbation_score_euclidean,Euclidean score,3.888849300206635,22
Full-length RNA-seq,Plasma cell,13,SCC01_CTACCTGGCTCACGGTC,perturbation_score_euclidean,Euclidean score,3.888849300206635,23
Full-length RNA-seq,Plasma cell,13,SCC01_GTACAGTTACTATGCAA,perturbation_score_euclidean,Euclidean score,3.888849300206635,24
Full-length RNA-seq,Plasma cell,13,SCC01_TATGTTCTACGCTCTCA,perturbation_score_euclidean,Euclidean score,3.888849300206635,25
Full-length RNA-seq,Plasma cell,13,SCC01_TGATTTCTACCAGCACG,perturbation_score_euclidean,Euclidean score,3.888849300206635,26
Full-length RNA-seq,Plasma cell,13,SCC01_TGGGAGAATGATCGCCT,perturbation_score_euclidean,Euclidean score,3.888849300206635,27
Full-length RNA-seq,Plasma cell,13,SCC01_TGTCCTGGCTCAGTCGC,perturbation_score_euclidean,Euclidean score,3.856836390874322,28
Full-length RNA-seq,Plasma cell,13,SCC01_GGGACCTATGCACGTCT,perturbation_score_euclidean,Euclidean score,3.75049287254718,29
Full-length RNA-seq,Plasma cell,13,SCC01_ACTGTGAGCTAGGACTG,perturbation_score_euclidean,Euclidean score,3.7444714376782713,30
Full-length RNA-seq,Plasma cell,13,SCCuniq_GGTCTGGCGAGATTCAC,perturbation_score_euclidean,Euclidean score,3.7444714376782713,31
Full-length RNA-seq,Plasma cell,13,SCC01_TGGTAGTCGAGAGTTTC,perturbation_score_euclidean,Euclidean score,3.715820829940945,32
Full-length RNA-seq,Plasma cell,13,SCC01_AGGATCTGCTATTTCTC,perturbation_score_euclidean,Euclidean score,3.714140428795556,33
Full-length RNA-seq,Plasma cell,13,SCC01_CGAGTGCTACTGTTCAC,perturbation_score_euclidean,Euclidean score,3.713337295703822,34
Full-length RNA-seq,Plasma cell,13,SCC01_AAGTGAAGCTTAACCCA,perturbation_score_euclidean,Euclidean score,3.7021572072170406,35
Full-length RNA-seq,Plasma cell,13,SCC01_AGACCCGTACGAAAGTG,perturbation_score_euclidean,Euclidean score,3.7021572072170406,36
Full-length RNA-seq,Plasma cell,13,SCC01_AGCGCCATACCATGAAT,perturbation_score_euclidean,Euclidean score,3.658666428364044,37
Full-length RNA-seq,Plasma cell,13,AK01_AAGATAGCGAGTTGAGG,perturbation_score_euclidean,Euclidean score,3.658666428364044,38
Full-length RNA-seq,Plasma cell,13,AK01_ATCGGCGATGCCAGTAG,perturbation_score_euclidean,Euclidean score,3.6562647563894912,39
Full-length RNA-seq,Plasma cell,13,SCC01_CTGTGGGGCTCGAGTGA,perturbation_score_euclidean,Euclidean score,3.6348639674540357,40
Full-length RNA-seq,Plasma cell,13,AK01_CCCTCTCGCTGCACGCT,perturbation_score_euclidean,Euclidean score,3.5231825308906193,41
Full-length RNA-seq,Plasma cell,13,SCC01_AGAAGTAATGTTGGAAT,perturbation_score_euclidean,Euclidean score,3.500321910657288,42
Full-length RNA-seq,Plasma cell,13,SCC01_ATTGTTCCGAAGCGCCT,perturbation_score_euclidean,Euclidean score,3.500321910657288,43
Full-length RNA-seq,Plasma cell,13,SCC01_CAACGATGCTACGGTAG,perturbation_score_euclidean,Euclidean score,3.500321910657288,44
Full-length RNA-seq,Plasma cell,13,SCC01_CTATAGGCGAGCTTTGA,perturbation_score_euclidean,Euclidean score,3.500321910657288,45
Full-length RNA-seq,Plasma cell,13,SCC01_GCTTCACGCTTTCACAG,perturbation_score_euclidean,Euclidean score,3.500321910657288,46
Full-length RNA-seq,Plasma cell,13,SCC01_GGAGAACGCTGAACATA,perturbation_score_euclidean,Euclidean score,3.500321910657288,47
Full-length RNA-seq,Plasma cell,13,SCC01_GTATTTCCGATAACCCA,perturbation_score_euclidean,Euclidean score,3.500321910657288,48
Full-length RNA-seq,Plasma cell,13,SCC01_TATCTTGTACTCACACT,perturbation_score_euclidean,Euclidean score,3.500321910657288,49
Full-length RNA-seq,Plasma cell,13,SCC01_TCTACCGGCTAACGGTG,perturbation_score_euclidean,Euclidean score,3.500321910657288,50
Full-length RNA-seq,Plasma cell,13,SCC01_TGCATCCCGAGGCATCC,perturbation_score_euclidean,Euclidean score,3.500321910657288,51
Full-length RNA-seq,Plasma cell,13,SCC01_AACCTGATACAACTCTT,perturbation_score_euclidean,Euclidean score,3.472421826074992,52
Full-length RNA-seq,Plasma cell,13,SCC01_AGCGTATCGACGTGTTA,perturbation_score_euclidean,Euclidean score,3.472421826074992,53
Full-length RNA-seq,Plasma cell,13,SCC01_AGGAAATCGACCGTGGT,perturbation_score_euclidean,Euclidean score,3.472421826074992,54
Full-length RNA-seq,Plasma cell,13,SCC01_ATTCGTTCGAACGGCTC,perturbation_score_euclidean,Euclidean score,3.472421826074992,55
Full-length RNA-seq,Plasma cell,13,SCC01_CATAAGCTACAAATGAG,perturbation_score_euclidean,Euclidean score,3.472421826074992,56
Full-length RNA-seq,Plasma cell,13,SCC01_CATTCATATGCATCTGC,perturbation_score_euclidean,Euclidean score,3.472421826074992,57
Full-length RNA-seq,Plasma cell,13,SCC01_CGCATGGATGGATATGT,perturbation_score_euclidean,Euclidean score,3.472421826074992,58
Full-length RNA-seq,Plasma cell,13,SCC01_CGTAATGCGATGGCACC,perturbation_score_euclidean,Euclidean score,3.472421826074992,59
Full-length RNA-seq,Plasma cell,13,SCC01_CTTCTCTATGTAAACGC,perturbation_score_euclidean,Euclidean score,3.472421826074992,60
Full-length RNA-seq,Plasma cell,13,SCC01_GAGAAATATGGCCTTGC,perturbation_score_euclidean,Euclidean score,3.472421826074992,61
Full-length RNA-seq,Plasma cell,13,SCC01_GAGACTTGCTATCTCTT,perturbation_score_euclidean,Euclidean score,3.472421826074992,62
Full-length RNA-seq,Plasma cell,13,SCC01_GATCATGCGACAGTCTA,perturbation_score_euclidean,Euclidean score,3.472421826074992,63
Full-length RNA-seq,Plasma cell,13,SCC01_GCGGAAACGAGCGTGAA,perturbation_score_euclidean,Euclidean score,3.472421826074992,64
Full-length RNA-seq,Plasma cell,13,SCC01_GGACGTCGCTAAGATTG,perturbation_score_euclidean,Euclidean score,3.472421826074992,65
Full-length RNA-seq,Plasma cell,13,SCC01_GGATGTTGCTCTGTGGC,perturbation_score_euclidean,Euclidean score,3.472421826074992,66
Full-length RNA-seq,Plasma cell,13,SCC01_GTTAGACATGGACCATA,perturbation_score_euclidean,Euclidean score,3.472421826074992,67
Full-length RNA-seq,Plasma cell,13,SCC01_GTTGTCCATGCTAACAG,perturbation_score_euclidean,Euclidean score,3.472421826074992,68
Full-length RNA-seq,Plasma cell,13,SCC01_TCGAAGTTACATCGCTC,perturbation_score_euclidean,Euclidean score,3.472421826074992,69
Full-length RNA-seq,Plasma cell,13,SCC01_TTACAGGCGACATCCGG,perturbation_score_euclidean,Euclidean score,3.472421826074992,70
Full-length RNA-seq,Plasma cell,13,SCC01_TTCGATTCGAGGACTTT,perturbation_score_euclidean,Euclidean score,3.472421826074992,71
Full-length RNA-seq,Plasma cell,13,SCC01_TTGTGGACGAATGCTAC,perturbation_score_euclidean,Euclidean score,3.472421826074992,72
Full-length RNA-seq,Plasma cell,13,AK01_AGACCATTACTTCCATG,perturbation_score_euclidean,Euclidean score,3.472421826074992,73
Full-length RNA-seq,Plasma cell,13,AK01_ATAGGCTTACTACGGTA,perturbation_score_euclidean,Euclidean score,3.472421826074992,74
Full-length RNA-seq,Plasma cell,13,AK01_ATTCCCGGCTAAGCGGT,perturbation_score_euclidean,Euclidean score,3.472421826074992,75
Full-length RNA-seq,Plasma cell,13,AK01_CCGGTGAATGACAGAGG,perturbation_score_euclidean,Euclidean score,3.472421826074992,76
Full-length RNA-seq,Plasma cell,13,SCC01_CAAGAGGCGATGGGTCC,perturbation_score_euclidean,Euclidean score,3.387286624861693,77
Full-length RNA-seq,Plasma cell,13,AK01_CACTGTCTACCCGAGTG,perturbation_score_euclidean,Euclidean score,3.3800384539943535,78
Full-length RNA-seq,Plasma cell,13,AK01_TGAGCATTACCCAGTAG,perturbation_score_euclidean,Euclidean score,3.3721668556705247,79
Full-length RNA-seq,Plasma cell,13,SCC01_ACTTATCATGTCTTCGA,perturbation_score_euclidean,Euclidean score,3.3676707345765795,80
Full-length RNA-seq,Plasma cell,13,SCC01_TGATGCAATGATGGTAC,perturbation_score_euclidean,Euclidean score,3.300745265055191,81
Full-length RNA-seq,Plasma cell,13,SCC01_ACTATTCCGATGCACTA,perturbation_score_euclidean,Euclidean score,3.273775327645079,82
Full-length RNA-seq,Plasma cell,13,SCC01_CTACAGAGCTGGACTTT,perturbation_score_euclidean,Euclidean score,3.273775327645079,83
Full-length RNA-seq,Plasma cell,13,SCC01_ATTCCCGGCTGATAAAC,perturbation_score_euclidean,Euclidean score,3.264862146811124,84
Full-length RNA-seq,Plasma cell,13,SCC01_GTGAGTTGCTTCATCCC,perturbation_score_euclidean,Euclidean score,3.2647869838257293,85
Full-length RNA-seq,Plasma cell,13,SCC01_TACCCGTGCTCCCGTAG,perturbation_score_euclidean,Euclidean score,3.2606248675738128,86
Full-length RNA-seq,Plasma cell,13,AK01_CCCTCAAGCTTAGCTAC,perturbation_score_euclidean,Euclidean score,3.254401492067879,87
Full-length RNA-seq,Plasma cell,13,SCC01_GGGTTTAATGTGGTTAA,perturbation_score_euclidean,Euclidean score,3.2472991658348294,88
Full-length RNA-seq,Plasma cell,13,SCC01_TGTGCGGCGAAGCGCCT,perturbation_score_euclidean,Euclidean score,3.2472991658348294,89
Full-length RNA-seq,Plasma cell,13,SCC01_GATTTCTGCTAGATTGA,perturbation_score_euclidean,Euclidean score,3.245948492293912,90
Full-length RNA-seq,Plasma cell,13,SCC04_ATGAGTCTACTCGAAGC,perturbation_score_euclidean,Euclidean score,3.2245295416817465,91
Full-length RNA-seq,Plasma cell,13,SCC01_CTATAGGTACAAGTCAT,perturbation_score_euclidean,Euclidean score,3.1951303964660447,92
Full-length RNA-seq,Plasma cell,13,SCC01_ACGTTCCATGCTAGCCT,perturbation_score_euclidean,Euclidean score,3.0894974134012028,93
Full-length RNA-seq,Plasma cell,13,SCC01_AATAGAGATGGGCAGTT,perturbation_score_euclidean,Euclidean score,3.0847208073055086,94
Full-length RNA-seq,Plasma cell,13,AK01_GAGCCTGGCTGAGTTTC,perturbation_score_euclidean,Euclidean score,3.0847208073055086,95
Full-length RNA-seq,Plasma cell,13,SCC01_TCAAGCAGCTCGCCTAG,perturbation_score_euclidean,Euclidean score,3.0600317105094743,96
Full-length RNA-seq,Plasma cell,13,SCC01_ACCTGAATACTAAACTG,perturbation_score_euclidean,Euclidean score,3.057089856382108,97
Full-length RNA-seq,Plasma cell,13,SCC01_ACTTCCGGCTCTGTGAT,perturbation_score_euclidean,Euclidean score,3.0469915378787302,98
Full-length RNA-seq,Plasma cell,13,SCC01_CAATCGAATGCACGTCC,perturbation_score_euclidean,Euclidean score,3.0296934527332793,99
Full-length RNA-seq,Plasma cell,13,SCC01_TTCTGTACGAACCGATT,perturbation_score_euclidean,Euclidean score,3.0266434556357718,100
Full-length RNA-seq,Plasma cell,13,SCC01_AATGAAGTACTACGGGC,perturbation_score_euclidean,Euclidean score,3.010181729095539,101
Full-length RNA-seq,Plasma cell,13,SCC01_AATCGACCGAACCCTAA,perturbation_score_euclidean,Euclidean score,2.988871807740249,102
Full-length RNA-seq,Plasma cell,13,SCC01_ACGGGTCGCTAGTCCTA,perturbation_score_euclidean,Euclidean score,2.988871807740249,103
Full-length RNA-seq,Plasma cell,13,SCC01_AGGGCCTTACCGTGGCA,perturbation_score_euclidean,Euclidean score,2.988871807740249,104
Full-length RNA-seq,Plasma cell,13,SCC01_GATCAGTTACAGAAGGT,perturbation_score_euclidean,Euclidean score,2.988871807740249,105
Full-length RNA-seq,Plasma cell,13,SCC01_GATTGGTCGAAACGTGG,perturbation_score_euclidean,Euclidean score,2.988871807740249,106
Full-length RNA-seq,Plasma cell,13,SCC01_GCCGTGAATGCCTAGGA,perturbation_score_euclidean,Euclidean score,2.988871807740249,107
Full-length RNA-seq,Plasma cell,13,SCC01_GGGACCTGCTCGTAATC,perturbation_score_euclidean,Euclidean score,2.988871807740249,108
Full-length RNA-seq,Plasma cell,13,SCC01_GGTTAACGCTAGATTGA,perturbation_score_euclidean,Euclidean score,2.988871807740249,109
Full-length RNA-seq,Plasma cell,13,SCC01_GTGCAGCATGGGTCTAA,perturbation_score_euclidean,Euclidean score,2.988871807740249,110
Full-length RNA-seq,Plasma cell,13,SCC01_TATCGCCTACGAAAGTG,perturbation_score_euclidean,Euclidean score,2.988871807740249,111
Full-length RNA-seq,Plasma cell,13,SCC01_TATTTCGTACGTCATTC,perturbation_score_euclidean,Euclidean score,2.988871807740249,112
Full-length RNA-seq,Plasma cell,13,SCC01_TCGATTTATGAAATGAG,perturbation_score_euclidean,Euclidean score,2.988871807740249,113
Full-length RNA-seq,Plasma cell,13,SCC01_TGACCCTGCTTGGGTCC,perturbation_score_euclidean,Euclidean score,2.988871807740249,114
Full-length RNA-seq,Plasma cell,13,SCC01_TGAGCGCGCTTGGAGGT,perturbation_score_euclidean,Euclidean score,2.988871807740249,115
Full-length RNA-seq,Plasma cell,13,SCC01_TGTCCACCGATGCACGC,perturbation_score_euclidean,Euclidean score,2.988871807740249,116
Full-length RNA-seq,Plasma cell,13,AK01_AGGCCACATGTGTGTTC,perturbation_score_euclidean,Euclidean score,2.988871807740249,117
Full-length RNA-seq,Plasma cell,13,AK01_TACCGAACGAGCAGAAC,perturbation_score_euclidean,Euclidean score,2.988871807740249,118
Full-length RNA-seq,Plasma cell,13,SCC04_CGCATGGGCTGTGGCTC,perturbation_score_euclidean,Euclidean score,2.988871807740249,119
Full-length RNA-seq,Plasma cell,13,SCC06_ACCATTTATGATTTGCT,perturbation_score_euclidean,Euclidean score,2.988871807740249,120
Full-length RNA-seq,Plasma cell,13,SCC06_ATCTTCACGACGATGCC,perturbation_score_euclidean,Euclidean score,2.988871807740249,121
Full-length RNA-seq,Plasma cell,13,SCC06_GATCACATACTACGGGC,perturbation_score_euclidean,Euclidean score,2.988871807740249,122
Full-length RNA-seq,Plasma cell,13,SCC01_ACTTTGTGCTTAACCCA,perturbation_score_euclidean,Euclidean score,2.986481594104081,123
Full-length RNA-seq,Plasma cell,13,SCC01_CGATGCGCGATGACTTG,perturbation_score_euclidean,Euclidean score,2.9846427213416473,124
Full-length RNA-seq,Plasma cell,13,SCC01_CTGGTCTTACTTACGTT,perturbation_score_euclidean,Euclidean score,2.9846427213416473,125
Full-length RNA-seq,Plasma cell,13,SCC01_GTCGCGACGAGAGAACC,perturbation_score_euclidean,Euclidean score,2.9846427213416473,126
Full-length RNA-seq,Plasma cell,13,SCC01_CAACCAAGCTCGATGCC,perturbation_score_euclidean,Euclidean score,2.980395673785107,127
Full-length RNA-seq,Plasma cell,13,SCC01_CCTCAACATGTAATTCC,perturbation_score_euclidean,Euclidean score,2.980395673785107,128
Full-length RNA-seq,Plasma cell,13,SCC01_CCTCAACTACCATACAG,perturbation_score_euclidean,Euclidean score,2.980395673785107,129
Full-length RNA-seq,Plasma cell,13,SCC01_CTCAATTATGTCATCGT,perturbation_score_euclidean,Euclidean score,2.980395673785107,130
Full-length RNA-seq,Plasma cell,13,SCC01_CTCCAACATGGTCTAAG,perturbation_score_euclidean,Euclidean score,2.980395673785107,131
Full-length RNA-seq,Plasma cell,13,SCC01_TGCGACGATGCGCACTT,perturbation_score_euclidean,Euclidean score,2.980395673785107,132
Full-length RNA-seq,Plasma cell,13,SCC01_TGCGGCACGACCAAAGG,perturbation_score_euclidean,Euclidean score,2.980395673785107,133
Full-length RNA-seq,Plasma cell,13,SCC01_TTCCACGATGTAATTCC,perturbation_score_euclidean,Euclidean score,2.980395673785107,134
Full-length RNA-seq,Plasma cell,13,SCC01_TTCTTCCCGAGTCGGTC,perturbation_score_euclidean,Euclidean score,2.980395673785107,135
Full-length RNA-seq,Plasma cell,13,AK01_CAGTTCCGCTCTACCCT,perturbation_score_euclidean,Euclidean score,2.980395673785107,136
Full-length RNA-seq,Plasma cell,13,AK01_GTTAGTGTACTGTTCAC,perturbation_score_euclidean,Euclidean score,2.980395673785107,137
Full-length RNA-seq,Plasma cell,13,AK01_TAACTTCCGATGTGCTA,perturbation_score_euclidean,Euclidean score,2.980395673785107,138
Full-length RNA-seq,Plasma cell,13,AK01_TTCAGGAGCTGACAAAT,perturbation_score_euclidean,Euclidean score,2.980395673785107,139
Full-length RNA-seq,Plasma cell,13,SCC06_TGGAGGATACCCTGACC,perturbation_score_euclidean,Euclidean score,2.980395673785107,140
Full-length RNA-seq,Plasma cell,13,SCCuniq_GGCTTGGTACGTTAAAC,perturbation_score_euclidean,Euclidean score,2.980395673785107,141
Full-length RNA-seq,Plasma cell,13,SCC01_CCATCACTACTATGCAA,perturbation_score_euclidean,Euclidean score,2.978673858769874,142
Full-length RNA-seq,Plasma cell,13,SCC01_CTGTAGACGATCTTGTT,perturbation_score_euclidean,Euclidean score,2.9752873425517983,143
Full-length RNA-seq,Plasma cell,13,SCC01_CTGTGAAGCTTAGGACG,perturbation_score_euclidean,Euclidean score,2.9752873425517983,144
Full-length RNA-seq,Plasma cell,13,SCC01_CATGCAACGAGCACGAA,perturbation_score_euclidean,Euclidean score,2.972723357849136,145
Full-length RNA-seq,Plasma cell,13,SCC01_ACGTTCCCGAAGTCCCG,perturbation_score_euclidean,Euclidean score,2.9682466288009035,146
Full-length RNA-seq,Plasma cell,13,SCC01_AACCATGTACGCTGAAC,perturbation_score_euclidean,Euclidean score,2.9563098493845823,147
Full-length RNA-seq,Plasma cell,13,SCC01_AAGGTAACGACCTGCTT,perturbation_score_euclidean,Euclidean score,2.9563098493845823,148
Full-length RNA-seq,Plasma cell,13,SCC01_ACACTGAGCTCGAGTTT,perturbation_score_euclidean,Euclidean score,2.9563098493845823,149
Full-length RNA-seq,Plasma cell,13,SCC01_ACTACGAATGCTGTAAG,perturbation_score_euclidean,Euclidean score,2.9563098493845823,150
Full-length RNA-seq,Plasma cell,13,SCC01_ACTCCCAATGCGAACGC,perturbation_score_euclidean,Euclidean score,2.9563098493845823,151
Full-length RNA-seq,Plasma cell,13,SCC01_ATGCCTCGCTCGTAATC,perturbation_score_euclidean,Euclidean score,2.9563098493845823,152
Full-length RNA-seq,Plasma cell,13,SCC01_CGTGTCTATGTCATCGT,perturbation_score_euclidean,Euclidean score,2.9563098493845823,153
Full-length RNA-seq,Plasma cell,13,SCC01_CGTTCTGTACGGAAGGT,perturbation_score_euclidean,Euclidean score,2.9563098493845823,154
Full-length RNA-seq,Plasma cell,13,SCC01_CTGTATTATGGAGAAAT,perturbation_score_euclidean,Euclidean score,2.9563098493845823,155
Full-length RNA-seq,Plasma cell,13,SCC01_GATGGAGTACGGTCTGG,perturbation_score_euclidean,Euclidean score,2.9563098493845823,156
Full-length RNA-seq,Plasma cell,13,SCC01_GGGTAGACGATGTGCTA,perturbation_score_euclidean,Euclidean score,2.9563098493845823,157
Full-length RNA-seq,Plasma cell,13,SCC01_TGTACAGGCTCGATGCC,perturbation_score_euclidean,Euclidean score,2.9563098493845823,158
Full-length RNA-seq,Plasma cell,13,SCC01_TTCTTGATACTCTCCTC,perturbation_score_euclidean,Euclidean score,2.9563098493845823,159
Full-length RNA-seq,Plasma cell,13,SCC01_TTGATGGCGAGATACAA,perturbation_score_euclidean,Euclidean score,2.9563098493845823,160
Full-length RNA-seq,Plasma cell,13,AK01_AGGTAGGTACGGTCTAA,perturbation_score_euclidean,Euclidean score,2.9563098493845823,161
Full-length RNA-seq,Plasma cell,13,AK01_ATGAGTCGCTTCCGCAG,perturbation_score_euclidean,Euclidean score,2.9563098493845823,162
Full-length RNA-seq,Plasma cell,13,AK01_CCTAAGAGCTGTTACTG,perturbation_score_euclidean,Euclidean score,2.9563098493845823,163
Full-length RNA-seq,Plasma cell,13,SCC04_CTCAATTGCTCAAGCCC,perturbation_score_euclidean,Euclidean score,2.9563098493845823,164
Full-length RNA-seq,Plasma cell,13,AK04_AAGACAAGCTGTTACTG,perturbation_score_euclidean,Euclidean score,2.9563098493845823,165
Full-length RNA-seq,Plasma cell,13,SCC06_GGCAGTCGCTTGACTTG,perturbation_score_euclidean,Euclidean score,2.9563098493845823,166
Full-length RNA-seq,Plasma cell,13,SCC06_TACGTCCGCTGTGCGCT,perturbation_score_euclidean,Euclidean score,2.9563098493845823,167
Full-length RNA-seq,Plasma cell,13,SCCuniq_TTAGGCAGCTATTAAGG,perturbation_score_euclidean,Euclidean score,2.9563098493845823,168
Full-length RNA-seq,Plasma cell,13,SCC01_TTGGGATATGTTACTCG,perturbation_score_euclidean,Euclidean score,2.947364783869575,169
Full-length RNA-seq,Plasma cell,13,SCC01_AGTAGCTGCTAGTCCAT,perturbation_score_euclidean,Euclidean score,2.935439822794336,170
Full-length RNA-seq,Plasma cell,13,SCC01_ACGATGTATGAAATTCG,perturbation_score_euclidean,Euclidean score,2.9346318669308684,171
Full-length RNA-seq,Plasma cell,13,AK01_CCCTCTCGCTGGAGACT,perturbation_score_euclidean,Euclidean score,2.923158781219663,172
Full-length RNA-seq,Plasma cell,13,SCC01_CGGGACTTACAAACCAT,perturbation_score_euclidean,Euclidean score,2.900114545304366,173
Full-length RNA-seq,Plasma cell,13,SCC01_CCTGCATATGACCTCAC,perturbation_score_euclidean,Euclidean score,2.8897500803090956,174
Full-length RNA-seq,Plasma cell,13,SCC01_TACGGGCGCTGTTGCGC,perturbation_score_euclidean,Euclidean score,2.759397874110195,175
Full-length RNA-seq,Plasma cell,13,SCC01_CTCCAACCGAGATTAAG,perturbation_score_euclidean,Euclidean score,2.72326294142586,176
Full-length RNA-seq,Plasma cell,13,SCC01_GTCTGTCATGCCTCTTC,perturbation_score_euclidean,Euclidean score,2.72326294142586,177
Full-length RNA-seq,Plasma cell,13,SCC01_AGTCATGGCTCTGCCTT,perturbation_score_euclidean,Euclidean score,2.714024193375044,178
Full-length RNA-seq,Plasma cell,13,SCC01_GTTACGACGACCTAAAC,perturbation_score_euclidean,Euclidean score,2.714024193375044,179
Full-length RNA-seq,Plasma cell,13,SCC01_TCTCCGATACTATGACA,perturbation_score_euclidean,Euclidean score,2.714024193375044,180
Full-length RNA-seq,Plasma cell,13,SCC01_CTCCTTTGCTCTACATG,perturbation_score_euclidean,Euclidean score,2.7084535875450855,181
Full-length RNA-seq,Plasma cell,13,SCC06_CTGTAGAATGTAAACTG,perturbation_score_euclidean,Euclidean score,2.702149545991429,182
Full-length RNA-seq,Plasma cell,13,SCC01_TCTCCGAGCTTTGTGGT,perturbation_score_euclidean,Euclidean score,2.6969544451494194,183
Full-length RNA-seq,Plasma cell,13,SCC01_TACCTCGATGGTAGCAC,perturbation_score_euclidean,Euclidean score,2.6941125926485716,184
Full-length RNA-seq,Plasma cell,13,SCC01_CTGCAGGCGAGCATTGT,perturbation_score_euclidean,Euclidean score,2.692712729761092,185
Full-length RNA-seq,Plasma cell,13,SCC01_AGAACAAATGAAATGAG,perturbation_score_euclidean,Euclidean score,2.691287662025459,186
Full-length RNA-seq,Plasma cell,13,SCC01_TGACTCCCGATCAACCA,perturbation_score_euclidean,Euclidean score,2.691287662025459,187
Full-length RNA-seq,Plasma cell,13,SCC01_CACTAAGGCTTGCGTAT,perturbation_score_euclidean,Euclidean score,2.675272071317613,188
Full-length RNA-seq,Plasma cell,13,SCC01_CATCGGGGCTCTCGGGT,perturbation_score_euclidean,Euclidean score,2.675272071317613,189
Full-length RNA-seq,Plasma cell,13,SCC01_CTTTCAATACACTGATG,perturbation_score_euclidean,Euclidean score,2.675272071317613,190
Full-length RNA-seq,Plasma cell,13,SCC01_TTAGGCATACTGGTTCT,perturbation_score_euclidean,Euclidean score,2.64878088036444,191
Full-length RNA-seq,Plasma cell,13,SCC01_ATCAGGTATGGGCTTCT,perturbation_score_euclidean,Euclidean score,2.6115691685916875,192
Full-length RNA-seq,Plasma cell,13,AK01_ATTCATCATGACCGTTT,perturbation_score_euclidean,Euclidean score,2.607945693727672,193
Full-length RNA-seq,Plasma cell,13,SCC01_AAACCCAGCTGCATTGT,perturbation_score_euclidean,Euclidean score,2.6017497510182817,194
Full-length RNA-seq,Plasma cell,13,SCC01_GTCATTTGCTAACGTTC,perturbation_score_euclidean,Euclidean score,2.6017497510182817,195
Full-length RNA-seq,Plasma cell,13,SCC01_TTAGGGTTACCCGAGGT,perturbation_score_euclidean,Euclidean score,2.6017497510182817,196
Full-length RNA-seq,Plasma cell,13,AK01_GTGTAACATGATTTGCT,perturbation_score_euclidean,Euclidean score,2.6017497510182817,197
Full-length RNA-seq,Plasma cell,13,SCC01_CCAATTTTACACCGTTT,perturbation_score_euclidean,Euclidean score,2.576658246723578,198
Full-length RNA-seq,Plasma cell,13,SCC01_GTTGCGGGCTAGTTAGA,perturbation_score_euclidean,Euclidean score,2.573804078486422,199
Full-length RNA-seq,Plasma cell,13,SCC01_TTACCATCGAACTCCAA,perturbation_score_euclidean,Euclidean score,2.514626710291756,200
Full-length RNA-seq,Myeloid/dendritic,6,AK01_GTCATGATACGCGTTTC,perturbation_score_euclidean,Euclidean score,2.759881499619586,1
Full-length RNA-seq,Myeloid/dendritic,6,SCC06_CCGGTAGATGCTGAAGC,perturbation_score_euclidean,Euclidean score,2.518505583959076,2
Full-length RNA-seq,Myeloid/dendritic,6,AK07_AGCGTATATGCGGACAT,perturbation_score_euclidean,Euclidean score,2.500260036818274,3
Full-length RNA-seq,Myeloid/dendritic,6,SCC07_GTGTTCCCGATAGCTAC,perturbation_score_euclidean,Euclidean score,2.500260036818274,4
Full-length RNA-seq,Myeloid/dendritic,6,SCC07_TGTGATGGCTCCGCTAG,perturbation_score_euclidean,Euclidean score,2.500260036818274,5
Full-length RNA-seq,Myeloid/dendritic,6,SCC06_GTACAACATGTCCCGAC,perturbation_score_euclidean,Euclidean score,2.4820208835471065,6
Full-length RNA-seq,Myeloid/dendritic,6,AK07_TCTTGCGCGACTGTGAT,perturbation_score_euclidean,Euclidean score,2.4732093982967083,7
Full-length RNA-seq,Myeloid/dendritic,6,AK07_CCTCATGTACCTTCGAC,perturbation_score_euclidean,Euclidean score,2.458322653275433,8
Full-length RNA-seq,Myeloid/dendritic,6,AK04_CCTCATGTACTGGCCGA,perturbation_score_euclidean,Euclidean score,2.448836213489284,9
Full-length RNA-seq,Myeloid/dendritic,6,SCC04_GTCTGTCCGACCGATCG,perturbation_score_euclidean,Euclidean score,2.430641561259065,10
Full-length RNA-seq,Myeloid/dendritic,6,SCC06_CTTAGGAATGGAACACT,perturbation_score_euclidean,Euclidean score,2.430641561259065,11
Full-length RNA-seq,Myeloid/dendritic,6,SCC06_TATGTTCCGACGTGTTA,perturbation_score_euclidean,Euclidean score,2.430641561259065,12
Full-length RNA-seq,Myeloid/dendritic,6,SCC07_GTCTGTCTACTCCCATG,perturbation_score_euclidean,Euclidean score,2.4074222096785975,13
Full-length RNA-seq,Myeloid/dendritic,6,SCC06_TCAAGACTACGTGCGAC,perturbation_score_euclidean,Euclidean score,2.3980354964399204,14
Full-length RNA-seq,Myeloid/dendritic,6,SCC04_TTACTGTATGGTTACAA,perturbation_score_euclidean,Euclidean score,2.396104447162851,15
Full-length RNA-seq,Myeloid/dendritic,6,SCC04_ACTGATGCGACCCATAA,perturbation_score_euclidean,Euclidean score,2.395113875198101,16
Full-length RNA-seq,Myeloid/dendritic,6,SCC04_GTGCAGCTACTTAGAAC,perturbation_score_euclidean,Euclidean score,2.395113875198101,17
Full-length RNA-seq,Myeloid/dendritic,6,SCC06_TGATCAGCGAACGGGAT,perturbation_score_euclidean,Euclidean score,2.393933675704241,18
Full-length RNA-seq,Myeloid/dendritic,6,AK04_AATAGAGTACCGAGTGC,perturbation_score_euclidean,Euclidean score,2.3846571251766426,19
Full-length RNA-seq,Myeloid/dendritic,6,AK04_CAAAGAAATGTAAGGGA,perturbation_score_euclidean,Euclidean score,2.383390126694295,20
Full-length RNA-seq,Myeloid/dendritic,6,SCCuniq_CAATACGGCTCAGCCTG,perturbation_score_euclidean,Euclidean score,2.369919689260671,21
Full-length RNA-seq,Myeloid/dendritic,6,AK07_GTAGAAATACTGCTAGA,perturbation_score_euclidean,Euclidean score,2.369919689260671,22
Full-length RNA-seq,Myeloid/dendritic,6,SCC07_TGATGCAATGGCTCTAT,perturbation_score_euclidean,Euclidean score,2.361235524012453,23
Full-length RNA-seq,Myeloid/dendritic,6,SCC06_GTACAGTATGCTCCACG,perturbation_score_euclidean,Euclidean score,2.3494116679275594,24
Full-length RNA-seq,Myeloid/dendritic,6,SCCuniq_TGCAGGCCGATGGTAGG,perturbation_score_euclidean,Euclidean score,2.3494116679275594,25
Full-length RNA-seq,Myeloid/dendritic,6,SCC04_CTCCTTTTACTGCTAGA,perturbation_score_euclidean,Euclidean score,2.3369755915575667,26
Full-length RNA-seq,Myeloid/dendritic,6,AK01_CCCAACTATGCTCCACG,perturbation_score_euclidean,Euclidean score,2.3143938706669043,27
Full-length RNA-seq,Myeloid/dendritic,6,AK01_GTCGCGATACCGTATAA,perturbation_score_euclidean,Euclidean score,2.3143938706669043,28
Full-length RNA-seq,Myeloid/dendritic,6,SCC04_CTGCGAGATGTAGCAAT,perturbation_score_euclidean,Euclidean score,2.3143743611649987,29
Full-length RNA-seq,Myeloid/dendritic,6,AK07_GCCAGCAATGTACGGGC,perturbation_score_euclidean,Euclidean score,2.314069511105693,30
Full-length RNA-seq,Myeloid/dendritic,6,SCC06_TGATGGTTACTACGGGC,perturbation_score_euclidean,Euclidean score,2.3081435563510233,31
Full-length RNA-seq,Myeloid/dendritic,6,AK04_ACCAACAATGCGATAAC,perturbation_score_euclidean,Euclidean score,2.3053595799291213,32
Full-length RNA-seq,Myeloid/dendritic,6,SCC04_CATGGATGCTACGGTAG,perturbation_score_euclidean,Euclidean score,2.3053227584612537,33
Full-length RNA-seq,Myeloid/dendritic,6,SCC06_CTGAGCGTACGCAGTCA,perturbation_score_euclidean,Euclidean score,2.3030095786929063,34
Full-length RNA-seq,Myeloid/dendritic,6,SCC06_GAGCCTGGCTAGGTCAG,perturbation_score_euclidean,Euclidean score,2.3030095786929063,35
Full-length RNA-seq,Myeloid/dendritic,6,AK04_TGGGAGACGACATCGGC,perturbation_score_euclidean,Euclidean score,2.301764023892347,36
Full-length RNA-seq,Myeloid/dendritic,6,AK01_CTTCTAAATGCACACAA,perturbation_score_euclidean,Euclidean score,2.2989500854430465,37
Full-length RNA-seq,Myeloid/dendritic,6,AK04_TGTAAGCATGAAACCCA,perturbation_score_euclidean,Euclidean score,2.2875993361849996,38
Full-length RNA-seq,Myeloid/dendritic,6,SCC04_CATTGTTGCTTCGGCGT,perturbation_score_euclidean,Euclidean score,2.2847630736465705,39
Full-length RNA-seq,Myeloid/dendritic,6,SCC06_ACAAGCTCGAGAGCTCC,perturbation_score_euclidean,Euclidean score,2.2793457962344443,40
Full-length RNA-seq,Myeloid/dendritic,6,SCC06_CACTGAAGCTGGCTTAT,perturbation_score_euclidean,Euclidean score,2.2793457962344443,41
Full-length RNA-seq,Myeloid/dendritic,6,SCC06_GCCAGTGCGAGCTTCGG,perturbation_score_euclidean,Euclidean score,2.2717438315613716,42
Full-length RNA-seq,Myeloid/dendritic,6,AK04_AGTAGTCCGATGACTAC,perturbation_score_euclidean,Euclidean score,2.2687907088376917,43
Full-length RNA-seq,Myeloid/dendritic,6,SCC07_GTCGTAAGCTGATTAAG,perturbation_score_euclidean,Euclidean score,2.2559037571490865,44
Full-length RNA-seq,Myeloid/dendritic,6,AK07_TAGGGTTCGAGGTACAG,perturbation_score_euclidean,Euclidean score,2.2480543103671753,45
Full-length RNA-seq,Myeloid/dendritic,6,AK04_CGCGTGAATGTGCAGGT,perturbation_score_euclidean,Euclidean score,2.247161634663031,46
Full-length RNA-seq,Myeloid/dendritic,6,SCC06_AAAGGTAATGACCAGAC,perturbation_score_euclidean,Euclidean score,2.2470291381398626,47
Full-length RNA-seq,Myeloid/dendritic,6,AK07_CACGTTCCGACCAGCGT,perturbation_score_euclidean,Euclidean score,2.2470291381398626,48
Full-length RNA-seq,Myeloid/dendritic,6,SCC06_AAGAACACGATGCACGC,perturbation_score_euclidean,Euclidean score,2.242648849632109,49
Full-length RNA-seq,Myeloid/dendritic,6,SCCuniq_ACGGTCGATGGCTCTAT,perturbation_score_euclidean,Euclidean score,2.2396124229083023,50
Full-length RNA-seq,Myeloid/dendritic,6,AK04_ACGGGTCGCTACAGTGG,perturbation_score_euclidean,Euclidean score,2.2357233185516394,51
Full-length RNA-seq,Myeloid/dendritic,6,AK04_GCAGCCAATGGCGTTTC,perturbation_score_euclidean,Euclidean score,2.227516984928679,52
Full-length RNA-seq,Myeloid/dendritic,6,AK01_TTTGTTGTACAGGAACG,perturbation_score_euclidean,Euclidean score,2.226834583479066,53
Full-length RNA-seq,Myeloid/dendritic,6,SCC04_CGAGGAATACGGAGGGT,perturbation_score_euclidean,Euclidean score,2.2246871106088517,54
Full-length RNA-seq,Myeloid/dendritic,6,SCCuniq_ACCATTTTACACCAGCA,perturbation_score_euclidean,Euclidean score,2.2229347929834677,55
Full-length RNA-seq,Myeloid/dendritic,6,AK04_CCTCTAGGCTGATACAA,perturbation_score_euclidean,Euclidean score,2.2221338908720107,56
Full-length RNA-seq,Myeloid/dendritic,6,SCC04_CGTCCATGCTGATAAAC,perturbation_score_euclidean,Euclidean score,2.221394770777932,57
Full-length RNA-seq,Myeloid/dendritic,6,SCC01_AACGGGAATGCGGACTG,perturbation_score_euclidean,Euclidean score,2.220158219361588,58
Full-length RNA-seq,Myeloid/dendritic,6,AK04_TCGCTTGCGACGACAAG,perturbation_score_euclidean,Euclidean score,2.2166773575891368,59
Full-length RNA-seq,Myeloid/dendritic,6,AK04_TCATGCCTACGGTCTAA,perturbation_score_euclidean,Euclidean score,2.205013000016226,60
Full-length RNA-seq,Myeloid/dendritic,6,AK07_GCACGGTGCTCTACAGT,perturbation_score_euclidean,Euclidean score,2.197248418909917,61
Full-length RNA-seq,Myeloid/dendritic,6,AK04_CAGCACGTACAAGTCAT,perturbation_score_euclidean,Euclidean score,2.1963834007907765,62
Full-length RNA-seq,Myeloid/dendritic,6,SCC07_GCTTCACATGTAATTCC,perturbation_score_euclidean,Euclidean score,2.1957427416378716,63
Full-length RNA-seq,Myeloid/dendritic,6,AK07_ATTCACTGCTTCAAGGG,perturbation_score_euclidean,Euclidean score,2.1842416345506486,64
Full-length RNA-seq,Myeloid/dendritic,6,AK07_TGATGGTGCTTGGAGGT,perturbation_score_euclidean,Euclidean score,2.1842416345506486,65
Full-length RNA-seq,Myeloid/dendritic,6,SCC07_TAGACTGATGTCGGGAC,perturbation_score_euclidean,Euclidean score,2.1842416345506486,66
Full-length RNA-seq,Myeloid/dendritic,6,SCC01_ATCGGATATGACACGAT,perturbation_score_euclidean,Euclidean score,2.183675640440089,67
Full-length RNA-seq,Myeloid/dendritic,6,SCC06_GCACATAATGCGAACTG,perturbation_score_euclidean,Euclidean score,2.183675640440089,68
Full-length RNA-seq,Myeloid/dendritic,6,SCC04_CTACGGGTACTGTTCAC,perturbation_score_euclidean,Euclidean score,2.171781436194586,69
Full-length RNA-seq,Myeloid/dendritic,6,SCC07_ATGTCTTATGCAGCCCT,perturbation_score_euclidean,Euclidean score,2.1704653948486277,70
Full-length RNA-seq,Myeloid/dendritic,6,SCC04_TGGCGTGGCTGCACGAA,perturbation_score_euclidean,Euclidean score,2.1682847160299783,71
Full-length RNA-seq,Myeloid/dendritic,6,AK04_CTAAGTGTACAGAATAG,perturbation_score_euclidean,Euclidean score,2.166926380372684,72
Full-length RNA-seq,Myeloid/dendritic,6,SCC04_AAACGCTATGCCAACCC,perturbation_score_euclidean,Euclidean score,2.1634487547821206,73
Full-length RNA-seq,Myeloid/dendritic,6,SCC06_CGAGGAAGCTATTAAGG,perturbation_score_euclidean,Euclidean score,2.159925171484587,74
Full-length RNA-seq,Myeloid/dendritic,6,SCC06_CACAGGCCGACTACCCT,perturbation_score_euclidean,Euclidean score,2.1567552211830967,75
Full-length RNA-seq,Myeloid/dendritic,6,SCC06_GGCAGTCGCTACCCTAA,perturbation_score_euclidean,Euclidean score,2.1567552211830967,76
Full-length RNA-seq,Myeloid/dendritic,6,SCC07_TCGCAGGATGGAAGTAG,perturbation_score_euclidean,Euclidean score,2.1566648118113867,77
Full-length RNA-seq,Myeloid/dendritic,6,AK07_CCAAGCGTACAGTTGTA,perturbation_score_euclidean,Euclidean score,2.1473246644593234,78
Full-length RNA-seq,Myeloid/dendritic,6,AK04_ACGCACGGCTAATGCTC,perturbation_score_euclidean,Euclidean score,2.1454894501040034,79
Full-length RNA-seq,Myeloid/dendritic,6,SCC06_AATGAAGTACTAAACGC,perturbation_score_euclidean,Euclidean score,2.1449732868688813,80
Full-length RNA-seq,Myeloid/dendritic,6,SCC01_TGGATGTTACTGCTCAT,perturbation_score_euclidean,Euclidean score,2.143341135373319,81
Full-length RNA-seq,Myeloid/dendritic,6,AK04_AACCTGATACTCACAGG,perturbation_score_euclidean,Euclidean score,2.1387851196878787,82
Full-length RNA-seq,Myeloid/dendritic,6,SCC01_GCAGGCTGCTTAGCTAC,perturbation_score_euclidean,Euclidean score,2.1385888270039737,83
Full-length RNA-seq,Myeloid/dendritic,6,SCC06_AATGCCAGCTCGCCTAG,perturbation_score_euclidean,Euclidean score,2.1380341203641624,84
Full-length RNA-seq,Myeloid/dendritic,6,SCC06_AGACACTTACCGATAAC,perturbation_score_euclidean,Euclidean score,2.1380341203641624,85
Full-length RNA-seq,Myeloid/dendritic,6,AK07_GAAGCGAATGAGGTATT,perturbation_score_euclidean,Euclidean score,2.137577663582127,86
Full-length RNA-seq,Myeloid/dendritic,6,AK01_TGCACGGCGATGTGGAG,perturbation_score_euclidean,Euclidean score,2.136917452168799,87
Full-length RNA-seq,Myeloid/dendritic,6,AK07_ATGACCAGCTCGAGTTT,perturbation_score_euclidean,Euclidean score,2.1361713559587154,88
Full-length RNA-seq,Myeloid/dendritic,6,AK07_GTTCTATATGCGAACTG,perturbation_score_euclidean,Euclidean score,2.1361713559587154,89
Full-length RNA-seq,Myeloid/dendritic,6,SCC06_AGATCGTTACCCAGTGG,perturbation_score_euclidean,Euclidean score,2.1360205077904335,90
Full-length RNA-seq,Myeloid/dendritic,6,AK04_TGAGGGAGCTCAAGCAG,perturbation_score_euclidean,Euclidean score,2.1339685353068223,91
Full-length RNA-seq,Myeloid/dendritic,6,AK04_GCCATGGTACTGCATGA,perturbation_score_euclidean,Euclidean score,2.1315272429440015,92
Full-length RNA-seq,Myeloid/dendritic,6,SCC06_CATCCACCGAGCATTGT,perturbation_score_euclidean,Euclidean score,2.1251493852373957,93
Full-length RNA-seq,Myeloid/dendritic,6,AK04_CATGAGTGCTTCGATAC,perturbation_score_euclidean,Euclidean score,2.1244528611989804,94
Full-length RNA-seq,Myeloid/dendritic,6,AK01_CGTCAAAGCTACGAGCA,perturbation_score_euclidean,Euclidean score,2.1227257196506133,95
Full-length RNA-seq,Myeloid/dendritic,6,SCC06_TTGGTTTCGACTCGGGT,perturbation_score_euclidean,Euclidean score,2.120982729422932,96
Full-length RNA-seq,Myeloid/dendritic,6,AK07_TGGATCATACGGTCGAC,perturbation_score_euclidean,Euclidean score,2.120982729422932,97
Full-length RNA-seq,Myeloid/dendritic,6,SCC07_GATAGAAATGCAGCCCT,perturbation_score_euclidean,Euclidean score,2.120982729422932,98
Full-length RNA-seq,Myeloid/dendritic,6,SCC07_TGTTTGTTACAGCCGAT,perturbation_score_euclidean,Euclidean score,2.120982729422932,99
Full-length RNA-seq,Myeloid/dendritic,6,SCC07_CCTCAACATGTAGTCAG,perturbation_score_euclidean,Euclidean score,2.117811315119513,100
Full-length RNA-seq,Myeloid/dendritic,6,SCC01_TCCATGCCGATCAACGT,perturbation_score_euclidean,Euclidean score,2.117537006125536,101
Full-length RNA-seq,Myeloid/dendritic,6,SCC07_CCTATCGCGAAATGAGT,perturbation_score_euclidean,Euclidean score,2.1159061791911276,102
Full-length RNA-seq,Myeloid/dendritic,6,SCC07_GCACTAACGACCAAATC,perturbation_score_euclidean,Euclidean score,2.114934228491819,103
Full-length RNA-seq,Myeloid/dendritic,6,AK07_ATTATCCTACGTTAAAC,perturbation_score_euclidean,Euclidean score,2.1137661958195393,104
Full-length RNA-seq,Myeloid/dendritic,6,SCC01_GTGTGGCCGACAGTCGC,perturbation_score_euclidean,Euclidean score,2.1087940801632055,105
Full-length RNA-seq,Myeloid/dendritic,6,AK04_GTCAGCGCGAGCGTATT,perturbation_score_euclidean,Euclidean score,2.1082798241966527,106
Full-length RNA-seq,Myeloid/dendritic,6,AK01_GTGTGGCGCTAACACCT,perturbation_score_euclidean,Euclidean score,2.106276990124086,107
Full-length RNA-seq,Myeloid/dendritic,6,AK04_TTCTTGATACCATACTT,perturbation_score_euclidean,Euclidean score,2.103969405091822,108
Full-length RNA-seq,Myeloid/dendritic,6,SCC06_GTAGGAGATGCGCATCC,perturbation_score_euclidean,Euclidean score,2.101930811191813,109
Full-length RNA-seq,Myeloid/dendritic,6,SCC06_TCCACGTTACTCTCCGA,perturbation_score_euclidean,Euclidean score,2.101930811191813,110
Full-length RNA-seq,Myeloid/dendritic,6,AK04_AACAGGGGCTAGTTAGA,perturbation_score_euclidean,Euclidean score,2.099736137653678,111
Full-length RNA-seq,Myeloid/dendritic,6,SCC06_TGTTACTATGGCCAGAC,perturbation_score_euclidean,Euclidean score,2.093419991765639,112
Full-length RNA-seq,Myeloid/dendritic,6,AK07_GAAGTAATACGATCACG,perturbation_score_euclidean,Euclidean score,2.092834207687255,113
Full-length RNA-seq,Myeloid/dendritic,6,AK07_GATAGCTCGAAGGGTCA,perturbation_score_euclidean,Euclidean score,2.091113058509289,114
Full-length RNA-seq,Myeloid/dendritic,6,SCC04_ATCGGATGCTCGATAGG,perturbation_score_euclidean,Euclidean score,2.0881616871562256,115
Full-length RNA-seq,Myeloid/dendritic,6,SCC06_GTTACAGATGGAAGTAG,perturbation_score_euclidean,Euclidean score,2.0869728860797467,116
Full-length RNA-seq,Myeloid/dendritic,6,SCC06_TTGGGCGCGATTCGTGA,perturbation_score_euclidean,Euclidean score,2.0869657132158945,117
Full-length RNA-seq,Myeloid/dendritic,6,SCC01_GCCAACGATGCATGAAT,perturbation_score_euclidean,Euclidean score,2.0860910474737953,118
Full-length RNA-seq,Myeloid/dendritic,6,SCC04_GTGTAACCGATTGCAAC,perturbation_score_euclidean,Euclidean score,2.08537726191022,119
Full-length RNA-seq,Myeloid/dendritic,6,SCC04_TGTTACTATGATCGGGC,perturbation_score_euclidean,Euclidean score,2.0850349169627704,120
Full-length RNA-seq,Myeloid/dendritic,6,SCC04_CAACAACGCTTTCGTTT,perturbation_score_euclidean,Euclidean score,2.0845724949277264,121
Full-length RNA-seq,Myeloid/dendritic,6,AK07_CACAGGCTACTTCCAGT,perturbation_score_euclidean,Euclidean score,2.0835905848754295,122
Full-length RNA-seq,Myeloid/dendritic,6,AK01_CACAACAATGAGAGTTC,perturbation_score_euclidean,Euclidean score,2.082802135373499,123
Full-length RNA-seq,Myeloid/dendritic,6,SCC06_GTGTGATATGCCTAGGA,perturbation_score_euclidean,Euclidean score,2.080197772717702,124
Full-length RNA-seq,Myeloid/dendritic,6,SCC07_CGTAGTATACGGTCTGG,perturbation_score_euclidean,Euclidean score,2.079618313431193,125
Full-length RNA-seq,Myeloid/dendritic,6,SCC07_GGTCACGGCTAGTTAGA,perturbation_score_euclidean,Euclidean score,2.079618313431193,126
Full-length RNA-seq,Myeloid/dendritic,6,SCC06_TCTACCGATGAAATGAG,perturbation_score_euclidean,Euclidean score,2.078317263020275,127
Full-length RNA-seq,Myeloid/dendritic,6,SCC06_GACCAATATGGCTGAAC,perturbation_score_euclidean,Euclidean score,2.077657593697721,128
Full-length RNA-seq,Myeloid/dendritic,6,SCC04_TCGCTCAGCTTCTTGCC,perturbation_score_euclidean,Euclidean score,2.0766517999248086,129
Full-length RNA-seq,Myeloid/dendritic,6,SCC06_TTTATGCATGATAACAC,perturbation_score_euclidean,Euclidean score,2.0760070124493892,130
Full-length RNA-seq,Myeloid/dendritic,6,AK04_CCGTGAGGCTACAGTCT,perturbation_score_euclidean,Euclidean score,2.073033972260108,131
Full-length RNA-seq,Myeloid/dendritic,6,AK07_ACAGGGAATGTCAATCT,perturbation_score_euclidean,Euclidean score,2.072732218137629,132
Full-length RNA-seq,Myeloid/dendritic,6,SCC07_TACAGGTTACACGCAGT,perturbation_score_euclidean,Euclidean score,2.072732218137629,133
Full-length RNA-seq,Myeloid/dendritic,6,SCC07_TTCTTGATACTCCCATG,perturbation_score_euclidean,Euclidean score,2.072732218137629,134
Full-length RNA-seq,Myeloid/dendritic,6,SCC07_TGTACAGGCTCGAGTGA,perturbation_score_euclidean,Euclidean score,2.0720010190553633,135
Full-length RNA-seq,Myeloid/dendritic,6,SCC06_TTTAGTCATGCCATAAG,perturbation_score_euclidean,Euclidean score,2.0717370954351106,136
Full-length RNA-seq,Myeloid/dendritic,6,AK04_CGGAACCCGACACGGTC,perturbation_score_euclidean,Euclidean score,2.0692262354619557,137
Full-length RNA-seq,Myeloid/dendritic,6,AK04_GCCAACGTACGGAGTAG,perturbation_score_euclidean,Euclidean score,2.0692262354619557,138
Full-length RNA-seq,Myeloid/dendritic,6,AK07_TCATCATCGATAACGGG,perturbation_score_euclidean,Euclidean score,2.0677804881792547,139
Full-length RNA-seq,Myeloid/dendritic,6,SCC04_GTCGCGACGATGCGGTC,perturbation_score_euclidean,Euclidean score,2.0659804147278678,140
Full-length RNA-seq,Myeloid/dendritic,6,SCC07_GCTGCAGGCTCGTAACT,perturbation_score_euclidean,Euclidean score,2.0649921029732403,141
Full-length RNA-seq,Myeloid/dendritic,6,AK07_ATTTACCTACGTTCTAC,perturbation_score_euclidean,Euclidean score,2.0639565457927014,142
Full-length RNA-seq,Myeloid/dendritic,6,AK04_ATCGTGAGCTAGTCCCG,perturbation_score_euclidean,Euclidean score,2.063668364651155,143
Full-length RNA-seq,Myeloid/dendritic,6,AK01_CGAGGCTTACCCATAAG,perturbation_score_euclidean,Euclidean score,2.060881024844548,144
Full-length RNA-seq,Myeloid/dendritic,6,SCC07_CATTGAGTACCGAGTGC,perturbation_score_euclidean,Euclidean score,2.060408300141845,145
Full-length RNA-seq,Myeloid/dendritic,6,AK01_CATTGCCATGTGTTCAC,perturbation_score_euclidean,Euclidean score,2.0598019591336647,146
Full-length RNA-seq,Myeloid/dendritic,6,SCC06_CTGGTCTATGCAGCACA,perturbation_score_euclidean,Euclidean score,2.0598019591336647,147
Full-length RNA-seq,Myeloid/dendritic,6,SCC06_TTCACGCTACGAGGCAG,perturbation_score_euclidean,Euclidean score,2.0598019591336647,148
Full-length RNA-seq,Myeloid/dendritic,6,SCC04_GTAACACCGAATCTCTT,perturbation_score_euclidean,Euclidean score,2.059432230907663,149
Full-length RNA-seq,Myeloid/dendritic,6,SCC01_GCCATTCCGATCAACGT,perturbation_score_euclidean,Euclidean score,2.0572395739192055,150
Full-length RNA-seq,Myeloid/dendritic,6,SCC06_AACGAAAGCTACTGTTG,perturbation_score_euclidean,Euclidean score,2.0554168010655594,151
Full-length RNA-seq,Myeloid/dendritic,6,AK01_TGGATCAGCTGCTCTCT,perturbation_score_euclidean,Euclidean score,2.0534125084809003,152
Full-length RNA-seq,Myeloid/dendritic,6,SCC04_CTGAGCGATGAAGTCTA,perturbation_score_euclidean,Euclidean score,2.0515907176810053,153
Full-length RNA-seq,Myeloid/dendritic,6,SCC04_CTGATCCGCTGTTACCA,perturbation_score_euclidean,Euclidean score,2.049956463419368,154
Full-length RNA-seq,Myeloid/dendritic,6,AK01_ACATCCCCGATTCACTT,perturbation_score_euclidean,Euclidean score,2.0498866241634692,155
Full-length RNA-seq,Myeloid/dendritic,6,SCC07_GTAAGTCTACAGTCCGG,perturbation_score_euclidean,Euclidean score,2.0488303295698707,156
Full-length RNA-seq,Myeloid/dendritic,6,AK01_ACTTATCATGAACTCTT,perturbation_score_euclidean,Euclidean score,2.0483311501953394,157
Full-length RNA-seq,Myeloid/dendritic,6,AK04_AGACAGGGCTCCCGTAG,perturbation_score_euclidean,Euclidean score,2.0475229408625406,158
Full-length RNA-seq,Myeloid/dendritic,6,SCC01_GCGAGAACGACAACGTT,perturbation_score_euclidean,Euclidean score,2.0466341507301844,159
Full-length RNA-seq,Myeloid/dendritic,6,AK04_TACTTCATACTGCTAGA,perturbation_score_euclidean,Euclidean score,2.0461064559492477,160
Full-length RNA-seq,Myeloid/dendritic,6,AK04_AAGGTAATACGTAGCCG,perturbation_score_euclidean,Euclidean score,2.0460392823788793,161
Full-length RNA-seq,Myeloid/dendritic,6,AK01_CGCCAGAGCTATCCTTT,perturbation_score_euclidean,Euclidean score,2.0432792806450353,162
Full-length RNA-seq,Myeloid/dendritic,6,AK01_TACGGGCATGCGTAGGC,perturbation_score_euclidean,Euclidean score,2.0427323855303996,163
Full-length RNA-seq,Myeloid/dendritic,6,AK04_CCGGGTAGCTAGACGAC,perturbation_score_euclidean,Euclidean score,2.0423554196849447,164
Full-length RNA-seq,Myeloid/dendritic,6,AK04_TGTTCCGTACCTAAGTA,perturbation_score_euclidean,Euclidean score,2.0416207759588247,165
Full-length RNA-seq,Myeloid/dendritic,6,SCC06_GGAGAACATGACTAAGT,perturbation_score_euclidean,Euclidean score,2.0393389403280313,166
Full-length RNA-seq,Myeloid/dendritic,6,SCC06_GTGCTTCTACGTAACAC,perturbation_score_euclidean,Euclidean score,2.0385858957356713,167
Full-length RNA-seq,Myeloid/dendritic,6,SCCuniq_AAGCGAGTACATATGGC,perturbation_score_euclidean,Euclidean score,2.038005687990432,168
Full-length RNA-seq,Myeloid/dendritic,6,SCC07_ACGTTCCCGAACGGCTC,perturbation_score_euclidean,Euclidean score,2.0362323055571725,169
Full-length RNA-seq,Myeloid/dendritic,6,SCC04_TCCCATGGCTTTGATCG,perturbation_score_euclidean,Euclidean score,2.035090297290294,170
Full-length RNA-seq,Myeloid/dendritic,6,AK04_GACGTTAGCTTTCAGAC,perturbation_score_euclidean,Euclidean score,2.032988945140415,171
Full-length RNA-seq,Myeloid/dendritic,6,AK04_CGAATTGATGCTAACAG,perturbation_score_euclidean,Euclidean score,2.031816614569839,172
Full-length RNA-seq,Myeloid/dendritic,6,AK07_GTCACTCGCTGGTAATA,perturbation_score_euclidean,Euclidean score,2.0285510417964394,173
Full-length RNA-seq,Myeloid/dendritic,6,SCC06_AGGGCTCTACAGATGCC,perturbation_score_euclidean,Euclidean score,2.0279768096393167,174
Full-length RNA-seq,Myeloid/dendritic,6,AK04_GTAGGTTGCTTTGTGCA,perturbation_score_euclidean,Euclidean score,2.0278755152691987,175
Full-length RNA-seq,Myeloid/dendritic,6,AK07_GATAGAAATGTGAGGCT,perturbation_score_euclidean,Euclidean score,2.0278400207765825,176
Full-length RNA-seq,Myeloid/dendritic,6,AK01_GCACTAAGCTTCATGAC,perturbation_score_euclidean,Euclidean score,2.0265121193783777,177
Full-length RNA-seq,Myeloid/dendritic,6,SCC06_TACTTGTGCTATCTGCA,perturbation_score_euclidean,Euclidean score,2.0261426806837455,178
Full-length RNA-seq,Myeloid/dendritic,6,SCC06_CACCAAACGAGGTTACT,perturbation_score_euclidean,Euclidean score,2.0247197399372028,179
Full-length RNA-seq,Myeloid/dendritic,6,SCC01_CAACAGTCGAAGACGAC,perturbation_score_euclidean,Euclidean score,2.0245466241018613,180
Full-length RNA-seq,Myeloid/dendritic,6,AK07_TATCAGGATGGTCAGAT,perturbation_score_euclidean,Euclidean score,2.024386451885057,181
Full-length RNA-seq,Myeloid/dendritic,6,SCC04_ATTGTTCATGTTACGTT,perturbation_score_euclidean,Euclidean score,2.02396645656828,182
Full-length RNA-seq,Myeloid/dendritic,6,SCC01_GAACGTTGCTCAGTCGC,perturbation_score_euclidean,Euclidean score,2.0223646251052365,183
Full-length RNA-seq,Myeloid/dendritic,6,AK04_CCGTTCAATGCAAGCAT,perturbation_score_euclidean,Euclidean score,2.021661883961011,184
Full-length RNA-seq,Myeloid/dendritic,6,AK07_CTCCTTTGCTATTTCTC,perturbation_score_euclidean,Euclidean score,2.020321539449515,185
Full-length RNA-seq,Myeloid/dendritic,6,SCC04_TGTAAGCCGAGAACCGA,perturbation_score_euclidean,Euclidean score,2.020027312446304,186
Full-length RNA-seq,Myeloid/dendritic,6,SCC06_AACCAACCGAGGCATCC,perturbation_score_euclidean,Euclidean score,2.0188472391689762,187
Full-length RNA-seq,Myeloid/dendritic,6,SCC04_GCCCGAAATGGGCAGTC,perturbation_score_euclidean,Euclidean score,2.018518880169784,188
Full-length RNA-seq,Myeloid/dendritic,6,SCC06_CTACGGGCGATTGTGGT,perturbation_score_euclidean,Euclidean score,2.01846019633107,189
Full-length RNA-seq,Myeloid/dendritic,6,AK04_TGAGACTCGAGAATTGA,perturbation_score_euclidean,Euclidean score,2.0164257897126534,190
Full-length RNA-seq,Myeloid/dendritic,6,AK01_TGTCAGAATGGCTCTAT,perturbation_score_euclidean,Euclidean score,2.0152417082982788,191
Full-length RNA-seq,Myeloid/dendritic,6,AK04_GAGATGGATGATGCATG,perturbation_score_euclidean,Euclidean score,2.014257632575712,192
Full-length RNA-seq,Myeloid/dendritic,6,AK04_TCTACCGGCTCAGCCTG,perturbation_score_euclidean,Euclidean score,2.01271731321458,193
Full-length RNA-seq,Myeloid/dendritic,6,SCC06_GACCCAGATGACCTCAC,perturbation_score_euclidean,Euclidean score,2.0125714318199233,194
Full-length RNA-seq,Myeloid/dendritic,6,SCC06_GACTTCCGCTTGGGTCC,perturbation_score_euclidean,Euclidean score,2.0125714318199233,195
Full-length RNA-seq,Myeloid/dendritic,6,SCC04_TATGTTCGCTGGCATTT,perturbation_score_euclidean,Euclidean score,2.0121846251735422,196
Full-length RNA-seq,Myeloid/dendritic,6,SCC01_AAGACTCGCTTCATCGA,perturbation_score_euclidean,Euclidean score,2.0100498877702595,197
Full-length RNA-seq,Myeloid/dendritic,6,SCC04_CTCAGAAGCTTTCGTAG,perturbation_score_euclidean,Euclidean score,2.008324430634104,198
Full-length RNA-seq,Myeloid/dendritic,6,SCC06_ACACTGACGAGAATTGA,perturbation_score_euclidean,Euclidean score,2.008157936846941,199
Full-length RNA-seq,Myeloid/dendritic,6,AK07_CTGTACCCGATTGTGCA,perturbation_score_euclidean,Euclidean score,2.008157936846941,200
Full-length RNA-seq,Mast cell,14,SCC01_AGAACAAATGACGATAC,perturbation_score_euclidean,Euclidean score,2.6116449471304954,1
Full-length RNA-seq,Mast cell,14,SCC01_TCGCACTTACGTAGCCG,perturbation_score_euclidean,Euclidean score,2.6116449471304954,2
Full-length RNA-seq,Mast cell,14,AK01_TGTTACTGCTGCCTGCA,perturbation_score_euclidean,Euclidean score,2.6116449471304954,3
Full-length RNA-seq,Mast cell,14,AK01_TTACGCCTACATCGCTC,perturbation_score_euclidean,Euclidean score,2.6116449471304954,4
Full-length RNA-seq,Mast cell,14,SCC04_ACCACAAATGTCAATCC,perturbation_score_euclidean,Euclidean score,2.6116449471304954,5
Full-length RNA-seq,Mast cell,14,SCC04_CTCCCAAATGTAATTCC,perturbation_score_euclidean,Euclidean score,2.6116449471304954,6
Full-length RNA-seq,Mast cell,14,AK04_ATCGATGGCTCGAATTC,perturbation_score_euclidean,Euclidean score,2.6116449471304954,7
Full-length RNA-seq,Mast cell,14,AK04_ATTTCACGCTGCCTTCT,perturbation_score_euclidean,Euclidean score,2.6116449471304954,8
Full-length RNA-seq,Mast cell,14,AK04_CACGAATGCTGTGGCTC,perturbation_score_euclidean,Euclidean score,2.6116449471304954,9
Full-length RNA-seq,Mast cell,14,AK04_GAAGAATGCTGCGAACA,perturbation_score_euclidean,Euclidean score,2.6116449471304954,10
Full-length RNA-seq,Mast cell,14,AK04_GACTCAATACTGTTCAC,perturbation_score_euclidean,Euclidean score,2.6116449471304954,11
Full-length RNA-seq,Mast cell,14,AK04_TCGCACTCGACGAATTC,perturbation_score_euclidean,Euclidean score,2.6116449471304954,12
Full-length RNA-seq,Mast cell,14,AK04_TGTTGAGGCTAGACGAC,perturbation_score_euclidean,Euclidean score,2.6116449471304954,13
Full-length RNA-seq,Mast cell,14,AK04_TTCCGTGTACAGATGCC,perturbation_score_euclidean,Euclidean score,2.6116449471304954,14
Full-length RNA-seq,Mast cell,14,AK07_ATCGTGACGATTCACCC,perturbation_score_euclidean,Euclidean score,2.6116449471304954,15
Full-length RNA-seq,Mast cell,14,AK07_TCCATCGCGAACCGACC,perturbation_score_euclidean,Euclidean score,2.6116449471304954,16
Full-length RNA-seq,Mast cell,14,SCC07_ACGTTCCCGAATAGGGC,perturbation_score_euclidean,Euclidean score,2.6116449471304954,17
Full-length RNA-seq,Mast cell,14,SCC04_GAGCTGCGCTCTCGGAC,perturbation_score_euclidean,Euclidean score,2.5943404414052194,18
Full-length RNA-seq,Mast cell,14,SCC04_TATCCTACGAACCCTAA,perturbation_score_euclidean,Euclidean score,2.5943404414052194,19
Full-length RNA-seq,Mast cell,14,SCC01_AGATAGACGAGCATTGT,perturbation_score_euclidean,Euclidean score,2.5767312088769523,20
Full-length RNA-seq,Mast cell,14,SCC04_CCTTCAGGCTGCGTAGA,perturbation_score_euclidean,Euclidean score,2.5767312088769523,21
Full-length RNA-seq,Mast cell,14,SCC04_CTCCCTCGCTGCTTTGA,perturbation_score_euclidean,Euclidean score,2.5767312088769523,22
Full-length RNA-seq,Mast cell,14,AK04_AGTCAACCGACAACGTT,perturbation_score_euclidean,Euclidean score,2.5767312088769523,23
Full-length RNA-seq,Mast cell,14,AK04_AGTGACTATGAGTCCGA,perturbation_score_euclidean,Euclidean score,2.5767312088769523,24
Full-length RNA-seq,Mast cell,14,AK04_ATCGGCGCGATGACTAC,perturbation_score_euclidean,Euclidean score,2.5767312088769523,25
Full-length RNA-seq,Mast cell,14,AK04_CACGAATTACCGAGTGC,perturbation_score_euclidean,Euclidean score,2.5767312088769523,26
Full-length RNA-seq,Mast cell,14,AK04_CTCCACATACATGGTAT,perturbation_score_euclidean,Euclidean score,2.5767312088769523,27
Full-length RNA-seq,Mast cell,14,AK04_GGAGAACTACTAGTGAC,perturbation_score_euclidean,Euclidean score,2.5767312088769523,28
Full-length RNA-seq,Mast cell,14,AK04_TGAACGTCGACTGTGAT,perturbation_score_euclidean,Euclidean score,2.5767312088769523,29
Full-length RNA-seq,Mast cell,14,SCC04_TCGCTTGGCTTCAAGTC,perturbation_score_euclidean,Euclidean score,2.4527658632000024,30
Full-length RNA-seq,Mast cell,14,AK04_ACGTCCTCGACGCGCAT,perturbation_score_euclidean,Euclidean score,2.4527658632000024,31
Full-length RNA-seq,Mast cell,14,AK04_TCGTCCACGATGGGTTT,perturbation_score_euclidean,Euclidean score,2.4527658632000024,32
Full-length RNA-seq,Mast cell,14,SCC04_CATGCCTTACCATTTGC,perturbation_score_euclidean,Euclidean score,2.432451130057459,33
Full-length RNA-seq,Mast cell,14,AK04_CGGAACCATGGTCGTGA,perturbation_score_euclidean,Euclidean score,2.432451130057459,34
Full-length RNA-seq,Mast cell,14,AK04_GTCCACTATGAGTTGTA,perturbation_score_euclidean,Euclidean score,2.432451130057459,35
Full-length RNA-seq,Mast cell,14,AK04_TACATTCGCTCGAATTC,perturbation_score_euclidean,Euclidean score,2.432451130057459,36
Full-length RNA-seq,Mast cell,14,AK04_TTCGCTGTACTATGAGT,perturbation_score_euclidean,Euclidean score,2.432451130057459,37
Full-length RNA-seq,Mast cell,14,AK04_TTTCATGGCTGTAGAAT,perturbation_score_euclidean,Euclidean score,2.432451130057459,38
Full-length RNA-seq,Mast cell,14,SCC01_TATTGGGATGAGAGTTC,perturbation_score_euclidean,Euclidean score,2.2637867530920017,39
Full-length RNA-seq,Mast cell,14,AK01_GTAGATCATGTATGATG,perturbation_score_euclidean,Euclidean score,2.2637867530920017,40
Full-length RNA-seq,Mast cell,14,SCC04_CGGCAGTGCTCGGATCC,perturbation_score_euclidean,Euclidean score,2.2637867530920017,41
Full-length RNA-seq,Mast cell,14,SCC04_GGATCTAGCTAGGTCAG,perturbation_score_euclidean,Euclidean score,2.2637867530920017,42
Full-length RNA-seq,Mast cell,14,SCC04_GGTTCTCATGGTAGCTA,perturbation_score_euclidean,Euclidean score,2.2637867530920017,43
Full-length RNA-seq,Mast cell,14,SCC04_GTCATTTTACAACTACG,perturbation_score_euclidean,Euclidean score,2.2637867530920017,44
Full-length RNA-seq,Mast cell,14,SCC04_GTCTTTAGCTCGTGGTC,perturbation_score_euclidean,Euclidean score,2.2637867530920017,45
Full-length RNA-seq,Mast cell,14,AK04_AACGTCAGCTAGGACCA,perturbation_score_euclidean,Euclidean score,2.2637867530920017,46
Full-length RNA-seq,Mast cell,14,AK04_ACATTTCATGGAAGTGA,perturbation_score_euclidean,Euclidean score,2.2637867530920017,47
Full-length RNA-seq,Mast cell,14,AK04_ACTATTCCGATCTTTCA,perturbation_score_euclidean,Euclidean score,2.2637867530920017,48
Full-length RNA-seq,Mast cell,14,AK04_ATTGTTCTACCCTAGGG,perturbation_score_euclidean,Euclidean score,2.2637867530920017,49
Full-length RNA-seq,Mast cell,14,AK04_GCGGAAAGCTGTTACCA,perturbation_score_euclidean,Euclidean score,2.2637867530920017,50
Full-length RNA-seq,Mast cell,14,AK04_GCTTTCGGCTAACACGG,perturbation_score_euclidean,Euclidean score,2.2637867530920017,51
Full-length RNA-seq,Mast cell,14,AK04_GGTAATCTACTCTCCTC,perturbation_score_euclidean,Euclidean score,2.2637867530920017,52
Full-length RNA-seq,Mast cell,14,AK04_GTCTCACTACGCCTTGC,perturbation_score_euclidean,Euclidean score,2.2637867530920017,53
Full-length RNA-seq,Mast cell,14,AK04_TAAGCCATACCAACTTC,perturbation_score_euclidean,Euclidean score,2.2637867530920017,54
Full-length RNA-seq,Mast cell,14,AK04_TCGCTCACGAGACCTAT,perturbation_score_euclidean,Euclidean score,2.2637867530920017,55
Full-length RNA-seq,Mast cell,14,AK04_TCTGGCTATGATATGGC,perturbation_score_euclidean,Euclidean score,2.2637867530920017,56
Full-length RNA-seq,Mast cell,14,AK04_TGGATGTGCTCTTGACA,perturbation_score_euclidean,Euclidean score,2.2637867530920017,57
Full-length RNA-seq,Mast cell,14,AK04_TGTGGCGGCTGTCAGAG,perturbation_score_euclidean,Euclidean score,2.2637867530920017,58
Full-length RNA-seq,Mast cell,14,AK04_TTTCAGTCGACCCATAA,perturbation_score_euclidean,Euclidean score,2.2637867530920017,59
Full-length RNA-seq,Mast cell,14,SCCuniq_AGTCATGCGAGCTCTCT,perturbation_score_euclidean,Euclidean score,2.2637867530920017,60
Full-length RNA-seq,Mast cell,14,AK07_TAGACCACGACGTAACT,perturbation_score_euclidean,Euclidean score,2.2637867530920017,61
Full-length RNA-seq,Mast cell,14,SCC07_TCGCTTGATGGTAGCAC,perturbation_score_euclidean,Euclidean score,2.2637867530920017,62
Full-length RNA-seq,Mast cell,14,SCC01_TGATCTTCGAGGTGGAT,perturbation_score_euclidean,Euclidean score,2.169413865539405,63
Full-length RNA-seq,Mast cell,14,SCC04_ACGTTCCATGACGATAT,perturbation_score_euclidean,Euclidean score,2.169413865539405,64
Full-length RNA-seq,Mast cell,14,SCC04_GCTTGGGTACGTCGTGA,perturbation_score_euclidean,Euclidean score,2.142353835722338,65
Full-length RNA-seq,Mast cell,14,SCC07_CAATCGAGCTGATTCAC,perturbation_score_euclidean,Euclidean score,2.142353835722338,66
Full-length RNA-seq,Mast cell,14,AK01_TCATGTTCGAAAGCGGT,perturbation_score_euclidean,Euclidean score,2.101926505811038,67
Full-length RNA-seq,Mast cell,14,AK04_GTCGTAAATGGAACACT,perturbation_score_euclidean,Euclidean score,2.101926505811038,68
Full-length RNA-seq,Mast cell,14,SCC04_TAAGTCGATGCTGTACT,perturbation_score_euclidean,Euclidean score,2.0729496033703416,69
Full-length RNA-seq,Mast cell,14,AK04_ATCGGATGCTGAGGACT,perturbation_score_euclidean,Euclidean score,1.909861846482301,70
Full-length RNA-seq,Mast cell,14,SCCuniq_AATGAAGTACTTACTCG,perturbation_score_euclidean,Euclidean score,1.909861846482301,71
Full-length RNA-seq,Mast cell,14,SCC01_GCCAACGGCTGACCGAA,perturbation_score_euclidean,Euclidean score,1.3570882459054419,72
Full-length RNA-seq,Mast cell,14,SCC01_TGACCCTATGTAGTCCT,perturbation_score_euclidean,Euclidean score,1.3570882459054419,73
Full-length RNA-seq,Mast cell,14,SCC04_GAAGCCCGCTTCATCCC,perturbation_score_euclidean,Euclidean score,1.3570882459054419,74
Full-length RNA-seq,Mast cell,14,SCC04_TCGCTTGTACGTGCGAC,perturbation_score_euclidean,Euclidean score,1.3570882459054419,75
Full-length RNA-seq,Mast cell,14,AK04_CGCCAGAGCTAAGTAGT,perturbation_score_euclidean,Euclidean score,1.3570882459054419,76
Full-length RNA-seq,Mast cell,14,AK04_GCAACCGCGACCGACGT,perturbation_score_euclidean,Euclidean score,1.3570882459054419,77
Full-length RNA-seq,Mast cell,14,AK04_GGGCCATGCTGCTCTCT,perturbation_score_euclidean,Euclidean score,1.3570882459054419,78
Full-length RNA-seq,Mast cell,14,SCC06_AACCATGTACGTAAAGG,perturbation_score_euclidean,Euclidean score,1.3570882459054419,79
Full-length RNA-seq,Mast cell,14,SCCuniq_AGGTTGTCGAGTCGGTC,perturbation_score_euclidean,Euclidean score,1.3570882459054419,80
Full-length RNA-seq,Mast cell,14,SCCuniq_CCATAAGCGAGTCAGTT,perturbation_score_euclidean,Euclidean score,1.3570882459054419,81
Full-length RNA-seq,Mast cell,14,SCCuniq_CGAAGTTCGATATCCAG,perturbation_score_euclidean,Euclidean score,1.3570882459054419,82
Full-length RNA-seq,Mast cell,14,SCCuniq_CGGAATTATGCTGACCC,perturbation_score_euclidean,Euclidean score,1.3570882459054419,83
Full-length RNA-seq,Mast cell,14,SCCuniq_GAGACTTATGGTGTTCC,perturbation_score_euclidean,Euclidean score,1.3570882459054419,84
Full-length RNA-seq,Mast cell,14,SCCuniq_GGGACAAATGGCGTTGA,perturbation_score_euclidean,Euclidean score,1.3570882459054419,85
Full-length RNA-seq,Mast cell,14,AK07_CCACACTATGGAGGCAG,perturbation_score_euclidean,Euclidean score,1.3570882459054419,86
Full-length RNA-seq,Mast cell,14,AK07_TCCGAAAATGTTACTCG,perturbation_score_euclidean,Euclidean score,1.3570882459054419,87
Full-length RNA-seq,Mast cell,14,SCC07_AGATCCATACGTTCTAT,perturbation_score_euclidean,Euclidean score,1.3570882459054419,88
Full-length RNA-seq,Mast cell,14,SCC01_AGTACCACGATAGGAGC,perturbation_score_euclidean,Euclidean score,1.0088318158910607,89
Full-length RNA-seq,Mast cell,14,SCC01_CACGTTCGCTTCGAACT,perturbation_score_euclidean,Euclidean score,1.0088318158910607,90
Full-length RNA-seq,Mast cell,14,SCC01_CTCCACAATGCGTGGCA,perturbation_score_euclidean,Euclidean score,1.0088318158910607,91
Full-length RNA-seq,Mast cell,14,SCC01_GCTACAACGAACGACTT,perturbation_score_euclidean,Euclidean score,1.0088318158910607,92
Full-length RNA-seq,Mast cell,14,SCC01_TGTTACTATGGTGCGAC,perturbation_score_euclidean,Euclidean score,1.0088318158910607,93
Full-length RNA-seq,Mast cell,14,SCC01_TTACGTTCGACCCGTAG,perturbation_score_euclidean,Euclidean score,1.0088318158910607,94
Full-length RNA-seq,Mast cell,14,SCC01_TTCAATCATGATCGCTC,perturbation_score_euclidean,Euclidean score,1.0088318158910607,95
Full-length RNA-seq,Mast cell,14,SCC04_AGCTTCCTACTGCTAGA,perturbation_score_euclidean,Euclidean score,1.0088318158910607,96
Full-length RNA-seq,Mast cell,14,SCC04_CTTCAATCGACCTAAAC,perturbation_score_euclidean,Euclidean score,1.0088318158910607,97
Full-length RNA-seq,Mast cell,14,AK04_AACTTCTTACGTAGCCA,perturbation_score_euclidean,Euclidean score,1.0088318158910607,98
Full-length RNA-seq,Mast cell,14,AK04_AGATGAACGAGATAAAC,perturbation_score_euclidean,Euclidean score,1.0088318158910607,99
Full-length RNA-seq,Mast cell,14,AK04_AGGGTTTATGTCAATCT,perturbation_score_euclidean,Euclidean score,1.0088318158910607,100
Full-length RNA-seq,Mast cell,14,AK04_GAAGTAAGCTGCTTCCT,perturbation_score_euclidean,Euclidean score,1.0088318158910607,101
Full-length RNA-seq,Mast cell,14,AK04_GAGTGTTATGGAGAACG,perturbation_score_euclidean,Euclidean score,1.0088318158910607,102
Full-length RNA-seq,Mast cell,14,AK04_GGAGGTAATGGTGCGAC,perturbation_score_euclidean,Euclidean score,1.0088318158910607,103
Full-length RNA-seq,Mast cell,14,AK04_TCATGGATACCTGAAGC,perturbation_score_euclidean,Euclidean score,1.0088318158910607,104
Full-length RNA-seq,Mast cell,14,AK04_TGTGCGGCGATCATCCC,perturbation_score_euclidean,Euclidean score,1.0088318158910607,105
Full-length RNA-seq,Mast cell,14,AK04_TTCAGGATACGGCTTCT,perturbation_score_euclidean,Euclidean score,1.0088318158910607,106
Full-length RNA-seq,Adnexal epithelial,15,AK01_GCATTAGCGAATTTCTC,perturbation_score_euclidean,Euclidean score,3.906666429920572,1
Full-length RNA-seq,Adnexal epithelial,15,AK01_GGATCTATACTCCCGAC,perturbation_score_euclidean,Euclidean score,3.906666429920572,2
Full-length RNA-seq,Adnexal epithelial,15,SCCuniq_TCATGAGATGATTCGGA,perturbation_score_euclidean,Euclidean score,3.906666429920572,3
Full-length RNA-seq,Adnexal epithelial,15,AK07_TCCTTCTATGAAGCCTG,perturbation_score_euclidean,Euclidean score,3.906666429920572,4
Full-length RNA-seq,Adnexal epithelial,15,AK07_TCCTTCTCGATCTCATT,perturbation_score_euclidean,Euclidean score,3.906666429920572,5
Full-length RNA-seq,Adnexal epithelial,15,AK07_TTGCCTGTACACTGATG,perturbation_score_euclidean,Euclidean score,3.906666429920572,6
Full-length RNA-seq,Adnexal epithelial,15,SCC07_TTCTCTCTACACCTACC,perturbation_score_euclidean,Euclidean score,3.906666429920572,7
Full-length RNA-seq,Adnexal epithelial,15,SCC01_GTAGGTTGCTACTAGCT,perturbation_score_euclidean,Euclidean score,3.809725615533385,8
Full-length RNA-seq,Adnexal epithelial,15,SCC01_CTTCCTTGCTTTACACG,perturbation_score_euclidean,Euclidean score,3.7023684843319926,9
Full-length RNA-seq,Adnexal epithelial,15,AK01_CAGGTATTACGAAGTCC,perturbation_score_euclidean,Euclidean score,3.7023684843319926,10
Full-length RNA-seq,Adnexal epithelial,15,AK01_CGGCAGTATGTTACTCG,perturbation_score_euclidean,Euclidean score,3.7023684843319926,11
Full-length RNA-seq,Adnexal epithelial,15,AK01_GACTGATTACACTACCT,perturbation_score_euclidean,Euclidean score,3.7023684843319926,12
Full-length RNA-seq,Adnexal epithelial,15,AK01_GAGCCTGGCTCCCGTAG,perturbation_score_euclidean,Euclidean score,3.7023684843319926,13
Full-length RNA-seq,Adnexal epithelial,15,AK01_GTAACACTACACCGTTT,perturbation_score_euclidean,Euclidean score,3.7023684843319926,14
Full-length RNA-seq,Adnexal epithelial,15,AK01_TTTGTTGTACCATAAGC,perturbation_score_euclidean,Euclidean score,3.7023684843319926,15
Full-length RNA-seq,Adnexal epithelial,15,AK07_GATGTTGCGAGGCATGA,perturbation_score_euclidean,Euclidean score,3.7023684843319926,16
Full-length RNA-seq,Adnexal epithelial,15,AK07_TCTCCGAATGAGCCATG,perturbation_score_euclidean,Euclidean score,3.7023684843319926,17
Full-length RNA-seq,Adnexal epithelial,15,AK01_TCTACATGCTCATCGCG,perturbation_score_euclidean,Euclidean score,3.550870378082233,18
Full-length RNA-seq,Adnexal epithelial,15,AK01_TCCTTCTGCTGATTCGT,perturbation_score_euclidean,Euclidean score,3.4925000777800186,19
Full-length RNA-seq,Adnexal epithelial,15,SCCuniq_TGAGGGAATGAAACACT,perturbation_score_euclidean,Euclidean score,3.4223002088432932,20
Full-length RNA-seq,Adnexal epithelial,15,SCCuniq_TGTCCTGATGATCGCTT,perturbation_score_euclidean,Euclidean score,3.4223002088432932,21
Full-length RNA-seq,Adnexal epithelial,15,AK01_GAAGCCCCGAGCTCTGG,perturbation_score_euclidean,Euclidean score,3.414292694631143,22
Full-length RNA-seq,Adnexal epithelial,15,SCCuniq_TATTTCGATGCCTATCA,perturbation_score_euclidean,Euclidean score,3.414292694631143,23
Full-length RNA-seq,Adnexal epithelial,15,AK01_GGCTGTGCGAGGCTGAA,perturbation_score_euclidean,Euclidean score,3.409873032873317,24
Full-length RNA-seq,Adnexal epithelial,15,AK07_ATGAGGGATGCGTGGTG,perturbation_score_euclidean,Euclidean score,3.396138941012313,25
Full-length RNA-seq,Adnexal epithelial,15,AK01_GACCCTTATGCATACTT,perturbation_score_euclidean,Euclidean score,3.3456610436507086,26
Full-length RNA-seq,Adnexal epithelial,15,AK01_TACCCGTGCTATTAGGA,perturbation_score_euclidean,Euclidean score,3.311170174281803,27
Full-length RNA-seq,Adnexal epithelial,15,AK01_CAATACGTACGGAGGCA,perturbation_score_euclidean,Euclidean score,3.310506644327816,28
Full-length RNA-seq,Adnexal epithelial,15,AK01_GTCTTTAATGACCACGA,perturbation_score_euclidean,Euclidean score,3.300040965392339,29
Full-length RNA-seq,Adnexal epithelial,15,AK01_GTCACGGGCTATTAAGG,perturbation_score_euclidean,Euclidean score,3.2598249170241,30
Full-length RNA-seq,Adnexal epithelial,15,AK01_TTGGATGTACTAGATCG,perturbation_score_euclidean,Euclidean score,3.2598249170241,31
Full-length RNA-seq,Adnexal epithelial,15,SCC07_CGAAGTTTACCGAGTAC,perturbation_score_euclidean,Euclidean score,3.2598249170241,32
Full-length RNA-seq,Adnexal epithelial,15,AK01_AGGCTGCTACCCGATCC,perturbation_score_euclidean,Euclidean score,3.214111865614814,33
Full-length RNA-seq,Adnexal epithelial,15,AK01_CGCATGGATGTCGAACA,perturbation_score_euclidean,Euclidean score,3.2000713808619046,34
Full-length RNA-seq,Adnexal epithelial,15,AK01_AGGATAAGCTAAGCAAT,perturbation_score_euclidean,Euclidean score,3.1960403845896668,35
Full-length RNA-seq,Adnexal epithelial,15,AK01_CCACCATATGCATAAGC,perturbation_score_euclidean,Euclidean score,3.1960403845896668,36
Full-length RNA-seq,Adnexal epithelial,15,AK01_TATTGGGATGCGAAGGA,perturbation_score_euclidean,Euclidean score,3.1789170137650746,37
Full-length RNA-seq,Adnexal epithelial,15,AK01_GTTCATTATGGCGTGCA,perturbation_score_euclidean,Euclidean score,3.1690338625404104,38
Full-length RNA-seq,Adnexal epithelial,15,AK01_GCACGTGGCTGTTGCGC,perturbation_score_euclidean,Euclidean score,3.1614917742801785,39
Full-length RNA-seq,Adnexal epithelial,15,AK01_TAGTGCACGAGACCGTC,perturbation_score_euclidean,Euclidean score,3.1614917742801785,40
Full-length RNA-seq,Adnexal epithelial,15,SCCuniq_GATTGGTATGCGCATCC,perturbation_score_euclidean,Euclidean score,3.1614917742801785,41
Full-length RNA-seq,Adnexal epithelial,15,AK01_GAAACCTCGAATCTTCT,perturbation_score_euclidean,Euclidean score,3.156571337992261,42
Full-length RNA-seq,Adnexal epithelial,15,AK01_ACTTTCAATGGACCACG,perturbation_score_euclidean,Euclidean score,3.149306717012153,43
Full-length RNA-seq,Adnexal epithelial,15,AK01_CCCATTGCGAAGCAATA,perturbation_score_euclidean,Euclidean score,3.1057123511327407,44
Full-length RNA-seq,Adnexal epithelial,15,AK01_TTTACGTATGAAACACT,perturbation_score_euclidean,Euclidean score,3.1057123511327407,45
Full-length RNA-seq,Adnexal epithelial,15,SCCuniq_ACCTGTCGCTTATCTGG,perturbation_score_euclidean,Euclidean score,3.101715473378432,46
Full-length RNA-seq,Adnexal epithelial,15,AK01_GATTCGAGCTTCTCCAC,perturbation_score_euclidean,Euclidean score,3.0978606857927815,47
Full-length RNA-seq,Adnexal epithelial,15,AK01_TTCTAACGCTTACACCA,perturbation_score_euclidean,Euclidean score,3.0962522486048294,48
Full-length RNA-seq,Adnexal epithelial,15,AK01_TTCTTCCATGCCAGTGG,perturbation_score_euclidean,Euclidean score,3.0962522486048294,49
Full-length RNA-seq,Adnexal epithelial,15,SCC01_GCATGATTACCTGACAG,perturbation_score_euclidean,Euclidean score,3.084650570623129,50
Full-length RNA-seq,Adnexal epithelial,15,AK04_TAGAGTCGCTAACAAGT,perturbation_score_euclidean,Euclidean score,3.084650570623129,51
Full-length RNA-seq,Adnexal epithelial,15,SCCuniq_GGTGAAGCGACGAATGG,perturbation_score_euclidean,Euclidean score,3.084650570623129,52
Full-length RNA-seq,Adnexal epithelial,15,SCCuniq_TCCTCGATACTACGGGC,perturbation_score_euclidean,Euclidean score,3.084650570623129,53
Full-length RNA-seq,Adnexal epithelial,15,AK07_AAGCGAGATGTAAACTG,perturbation_score_euclidean,Euclidean score,3.084650570623129,54
Full-length RNA-seq,Adnexal epithelial,15,AK07_AGTCAACGCTAAGTCAA,perturbation_score_euclidean,Euclidean score,3.084650570623129,55
Full-length RNA-seq,Adnexal epithelial,15,SCC07_GATTCGAATGCTGGTGA,perturbation_score_euclidean,Euclidean score,3.084650570623129,56
Full-length RNA-seq,Adnexal epithelial,15,SCC07_TGTCCACGCTCTGTGTA,perturbation_score_euclidean,Euclidean score,3.084650570623129,57
Full-length RNA-seq,Adnexal epithelial,15,AK01_CTTCCGAGCTGCCAAGA,perturbation_score_euclidean,Euclidean score,3.069037632692773,58
Full-length RNA-seq,Adnexal epithelial,15,AK01_CGGTCAGGCTGCTCTGG,perturbation_score_euclidean,Euclidean score,3.0590866287205296,59
Full-length RNA-seq,Adnexal epithelial,15,AK07_TAGAGTCGCTTTCGTAG,perturbation_score_euclidean,Euclidean score,3.047624359678972,60
Full-length RNA-seq,Adnexal epithelial,15,AK01_TGACGCGCGAGCCATTA,perturbation_score_euclidean,Euclidean score,3.025675769255966,61
Full-length RNA-seq,Adnexal epithelial,15,AK01_TTTGTTGCGAAAGATTG,perturbation_score_euclidean,Euclidean score,3.025675769255966,62
Full-length RNA-seq,Adnexal epithelial,15,AK01_GCCAGCAGCTCGTAATC,perturbation_score_euclidean,Euclidean score,3.0216757661174576,63
Full-length RNA-seq,Adnexal epithelial,15,AK01_TGGGTTATACCCTATCA,perturbation_score_euclidean,Euclidean score,3.0216757661174576,64
Full-length RNA-seq,Adnexal epithelial,15,SCCuniq_CTATAGGCGAACCGACC,perturbation_score_euclidean,Euclidean score,3.0207631274528044,65
Full-length RNA-seq,Adnexal epithelial,15,AK01_AGCCAGCGCTCGCCAGT,perturbation_score_euclidean,Euclidean score,3.0198777228461426,66
Full-length RNA-seq,Adnexal epithelial,15,AK01_GATTGGTTACTCTTGGT,perturbation_score_euclidean,Euclidean score,3.011681557709016,67
Full-length RNA-seq,Adnexal epithelial,15,AK01_GCCAGTGCGAACGGGAT,perturbation_score_euclidean,Euclidean score,2.9997487025089598,68
Full-length RNA-seq,Adnexal epithelial,15,AK01_TCCTCTTTACACCTACC,perturbation_score_euclidean,Euclidean score,2.999149118921525,69
Full-length RNA-seq,Adnexal epithelial,15,AK01_GAAGCGAATGCCAGTAG,perturbation_score_euclidean,Euclidean score,2.9779313693855225,70
Full-length RNA-seq,Adnexal epithelial,15,AK04_GCTGGGTTACTATGACA,perturbation_score_euclidean,Euclidean score,2.9525138263768174,71
Full-length RNA-seq,Adnexal epithelial,15,SCCuniq_AAGTACCCGAATCTTCT,perturbation_score_euclidean,Euclidean score,2.9525138263768174,72
Full-length RNA-seq,Adnexal epithelial,15,SCCuniq_AGGTTACCGACTGTGAT,perturbation_score_euclidean,Euclidean score,2.9525138263768174,73
Full-length RNA-seq,Adnexal epithelial,15,SCCuniq_CACACAAATGACCTACC,perturbation_score_euclidean,Euclidean score,2.9525138263768174,74
Full-length RNA-seq,Adnexal epithelial,15,SCCuniq_TGACCCTCGACACAGAG,perturbation_score_euclidean,Euclidean score,2.9525138263768174,75
Full-length RNA-seq,Adnexal epithelial,15,AK07_TCGGGCATACGTCATTC,perturbation_score_euclidean,Euclidean score,2.9525138263768174,76
Full-length RNA-seq,Adnexal epithelial,15,SCC07_AAACCCAGCTCCAGGTC,perturbation_score_euclidean,Euclidean score,2.9525138263768174,77
Full-length RNA-seq,Adnexal epithelial,15,SCC07_GTCCACTGCTGGACTGA,perturbation_score_euclidean,Euclidean score,2.9525138263768174,78
Full-length RNA-seq,Adnexal epithelial,15,SCC07_TACGTCCGCTATGCTCA,perturbation_score_euclidean,Euclidean score,2.9525138263768174,79
Full-length RNA-seq,Adnexal epithelial,15,SCC07_TATGTTCTACCCTGACC,perturbation_score_euclidean,Euclidean score,2.9525138263768174,80
Full-length RNA-seq,Adnexal epithelial,15,AK01_ACTATCTATGCCGATAG,perturbation_score_euclidean,Euclidean score,2.942290944223479,81
Full-length RNA-seq,Adnexal epithelial,15,AK01_CATCGGGATGATGATTG,perturbation_score_euclidean,Euclidean score,2.9290905978173947,82
Full-length RNA-seq,Adnexal epithelial,15,AK01_CTGCCATCGAAGGGTCA,perturbation_score_euclidean,Euclidean score,2.9194934261210825,83
Full-length RNA-seq,Adnexal epithelial,15,SCC01_TTTGGAGATGAAACCCG,perturbation_score_euclidean,Euclidean score,2.9142710744240707,84
Full-length RNA-seq,Adnexal epithelial,15,AK01_ATGAGTCGCTCTCAAGT,perturbation_score_euclidean,Euclidean score,2.9142710744240707,85
Full-length RNA-seq,Adnexal epithelial,15,AK01_GAAGGGTATGAGTCCGA,perturbation_score_euclidean,Euclidean score,2.9142710744240707,86
Full-length RNA-seq,Adnexal epithelial,15,AK01_CCGTAGGGCTATTCCGA,perturbation_score_euclidean,Euclidean score,2.910392365010068,87
Full-length RNA-seq,Adnexal epithelial,15,SCCuniq_CATTGAGTACGATTTGA,perturbation_score_euclidean,Euclidean score,2.9083363930675152,88
Full-length RNA-seq,Adnexal epithelial,15,SCC01_GGGATCCCGAGGAGAAA,perturbation_score_euclidean,Euclidean score,2.90793699855963,89
Full-length RNA-seq,Adnexal epithelial,15,AK07_GATCACATACCCTGAAG,perturbation_score_euclidean,Euclidean score,2.8977978403549685,90
Full-length RNA-seq,Adnexal epithelial,15,AK01_ACGCACGTACTTCCCAG,perturbation_score_euclidean,Euclidean score,2.8945571406292747,91
Full-length RNA-seq,Adnexal epithelial,15,AK01_CCTCTAGATGAAGTCAT,perturbation_score_euclidean,Euclidean score,2.8945571406292747,92
Full-length RNA-seq,Adnexal epithelial,15,AK01_CAGCAGCGCTAACGTTC,perturbation_score_euclidean,Euclidean score,2.893550515503023,93
Full-length RNA-seq,Adnexal epithelial,15,AK01_CATGGTATACCATTTGC,perturbation_score_euclidean,Euclidean score,2.893550515503023,94
Full-length RNA-seq,Adnexal epithelial,15,AK01_ACCACAAGCTACCCTCT,perturbation_score_euclidean,Euclidean score,2.874709406206262,95
Full-length RNA-seq,Adnexal epithelial,15,AK01_TGTTCTATACTTACTGT,perturbation_score_euclidean,Euclidean score,2.8640668510356084,96
Full-length RNA-seq,Adnexal epithelial,15,SCC01_AGGTCTAATGCCGAGTG,perturbation_score_euclidean,Euclidean score,2.8640469226582614,97
Full-length RNA-seq,Adnexal epithelial,15,AK01_CTTTCAACGAAGGTAGC,perturbation_score_euclidean,Euclidean score,2.8570109467961773,98
Full-length RNA-seq,Adnexal epithelial,15,AK01_GATTTCTGCTCTCGGGT,perturbation_score_euclidean,Euclidean score,2.850875458473322,99
Full-length RNA-seq,Adnexal epithelial,15,AK01_AAGGAATGCTCCGCTAG,perturbation_score_euclidean,Euclidean score,2.8187987497444387,100
Full-length RNA-seq,Adnexal epithelial,15,SCC07_TGTCCACCGAGAAATTG,perturbation_score_euclidean,Euclidean score,2.8156052198412884,101
Full-length RNA-seq,Adnexal epithelial,15,AK01_AGAACAATACCACACCT,perturbation_score_euclidean,Euclidean score,2.8038543777627787,102
Full-length RNA-seq,Adnexal epithelial,15,AK01_CTCAATTGCTGAGGATC,perturbation_score_euclidean,Euclidean score,2.788575938178863,103
Full-length RNA-seq,Adnexal epithelial,15,AK01_GAAGGACCGACCAGCCA,perturbation_score_euclidean,Euclidean score,2.788575938178863,104
Full-length RNA-seq,Adnexal epithelial,15,AK01_TCAGGTAGCTAATGCGG,perturbation_score_euclidean,Euclidean score,2.788575938178863,105
Full-length RNA-seq,Adnexal epithelial,15,AK07_CATCGTCCGACCGTGGT,perturbation_score_euclidean,Euclidean score,2.771378641947684,106
Full-length RNA-seq,Adnexal epithelial,15,AK01_CTTCCGAATGGCCTTCG,perturbation_score_euclidean,Euclidean score,2.7667313894026764,107
Full-length RNA-seq,Adnexal epithelial,15,SCCuniq_ACCTGTCTACGTCAGAT,perturbation_score_euclidean,Euclidean score,2.7659463330346097,108
Full-length RNA-seq,Adnexal epithelial,15,AK01_TCTTTGAATGTGCATGA,perturbation_score_euclidean,Euclidean score,2.7541073012159796,109
Full-length RNA-seq,Adnexal epithelial,15,AK01_TCATCCGGCTCGGATTT,perturbation_score_euclidean,Euclidean score,2.7466402144170727,110
Full-length RNA-seq,Adnexal epithelial,15,AK01_CTCCCAATACGTCTACC,perturbation_score_euclidean,Euclidean score,2.74135140098382,111
Full-length RNA-seq,Adnexal epithelial,15,AK01_TTGTGGATACCATTTGC,perturbation_score_euclidean,Euclidean score,2.740938659748532,112
Full-length RNA-seq,Adnexal epithelial,15,AK01_AGTTAGCATGAGCCGAT,perturbation_score_euclidean,Euclidean score,2.7095737902422368,113
Full-length RNA-seq,Adnexal epithelial,15,AK01_TTCATTGTACAAGTCAT,perturbation_score_euclidean,Euclidean score,2.7070623849490487,114
Full-length RNA-seq,Adnexal epithelial,15,SCC01_CAGCGTGCGAGACCGCT,perturbation_score_euclidean,Euclidean score,2.701693989911444,115
Full-length RNA-seq,Adnexal epithelial,15,SCC01_CTGCCTAATGACCTACC,perturbation_score_euclidean,Euclidean score,2.701693989911444,116
Full-length RNA-seq,Adnexal epithelial,15,AK01_TCCACCACGAAAGCACG,perturbation_score_euclidean,Euclidean score,2.701693989911444,117
Full-length RNA-seq,Adnexal epithelial,15,AK01_GGGACCTTACACCTCAC,perturbation_score_euclidean,Euclidean score,2.6881358446183903,118
Full-length RNA-seq,Adnexal epithelial,15,AK01_GCTTGGGATGTTCTCAA,perturbation_score_euclidean,Euclidean score,2.687263866209226,119
Full-length RNA-seq,Adnexal epithelial,15,AK01_TCATACTGCTCTGCATA,perturbation_score_euclidean,Euclidean score,2.686995406708383,120
Full-length RNA-seq,Adnexal epithelial,15,AK01_ATTGGGTTACGAGAACG,perturbation_score_euclidean,Euclidean score,2.683374796939975,121
Full-length RNA-seq,Adnexal epithelial,15,AK01_TCCTTCTTACACCACGA,perturbation_score_euclidean,Euclidean score,2.679603216380162,122
Full-length RNA-seq,Adnexal epithelial,15,AK01_CAGGCCAGCTTGACTGT,perturbation_score_euclidean,Euclidean score,2.6596413385871926,123
Full-length RNA-seq,Adnexal epithelial,15,AK01_TTCATTGCGATGCACTA,perturbation_score_euclidean,Euclidean score,2.6596413385871926,124
Full-length RNA-seq,Adnexal epithelial,15,SCC07_CAGCCAGTACTTCTGTA,perturbation_score_euclidean,Euclidean score,2.6596413385871926,125
Full-length RNA-seq,Adnexal epithelial,15,AK01_ATCGTCCGCTTTGTGGT,perturbation_score_euclidean,Euclidean score,2.658458168948923,126
Full-length RNA-seq,Adnexal epithelial,15,AK01_ACTTCGCATGCTTCGTA,perturbation_score_euclidean,Euclidean score,2.6577451442773414,127
Full-length RNA-seq,Adnexal epithelial,15,SCC01_GAAGGACGCTGCGTAGA,perturbation_score_euclidean,Euclidean score,2.6570930120558995,128
Full-length RNA-seq,Adnexal epithelial,15,AK01_AGAGCAGATGACTGCTC,perturbation_score_euclidean,Euclidean score,2.6570930120558995,129
Full-length RNA-seq,Adnexal epithelial,15,AK01_CAACGGCATGAGCTTTC,perturbation_score_euclidean,Euclidean score,2.6570930120558995,130
Full-length RNA-seq,Adnexal epithelial,15,AK01_CATGGATTACAGCCATG,perturbation_score_euclidean,Euclidean score,2.6570930120558995,131
Full-length RNA-seq,Adnexal epithelial,15,AK01_CCTCTAGCGAAAGTCAA,perturbation_score_euclidean,Euclidean score,2.6570930120558995,132
Full-length RNA-seq,Adnexal epithelial,15,AK01_CGAGTTAGCTACCCTAA,perturbation_score_euclidean,Euclidean score,2.6570930120558995,133
Full-length RNA-seq,Adnexal epithelial,15,AK01_GAGACTTCGACTGCGAC,perturbation_score_euclidean,Euclidean score,2.6570930120558995,134
Full-length RNA-seq,Adnexal epithelial,15,AK01_GATAGCTCGAACGAAAT,perturbation_score_euclidean,Euclidean score,2.6570930120558995,135
Full-length RNA-seq,Adnexal epithelial,15,AK01_GGGTGTCCGAACACAAA,perturbation_score_euclidean,Euclidean score,2.6570930120558995,136
Full-length RNA-seq,Adnexal epithelial,15,AK01_GTAGGTTATGCGAAGGA,perturbation_score_euclidean,Euclidean score,2.6570930120558995,137
Full-length RNA-seq,Adnexal epithelial,15,AK01_TGGATCAATGCATTTGT,perturbation_score_euclidean,Euclidean score,2.6570930120558995,138
Full-length RNA-seq,Adnexal epithelial,15,AK01_TTGAACGTACTCGAAGC,perturbation_score_euclidean,Euclidean score,2.6570930120558995,139
Full-length RNA-seq,Adnexal epithelial,15,AK01_TTTATGCTACCCTGAAG,perturbation_score_euclidean,Euclidean score,2.6570930120558995,140
Full-length RNA-seq,Adnexal epithelial,15,AK04_GTTCATTCGAGTCGGTC,perturbation_score_euclidean,Euclidean score,2.6570930120558995,141
Full-length RNA-seq,Adnexal epithelial,15,SCC06_ACGTAGTTACGCGTGCA,perturbation_score_euclidean,Euclidean score,2.6570930120558995,142
Full-length RNA-seq,Adnexal epithelial,15,SCC06_CTCAGGGGCTAATGCGG,perturbation_score_euclidean,Euclidean score,2.6570930120558995,143
Full-length RNA-seq,Adnexal epithelial,15,SCC06_GATTCTTGCTTCCGAGC,perturbation_score_euclidean,Euclidean score,2.6570930120558995,144
Full-length RNA-seq,Adnexal epithelial,15,SCC06_TTTCCTCTACCCGATCC,perturbation_score_euclidean,Euclidean score,2.6570930120558995,145
Full-length RNA-seq,Adnexal epithelial,15,SCC06_TTTGACTATGTTCTCAA,perturbation_score_euclidean,Euclidean score,2.6570930120558995,146
Full-length RNA-seq,Adnexal epithelial,15,AK07_AGCTACATACTCGGTCT,perturbation_score_euclidean,Euclidean score,2.6570930120558995,147
Full-length RNA-seq,Adnexal epithelial,15,AK07_CGAATTGGCTCGTGGTC,perturbation_score_euclidean,Euclidean score,2.6570930120558995,148
Full-length RNA-seq,Adnexal epithelial,15,AK07_CGTAATGGCTATGCTTG,perturbation_score_euclidean,Euclidean score,2.6570930120558995,149
Full-length RNA-seq,Adnexal epithelial,15,AK07_GATGACTCGAGATACCT,perturbation_score_euclidean,Euclidean score,2.6570930120558995,150
Full-length RNA-seq,Adnexal epithelial,15,AK07_GGTAATCGCTTCGGGTC,perturbation_score_euclidean,Euclidean score,2.6570930120558995,151
Full-length RNA-seq,Adnexal epithelial,15,AK07_GTCTAGAGCTTAGGACG,perturbation_score_euclidean,Euclidean score,2.6570930120558995,152
Full-length RNA-seq,Adnexal epithelial,15,AK07_GTTCGCTCGAGAAATTG,perturbation_score_euclidean,Euclidean score,2.6570930120558995,153
Full-length RNA-seq,Adnexal epithelial,15,AK07_TCGCTCAATGCACACCT,perturbation_score_euclidean,Euclidean score,2.6570930120558995,154
Full-length RNA-seq,Adnexal epithelial,15,SCC07_ACTATGGCGACATCGGC,perturbation_score_euclidean,Euclidean score,2.6570930120558995,155
Full-length RNA-seq,Adnexal epithelial,15,SCC07_CAAAGAATACGTCGTGA,perturbation_score_euclidean,Euclidean score,2.6570930120558995,156
Full-length RNA-seq,Adnexal epithelial,15,SCC07_CTGGTCTCGACTTGAGT,perturbation_score_euclidean,Euclidean score,2.6570930120558995,157
Full-length RNA-seq,Adnexal epithelial,15,SCC07_GAGTGAGATGTTCTGTA,perturbation_score_euclidean,Euclidean score,2.6570930120558995,158
Full-length RNA-seq,Adnexal epithelial,15,SCC07_GCGAGAATACCGAAGGA,perturbation_score_euclidean,Euclidean score,2.6570930120558995,159
Full-length RNA-seq,Adnexal epithelial,15,SCC07_GGGTAGAATGCGTAGTA,perturbation_score_euclidean,Euclidean score,2.6570930120558995,160
Full-length RNA-seq,Adnexal epithelial,15,SCC07_TTTCAGTGCTAACAAGT,perturbation_score_euclidean,Euclidean score,2.6570930120558995,161
Full-length RNA-seq,Adnexal epithelial,15,SCC01_CACGGGTTACGTCATTC,perturbation_score_euclidean,Euclidean score,2.6536450771470985,162
Full-length RNA-seq,Adnexal epithelial,15,AK01_TCCTTTCGCTTGGTAGG,perturbation_score_euclidean,Euclidean score,2.648583769643538,163
Full-length RNA-seq,Adnexal epithelial,15,AK01_GCGGATCGCTAACAGGC,perturbation_score_euclidean,Euclidean score,2.6447686546690425,164
Full-length RNA-seq,Adnexal epithelial,15,SCC06_TATGTTCTACTTACGTT,perturbation_score_euclidean,Euclidean score,2.6447686546690425,165
Full-length RNA-seq,Adnexal epithelial,15,SCC01_CTCAATTATGCCTGACC,perturbation_score_euclidean,Euclidean score,2.6322905101993848,166
Full-length RNA-seq,Adnexal epithelial,15,SCC01_GGTGATTATGGGAACAA,perturbation_score_euclidean,Euclidean score,2.6322905101993848,167
Full-length RNA-seq,Adnexal epithelial,15,SCCuniq_GACCGTGGCTAAGCAAT,perturbation_score_euclidean,Euclidean score,2.6322905101993848,168
Full-length RNA-seq,Adnexal epithelial,15,SCCuniq_TATTTCGATGTTTCAGT,perturbation_score_euclidean,Euclidean score,2.6322905101993848,169
Full-length RNA-seq,Adnexal epithelial,15,SCC07_TCGGGCATACTCGAATA,perturbation_score_euclidean,Euclidean score,2.6322905101993848,170
Full-length RNA-seq,Adnexal epithelial,15,SCC01_ACGTAGTCGAGTTGCGC,perturbation_score_euclidean,Euclidean score,2.6100751200807726,171
Full-length RNA-seq,Adnexal epithelial,15,AK01_AACCAACCGAGAACGCA,perturbation_score_euclidean,Euclidean score,2.58568741123482,172
Full-length RNA-seq,Adnexal epithelial,15,AK01_AGAGCAGTACGGAGGTG,perturbation_score_euclidean,Euclidean score,2.5701110897688335,173
Full-length RNA-seq,Adnexal epithelial,15,SCC07_TGTTCTAGCTGTCAGAG,perturbation_score_euclidean,Euclidean score,2.5654890648159663,174
Full-length RNA-seq,Adnexal epithelial,15,SCC01_GCTTGGGATGCGTGCTC,perturbation_score_euclidean,Euclidean score,2.5602266807847918,175
Full-length RNA-seq,Adnexal epithelial,15,AK01_TCACATTTACCATCTTG,perturbation_score_euclidean,Euclidean score,2.5602266807847918,176
Full-length RNA-seq,Adnexal epithelial,15,AK01_TCCTGCACGAGAATTAG,perturbation_score_euclidean,Euclidean score,2.5602266807847918,177
Full-length RNA-seq,Adnexal epithelial,15,AK01_TGAATGCATGACCGTTT,perturbation_score_euclidean,Euclidean score,2.559614367916779,178
Full-length RNA-seq,Adnexal epithelial,15,SCC01_TCTTCCTATGAGGAACG,perturbation_score_euclidean,Euclidean score,2.5572864965663586,179
Full-length RNA-seq,Adnexal epithelial,15,AK01_ATTACCTGCTCGTACAT,perturbation_score_euclidean,Euclidean score,2.5572864965663586,180
Full-length RNA-seq,Adnexal epithelial,15,AK01_CCTCATGATGCGCTTCG,perturbation_score_euclidean,Euclidean score,2.5572864965663586,181
Full-length RNA-seq,Adnexal epithelial,15,AK01_GGAGAACTACCCGAGGT,perturbation_score_euclidean,Euclidean score,2.5572864965663586,182
Full-length RNA-seq,Adnexal epithelial,15,AK01_TTAATCCCGAGAATTAG,perturbation_score_euclidean,Euclidean score,2.5572864965663586,183
Full-length RNA-seq,Adnexal epithelial,15,SCC06_GCTGGGTGCTATCTCTT,perturbation_score_euclidean,Euclidean score,2.5572864965663586,184
Full-length RNA-seq,Adnexal epithelial,15,SCC07_CTCCCAAATGTCCCGAC,perturbation_score_euclidean,Euclidean score,2.5572864965663586,185
Full-length RNA-seq,Adnexal epithelial,15,SCC07_TGCATCCGCTGGCATCC,perturbation_score_euclidean,Euclidean score,2.5572864965663586,186
Full-length RNA-seq,Adnexal epithelial,15,SCC07_AGAGAGCCGAATTCCGA,perturbation_score_euclidean,Euclidean score,2.5471375640648586,187
Full-length RNA-seq,Adnexal epithelial,15,SCCuniq_CACTAAGCGAAGCGCTC,perturbation_score_euclidean,Euclidean score,2.543659758771248,188
Full-length RNA-seq,Adnexal epithelial,15,AK01_GGATCTACGATCGGTAT,perturbation_score_euclidean,Euclidean score,2.527008837999286,189
Full-length RNA-seq,Adnexal epithelial,15,SCC01_GGGAGTATACTAGATCA,perturbation_score_euclidean,Euclidean score,2.523607905003031,190
Full-length RNA-seq,Adnexal epithelial,15,AK01_ATTACTCTACTAAGGGA,perturbation_score_euclidean,Euclidean score,2.523607905003031,191
Full-length RNA-seq,Adnexal epithelial,15,AK01_CGTCAAAGCTGATACCT,perturbation_score_euclidean,Euclidean score,2.523607905003031,192
Full-length RNA-seq,Adnexal epithelial,15,AK01_AGACCCGTACGGAGTAG,perturbation_score_euclidean,Euclidean score,2.5222327157338356,193
Full-length RNA-seq,Adnexal epithelial,15,AK01_ACGATCAGCTAACGGTG,perturbation_score_euclidean,Euclidean score,2.5221488650206467,194
Full-length RNA-seq,Adnexal epithelial,15,AK01_GCTGAATTACCGTAGGC,perturbation_score_euclidean,Euclidean score,2.5221488650206467,195
Full-length RNA-seq,Adnexal epithelial,15,AK01_GTATTGGCGAACTCATG,perturbation_score_euclidean,Euclidean score,2.5221488650206467,196
Full-length RNA-seq,Adnexal epithelial,15,AK01_TATATCCATGGGCTTCT,perturbation_score_euclidean,Euclidean score,2.5221488650206467,197
Full-length RNA-seq,Adnexal epithelial,15,AK01_TCAATCTGCTAGGTCAG,perturbation_score_euclidean,Euclidean score,2.5221488650206467,198
Full-length RNA-seq,Adnexal epithelial,15,AK01_TCTTGCGGCTGGTGTTT,perturbation_score_euclidean,Euclidean score,2.5221488650206467,199
Full-length RNA-seq,Adnexal epithelial,15,AK01_TTCACCGGCTACCGATT,perturbation_score_euclidean,Euclidean score,2.5221488650206467,200
