platform,cell_class,SNV,perturb_euclidean_distance,n_source_clusters,source_celltypes,gene_symbol,variant_func
3-end RNA-seq,Adnexal epithelial,chr10:32034762_C>T,5.251310349,1,12,KIF5B,exonic
3-end RNA-seq,Adnexal epithelial,chr10:3776946_G>T,6.493053913,1,16,KLF6,UTR3
3-end RNA-seq,Adnexal epithelial,chr10:44977387_A>T,3.397817373,1,12,DEPP1,UTR3
3-end RNA-seq,Adnexal epithelial,chr10:44977414_A>T,6.242133617,1,12,DEPP1,exonic
3-end RNA-seq,Adnexal epithelial,chr10:44977426_A>T,3.855632067,1,12,DEPP1,exonic
3-end RNA-seq,Adnexal epithelial,chr10:87050581_A>T,1.688895464,1,12,GLUD1,UTR3
3-end RNA-seq,Adnexal epithelial,chr11:111908624_C>T,26.464040516,2,12;16,CRYAB,UTR3
3-end RNA-seq,Adnexal epithelial,chr11:119018344_G>A,4.705035686,1,12,RPS25;TRAPPC4,upstream
3-end RNA-seq,Adnexal epithelial,chr11:121629691_C>A,3.923312187,1,12,SORL1,UTR3
3-end RNA-seq,Adnexal epithelial,chr11:1752756_A>G,1.862516999,1,12,CTSD,UTR3
3-end RNA-seq,Adnexal epithelial,chr11:18238241_T>C,9.633719444,1,12,SAA2,UTR3
3-end RNA-seq,Adnexal epithelial,chr11:18238242_A>G,8.491911888,1,12,SAA2,UTR3
3-end RNA-seq,Adnexal epithelial,chr11:18243145_T>C,11.52749157,1,12,SAA2;SAA2-SAA4,intronic
3-end RNA-seq,Adnexal epithelial,chr11:18245234_A>G,14.04182529,1,12,SAA2;SAA2-SAA4,intronic
3-end RNA-seq,Adnexal epithelial,chr11:18269974_G>A,7.498572826,1,12,SAA1,UTR3
3-end RNA-seq,Adnexal epithelial,chr11:22827274_C>T,1.132775664,1,12,SVIP,exonic
3-end RNA-seq,Adnexal epithelial,chr11:34478793_G>T,4.53740263,1,12,ELF5,UTR3
3-end RNA-seq,Adnexal epithelial,chr11:35232394_G>A,3.477461576,1,12,CD44,UTR3
3-end RNA-seq,Adnexal epithelial,chr11:58834069_A>G,85.175354,1,16,GLYATL2,UTR3
3-end RNA-seq,Adnexal epithelial,chr11:62213938_C>A,28.10726547,1,16,SCGB2A1,UTR3
3-end RNA-seq,Adnexal epithelial,chr11:62213939_T>A,8.4839954380000009,1,16,SCGB2A1,UTR3
3-end RNA-seq,Adnexal epithelial,chr11:62273155_C>T,10.62634277,1,16,SCGB2A2,UTR3
3-end RNA-seq,Adnexal epithelial,chr11:62273163_G>A,35.84838867,1,16,SCGB2A2,downstream
3-end RNA-seq,Adnexal epithelial,chr11:65499947_G>A,3.379719257,1,12,MALAT1;TALAM1,ncRNA_exonic
3-end RNA-seq,Adnexal epithelial,chr11:65854819_A>T,12.025635836500001,2,12;16,CFL1,UTR3
3-end RNA-seq,Adnexal epithelial,chr11:82689907_A>T,4.647089005,1,12,MIR4300HG;FAM181B,intergenic
3-end RNA-seq,Adnexal epithelial,chr12:49959451_A>T,19.395901324,2,12;16,LOC101927318,ncRNA_intronic
3-end RNA-seq,Adnexal epithelial,chr12:49965517_A>C,11.36024857,1,12,AQP5,UTR3
3-end RNA-seq,Adnexal epithelial,chr12:50986001_G>A,15.84295368,1,16,SLC11A2,UTR3
3-end RNA-seq,Adnexal epithelial,chr12:54644590_A>T,58.17795181,1,16,DCD,UTR3
3-end RNA-seq,Adnexal epithelial,chr12:54644624_A>T,135.6672668,1,16,DCD,UTR3
3-end RNA-seq,Adnexal epithelial,chr12:54644634_T>A,140.6890411,1,16,DCD,UTR3
3-end RNA-seq,Adnexal epithelial,chr12:54644635_T>A,46.25682449,1,16,DCD,UTR3
3-end RNA-seq,Adnexal epithelial,chr12:54644636_T>A,48.51454926,1,16,DCD,UTR3
3-end RNA-seq,Adnexal epithelial,chr12:54644636_T>C,10.75509167,1,16,DCD,UTR3
3-end RNA-seq,Adnexal epithelial,chr12:54644637_T>C,11.21932507,1,16,DCD,UTR3
3-end RNA-seq,Adnexal epithelial,chr12:54644641_T>C,28.031696320000002,1,16,DCD,UTR3
3-end RNA-seq,Adnexal epithelial,chr12:54644644_T>C,12.5451498,1,16,DCD,UTR3
3-end RNA-seq,Adnexal epithelial,chr12:54644648_A>G,42.36010361,1,16,DCD,UTR3
3-end RNA-seq,Adnexal epithelial,chr12:54644648_A>T,19.73712349,1,16,DCD,UTR3
3-end RNA-seq,Adnexal epithelial,chr12:54854514_T>C,170.63974,1,16,MUCL1,upstream
3-end RNA-seq,Adnexal epithelial,chr12:54858334_C>T,32.00720215,1,16,MUCL1,UTR3
3-end RNA-seq,Adnexal epithelial,chr12:6770904_T>A,4.851080358,2,12;16,PTMS,UTR3
3-end RNA-seq,Adnexal epithelial,chr12:6770908_T>A,8.813951136,2,12;16,PTMS,UTR3
3-end RNA-seq,Adnexal epithelial,chr12:6945959_A>C,1.751188993,1,12,C12orf57,UTR3
3-end RNA-seq,Adnexal epithelial,chr12:76026618_C>A,5.687320232,1,12,PHLDA1,UTR3
3-end RNA-seq,Adnexal epithelial,chr12:76029786_A>T,0.927279294,1,12,PHLDA1,UTR3
3-end RNA-seq,Adnexal epithelial,chr13:44307194_A>G,3.456239939,1,12,MIR8079;SERP2,intergenic
3-end RNA-seq,Adnexal epithelial,chr13:44307255_G>A,3.96079421,1,12,MIR8079;SERP2,intergenic
3-end RNA-seq,Adnexal epithelial,chr13:73077517_A>G,5.091797352,1,12,KLF5,UTR3
3-end RNA-seq,Adnexal epithelial,chr13:73077532_T>A,4.151059151,1,12,KLF5,UTR3
3-end RNA-seq,Adnexal epithelial,chr13:73623209_C>T,2.226358414,1,12,LINC00392;KLF12,intergenic
3-end RNA-seq,Adnexal epithelial,chr13:95427605_G>A,13.76811886,1,12,ABCC4;CLDN10,intergenic
3-end RNA-seq,Adnexal epithelial,chr13:95467150_T>C,3.666231632,1,12,CLDN10,intronic
3-end RNA-seq,Adnexal epithelial,chr13:95469137_C>T,4.365603924,1,12,CLDN10,intronic
3-end RNA-seq,Adnexal epithelial,chr13:95483408_T>C,2.528373718,1,12,CLDN10-AS1,ncRNA_intronic
3-end RNA-seq,Adnexal epithelial,chr13:95483481_T>C,12.94805431,1,12,CLDN10-AS1,ncRNA_intronic
3-end RNA-seq,Adnexal epithelial,chr13:95579760_T>A,2.705986738,1,12,DZIP1,UTR3
3-end RNA-seq,Adnexal epithelial,chr14:49618691_G>A,0.858844459,1,12,RPL36AL,UTR3
3-end RNA-seq,Adnexal epithelial,chr14:55145408_G>A,3.174218178,1,12,LGALS3,UTR3
3-end RNA-seq,Adnexal epithelial,chr14:75282125_C>A,3.752942085,1,12,FOS,UTR3
3-end RNA-seq,Adnexal epithelial,chr14:90404785_C>T,0.852842867,1,12,CALM1,UTR3
3-end RNA-seq,Adnexal epithelial,chr14:90405605_C>A,3.633534193,1,12,CALM1,UTR3
3-end RNA-seq,Adnexal epithelial,chr15:39597308_G>T,1.576366663,1,12,THBS1,UTR3
3-end RNA-seq,Adnexal epithelial,chr15:43793922_C>T,2.040028811,1,12,SERF2,exonic
3-end RNA-seq,Adnexal epithelial,chr15:99135590_C>A,3.171838522,1,12,SYNM,UTR3
3-end RNA-seq,Adnexal epithelial,chr16:2832274_G>A,2.425049543,1,12,ZG16B,UTR3
3-end RNA-seq,Adnexal epithelial,chr16:57665025_C>A,5.116700649,1,12,ADGRG1,UTR3
3-end RNA-seq,Adnexal epithelial,chr16:9113027_G>T,1.538148046,1,12,C16orf72,intronic
3-end RNA-seq,Adnexal epithelial,chr17:17812193_T>G,4.259450436,1,12,SREBF1,UTR3
3-end RNA-seq,Adnexal epithelial,chr17:28497778_T>C,8.477303505,1,12,SLC13A2,UTR3
3-end RNA-seq,Adnexal epithelial,chr17:38853737_G>A,5.598554134,1,12,RPL23;SNORA21,upstream
3-end RNA-seq,Adnexal epithelial,chr17:3923875_C>T,7.982879639,1,12,ATP2A3,UTR3
3-end RNA-seq,Adnexal epithelial,chr17:39636622_T>C,6.713728428,1,12,PPP1R1B,UTR3
3-end RNA-seq,Adnexal epithelial,chr17:50862237_G>T,2.084694147,1,12,TOB1,UTR3
3-end RNA-seq,Adnexal epithelial,chr17:72021853_C>T,12.89421463,1,12,ROCR,ncRNA_exonic
3-end RNA-seq,Adnexal epithelial,chr17:72033771_C>T,7.139147758,1,12,LINC01152,ncRNA_intronic
3-end RNA-seq,Adnexal epithelial,chr17:77500594_G>A,5.492311001,1,12,SEPTIN9,UTR3
3-end RNA-seq,Adnexal epithelial,chr18:59158829_T>C,21.24309158,1,16,SEC11C,UTR3
3-end RNA-seq,Adnexal epithelial,chr18:61662443_C>T,7.498568058,1,12,CDH20;LINC01544,intergenic
3-end RNA-seq,Adnexal epithelial,chr18:61662572_T>C,9.066367149,1,12,CDH20;LINC01544,intergenic
3-end RNA-seq,Adnexal epithelial,chr18:61662581_C>A,5.42394352,1,12,CDH20;LINC01544,intergenic
3-end RNA-seq,Adnexal epithelial,chr18:61808070_G>T,2.491650343,1,12,RNF152,UTR3
3-end RNA-seq,Adnexal epithelial,chr19:1039064_G>A,1.289334416,1,12,CNN2,UTR3
3-end RNA-seq,Adnexal epithelial,chr19:11450881_A>C,10.4873598835,2,12;16,PRKCSH,UTR3
3-end RNA-seq,Adnexal epithelial,chr19:12793171_T>A,43.85569382,2,12;16,JUNB,UTR3
3-end RNA-seq,Adnexal epithelial,chr19:12793195_T>A,4.077425003,1,12,JUNB,UTR3
3-end RNA-seq,Adnexal epithelial,chr19:12793242_C>A,2.881324053,1,12,JUNB,UTR3
3-end RNA-seq,Adnexal epithelial,chr19:12793265_G>T,3.1436584,1,12,JUNB,UTR3
3-end RNA-seq,Adnexal epithelial,chr19:12793268_C>A,12.142896411499999,2,12;16,JUNB,UTR3
3-end RNA-seq,Adnexal epithelial,chr19:13154902_T>C,4.31334734,1,12,IER2,UTR3
3-end RNA-seq,Adnexal epithelial,chr19:13834694_G>A,3.347189903,1,12,LOC284454,ncRNA_exonic
3-end RNA-seq,Adnexal epithelial,chr19:16327504_A>T,21.14605689,2,12;16,KLF2,UTR3
3-end RNA-seq,Adnexal epithelial,chr19:281046_G>T,4.338141918,1,12,PLPP2,UTR3
3-end RNA-seq,Adnexal epithelial,chr19:34577550_C>T,76.97011566,1,16,SCGB1B2P,ncRNA_exonic
3-end RNA-seq,Adnexal epithelial,chr19:35123655_C>A,1.157995939,1,12,FXYD3,UTR3
3-end RNA-seq,Adnexal epithelial,chr19:38292385_G>T,3.490721226,1,12,SPINT2,UTR3
3-end RNA-seq,Adnexal epithelial,chr19:38304947_A>G,6.323838711,1,12,C19orf33,exonic
3-end RNA-seq,Adnexal epithelial,chr19:39409405_T>C,7.741347313,1,16,ZFP36,UTR3
3-end RNA-seq,Adnexal epithelial,chr19:40777487_C>T,8.969634056,1,12,MIA-RAB4B,ncRNA_intronic
3-end RNA-seq,Adnexal epithelial,chr19:40777488_A>G,7.588209629,1,12,MIA-RAB4B,ncRNA_intronic
3-end RNA-seq,Adnexal epithelial,chr19:41772208_T>A,10.48226833,1,16,CEACAM6,UTR3
3-end RNA-seq,Adnexal epithelial,chr19:46774885_A>G,2.078362703,1,12,SLC1A5,UTR3
3-end RNA-seq,Adnexal epithelial,chr19:51331693_G>T,3.883935928,1,12,VSIG10L,UTR3
3-end RNA-seq,Adnexal epithelial,chr19:7619571_T>G,6.0239938505,2,12;16,XAB2,UTR3
3-end RNA-seq,Adnexal epithelial,chr19:770680_T>C,7.379556179,1,12,MISP;PTBP1,intergenic
3-end RNA-seq,Adnexal epithelial,chr1:109206758_G>T,37.5887308145,2,12;16,ELAPOR1,UTR3
3-end RNA-seq,Adnexal epithelial,chr1:109206764_T>A,9.1147739305,2,12;16,ELAPOR1,UTR3
3-end RNA-seq,Adnexal epithelial,chr1:116404574_A>C,2.3643713,1,12,ATP1A1-AS1,ncRNA_intronic
3-end RNA-seq,Adnexal epithelial,chr1:116404578_A>C,1.546428204,1,12,ATP1A1-AS1,ncRNA_intronic
3-end RNA-seq,Adnexal epithelial,chr1:116404772_G>C,1.260371566,1,12,ATP1A1-AS1,ncRNA_exonic
3-end RNA-seq,Adnexal epithelial,chr1:119748382_C>T,18.64302254,1,16,HMGCS2,UTR3
3-end RNA-seq,Adnexal epithelial,chr1:1401954_G>T,0.873307467,1,12,MRPL20-AS1,ncRNA_exonic
3-end RNA-seq,Adnexal epithelial,chr1:150308350_G>A,29.385354875,2,12;16,MRPS21,UTR3
3-end RNA-seq,Adnexal epithelial,chr1:153534610_A>C,4.050386846,2,12;16,S100A6,UTR3
3-end RNA-seq,Adnexal epithelial,chr1:153618802_G>T,0.941469371,1,12,S100A13,UTR3
3-end RNA-seq,Adnexal epithelial,chr1:153631934_A>C,3.667475224,1,12,S100A1,UTR3
3-end RNA-seq,Adnexal epithelial,chr1:153631948_G>T,3.174142122,1,12,S100A1,UTR3
3-end RNA-seq,Adnexal epithelial,chr1:153631969_A>C,4.10067606,1,12,S100A1,UTR3
3-end RNA-seq,Adnexal epithelial,chr1:169131595_T>C,3.461997032,1,12,ATP1B1,UTR3
3-end RNA-seq,Adnexal epithelial,chr1:169132150_T>G,10.59475803,1,12,ATP1B1,UTR3
3-end RNA-seq,Adnexal epithelial,chr1:17066807_T>G,3.710517406,1,12,PADI2,UTR3
3-end RNA-seq,Adnexal epithelial,chr1:185296579_T>C,4.066939354,1,12,IVNS1ABP,UTR3
3-end RNA-seq,Adnexal epithelial,chr1:185297982_A>G,3.414560795,1,12,IVNS1ABP,UTR3
3-end RNA-seq,Adnexal epithelial,chr1:201483532_C>T,2.146245241,1,12,CSRP1,UTR3
3-end RNA-seq,Adnexal epithelial,chr1:202015996_C>T,4.837311745,1,12,ELF3,UTR3
3-end RNA-seq,Adnexal epithelial,chr1:202016003_T>C,2.286729813,1,12,ELF3,UTR3
3-end RNA-seq,Adnexal epithelial,chr1:212446142_C>A,5.223330975,1,12,NENF,UTR3
3-end RNA-seq,Adnexal epithelial,chr1:212620772_T>C,25.597345113,2,12;16,ATF3,UTR3
3-end RNA-seq,Adnexal epithelial,chr1:222742717_A>G,8.530077934,1,12,FAM177B,intronic
3-end RNA-seq,Adnexal epithelial,chr1:228746665_T>A,4.63214922,1,12,RHOU,downstream
3-end RNA-seq,Adnexal epithelial,chr1:234606749_A>G,4.981916904,1,12,IRF2BP2,UTR3
3-end RNA-seq,Adnexal epithelial,chr1:26170871_G>A,8.350361824,1,12,ZNF593,UTR3
3-end RNA-seq,Adnexal epithelial,chr1:3481000_C>T,34.6631772515,2,12;16,ARHGEF16,UTR3
3-end RNA-seq,Adnexal epithelial,chr1:37484375_C>A,6.802565098,1,12,ZC3H12A,UTR3
3-end RNA-seq,Adnexal epithelial,chr1:43623663_C>A,3.958539724,1,12,PTPRF,UTR3
3-end RNA-seq,Adnexal epithelial,chr1:44778053_G>A,3.797982216,1,12,RPS8,exonic
3-end RNA-seq,Adnexal epithelial,chr1:46316773_C>T,1.153496027,1,12,UQCRH,UTR3
3-end RNA-seq,Adnexal epithelial,chr1:58575425_C>T,2.535915852,1,12,TACSTD2,downstream
3-end RNA-seq,Adnexal epithelial,chr1:59762728_G>A,2.777210951,1,12,FGGY,UTR3
3-end RNA-seq,Adnexal epithelial,chr1:87329061_A>C,2.488728523,1,12,LMO4,UTR5
3-end RNA-seq,Adnexal epithelial,chr1:8975087_T>C,7.383332729,1,12,CA6,UTR3
3-end RNA-seq,Adnexal epithelial,chr1:8975088_A>G,8.38298893,1,12,CA6,UTR3
3-end RNA-seq,Adnexal epithelial,chr1:8975089_A>G,13.80409813,1,12,CA6,UTR3
3-end RNA-seq,Adnexal epithelial,chr20:17600816_G>A,3.68108058,1,12,DSTN,exonic
3-end RNA-seq,Adnexal epithelial,chr20:33853775_A>C,4.480137825,1,12,CHMP4B,UTR3
3-end RNA-seq,Adnexal epithelial,chr20:45325290_T>C,3.296797037,1,12,SDC4,UTR3
3-end RNA-seq,Adnexal epithelial,chr20:45325291_A>G,1.576159358,1,12,SDC4,UTR3
3-end RNA-seq,Adnexal epithelial,chr21:31668928_T>A,2.831261396,1,12,SOD1,UTR3
3-end RNA-seq,Adnexal epithelial,chr21:32430865_C>T,70.89380646,1,16,EVA1C,intronic
3-end RNA-seq,Adnexal epithelial,chr21:34516488_C>T,25.52948189,1,16,RCAN1,UTR3
3-end RNA-seq,Adnexal epithelial,chr22:37807332_C>G,6.931381702,1,12,H1-0,UTR3
3-end RNA-seq,Adnexal epithelial,chr22:37807405_C>A,1.557654619,1,12,H1-0,UTR3
3-end RNA-seq,Adnexal epithelial,chr22:38216505_G>A,4.364361763,1,12,MAFF,UTR3
3-end RNA-seq,Adnexal epithelial,chr22:42618815_A>G,1.924682021,1,12,CYB5R3,UTR3
3-end RNA-seq,Adnexal epithelial,chr22:49964076_G>A,4.926913738,1,12,PIM3,downstream
3-end RNA-seq,Adnexal epithelial,chr2:112663821_G>A,2.163538694,1,12,SLC20A1,UTR3
3-end RNA-seq,Adnexal epithelial,chr2:121216590_C>T,5.200891495,1,12,TFCP2L1,UTR3
3-end RNA-seq,Adnexal epithelial,chr2:121216593_A>G,10.3342104,1,12,TFCP2L1,UTR3
3-end RNA-seq,Adnexal epithelial,chr2:129497007_C>A,2.080276012,1,12,LINC01854;LINC02572,intergenic
3-end RNA-seq,Adnexal epithelial,chr2:156324434_C>T,23.40942955,1,16,NR4A2,downstream
3-end RNA-seq,Adnexal epithelial,chr2:159235882_T>A,1.939755678,1,12,WDSUB1,UTR3
3-end RNA-seq,Adnexal epithelial,chr2:159924032_G>T,5.492676258,1,12,LY75-CD302;PLA2R1,intergenic
3-end RNA-seq,Adnexal epithelial,chr2:180872704_T>C,9.882948278,2,12;16,SCHLAP1,ncRNA_intronic
3-end RNA-seq,Adnexal epithelial,chr2:201085748_C>T,3.658746719,1,12,NDUFB3,UTR3
3-end RNA-seq,Adnexal epithelial,chr2:20449338_C>A,20.869674326,2,12;16,RHOB,UTR3
3-end RNA-seq,Adnexal epithelial,chr2:20449345_C>A,1.674082041,1,12,RHOB,UTR3
3-end RNA-seq,Adnexal epithelial,chr2:20449370_C>A,8.677595673,2,12;16,RHOB,UTR3
3-end RNA-seq,Adnexal epithelial,chr2:20449380_C>A,5.3938944955,2,12;16,RHOB,UTR3
3-end RNA-seq,Adnexal epithelial,chr2:20449439_T>C,4.882491827,2,12;16,RHOB,UTR3
3-end RNA-seq,Adnexal epithelial,chr2:84905656_G>T,1.594802618,1,12,TMSB10,UTR5
3-end RNA-seq,Adnexal epithelial,chr3:101860800_A>T,3.825155735,1,12,NFKBIZ,UTR3
3-end RNA-seq,Adnexal epithelial,chr3:120602326_T>C,4.334354401,1,12,NDUFB4,UTR3
3-end RNA-seq,Adnexal epithelial,chr3:123969018_C>T,4.534401417,1,12,ROPN1,UTR3
3-end RNA-seq,Adnexal epithelial,chr3:161344801_A>G,2.466942549,1,12,SPTSSB,UTR3
3-end RNA-seq,Adnexal epithelial,chr3:169772287_A>G,2.555639267,1,12,ACTRT3;MYNN,intergenic
3-end RNA-seq,Adnexal epithelial,chr3:180977074_C>T,4.859708309,1,12,FXR1,UTR3
3-end RNA-seq,Adnexal epithelial,chr3:185552289_C>A,4.842786789,1,12,LIPH,intronic
3-end RNA-seq,Adnexal epithelial,chr3:190311972_A>G,5.263293266,1,12,CLDN1;CLDN16,intronic
3-end RNA-seq,Adnexal epithelial,chr3:195715523_G>A,4.983733654,1,12,MIR570HG;MUC20,intergenic
3-end RNA-seq,Adnexal epithelial,chr3:197001743_C>T,4.81066227,1,12,MELTF,UTR3
3-end RNA-seq,Adnexal epithelial,chr3:40462277_C>A,5.253440678,2,12;16,RPL14,UTR3
3-end RNA-seq,Adnexal epithelial,chr3:46436006_A>G,12.74579144,1,12,LTF,UTR3
3-end RNA-seq,Adnexal epithelial,chr3:4985178_G>A,5.234584808,1,12,BHLHE40,UTR3
3-end RNA-seq,Adnexal epithelial,chr3:66378845_T>G,6.474152088,1,12,LRIG1;SLC25A26,UTR3
3-end RNA-seq,Adnexal epithelial,chr4:108620577_C>T,3.633275509,1,12,RPL34,UTR5
3-end RNA-seq,Adnexal epithelial,chr4:165498306_T>C,7.237034798,1,16,CPE,UTR3
3-end RNA-seq,Adnexal epithelial,chr4:17486397_C>T,3.049402475,1,12,QDPR,UTR3
3-end RNA-seq,Adnexal epithelial,chr4:185517377_A>G,10.783330919499999,2,12;16,PDLIM3,intronic
3-end RNA-seq,Adnexal epithelial,chr4:74036597_C>T,2.008919239,1,12,CXCL3,UTR3
3-end RNA-seq,Adnexal epithelial,chr4:74097041_A>T,3.466923952,1,12,CXCL2,UTR3
3-end RNA-seq,Adnexal epithelial,chr5:128178637_G>A,2.776562214,1,12,SLC12A2,exonic
3-end RNA-seq,Adnexal epithelial,chr5:128178644_C>A,1.693411112,1,12,SLC12A2,exonic
3-end RNA-seq,Adnexal epithelial,chr5:132190188_T>C,22.591762783,2,12;16,P4HA2-AS1,ncRNA_intronic
3-end RNA-seq,Adnexal epithelial,chr5:132483085_A>T,5.201903343,1,12,IRF1,UTR3
3-end RNA-seq,Adnexal epithelial,chr5:14651754_T>C,7.961118698,1,12,SNORD141A;SNORD141B,downstream
3-end RNA-seq,Adnexal epithelial,chr5:149500198_C>T,15.920162322,2,12;16,CSNK1A1,intronic
3-end RNA-seq,Adnexal epithelial,chr5:168469712_A>C,9.34141457,2,12;16,WWC1,UTR3
3-end RNA-seq,Adnexal epithelial,chr5:176389759_T>C,2.498966217,1,12,HIGD2A,UTR3
3-end RNA-seq,Adnexal epithelial,chr5:60489772_A>G,4.075900078,1,12,PART1,ncRNA_exonic
3-end RNA-seq,Adnexal epithelial,chr6:10829086_C>T,2.138215542,1,12,MAK,intronic
3-end RNA-seq,Adnexal epithelial,chr6:109366516_A>G,1.793799162,1,12,CD164,UTR3
3-end RNA-seq,Adnexal epithelial,chr6:12296542_G>A,54.09190369,1,16,EDN1,UTR3
3-end RNA-seq,Adnexal epithelial,chr6:125263492_T>C,5.3760156630000004,1,12,TPD52L1,UTR3
3-end RNA-seq,Adnexal epithelial,chr6:14136677_G>A,2.679932117,1,12,CD83,UTR3
3-end RNA-seq,Adnexal epithelial,chr6:158635028_G>A,7.095380306,1,12,TMEM181,UTR3
3-end RNA-seq,Adnexal epithelial,chr6:158766313_C>A,7.931392193,1,12,EZR,UTR3
3-end RNA-seq,Adnexal epithelial,chr6:170282208_G>T,4.692030907,1,12,DLL1,UTR3
3-end RNA-seq,Adnexal epithelial,chr6:21594119_G>A,3.394726038,1,12,SOX4,UTR5
3-end RNA-seq,Adnexal epithelial,chr6:21598493_G>A,1.980265856,1,12,SOX4,UTR3
3-end RNA-seq,Adnexal epithelial,chr6:28837861_G>T,12.73537827,1,12,LINC00533;LINC01623,intergenic
3-end RNA-seq,Adnexal epithelial,chr6:31353909_A>C,35.7150669085,2,12;16,HLA-B,UTR3
3-end RNA-seq,Adnexal epithelial,chr6:31830177_C>G,1.61854279,1,12,HSPA1B,UTR3
3-end RNA-seq,Adnexal epithelial,chr6:32578981_C>T,8.201952934,1,12,HLA-DRB1,UTR3
3-end RNA-seq,Adnexal epithelial,chr6:43161653_G>T,1.57196486,1,12,PTK7,UTR3
3-end RNA-seq,Adnexal epithelial,chr6:49727384_C>T,9.403690338,1,12,CRISP3,UTR3
3-end RNA-seq,Adnexal epithelial,chr6:49727527_T>G,9.198611259,1,12,CRISP3,UTR3
3-end RNA-seq,Adnexal epithelial,chr6:75890192_G>A,4.919228077,1,12,MYO6,exonic
3-end RNA-seq,Adnexal epithelial,chr6:87674995_G>A,6.547929764,1,12,AKIRIN2,UTR3
3-end RNA-seq,Adnexal epithelial,chr7:138803779_G>A,4.189635277,1,12,TMEM213,UTR3
3-end RNA-seq,Adnexal epithelial,chr7:138806518_G>A,4.730903625,1,12,TMEM213,UTR3
3-end RNA-seq,Adnexal epithelial,chr7:138806757_T>C,10.45563221,1,12,TMEM213,UTR3
3-end RNA-seq,Adnexal epithelial,chr7:73832684_G>A,4.641533375,1,12,CLDN4,UTR3
3-end RNA-seq,Adnexal epithelial,chr7:91268714_C>A,6.947443962,1,12,FZD1,UTR3
3-end RNA-seq,Adnexal epithelial,chr7:95583503_A>T,88.47501373,1,16,PDK4,UTR3
3-end RNA-seq,Adnexal epithelial,chr7:99966729_A>T,35.4177911275,2,12;16,AZGP1,downstream
3-end RNA-seq,Adnexal epithelial,chr7:99966765_T>G,3.945910454,1,16,AZGP1,UTR3
3-end RNA-seq,Adnexal epithelial,chr7:99966770_A>G,51.53491211,1,16,AZGP1,UTR3
3-end RNA-seq,Adnexal epithelial,chr7:99966770_A>T,3.948276758,1,12,AZGP1,UTR3
3-end RNA-seq,Adnexal epithelial,chr7:99966772_T>G,31.0491854845,2,12;16,AZGP1,UTR3
3-end RNA-seq,Adnexal epithelial,chr7:99966777_A>G,17.5574516035,2,12;16,AZGP1,UTR3
3-end RNA-seq,Adnexal epithelial,chr7:99966815_G>T,85.02925873,1,16,AZGP1,UTR3
3-end RNA-seq,Adnexal epithelial,chr8:101686549_A>G,4.394069195,1,12,NCALD,UTR3
3-end RNA-seq,Adnexal epithelial,chr8:130780355_G>A,3.882863522,1,12,ADCY8,UTR3
3-end RNA-seq,Adnexal epithelial,chr8:29333164_T>A,14.18924713,1,16,DUSP4,UTR3
3-end RNA-seq,Adnexal epithelial,chr8:29336222_A>T,38.14037323,1,16,DUSP4,UTR3
3-end RNA-seq,Adnexal epithelial,chr8:41262046_A>T,4.538866997,1,12,SFRP1,UTR3
3-end RNA-seq,Adnexal epithelial,chr8:41264327_C>T,3.639406204,1,12,SFRP1,UTR3
3-end RNA-seq,Adnexal epithelial,chr8:41264335_A>T,4.362418652,1,12,SFRP1,UTR3
3-end RNA-seq,Adnexal epithelial,chr8:41265239_G>T,2.65056181,1,12,SFRP1,exonic
3-end RNA-seq,Adnexal epithelial,chr8:41265464_C>T,8.021136284,1,12,SFRP1,exonic
3-end RNA-seq,Adnexal epithelial,chr8:41265469_C>T,3.892709017,1,12,SFRP1,exonic
3-end RNA-seq,Adnexal epithelial,chr8:41265479_C>T,5.089502811,1,12,SFRP1,exonic
3-end RNA-seq,Adnexal epithelial,chr8:67043082_C>T,2.223222733,1,12,COPS5,UTR3
3-end RNA-seq,Adnexal epithelial,chr8:96235543_G>A,4.205462933,1,12,UQCRB,UTR5
3-end RNA-seq,Adnexal epithelial,chr9:110172339_G>A,5.228689671,1,12,PALM2AKAP2,UTR3
3-end RNA-seq,Adnexal epithelial,chr9:114598055_T>C,1.275625467,1,12,ATP6V1G1,UTR3
3-end RNA-seq,Adnexal epithelial,chr9:121332829_C>A,1.486456871,1,12,GSN,UTR3
3-end RNA-seq,Adnexal epithelial,chr9:137168762_C>T,75.05519104,1,16,LRRC26,UTR3
3-end RNA-seq,Adnexal epithelial,chr9:14082785_G>A,11.0318767445,2,12;16,NFIB,UTR3
3-end RNA-seq,Adnexal epithelial,chr9:14087580_C>T,19.927615164,2,12;16,NFIB,UTR3
3-end RNA-seq,Adnexal epithelial,chr9:6037867_A>G,4.247735977,1,12,RANBP6;IL33,intergenic
3-end RNA-seq,Adnexal epithelial,chr9:69327624_G>A,7.87324667,1,12,FAM189A2,intronic
3-end RNA-seq,Adnexal epithelial,chr9:73170391_C>A,1.350233912,1,12,ANXA1,UTR3
3-end RNA-seq,Adnexal epithelial,chr9:73170391_C>T,3.448763132,1,12,ANXA1,UTR3
3-end RNA-seq,Adnexal epithelial,chr9:7798518_G>C,2.48845458,1,12,DMAC1,exonic
3-end RNA-seq,Adnexal epithelial,chrX:119876649_T>A,0.80957371,1,12,NDUFA1,UTR3
3-end RNA-seq,Adnexal epithelial,chrX:23784026_G>A,4.311275005,1,12,SAT1,intronic
3-end RNA-seq,Adnexal epithelial,chrX:23784028_G>A,28.5845830455,2,12;16,SAT1,intronic
3-end RNA-seq,Adnexal epithelial,chrX:23786208_T>C,9.3115843525,2,12;16,SAT1,UTR3
3-end RNA-seq,Adnexal epithelial,chrX:24550315_A>G,6.176326275,1,12,PDK3,UTR3
3-end RNA-seq,Endothelial,chr10:102784996_A>C,2.320668697,1,0,WBP1L,intronic
3-end RNA-seq,Endothelial,chr10:110925046_A>G,1.287812471,1,0,SHOC2,intronic
3-end RNA-seq,Endothelial,chr10:110964476_G>A,0.897443295,1,0,SHOC2,exonic
3-end RNA-seq,Endothelial,chr10:114294863_A>C,2.844689846,1,0,AFAP1L2,UTR3
3-end RNA-seq,Endothelial,chr10:114864713_C>A,0.740181625,1,0,FAM160B1,UTR3
3-end RNA-seq,Endothelial,chr10:123745668_T>C,2.114643812,1,0,CPXM2,UTR3
3-end RNA-seq,Endothelial,chr10:12896627_G>T,2.016574144,1,0,CCDC3,UTR3
3-end RNA-seq,Endothelial,chr10:15211770_T>A,2.012618542,1,0,FAM171A1,UTR3
3-end RNA-seq,Endothelial,chr10:17237314_T>A,1.36151576,1,0,VIM,UTR3
3-end RNA-seq,Endothelial,chr10:17237586_A>G,2.015070438,1,0,VIM,UTR3
3-end RNA-seq,Endothelial,chr10:22534971_G>T,1.03189826,1,0,PIP4K2A,UTR3
3-end RNA-seq,Endothelial,chr10:30012806_C>T,2.338594198,1,0,JCAD,UTR3
3-end RNA-seq,Endothelial,chr10:31341766_G>A,1.879710555,1,0,ZEB1,intronic
3-end RNA-seq,Endothelial,chr10:32034762_C>T,1.747497439,1,0,KIF5B,exonic
3-end RNA-seq,Endothelial,chr10:32929932_A>T,1.934913278,1,0,ITGB1,exonic
3-end RNA-seq,Endothelial,chr10:33198267_G>C,1.095953822,1,0,NRP1,intronic
3-end RNA-seq,Endothelial,chr10:3779163_T>C,1.960843563,1,0,KLF6,UTR3
3-end RNA-seq,Endothelial,chr10:44370159_G>T,0.955126166,1,0,CXCL12,downstream
3-end RNA-seq,Endothelial,chr10:44370338_G>T,2.319447756,1,0,CXCL12,UTR3
3-end RNA-seq,Endothelial,chr10:44375954_C>T,2.176230431,1,0,CXCL12,exonic
3-end RNA-seq,Endothelial,chr10:44375972_C>T,1.586235404,1,0,CXCL12,exonic
3-end RNA-seq,Endothelial,chr10:44375975_C>T,1.213101149,1,0,CXCL12,exonic
3-end RNA-seq,Endothelial,chr10:44376001_C>T,0.7353127,1,0,CXCL12,exonic
3-end RNA-seq,Endothelial,chr10:44376009_C>T,4.108489513,1,0,CXCL12,exonic
3-end RNA-seq,Endothelial,chr10:44976488_G>C,2.536023617,1,0,DEPP1,UTR3
3-end RNA-seq,Endothelial,chr10:75532052_G>A,3.012325287,1,0,LRMDA,intronic
3-end RNA-seq,Endothelial,chr10:86963183_T>A,2.164870739,1,0,SNCG,UTR3
3-end RNA-seq,Endothelial,chr10:86963199_A>C,2.272553682,1,0,SNCG,UTR3
3-end RNA-seq,Endothelial,chr10:86970558_G>A,3.209970236,1,0,ADIRF,exonic
3-end RNA-seq,Endothelial,chr10:87050581_A>T,0.785232663,1,0,GLUD1,UTR3
3-end RNA-seq,Endothelial,chr10:89403984_C>A,2.058141947,1,0,IFIT1,UTR3
3-end RNA-seq,Endothelial,chr10:96958898_G>A,1.390764713,1,0,LCOR,UTR3
3-end RNA-seq,Endothelial,chr10:97436232_G>T,2.336510897,1,0,EXOSC1,UTR3
3-end RNA-seq,Endothelial,chr11:110257842_A>T,1.792077661,1,0,RDX,exonic
3-end RNA-seq,Endothelial,chr11:116922977_C>T,1.410345078,1,0,SIK3,intronic
3-end RNA-seq,Endothelial,chr11:117076590_G>A,2.904358387,1,0,SIK3,intronic
3-end RNA-seq,Endothelial,chr11:118658026_G>A,1.794735789,1,0,PHLDB1;TREH,UTR3
3-end RNA-seq,Endothelial,chr11:119018344_G>A,2.767916441,1,0,RPS25;TRAPPC4,upstream
3-end RNA-seq,Endothelial,chr11:119308532_C>T,1.613738179,1,0,MCAM,UTR3
3-end RNA-seq,Endothelial,chr11:119338958_A>T,0.740585148,1,0,C1QTNF5;MFRP,UTR3
3-end RNA-seq,Endothelial,chr11:119338962_A>T,1.61540997,1,0,C1QTNF5;MFRP,UTR3
3-end RNA-seq,Endothelial,chr11:119338993_A>C,1.461659789,1,0,C1QTNF5;MFRP,UTR3
3-end RNA-seq,Endothelial,chr11:120215093_C>A,3.247372627,1,0,OAF,intronic
3-end RNA-seq,Endothelial,chr11:12168863_C>G,2.187490463,1,0,MICAL2,intronic
3-end RNA-seq,Endothelial,chr11:124753129_C>T,1.602475047,1,0,ESAM,UTR3
3-end RNA-seq,Endothelial,chr11:124753134_C>T,1.24113965,1,0,ESAM,UTR3
3-end RNA-seq,Endothelial,chr11:128458907_G>T,2.134006262,1,0,ETS1,UTR3
3-end RNA-seq,Endothelial,chr11:128458917_G>T,1.284032345,1,0,ETS1,UTR3
3-end RNA-seq,Endothelial,chr11:17086579_A>G,1.266330719,1,0,PIK3C2A,UTR3
3-end RNA-seq,Endothelial,chr11:1752756_A>G,1.18908596,1,0,CTSD,UTR3
3-end RNA-seq,Endothelial,chr11:18366581_G>C,1.304724097,1,0,GTF2H1,UTR3
3-end RNA-seq,Endothelial,chr11:2129214_T>C,4.131997585,1,0,IGF2,UTR3
3-end RNA-seq,Endothelial,chr11:2883633_C>T,1.725260019,1,0,CDKN1C,UTR3
3-end RNA-seq,Endothelial,chr11:319732_G>A,3.217571497,1,0,IFITM3,UTR3
3-end RNA-seq,Endothelial,chr11:320772_A>G,0.686796129,1,0,IFITM3,exonic
3-end RNA-seq,Endothelial,chr11:33858579_C>T,1.703287244,1,0,LMO2,UTR3
3-end RNA-seq,Endothelial,chr11:33858621_C>T,1.592092633,1,0,LMO2,UTR3
3-end RNA-seq,Endothelial,chr11:44932424_G>A,1.768927097,1,0,TP53I11,UTR3
3-end RNA-seq,Endothelial,chr11:5710772_G>A,2.143645525,1,0,TRIM22,UTR3
3-end RNA-seq,Endothelial,chr11:57233593_G>A,0.716456831,1,0,APLNR,UTR3
3-end RNA-seq,Endothelial,chr11:57233593_G>T,1.799152851,1,0,APLNR,UTR3
3-end RNA-seq,Endothelial,chr11:57528510_T>C,1.617724299,1,0,TIMM10,UTR3
3-end RNA-seq,Endothelial,chr11:6318948_C>T,2.173066139,1,0,CAVIN3,UTR3
3-end RNA-seq,Endothelial,chr11:64934476_G>A,3.041848898,1,0,GPHA2,UTR3
3-end RNA-seq,Endothelial,chr11:65428834_T>C,1.914831758,1,0,NEAT1,ncRNA_exonic
3-end RNA-seq,Endothelial,chr11:65440843_A>T,2.764508486,1,0,NEAT1,ncRNA_exonic
3-end RNA-seq,Endothelial,chr11:65499856_G>A,1.325185418,1,0,MALAT1;TALAM1,ncRNA_exonic
3-end RNA-seq,Endothelial,chr11:65499947_G>A,2.082793236,1,0,MALAT1;TALAM1,ncRNA_exonic
3-end RNA-seq,Endothelial,chr11:65502829_T>A,3.004012346,1,0,MALAT1;TALAM1,ncRNA_exonic
3-end RNA-seq,Endothelial,chr11:65504873_G>A,2.582914591,1,0,MALAT1;TALAM1,ncRNA_exonic
3-end RNA-seq,Endothelial,chr11:75572765_T>A,0.826176107,1,0,SERPINH1,UTR3
3-end RNA-seq,Endothelial,chr11:75572766_A>T,0.480398625,1,0,SERPINH1,UTR3
3-end RNA-seq,Endothelial,chr11:825089_T>A,1.60306263,1,0,PNPLA2,UTR3
3-end RNA-seq,Endothelial,chr11:82689907_A>T,3.466142416,1,0,MIR4300HG;FAM181B,intergenic
3-end RNA-seq,Endothelial,chr11:86809175_G>A,1.844619155,1,0,PRSS23,UTR3
3-end RNA-seq,Endothelial,chr11:93536113_A>G,1.566376925,1,0,SMCO4,intronic
3-end RNA-seq,Endothelial,chr12:112022927_T>C,1.705550075,1,0,ERP29,UTR3
3-end RNA-seq,Endothelial,chr12:122981203_G>A,0.765793443,1,0,ARL6IP4,exonic
3-end RNA-seq,Endothelial,chr12:127165908_A>T,2.063993692,1,0,LINC02405;LINC02376,intergenic
3-end RNA-seq,Endothelial,chr12:12791408_T>C,3.133518219,1,0,APOLD1,UTR3
3-end RNA-seq,Endothelial,chr12:12791463_C>A,3.386095047,1,0,APOLD1,UTR3
3-end RNA-seq,Endothelial,chr12:13197782_A>G,2.926521778,1,0,EMP1,intronic
3-end RNA-seq,Endothelial,chr12:13197782_A>T,3.403004169,1,0,EMP1,intronic
3-end RNA-seq,Endothelial,chr12:13201416_C>A,2.044654608,1,0,EMP1,intronic
3-end RNA-seq,Endothelial,chr12:1695534_G>A,2.268055677,1,0,ADIPOR2,intronic
3-end RNA-seq,Endothelial,chr12:29668626_A>C,4.977444172,1,0,TMTC1,intronic
3-end RNA-seq,Endothelial,chr12:45904652_T>C,1.426226735,1,0,ARID2,intronic
3-end RNA-seq,Endothelial,chr12:48857147_C>T,1.775465369,1,0,RND1,UTR3
3-end RNA-seq,Endothelial,chr12:48857151_A>G,5.494096279,1,0,RND1,UTR3
3-end RNA-seq,Endothelial,chr12:51245354_C>T,1.889538169,1,0,SMAGP,UTR3
3-end RNA-seq,Endothelial,chr12:53479688_C>T,1.496590495,1,0,MAP3K12;PCBP2,UTR3
3-end RNA-seq,Endothelial,chr12:54395269_C>T,3.300634384,1,0,LOC102724050,ncRNA_intronic
3-end RNA-seq,Endothelial,chr12:56205486_A>T,1.558109879,1,0,RNF41,UTR3
3-end RNA-seq,Endothelial,chr12:56229749_G>A,1.545734525,1,0,NABP2,UTR3
3-end RNA-seq,Endothelial,chr12:56595584_T>A,1.191285014,1,0,RBMS2,UTR3
3-end RNA-seq,Endothelial,chr12:5893631_C>T,2.038260698,1,0,ANO2,intronic
3-end RNA-seq,Endothelial,chr12:5948880_T>C,2.478015184,1,0,VWF,UTR3
3-end RNA-seq,Endothelial,chr12:5948881_G>T,2.203298807,1,0,VWF,UTR3
3-end RNA-seq,Endothelial,chr12:5948882_C>T,2.63832593,1,0,VWF,UTR3
3-end RNA-seq,Endothelial,chr12:6094727_A>G,2.688056231,1,0,VWF,intronic
3-end RNA-seq,Endothelial,chr12:64697394_T>G,1.132257819,1,0,RASSF3,UTR3
3-end RNA-seq,Endothelial,chr12:6770888_A>C,0.775925219,1,0,PTMS,UTR3
3-end RNA-seq,Endothelial,chr12:6770904_T>A,0.514925957,1,0,PTMS,UTR3
3-end RNA-seq,Endothelial,chr12:6770908_T>A,1.273500443,1,0,PTMS,UTR3
3-end RNA-seq,Endothelial,chr12:6770943_C>A,1.021029949,1,0,PTMS,UTR3
3-end RNA-seq,Endothelial,chr12:68613388_T>A,1.33325839,1,0,RAP1B,intronic
3-end RNA-seq,Endothelial,chr12:6945959_A>C,1.022536039,1,0,C12orf57,UTR3
3-end RNA-seq,Endothelial,chr12:69593036_G>A,2.250739098,1,0,CCT2,exonic
3-end RNA-seq,Endothelial,chr12:7923838_A>G,1.716930151,1,0,SLC2A3,intronic
3-end RNA-seq,Endothelial,chr12:89348369_A>G,1.558054924,1,0,DUSP6,UTR3
3-end RNA-seq,Endothelial,chr12:9068793_G>T,1.708729744,1,0,A2M,exonic
3-end RNA-seq,Endothelial,chr12:94971335_T>C,1.631116509,1,0,NDUFA12,UTR3
3-end RNA-seq,Endothelial,chr12:96194544_G>A,1.390043497,1,0,ELK3,UTR5
3-end RNA-seq,Endothelial,chr12:96194565_G>A,1.538395762,1,0,ELK3,UTR5
3-end RNA-seq,Endothelial,chr12:96269816_T>A,0.428724587,1,0,ELK3,UTR3
3-end RNA-seq,Endothelial,chr12:96269816_T>C,1.020225048,1,0,ELK3,UTR3
3-end RNA-seq,Endothelial,chr13:107169802_C>T,1.066135287,1,0,FAM155A,UTR3
3-end RNA-seq,Endothelial,chr13:107469892_T>C,3.77709341,1,0,FAM155A,intronic
3-end RNA-seq,Endothelial,chr13:107757435_C>T,3.506358624,1,0,FAM155A,intronic
3-end RNA-seq,Endothelial,chr13:107828587_C>A,4.592143536,1,0,FAM155A-IT1,ncRNA_intronic
3-end RNA-seq,Endothelial,chr13:107828589_A>C,3.863224506,1,0,FAM155A-IT1,ncRNA_intronic
3-end RNA-seq,Endothelial,chr13:107828597_C>A,2.965507984,1,0,FAM155A-IT1,ncRNA_intronic
3-end RNA-seq,Endothelial,chr13:110513024_T>C,1.43596518,1,0,COL4A2,UTR3
3-end RNA-seq,Endothelial,chr13:110513025_A>G,2.425544739,1,0,COL4A2,UTR3
3-end RNA-seq,Endothelial,chr13:27945508_G>A,1.170579791,1,0,PDX1;LINC00543,intergenic
3-end RNA-seq,Endothelial,chr13:28300467_G>T,2.447193861,1,0,FLT1,UTR3
3-end RNA-seq,Endothelial,chr13:28300516_T>C,2.825688124,1,0,FLT1,UTR3
3-end RNA-seq,Endothelial,chr13:28300529_A>C,2.164051771,1,0,FLT1,UTR3
3-end RNA-seq,Endothelial,chr13:28385551_C>T,2.259427786,1,0,FLT1,UTR3
3-end RNA-seq,Endothelial,chr13:28385649_G>T,3.471476793,1,0,FLT1,UTR3
3-end RNA-seq,Endothelial,chr13:28387785_C>A,2.82871747,1,0,FLT1,UTR3
3-end RNA-seq,Endothelial,chr13:28387808_T>A,2.143383265,1,0,FLT1,UTR3
3-end RNA-seq,Endothelial,chr13:28389684_A>G,4.245792866,1,0,FLT1,UTR3
3-end RNA-seq,Endothelial,chr13:28409369_C>T,6.528631687,1,0,FLT1,intronic
3-end RNA-seq,Endothelial,chr13:36844906_G>A,2.758225441,1,0,SMAD9,UTR3
3-end RNA-seq,Endothelial,chr13:40558939_A>G,1.189414978,1,0,FOXO1,UTR3
3-end RNA-seq,Endothelial,chr13:44307194_A>G,1.72431767,1,0,MIR8079;SERP2,intergenic
3-end RNA-seq,Endothelial,chr13:44307213_C>A,0.842949748,1,0,MIR8079;SERP2,intergenic
3-end RNA-seq,Endothelial,chr13:44307255_G>A,1.738362432,1,0,MIR8079;SERP2,intergenic
3-end RNA-seq,Endothelial,chr13:45336868_G>A,3.38647294,1,0,TPT1,UTR3
3-end RNA-seq,Endothelial,chr13:48047020_A>C,1.084399819,1,0,NUDT15,UTR3
3-end RNA-seq,Endothelial,chr13:48261386_A>G,2.299926758,1,0,ITM2B,UTR3
3-end RNA-seq,Endothelial,chr13:52377170_G>A,2.837710142,1,0,THSD1,UTR3
3-end RNA-seq,Endothelial,chr13:57630340_G>A,4.154996872,1,0,PRR20B;PCDH17,intergenic
3-end RNA-seq,Endothelial,chr13:57631132_G>A,2.976107121,1,0,PCDH17,upstream
3-end RNA-seq,Endothelial,chr13:57725287_G>A,3.210502625,1,0,PCDH17,exonic
3-end RNA-seq,Endothelial,chr13:57725292_T>C,1.564610362,1,0,PCDH17,exonic
3-end RNA-seq,Endothelial,chr13:57725293_G>A,2.434035778,1,0,PCDH17,exonic
3-end RNA-seq,Endothelial,chr13:57725536_G>A,1.608314753,1,0,PCDH17,UTR3
3-end RNA-seq,Endothelial,chr13:57728517_T>A,3.574864388,1,0,PCDH17,UTR3
3-end RNA-seq,Endothelial,chr13:76880177_A>T,1.6959095,1,0,KCTD12,UTR3
3-end RNA-seq,Endothelial,chr13:79319996_T>C,0.491014898,1,0,RBM26,UTR3
3-end RNA-seq,Endothelial,chr14:105141749_A>T,0.668766558,1,0,JAG2,UTR3
3-end RNA-seq,Endothelial,chr14:105141752_C>T,2.316304207,1,0,JAG2,UTR3
3-end RNA-seq,Endothelial,chr14:105488785_G>A,2.733147383,1,0,CRIP1,UTR3
3-end RNA-seq,Endothelial,chr14:105488786_A>C,2.375344753,1,0,CRIP1,UTR3
3-end RNA-seq,Endothelial,chr14:24332255_C>T,1.961308837,1,0,ADCY4,intronic
3-end RNA-seq,Endothelial,chr14:24332259_C>T,2.076967478,1,0,ADCY4,intronic
3-end RNA-seq,Endothelial,chr14:38254110_A>G,1.339924335,1,0,CLEC14A,UTR3
3-end RNA-seq,Endothelial,chr14:38254137_T>A,0.625876248,1,0,CLEC14A,UTR3
3-end RNA-seq,Endothelial,chr14:38254138_A>T,1.641858101,1,0,CLEC14A,UTR3
3-end RNA-seq,Endothelial,chr14:49618691_G>A,0.578367949,1,0,RPL36AL,UTR3
3-end RNA-seq,Endothelial,chr14:49623282_C>T,2.863066196,1,0,MGAT2,UTR3
3-end RNA-seq,Endothelial,chr14:55145408_G>A,0.807363629,1,0,LGALS3,UTR3
3-end RNA-seq,Endothelial,chr14:55612385_G>A,1.508010387,1,0,KTN1,exonic
3-end RNA-seq,Endothelial,chr14:63291844_G>A,4.21180582,1,0,RHOJ,UTR3
3-end RNA-seq,Endothelial,chr14:68874301_C>T,1.815845251,1,0,ACTN1,UTR3
3-end RNA-seq,Endothelial,chr14:68925342_A>T,3.07374692,1,0,ACTN1,intronic
3-end RNA-seq,Endothelial,chr14:75280570_A>C,4.213735104,1,0,FOS,exonic
3-end RNA-seq,Endothelial,chr14:75282125_C>A,2.212885857,1,0,FOS,UTR3
3-end RNA-seq,Endothelial,chr14:90260120_G>A,0.439624339,1,0,PSMC1,exonic
3-end RNA-seq,Endothelial,chr14:90404785_C>T,0.4999623,1,0,CALM1,UTR3
3-end RNA-seq,Endothelial,chr14:90405605_C>A,1.591529846,1,0,CALM1,UTR3
3-end RNA-seq,Endothelial,chr14:92839825_A>T,1.769353986,1,0,GOLGA5,UTR3
3-end RNA-seq,Endothelial,chr14:94115840_A>C,2.445184946,1,0,IFI27,exonic
3-end RNA-seq,Endothelial,chr14:94116660_G>A,3.247707367,1,0,IFI27,UTR3
3-end RNA-seq,Endothelial,chr14:94116688_C>T,2.936653376,1,0,IFI27,UTR3
3-end RNA-seq,Endothelial,chr14:94116700_G>A,2.861398935,1,0,IFI27,downstream
3-end RNA-seq,Endothelial,chr15:101175804_A>G,2.059029818,1,0,CHSY1,UTR3
3-end RNA-seq,Endothelial,chr15:40036452_C>T,0.898130953,1,0,SRP14,exonic
3-end RNA-seq,Endothelial,chr15:40938951_G>T,2.253917217,1,0,DLL4,UTR3
3-end RNA-seq,Endothelial,chr15:40938953_A>T,1.947297692,1,0,DLL4,UTR3
3-end RNA-seq,Endothelial,chr15:40938954_G>T,0.832982719,1,0,DLL4,UTR3
3-end RNA-seq,Endothelial,chr15:40938958_A>T,2.0511717799999998,1,0,DLL4,UTR3
3-end RNA-seq,Endothelial,chr15:40938977_C>A,4.787281036,1,0,DLL4,UTR3
3-end RNA-seq,Endothelial,chr15:40938992_C>A,1.326218247,1,0,DLL4,UTR3
3-end RNA-seq,Endothelial,chr15:40939009_C>A,0.755433559,1,0,DLL4,UTR3
3-end RNA-seq,Endothelial,chr15:40939012_C>A,1.517340422,1,0,DLL4,UTR3
3-end RNA-seq,Endothelial,chr15:40939022_C>A,1.027924657,1,0,DLL4,UTR3
3-end RNA-seq,Endothelial,chr15:41899443_A>G,1.561581135,1,0,EHD4,UTR3
3-end RNA-seq,Endothelial,chr15:43793922_C>T,1.273440242,1,0,SERF2,exonic
3-end RNA-seq,Endothelial,chr15:44714745_T>A,2.190946817,1,0,B2M,intronic
3-end RNA-seq,Endothelial,chr15:48878920_T>A,1.584174156,1,0,EID1,UTR3
3-end RNA-seq,Endothelial,chr15:59638861_A>T,0.645642579,1,0,GTF2A2,UTR3
3-end RNA-seq,Endothelial,chr15:62163657_T>C,7.22790432,1,0,C2CD4B,UTR3
3-end RNA-seq,Endothelial,chr15:71875826_C>T,1.44410038,1,0,MYO9A,exonic
3-end RNA-seq,Endothelial,chr15:72325279_C>A,2.230403662,1,0,CELF6;HEXA,intergenic
3-end RNA-seq,Endothelial,chr15:85698817_G>A,1.53295505,1,0,AKAP13,intronic
3-end RNA-seq,Endothelial,chr15:92889496_G>A,2.203490734,1,0,CHASERR,ncRNA_intronic
3-end RNA-seq,Endothelial,chr15:93002203_G>A,2.847190857,1,0,CHD2,exonic
3-end RNA-seq,Endothelial,chr15:99670443_C>T,3.597732544,1,0,MEF2A,intronic
3-end RNA-seq,Endothelial,chr16:1555566_G>A,1.322377324,1,0,TMEM204,UTR3
3-end RNA-seq,Endothelial,chr16:2038223_G>C,1.97724843,1,0,SLC9A3R2,UTR3
3-end RNA-seq,Endothelial,chr16:2038253_C>G,1.900479555,1,0,SLC9A3R2,UTR3
3-end RNA-seq,Endothelial,chr16:2038396_A>C,2.620535851,1,0,SLC9A3R2,UTR3
3-end RNA-seq,Endothelial,chr16:2038401_C>G,1.22722137,1,0,SLC9A3R2,UTR3
3-end RNA-seq,Endothelial,chr16:2038411_T>C,0.348248065,1,0,SLC9A3R2,UTR3
3-end RNA-seq,Endothelial,chr16:2038455_T>G,0.619514644,1,0,SLC9A3R2,UTR3
3-end RNA-seq,Endothelial,chr16:2038457_C>A,1.9133178,1,0,SLC9A3R2,UTR3
3-end RNA-seq,Endothelial,chr16:3069398_A>C,0.840106666,1,0,IL32,UTR3
3-end RNA-seq,Endothelial,chr16:3069409_T>A,1.680090308,1,0,IL32,UTR3
3-end RNA-seq,Endothelial,chr16:46956432_G>T,0.594269872,1,0,DNAJA2,UTR3
3-end RNA-seq,Endothelial,chr16:55506181_T>A,2.153896093,1,0,MMP2,UTR3
3-end RNA-seq,Endothelial,chr16:55506229_T>A,1.370669603,1,0,MMP2,UTR3
3-end RNA-seq,Endothelial,chr16:55584984_C>A,2.994209051,1,0,LPCAT2,UTR3
3-end RNA-seq,Endothelial,chr16:57147964_T>A,1.445950747,1,0,CPNE2,UTR3
3-end RNA-seq,Endothelial,chr16:57385042_G>A,1.656255126,1,0,CX3CL1,UTR3
3-end RNA-seq,Endothelial,chr16:57665025_C>A,1.587805271,1,0,ADGRG1,UTR3
3-end RNA-seq,Endothelial,chr16:674172_G>A,1.576894999,1,0,RHOT2,UTR3
3-end RNA-seq,Endothelial,chr17:1422324_G>A,0.894806445,1,0,CRK,UTR3
3-end RNA-seq,Endothelial,chr17:144266_G>T,3.358018398,1,0,DOC2B,UTR3
3-end RNA-seq,Endothelial,chr17:1633857_A>T,3.829501629,1,0,SCARF1,downstream
3-end RNA-seq,Endothelial,chr17:18244892_T>G,0.996472955,1,0,FLII,UTR3
3-end RNA-seq,Endothelial,chr17:19188153_C>T,2.300641775,1,0,SNORD3A,ncRNA_exonic
3-end RNA-seq,Endothelial,chr17:28134043_A>G,1.562667489,1,0,NLK,intronic
3-end RNA-seq,Endothelial,chr17:34257199_C>A,3.693123341,1,0,CCL2,UTR3
3-end RNA-seq,Endothelial,chr17:35273629_T>A,2.519423723,1,0,SLFN5,UTR3
3-end RNA-seq,Endothelial,chr17:3662938_C>T,1.604325056,1,0,P2RX5-TAX1BP3,ncRNA_exonic
3-end RNA-seq,Endothelial,chr17:38727156_G>A,1.157927632,1,0,MLLT6,UTR3
3-end RNA-seq,Endothelial,chr17:38853737_G>A,3.267881632,1,0,RPL23;SNORA21,upstream
3-end RNA-seq,Endothelial,chr17:40627719_T>C,3.323103428,1,0,SMARCE1,UTR3
3-end RNA-seq,Endothelial,chr17:41758189_C>T,1.944461107,1,0,JUP,intronic
3-end RNA-seq,Endothelial,chr17:42402456_A>G,1.673009634,1,0,CAVIN1,UTR3
3-end RNA-seq,Endothelial,chr17:42402643_G>T,1.129417181,1,0,CAVIN1,UTR3
3-end RNA-seq,Endothelial,chr17:42404044_T>G,0.903417587,1,0,CAVIN1,UTR3
3-end RNA-seq,Endothelial,chr17:42763037_T>C,0.605597317,1,0,RAMP2,UTR3
3-end RNA-seq,Endothelial,chr17:42763039_C>A,1.417737007,1,0,RAMP2,UTR3
3-end RNA-seq,Endothelial,chr17:43640392_G>T,2.62128973,1,0,MEOX1,UTR3
3-end RNA-seq,Endothelial,chr17:44473235_T>C,1.570602775,1,0,GPATCH8,intronic
3-end RNA-seq,Endothelial,chr17:47117943_A>T,2.096075535,1,0,CDC27,UTR3
3-end RNA-seq,Endothelial,chr17:47313741_G>A,4.87785244,1,0,THCAT158,ncRNA_intronic
3-end RNA-seq,Endothelial,chr17:63498378_T>A,3.412029028,1,0,ACE,downstream
3-end RNA-seq,Endothelial,chr17:64319419_A>G,1.73012805,1,0,PECAM1,UTR3
3-end RNA-seq,Endothelial,chr17:64322718_G>T,0.629862666,1,0,PECAM1,UTR3
3-end RNA-seq,Endothelial,chr17:64322724_T>G,2.177153349,1,0,PECAM1,UTR3
3-end RNA-seq,Endothelial,chr17:64322727_T>C,1.440304875,1,0,PECAM1,UTR3
3-end RNA-seq,Endothelial,chr17:64323053_C>T,1.404454112,1,0,PECAM1,UTR3
3-end RNA-seq,Endothelial,chr17:64323054_A>G,1.025146842,1,0,PECAM1,UTR3
3-end RNA-seq,Endothelial,chr17:64323458_G>T,1.572790027,1,0,PECAM1,UTR3
3-end RNA-seq,Endothelial,chr17:64338353_T>C,0.720600724,1,0,PECAM1,intronic
3-end RNA-seq,Endothelial,chr17:64350714_T>C,3.445775986,1,0,PECAM1,intronic
3-end RNA-seq,Endothelial,chr17:64350718_T>C,1.743028641,1,0,PECAM1,intronic
3-end RNA-seq,Endothelial,chr17:64350738_T>C,1.433588743,1,0,PECAM1,intronic
3-end RNA-seq,Endothelial,chr17:64350753_T>C,2.523839474,1,0,PECAM1,intronic
3-end RNA-seq,Endothelial,chr17:64350838_T>C,0.912958682,1,0,PECAM1,intronic
3-end RNA-seq,Endothelial,chr17:64350849_T>C,0.926528335,1,0,PECAM1,intronic
3-end RNA-seq,Endothelial,chr17:64350973_T>C,1.486030459,1,0,PECAM1,intronic
3-end RNA-seq,Endothelial,chr17:64350983_T>C,2.397738695,1,0,PECAM1,intronic
3-end RNA-seq,Endothelial,chr17:64350988_T>C,2.83596158,1,0,PECAM1,intronic
3-end RNA-seq,Endothelial,chr17:64760974_G>C,1.564530134,1,0,ARHGAP27P1-BPTFP1-KPNA2P3,ncRNA_intronic
3-end RNA-seq,Endothelial,chr17:6774037_G>A,4.34910965,1,0,XAF1,UTR3
3-end RNA-seq,Endothelial,chr17:7402978_A>T,1.498917818,1,0,TMEM256-PLSCR3,ncRNA_intronic
3-end RNA-seq,Endothelial,chr17:77500594_G>A,1.533706546,1,0,SEPTIN9,UTR3
3-end RNA-seq,Endothelial,chr17:78852981_C>T,0.624917209,1,0,TIMP2,UTR3
3-end RNA-seq,Endothelial,chr17:80287817_C>T,1.137062788,1,0,RNF213,exonic
3-end RNA-seq,Endothelial,chr17:80287823_G>A,1.59106338,1,0,RNF213,exonic
3-end RNA-seq,Endothelial,chr17:81509996_T>C,1.094937325,1,0,ACTG1,UTR3
3-end RNA-seq,Endothelial,chr17:8159213_T>G,1.19731319,1,0,VAMP2,UTR3
3-end RNA-seq,Endothelial,chr17:82847356_G>A,1.843442559,1,0,TBCD,intronic
3-end RNA-seq,Endothelial,chr17:911080_T>C,3.227551222,1,0,LOC101927727,ncRNA_exonic
3-end RNA-seq,Endothelial,chr18:10488695_T>C,3.334962845,1,0,APCDD1,UTR3
3-end RNA-seq,Endothelial,chr18:25179159_G>C,2.487232685,1,0,ZNF521,intronic
3-end RNA-seq,Endothelial,chr18:55227658_C>T,1.581595302,1,0,TCF4,UTR3
3-end RNA-seq,Endothelial,chr18:55227849_G>T,1.250375628,1,0,TCF4,UTR3
3-end RNA-seq,Endothelial,chr18:55227857_G>T,0.712185144,1,0,TCF4,UTR3
3-end RNA-seq,Endothelial,chr18:55261091_C>T,2.865460396,1,0,TCF4,intronic
3-end RNA-seq,Endothelial,chr18:55293964_A>G,1.698156357,1,0,TCF4,intronic
3-end RNA-seq,Endothelial,chr18:7649745_G>A,4.469540596,1,0,PTPRM,intronic
3-end RNA-seq,Endothelial,chr18:79903863_A>G,2.309654951,1,0,SLC66A2,UTR3
3-end RNA-seq,Endothelial,chr18:80013074_A>G,1.119881034,1,0,TXNL4A,intronic
3-end RNA-seq,Endothelial,chr18:9255269_G>A,1.737782836,1,0,ANKRD12,exonic
3-end RNA-seq,Endothelial,chr19:10277870_G>A,3.96450305,1,0,ICAM1,intronic
3-end RNA-seq,Endothelial,chr19:10286548_C>A,2.822207928,1,0,ICAM1,UTR3
3-end RNA-seq,Endothelial,chr19:10286606_C>A,3.006818056,1,0,ICAM1,UTR3
3-end RNA-seq,Endothelial,chr19:11216551_G>C,4.10398674,1,0,DOCK6,intronic
3-end RNA-seq,Endothelial,chr19:11450881_A>C,0.853045702,1,0,PRKCSH,UTR3
3-end RNA-seq,Endothelial,chr19:11450882_G>C,2.021879673,1,0,PRKCSH,UTR3
3-end RNA-seq,Endothelial,chr19:1258793_A>T,0.867586732,1,0,MIDN,UTR3
3-end RNA-seq,Endothelial,chr19:1259073_T>A,1.426413894,1,0,MIDN,UTR3
3-end RNA-seq,Endothelial,chr19:12793165_G>C,1.962146997,1,0,JUNB,UTR3
3-end RNA-seq,Endothelial,chr19:12793171_T>A,2.595341444,1,0,JUNB,UTR3
3-end RNA-seq,Endothelial,chr19:12793191_G>C,1.435833097,1,0,JUNB,UTR3
3-end RNA-seq,Endothelial,chr19:12793195_T>A,2.092921972,1,0,JUNB,UTR3
3-end RNA-seq,Endothelial,chr19:12793220_C>A,1.36728549,1,0,JUNB,UTR3
3-end RNA-seq,Endothelial,chr19:12793222_C>A,0.832674682,1,0,JUNB,UTR3
3-end RNA-seq,Endothelial,chr19:12793242_C>A,2.302880526,1,0,JUNB,UTR3
3-end RNA-seq,Endothelial,chr19:12793265_G>T,2.403935194,1,0,JUNB,UTR3
3-end RNA-seq,Endothelial,chr19:12793268_C>A,2.458478212,1,0,JUNB,UTR3
3-end RNA-seq,Endothelial,chr19:12793281_C>A,0.75608474,1,0,JUNB,UTR3
3-end RNA-seq,Endothelial,chr19:13834694_G>A,2.49522543,1,0,LOC284454,ncRNA_exonic
3-end RNA-seq,Endothelial,chr19:14006216_T>G,2.499107361,1,0,RFX1,UTR5
3-end RNA-seq,Endothelial,chr19:14471819_A>C,1.124271989,1,0,PKN1,UTR3
3-end RNA-seq,Endothelial,chr19:14471826_T>A,1.8311373,1,0,PKN1,UTR3
3-end RNA-seq,Endothelial,chr19:16102870_C>A,1.443294168,1,0,TPM4,UTR3
3-end RNA-seq,Endothelial,chr19:16185630_G>A,0.700387001,1,0,FAM32A,exonic
3-end RNA-seq,Endothelial,chr19:16327504_A>T,1.940544844,1,0,KLF2,UTR3
3-end RNA-seq,Endothelial,chr19:16327507_T>A,1.524388909,1,0,KLF2,UTR3
3-end RNA-seq,Endothelial,chr19:16327526_T>C,1.356628418,1,0,KLF2,UTR3
3-end RNA-seq,Endothelial,chr19:16327850_T>A,0.833185613,1,0,KLF2,UTR3
3-end RNA-seq,Endothelial,chr19:17351455_A>G,0.780707598,1,0,PLVAP,UTR3
3-end RNA-seq,Endothelial,chr19:17402940_C>A,2.16693449,1,0,BST2,UTR3
3-end RNA-seq,Endothelial,chr19:17403013_G>C,1.668188453,1,0,BST2,UTR3
3-end RNA-seq,Endothelial,chr19:18033426_G>A,1.029260278,1,0,ARRDC2;IL12RB1,intergenic
3-end RNA-seq,Endothelial,chr19:33815708_T>A,1.269131184,1,0,KCTD15,UTR3
3-end RNA-seq,Endothelial,chr19:35658723_C>T,0.551718175,1,0,COX6B1,UTR3
3-end RNA-seq,Endothelial,chr19:38304947_A>G,2.293845892,1,0,C19orf33,exonic
3-end RNA-seq,Endothelial,chr19:39179345_C>G,1.227415919,1,0,PAK4,UTR3
3-end RNA-seq,Endothelial,chr19:41500641_T>A,2.391643763,1,0,PCAT19,ncRNA_exonic
3-end RNA-seq,Endothelial,chr19:44821273_A>C,1.165851116,1,0,BCAM,UTR3
3-end RNA-seq,Endothelial,chr19:44821300_A>C,1.439205647,1,0,BCAM,UTR3
3-end RNA-seq,Endothelial,chr19:4542593_T>G,1.672258615,1,0,SEMA6B,UTR3
3-end RNA-seq,Endothelial,chr19:4542612_A>T,0.86056006,1,0,SEMA6B,UTR3
3-end RNA-seq,Endothelial,chr19:4542622_A>T,1.474358797,1,0,SEMA6B,UTR3
3-end RNA-seq,Endothelial,chr19:4542629_T>G,1.14952445,1,0,SEMA6B,UTR3
3-end RNA-seq,Endothelial,chr19:45589767_A>T,1.968272805,1,0,GPR4,UTR3
3-end RNA-seq,Endothelial,chr19:48330544_T>A,2.493870735,1,0,EMP3,UTR3
3-end RNA-seq,Endothelial,chr19:48482301_C>A,3.404303312,1,0,CYTH2,UTR3
3-end RNA-seq,Endothelial,chr19:49526331_G>A,1.048545718,1,0,FCGRT,UTR3
3-end RNA-seq,Endothelial,chr19:7116138_T>C,2.063854933,1,0,INSR,UTR3
3-end RNA-seq,Endothelial,chr19:7116139_A>G,1.004644632,1,0,INSR,UTR3
3-end RNA-seq,Endothelial,chr19:7233800_T>C,2.92570591,1,0,INSR,intronic
3-end RNA-seq,Endothelial,chr19:7243338_T>C,5.08991003,1,0,INSR,intronic
3-end RNA-seq,Endothelial,chr1:101241513_T>C,2.354452133,1,0,S1PR1,UTR3
3-end RNA-seq,Endothelial,chr1:1014531_T>C,2.104229212,1,0,ISG15,UTR3
3-end RNA-seq,Endothelial,chr1:1014535_G>A,1.75148046,1,0,ISG15,UTR3
3-end RNA-seq,Endothelial,chr1:1056112_T>C,1.151407361,1,0,AGRN,UTR3
3-end RNA-seq,Endothelial,chr1:116404772_G>C,0.705143809,1,0,ATP1A1-AS1,ncRNA_exonic
3-end RNA-seq,Endothelial,chr1:1423191_T>A,2.298090219,1,0,ANKRD65;TMEM88B,intergenic
3-end RNA-seq,Endothelial,chr1:145992445_C>T,3.118897438,1,0,TXNIP,UTR3
3-end RNA-seq,Endothelial,chr1:145993490_G>A,1.468695283,1,0,TXNIP,UTR3
3-end RNA-seq,Endothelial,chr1:150280910_G>A,1.826556563,1,0,C1orf54,UTR3
3-end RNA-seq,Endothelial,chr1:150280914_T>C,0.967891514,1,0,C1orf54,UTR3
3-end RNA-seq,Endothelial,chr1:150308350_G>A,1.050351381,1,0,MRPS21,UTR3
3-end RNA-seq,Endothelial,chr1:150308367_G>C,0.423828185,1,0,MRPS21,UTR3
3-end RNA-seq,Endothelial,chr1:150513513_G>C,1.118372202,1,0,ECM1,UTR3
3-end RNA-seq,Endothelial,chr1:153534610_A>C,0.669800699,1,0,S100A6,UTR3
3-end RNA-seq,Endothelial,chr1:153618808_C>T,2.44187808,1,0,S100A13,UTR3
3-end RNA-seq,Endothelial,chr1:154351305_G>A,2.564533472,1,0,ATP8B2,downstream
3-end RNA-seq,Endothelial,chr1:154479485_C>T,0.980967939,1,0,SHE,UTR3
3-end RNA-seq,Endothelial,chr1:159013809_G>A,2.109222651,1,0,IFI16,intronic
3-end RNA-seq,Endothelial,chr1:169721675_T>A,2.018677711,1,0,SELE,downstream
3-end RNA-seq,Endothelial,chr1:179116846_C>T,1.869952798,1,0,ABL2,intronic
3-end RNA-seq,Endothelial,chr1:181090836_C>T,2.304564238,1,0,IER5,UTR3
3-end RNA-seq,Endothelial,chr1:182382898_A>T,0.530281484,1,0,GLUL,UTR3
3-end RNA-seq,Endothelial,chr1:182600183_G>A,3.808820486,1,0,RGS16,UTR3
3-end RNA-seq,Endothelial,chr1:185296579_T>C,2.101001263,1,0,IVNS1ABP,UTR3
3-end RNA-seq,Endothelial,chr1:185297982_A>G,1.469938874,1,0,IVNS1ABP,UTR3
3-end RNA-seq,Endothelial,chr1:196747502_T>C,2.326096058,1,0,CFH,UTR3
3-end RNA-seq,Endothelial,chr1:198225105_G>A,0.760963082,1,0,NEK7,intronic
3-end RNA-seq,Endothelial,chr1:201483532_C>T,1.631306171,1,0,CSRP1,UTR3
3-end RNA-seq,Endothelial,chr1:203309599_T>C,2.428070784,1,0,BTG2,UTR3
3-end RNA-seq,Endothelial,chr1:204127741_G>A,1.651661038,1,0,SOX13,UTR3
3-end RNA-seq,Endothelial,chr1:207881051_A>G,3.238650799,1,0,CD34,UTR3
3-end RNA-seq,Endothelial,chr1:208026871_C>T,1.107261539,1,0,PLXNA2,UTR3
3-end RNA-seq,Endothelial,chr1:20806478_C>T,1.541679263,1,0,EIF4G3,UTR3
3-end RNA-seq,Endothelial,chr1:21217278_A>C,1.176624537,1,0,ECE1,UTR3
3-end RNA-seq,Endothelial,chr1:212446139_G>A,2.154866219,1,0,NENF,UTR3
3-end RNA-seq,Endothelial,chr1:212446142_C>A,1.300341964,1,0,NENF,UTR3
3-end RNA-seq,Endothelial,chr1:212620772_T>C,3.250968695,1,0,ATF3,UTR3
3-end RNA-seq,Endothelial,chr1:214448534_G>A,1.068550944,1,0,PTPN14,intronic
3-end RNA-seq,Endothelial,chr1:214526032_T>C,3.356376886,1,0,PTPN14,intronic
3-end RNA-seq,Endothelial,chr1:21578324_C>A,1.609931469,1,0,ALPL,UTR3
3-end RNA-seq,Endothelial,chr1:21578334_T>A,4.174268723,1,0,ALPL,UTR3
3-end RNA-seq,Endothelial,chr1:21822245_G>T,2.164428234,1,0,HSPG2;LDLRAD2,UTR3
3-end RNA-seq,Endothelial,chr1:21822547_G>T,3.078100204,1,0,HSPG2;LDLRAD2,UTR3
3-end RNA-seq,Endothelial,chr1:21822548_A>T,2.805301666,1,0,HSPG2;LDLRAD2,UTR3
3-end RNA-seq,Endothelial,chr1:21822561_T>G,2.775414705,1,0,HSPG2;LDLRAD2,UTR3
3-end RNA-seq,Endothelial,chr1:21823224_C>T,2.1151371,1,0,HSPG2;LDLRAD2,UTR3
3-end RNA-seq,Endothelial,chr1:228746665_T>A,2.091012955,1,0,RHOU,downstream
3-end RNA-seq,Endothelial,chr1:232397968_C>T,3.090600491,1,0,SIPA1L2,UTR3
3-end RNA-seq,Endothelial,chr1:234606749_A>G,1.197462678,1,0,IRF2BP2,UTR3
3-end RNA-seq,Endothelial,chr1:23694686_C>A,3.608935356,1,0,RPL11,exonic
3-end RNA-seq,Endothelial,chr1:24844269_T>A,0.802766502,1,0,CLIC4,UTR3
3-end RNA-seq,Endothelial,chr1:24844317_T>C,1.436597347,1,0,CLIC4,UTR3
3-end RNA-seq,Endothelial,chr1:27666070_C>T,3.159571648,1,0,IFI6,UTR3
3-end RNA-seq,Endothelial,chr1:31348967_G>A,1.839514971,1,0,ZCCHC17,exonic
3-end RNA-seq,Endothelial,chr1:44778053_G>A,2.607373953,1,0,RPS8,exonic
3-end RNA-seq,Endothelial,chr1:46316773_C>T,1.102761269,1,0,UQCRH,UTR3
3-end RNA-seq,Endothelial,chr1:56496434_A>G,1.533472061,1,0,PLPP3,UTR3
3-end RNA-seq,Endothelial,chr1:58781590_G>A,4.65808773,1,0,JUN,UTR3
3-end RNA-seq,Endothelial,chr1:58782042_C>T,1.034192801,1,0,JUN,UTR3
3-end RNA-seq,Endothelial,chr1:61456753_A>G,3.299757719,1,0,NFIA,UTR3
3-end RNA-seq,Endothelial,chr1:64668305_C>T,1.325402021,1,0,CACHD1,intronic
3-end RNA-seq,Endothelial,chr1:78644833_A>G,2.527567387,1,0,IFI44L,UTR3
3-end RNA-seq,Endothelial,chr1:85583703_T>C,3.308529139,1,0,CCN1,UTR3
3-end RNA-seq,Endothelial,chr1:89052318_A>T,3.03328371,1,0,GBP1,downstream
3-end RNA-seq,Endothelial,chr1:91682426_A>G,2.679176807,1,0,TGFBR3,UTR3
3-end RNA-seq,Endothelial,chr1:91682512_A>C,3.547384977,1,0,TGFBR3,UTR3
3-end RNA-seq,Endothelial,chr1:92833597_T>A,3.163595438,1,0,RPL5,exonic
3-end RNA-seq,Endothelial,chr1:92841919_C>T,2.883145809,1,0,RPL5,UTR3
3-end RNA-seq,Endothelial,chr1:94897107_T>G,0.960422695,1,0,CNN3,UTR3
3-end RNA-seq,Endothelial,chr1:99687151_T>C,1.238476634,1,0,PALMD,exonic
3-end RNA-seq,Endothelial,chr20:10637973_C>T,1.996592402,1,0,JAG1,UTR3
3-end RNA-seq,Endothelial,chr20:21166161_T>C,1.298064947,1,0,KIZ,intronic
3-end RNA-seq,Endothelial,chr20:23079617_A>T,2.050588369,1,0,CD93,UTR3
3-end RNA-seq,Endothelial,chr20:31664457_G>T,0.665502846,1,0,BCL2L1,downstream
3-end RNA-seq,Endothelial,chr20:31664541_T>G,1.020149112,1,0,BCL2L1,UTR3
3-end RNA-seq,Endothelial,chr20:3364971_C>T,1.284371138,1,0,C20orf194,intronic
3-end RNA-seq,Endothelial,chr20:33853775_A>C,0.759239733,1,0,CHMP4B,UTR3
3-end RNA-seq,Endothelial,chr20:36890397_T>C,2.146280527,1,0,SAMHD1,UTR3
3-end RNA-seq,Endothelial,chr20:46129519_G>A,1.117751837,1,0,CD40,UTR3
3-end RNA-seq,Endothelial,chr20:47657677_A>G,1.961948872,1,0,SULF2,UTR3
3-end RNA-seq,Endothelial,chr20:49255192_G>A,1.770749569,1,0,ZNFX1,intronic
3-end RNA-seq,Endothelial,chr20:49289256_C>T,4.585465908,1,0,ZFAS1,ncRNA_exonic
3-end RNA-seq,Endothelial,chr20:49988881_T>C,3.084862709,1,0,SNAI1,UTR3
3-end RNA-seq,Endothelial,chr20:50840216_A>G,1.348818183,1,0,BCAS4,intronic
3-end RNA-seq,Endothelial,chr20:52972898_A>C,2.028671503,1,0,TSHZ2,UTR5
3-end RNA-seq,Endothelial,chr20:53114098_G>A,3.38741374,1,0,TSHZ2,intronic
3-end RNA-seq,Endothelial,chr20:53285599_A>G,2.895107746,1,0,TSHZ2,intronic
3-end RNA-seq,Endothelial,chr20:58896621_T>C,1.298843384,1,0,GNAS,intronic
3-end RNA-seq,Endothelial,chr20:62309067_A>G,1.716960311,1,0,LAMA5,UTR3
3-end RNA-seq,Endothelial,chr20:63698630_A>T,3.317875862,1,0,RTEL1-TNFRSF6B,ncRNA_exonic
3-end RNA-seq,Endothelial,chr20:64047750_A>T,1.527680874,1,0,SOX18,UTR3
3-end RNA-seq,Endothelial,chr20:8229889_T>A,1.258454919,1,0,PLCB1,intronic
3-end RNA-seq,Endothelial,chr20:8387977_T>C,2.59019208,1,0,PLCB1,intronic
3-end RNA-seq,Endothelial,chr20:9366238_G>A,4.288081169,1,0,PLCB4,intronic
3-end RNA-seq,Endothelial,chr21:25880660_G>T,0.734154999,1,0,APP,UTR3
3-end RNA-seq,Endothelial,chr21:26466268_T>G,1.291602731,1,0,CYYR1-AS1,ncRNA_intronic
3-end RNA-seq,Endothelial,chr21:26545718_T>C,2.599359751,1,0,CYYR1-AS1,ncRNA_intronic
3-end RNA-seq,Endothelial,chr21:26836289_C>T,3.313564777,1,0,ADAMTS1,UTR3
3-end RNA-seq,Endothelial,chr21:26836338_T>A,1.135807514,1,0,ADAMTS1,UTR3
3-end RNA-seq,Endothelial,chr21:27143137_C>T,1.107460499,1,0,ADAMTS5;LINC00113,intergenic
3-end RNA-seq,Endothelial,chr21:32430865_C>T,2.42406559,1,0,EVA1C,intronic
3-end RNA-seq,Endothelial,chr21:34516488_C>T,2.213407993,1,0,RCAN1,UTR3
3-end RNA-seq,Endothelial,chr21:38382076_A>G,0.788561881,1,0,ERG,UTR3
3-end RNA-seq,Endothelial,chr21:44849709_G>A,0.741042495,1,0,PTTG1IP,UTR3
3-end RNA-seq,Endothelial,chr21:46636466_G>A,0.734628499,1,0,PRMT2,UTR5
3-end RNA-seq,Endothelial,chr22:31104779_A>G,1.409160733,1,0,SELENOM,UTR3
3-end RNA-seq,Endothelial,chr22:31957439_C>A,0.922594488,1,0,YWHAH,UTR3
3-end RNA-seq,Endothelial,chr22:31957514_C>A,1.496047378,1,0,YWHAH,UTR3
3-end RNA-seq,Endothelial,chr22:32287713_T>C,1.711634278,1,0,SLC5A4-AS1;RFPL3,intergenic
3-end RNA-seq,Endothelial,chr22:32814143_A>T,3.216384172,1,0,SYN3;TIMP3,intronic
3-end RNA-seq,Endothelial,chr22:32814205_G>A,2.598566294,1,0,SYN3;TIMP3,intronic
3-end RNA-seq,Endothelial,chr22:32814206_A>C,1.432344675,1,0,SYN3;TIMP3,intronic
3-end RNA-seq,Endothelial,chr22:32860542_C>A,1.393516421,1,0,TIMP3,UTR3
3-end RNA-seq,Endothelial,chr22:32860567_G>A,2.1784091,1,0,TIMP3,UTR3
3-end RNA-seq,Endothelial,chr22:32860931_G>T,2.108883381,1,0,TIMP3,UTR3
3-end RNA-seq,Endothelial,chr22:32862825_C>G,3.10943675,1,0,TIMP3,UTR3
3-end RNA-seq,Endothelial,chr22:36281508_A>T,1.268701315,1,0,MYH9,UTR3
3-end RNA-seq,Endothelial,chr22:36940406_G>A,1.928273082,1,0,CSF2RB,UTR3
3-end RNA-seq,Endothelial,chr22:36940435_T>A,2.318665743,1,0,CSF2RB,UTR3
3-end RNA-seq,Endothelial,chr22:36940440_C>A,1.445851564,1,0,CSF2RB,downstream
3-end RNA-seq,Endothelial,chr22:37679800_G>A,2.317352533,1,0,LGALS1,UTR3
3-end RNA-seq,Endothelial,chr22:37774123_T>A,0.594843626,1,0,TRIOBP,UTR3
3-end RNA-seq,Endothelial,chr22:38219298_C>T,1.259554029,1,0,TMEM184B,UTR3
3-end RNA-seq,Endothelial,chr22:38238382_C>T,2.7125000950000002,1,0,TMEM184B,intronic
3-end RNA-seq,Endothelial,chr22:39223687_G>T,1.1516797539999999,1,0,PDGFB,UTR3
3-end RNA-seq,Endothelial,chr22:39244817_T>G,2.501700878,1,0,PDGFB,UTR5
3-end RNA-seq,Endothelial,chr22:39244819_C>T,2.824010134,1,0,PDGFB,UTR5
3-end RNA-seq,Endothelial,chr22:39244832_T>G,1.328399539,1,0,PDGFB,UTR5
3-end RNA-seq,Endothelial,chr22:42618815_A>G,0.867762744,1,0,CYB5R3,UTR3
3-end RNA-seq,Endothelial,chr22:42618844_T>C,0.64088428,1,0,CYB5R3,UTR3
3-end RNA-seq,Endothelial,chr22:49964076_G>A,1.734120369,1,0,PIM3,downstream
3-end RNA-seq,Endothelial,chr22:50274980_A>G,1.150733113,1,0,PLXNB2,UTR3
3-end RNA-seq,Endothelial,chr2:129497007_C>A,0.71378684,1,0,LINC01854;LINC02572,intergenic
3-end RNA-seq,Endothelial,chr2:159235882_T>A,0.621101081,1,0,WDSUB1,UTR3
3-end RNA-seq,Endothelial,chr2:1633185_A>G,0.662731886,1,0,PXDN,UTR3
3-end RNA-seq,Endothelial,chr2:1633186_A>T,1.642567635,1,0,PXDN,UTR3
3-end RNA-seq,Endothelial,chr2:169630952_G>A,1.219353437,1,0,PPIG,exonic
3-end RNA-seq,Endothelial,chr2:171517238_T>A,2.285742044,1,0,DCAF17;CYBRD1,intergenic
3-end RNA-seq,Endothelial,chr2:172821737_T>C,3.732777596,1,0,RAPGEF4,intronic
3-end RNA-seq,Endothelial,chr2:180872704_T>C,1.099527478,1,0,SCHLAP1,ncRNA_intronic
3-end RNA-seq,Endothelial,chr2:187418872_T>C,3.607438564,1,0,CALCRL,intronic
3-end RNA-seq,Endothelial,chr2:191834318_A>T,1.59573698,1,0,CAVIN2,UTR3
3-end RNA-seq,Endothelial,chr2:191834324_C>T,2.441875935,1,0,CAVIN2,UTR3
3-end RNA-seq,Endothelial,chr2:196199253_G>T,5.109358311,1,0,HECW2,UTR3
3-end RNA-seq,Endothelial,chr2:196321434_T>G,3.241753101,1,0,HECW2,intronic
3-end RNA-seq,Endothelial,chr2:20449292_C>A,1.728778601,1,0,RHOB,UTR3
3-end RNA-seq,Endothelial,chr2:20449298_C>A,0.916845977,1,0,RHOB,UTR3
3-end RNA-seq,Endothelial,chr2:20449305_G>T,2.001276493,1,0,RHOB,UTR3
3-end RNA-seq,Endothelial,chr2:20449338_C>A,0.848317385,1,0,RHOB,UTR3
3-end RNA-seq,Endothelial,chr2:20449345_C>A,1.048327923,1,0,RHOB,UTR3
3-end RNA-seq,Endothelial,chr2:20449380_C>A,0.710355461,1,0,RHOB,UTR3
3-end RNA-seq,Endothelial,chr2:20449439_T>C,1.401623249,1,0,RHOB,UTR3
3-end RNA-seq,Endothelial,chr2:207079089_G>T,1.322807908,1,0,KLF7,UTR3
3-end RNA-seq,Endothelial,chr2:214847502_C>A,3.372184753,1,0,SNHG31,ncRNA_intronic
3-end RNA-seq,Endothelial,chr2:216664433_T>C,1.66809535,1,0,IGFBP2,UTR3
3-end RNA-seq,Endothelial,chr2:216672337_C>G,1.093912005,1,0,IGFBP5,UTR3
3-end RNA-seq,Endothelial,chr2:216672396_T>C,1.500146866,1,0,IGFBP5,UTR3
3-end RNA-seq,Endothelial,chr2:231713428_C>T,1.626681685,1,0,PTMA,UTR3
3-end RNA-seq,Endothelial,chr2:237753470_G>A,1.834631205,1,0,LRRFIP1,exonic
3-end RNA-seq,Endothelial,chr2:237765282_C>A,3.412513018,1,0,LRRFIP1,UTR3
3-end RNA-seq,Endothelial,chr2:27779461_G>A,3.020169973,1,0,MRPL33,exonic
3-end RNA-seq,Endothelial,chr2:30259975_A>C,2.576120138,1,0,LBH,UTR3
3-end RNA-seq,Endothelial,chr2:36578663_C>T,2.167718887,1,0,FEZ2,exonic
3-end RNA-seq,Endothelial,chr2:46302735_A>C,0.952738464,1,0,EPAS1,intronic
3-end RNA-seq,Endothelial,chr2:46375178_G>A,2.045650721,1,0,EPAS1,intronic
3-end RNA-seq,Endothelial,chr2:46386323_C>A,2.00847888,1,0,EPAS1,UTR3
3-end RNA-seq,Endothelial,chr2:55235605_T>C,2.745351076,1,0,RPS27A,UTR3
3-end RNA-seq,Endothelial,chr2:60682683_T>G,2.909581661,1,0,BCL11A;PAPOLG,intergenic
3-end RNA-seq,Endothelial,chr2:74471984_G>T,2.572450399,1,0,MRPL53,UTR3
3-end RNA-seq,Endothelial,chr2:84905656_G>T,1.225086689,1,0,TMSB10,UTR5
3-end RNA-seq,Endothelial,chr2:84906045_A>C,1.690310717,1,0,TMSB10,exonic
3-end RNA-seq,Endothelial,chr2:84906611_C>T,2.366300106,1,0,TMSB10,UTR3
3-end RNA-seq,Endothelial,chr2:85319188_T>C,1.679883599,1,0,TGOLN2,UTR3
3-end RNA-seq,Endothelial,chr2:85593388_T>A,2.176562548,1,0,VAMP5,UTR3
3-end RNA-seq,Endothelial,chr2:85593389_T>C,0.849639654,1,0,VAMP5,UTR3
3-end RNA-seq,Endothelial,chr2:86603400_C>T,1.292809129,1,0,RNF103,UTR3
3-end RNA-seq,Endothelial,chr3:10126905_C>T,2.109965801,1,0,BRK1,UTR3
3-end RNA-seq,Endothelial,chr3:112362713_T>A,2.557532072,1,0,CD200,UTR3
3-end RNA-seq,Endothelial,chr3:114332086_C>T,1.280144215,1,0,ZBTB20,UTR3
3-end RNA-seq,Endothelial,chr3:114333688_C>T,2.54328537,1,0,ZBTB20,UTR3
3-end RNA-seq,Endothelial,chr3:119369953_T>C,3.05435276,1,0,ARHGAP31,intronic
3-end RNA-seq,Endothelial,chr3:120602326_T>C,2.250649214,1,0,NDUFB4,UTR3
3-end RNA-seq,Endothelial,chr3:124967477_G>T,1.687866926,1,0,HEG1,UTR3
3-end RNA-seq,Endothelial,chr3:124981251_G>A,2.604851961,1,0,HEG1,intronic
3-end RNA-seq,Endothelial,chr3:124990407_T>C,4.088059425,1,0,HEG1,intronic
3-end RNA-seq,Endothelial,chr3:127573071_C>T,2.061362743,1,0,TPRA1,UTR3
3-end RNA-seq,Endothelial,chr3:136855736_T>A,1.457129598,1,0,NCK1-DT,ncRNA_intronic
3-end RNA-seq,Endothelial,chr3:14142514_G>T,1.432175398,1,0,TMEM43,UTR3
3-end RNA-seq,Endothelial,chr3:141926193_G>A,1.691731691,1,0,ATP1B3,UTR3
3-end RNA-seq,Endothelial,chr3:14198345_G>A,1.01414156,1,0,LSM3,UTR3
3-end RNA-seq,Endothelial,chr3:149321066_A>G,2.044569731,1,0,TM4SF18,UTR3
3-end RNA-seq,Endothelial,chr3:149517521_C>T,0.571361125,1,0,WWTR1,UTR3
3-end RNA-seq,Endothelial,chr3:149518468_A>T,0.600093305,1,0,WWTR1,UTR3
3-end RNA-seq,Endothelial,chr3:154271828_T>C,3.653965712,1,0,DHX36,downstream
3-end RNA-seq,Endothelial,chr3:161429064_T>C,2.642652512,1,0,LINC02067,ncRNA_intronic
3-end RNA-seq,Endothelial,chr3:169084762_A>G,1.321827412,1,0,MECOM,UTR3
3-end RNA-seq,Endothelial,chr3:169549118_C>T,1.13756752,1,0,MECOM,intronic
3-end RNA-seq,Endothelial,chr3:169663454_G>T,3.536385536,1,0,MECOM,UTR5
3-end RNA-seq,Endothelial,chr3:169663475_T>C,1.155198574,1,0,MECOM,UTR5
3-end RNA-seq,Endothelial,chr3:169663527_T>C,3.486515045,1,0,MECOM,UTR5
3-end RNA-seq,Endothelial,chr3:169772287_A>G,1.963890314,1,0,ACTRT3;MYNN,intergenic
3-end RNA-seq,Endothelial,chr3:169982776_G>A,0.476662636,1,0,SEC62,exonic
3-end RNA-seq,Endothelial,chr3:169982868_A>G,1.794273853,1,0,SEC62,exonic
3-end RNA-seq,Endothelial,chr3:169983187_G>A,1.029322267,1,0,SEC62,exonic
3-end RNA-seq,Endothelial,chr3:169994176_T>A,1.265392542,1,0,SEC62,UTR3
3-end RNA-seq,Endothelial,chr3:169994179_G>A,3.298903704,1,0,SEC62,UTR3
3-end RNA-seq,Endothelial,chr3:170359589_T>C,1.9038002490000001,1,0,SKIL,intronic
3-end RNA-seq,Endothelial,chr3:170396832_T>A,2.093773603,1,0,SKIL,UTR3
3-end RNA-seq,Endothelial,chr3:172386666_T>C,1.262216568,1,0,FNDC3B,intronic
3-end RNA-seq,Endothelial,chr3:179394877_A>T,0.737417102,1,0,MFN1,UTR3
3-end RNA-seq,Endothelial,chr3:180977074_C>T,1.242683768,1,0,FXR1,UTR3
3-end RNA-seq,Endothelial,chr3:186987200_G>A,1.380120397,1,0,ST6GAL1,intronic
3-end RNA-seq,Endothelial,chr3:194136343_T>A,3.583460331,1,0,HES1,UTR5
3-end RNA-seq,Endothelial,chr3:195568834_G>C,2.342387199,1,0,APOD,UTR3
3-end RNA-seq,Endothelial,chr3:195715523_G>A,2.213714361,1,0,MIR570HG;MUC20,intergenic
3-end RNA-seq,Endothelial,chr3:196661883_A>C,4.573055267,1,0,NRROS,UTR3
3-end RNA-seq,Endothelial,chr3:196661889_G>C,1.865561962,1,0,NRROS,UTR3
3-end RNA-seq,Endothelial,chr3:197619239_T>G,2.274394751,1,0,LOC220729,ncRNA_intronic
3-end RNA-seq,Endothelial,chr3:29308757_A>C,1.440737486,1,0,RBMS3,intronic
3-end RNA-seq,Endothelial,chr3:29378427_G>A,2.221201181,1,0,RBMS3,intronic
3-end RNA-seq,Endothelial,chr3:33143158_G>A,2.338978529,1,0,CRTAP,UTR3
3-end RNA-seq,Endothelial,chr3:37098397_C>T,3.843878984,1,0,LRRFIP2,intronic
3-end RNA-seq,Endothelial,chr3:40462277_C>A,0.68544507,1,0,RPL14,UTR3
3-end RNA-seq,Endothelial,chr3:48493628_T>C,1.834432006,1,0,SHISA5,intronic
3-end RNA-seq,Endothelial,chr3:48493680_T>C,3.020724297,1,0,SHISA5,intronic
3-end RNA-seq,Endothelial,chr3:49357180_G>A,0.750198781,1,0,GPX1,UTR3
3-end RNA-seq,Endothelial,chr3:50258858_C>T,0.761651993,1,0,GNAI2,UTR3
3-end RNA-seq,Endothelial,chr3:50258879_T>C,0.626218021,1,0,GNAI2,UTR3
3-end RNA-seq,Endothelial,chr3:61742414_T>C,2.908831835,1,0,PTPRG,intronic
3-end RNA-seq,Endothelial,chr3:62297466_A>T,0.922724843,1,0,PTPRG-AS1,ncRNA_intronic
3-end RNA-seq,Endothelial,chr3:62297538_C>A,1.200811625,1,0,PTPRG-AS1,ncRNA_intronic
3-end RNA-seq,Endothelial,chr3:62297542_C>A,2.155488014,1,0,PTPRG-AS1,ncRNA_intronic
3-end RNA-seq,Endothelial,chr3:64600072_G>A,3.165774345,1,0,ADAMTS9,intronic
3-end RNA-seq,Endothelial,chr3:64614862_A>T,2.113210201,1,0,ADAMTS9,intronic
3-end RNA-seq,Endothelial,chr3:65580329_C>T,2.034770966,1,0,MAGI1,intronic
3-end RNA-seq,Endothelial,chr3:66000111_T>C,2.455026388,1,0,MAGI1,intronic
3-end RNA-seq,Endothelial,chr3:66038649_C>T,1.609296799,1,0,MAGI1,UTR5
3-end RNA-seq,Endothelial,chr3:70954713_C>T,1.853288651,1,0,FOXP1,UTR3
3-end RNA-seq,Endothelial,chr3:70956500_A>T,0.937516868,1,0,FOXP1,UTR3
3-end RNA-seq,Endothelial,chr3:8568089_T>A,0.719940841,1,0,LMCD1,UTR3
3-end RNA-seq,Endothelial,chr3:93873113_A>G,1.648264766,1,0,PROS1,UTR3
3-end RNA-seq,Endothelial,chr4:100396955_C>T,0.97347635,1,0,EMCN,UTR3
3-end RNA-seq,Endothelial,chr4:100397961_A>C,2.08173728,1,0,EMCN,UTR3
3-end RNA-seq,Endothelial,chr4:108620577_C>T,2.477363586,1,0,RPL34,UTR5
3-end RNA-seq,Endothelial,chr4:116600296_A>G,1.26332736,1,0,MIR1973;TRAM1L1,intergenic
3-end RNA-seq,Endothelial,chr4:158124672_G>T,0.8878268,1,0,GASK1B,UTR3
3-end RNA-seq,Endothelial,chr4:165498306_T>C,1.403376579,1,0,CPE,UTR3
3-end RNA-seq,Endothelial,chr4:16693448_T>C,2.653714418,1,0,LDB2,intronic
3-end RNA-seq,Endothelial,chr4:16734801_T>C,2.723249197,1,0,LDB2,intronic
3-end RNA-seq,Endothelial,chr4:16863798_T>C,3.292257071,1,0,LDB2,intronic
3-end RNA-seq,Endothelial,chr4:176683540_A>G,2.365614891,1,0,VEGFC,UTR3
3-end RNA-seq,Endothelial,chr4:189943226_G>A,2.768325567,1,0,FRG1,exonic
3-end RNA-seq,Endothelial,chr4:39101734_G>A,3.065324306,1,0,KLHL5,intronic
3-end RNA-seq,Endothelial,chr4:5014589_C>T,1.341688156,1,0,CYTL1,UTR3
3-end RNA-seq,Endothelial,chr4:55078479_C>T,2.031584263,1,0,KDR,downstream
3-end RNA-seq,Endothelial,chr4:55078483_C>T,2.046662331,1,0,KDR,UTR3
3-end RNA-seq,Endothelial,chr4:57085108_C>T,4.622080326,1,0,IGFBP7,intronic
3-end RNA-seq,Endothelial,chr4:66094686_T>A,1.035873055,1,0,EPHA5-AS1;MIR1269A,intergenic
3-end RNA-seq,Endothelial,chr4:66094686_T>C,0.630460799,1,0,EPHA5-AS1;MIR1269A,intergenic
3-end RNA-seq,Endothelial,chr4:7582637_T>C,1.221777797,1,0,SORCS2,intronic
3-end RNA-seq,Endothelial,chr4:7582644_A>G,1.636795044,1,0,SORCS2,intronic
3-end RNA-seq,Endothelial,chr4:7582652_A>G,1.276062012,1,0,SORCS2,intronic
3-end RNA-seq,Endothelial,chr4:7582657_A>G,1.226235151,1,0,SORCS2,intronic
3-end RNA-seq,Endothelial,chr4:87473337_T>A,1.863940954,1,0,SPARCL1,UTR3
3-end RNA-seq,Endothelial,chr4:87473337_T>C,0.783463538,1,0,SPARCL1,UTR3
3-end RNA-seq,Endothelial,chr4:87473338_G>A,1.687120199,1,0,SPARCL1,UTR3
3-end RNA-seq,Endothelial,chr4:87493626_C>T,1.502670884,1,0,SPARCL1,exonic
3-end RNA-seq,Endothelial,chr4:87493638_C>T,2.238834381,1,0,SPARCL1,exonic
3-end RNA-seq,Endothelial,chr4:87493640_C>T,0.947305441,1,0,SPARCL1,exonic
3-end RNA-seq,Endothelial,chr4:87494141_C>T,0.599927366,1,0,SPARCL1,exonic
3-end RNA-seq,Endothelial,chr4:87494145_C>T,1.845427275,1,0,SPARCL1,exonic
3-end RNA-seq,Endothelial,chr4:87494190_C>T,0.520967305,1,0,SPARCL1,exonic
3-end RNA-seq,Endothelial,chr4:87494193_C>T,2.979134798,1,0,SPARCL1,exonic
3-end RNA-seq,Endothelial,chr4:87495031_C>T,0.841293752,1,0,SPARCL1,exonic
3-end RNA-seq,Endothelial,chr4:90838489_T>C,0.777312279,1,0,CCSER1,intronic
3-end RNA-seq,Endothelial,chr4:90838492_T>C,1.214753747,1,0,CCSER1,intronic
3-end RNA-seq,Endothelial,chr5:123023771_G>T,1.556985974,1,0,PPIC,UTR3
3-end RNA-seq,Endothelial,chr5:124636920_T>A,2.937024832,1,0,ZNF608,UTR3
3-end RNA-seq,Endothelial,chr5:132190188_T>C,2.365689039,1,0,P4HA2-AS1,ncRNA_intronic
3-end RNA-seq,Endothelial,chr5:132480630_T>A,3.445991278,1,0,IRF1,downstream
3-end RNA-seq,Endothelial,chr5:139448556_A>G,2.150472164,1,0,ECSCR,downstream
3-end RNA-seq,Endothelial,chr5:139448634_G>C,1.17303586,1,0,ECSCR,UTR3
3-end RNA-seq,Endothelial,chr5:142317637_A>T,3.923768997,1,0,SPRY4-IT1,ncRNA_exonic
3-end RNA-seq,Endothelial,chr5:14651754_T>C,3.606922626,1,0,SNORD141A;SNORD141B,downstream
3-end RNA-seq,Endothelial,chr5:147390810_G>T,1.495999455,1,0,DPYSL3,UTR3
3-end RNA-seq,Endothelial,chr5:149295531_C>G,1.179419398,1,0,AFAP1L1,intronic
3-end RNA-seq,Endothelial,chr5:150405783_A>T,1.061802983,1,0,CD74,intronic
3-end RNA-seq,Endothelial,chr5:151661449_T>C,1.110440016,1,0,SPARC,UTR3
3-end RNA-seq,Endothelial,chr5:151661450_G>A,0.563884676,1,0,SPARC,UTR3
3-end RNA-seq,Endothelial,chr5:151661450_G>T,2.383595705,1,0,SPARC,UTR3
3-end RNA-seq,Endothelial,chr5:151662443_C>T,1.789160848,1,0,SPARC,UTR3
3-end RNA-seq,Endothelial,chr5:172768099_C>T,0.61722964,1,0,DUSP1,UTR3
3-end RNA-seq,Endothelial,chr5:177483485_T>G,1.30558753,1,0,PDLIM7,UTR3
3-end RNA-seq,Endothelial,chr5:38474991_T>C,3.287402391,1,0,LIFR,UTR3
3-end RNA-seq,Endothelial,chr5:40982937_G>A,2.32011652,1,0,C7,UTR3
3-end RNA-seq,Endothelial,chr5:53907642_C>T,4.595362186,1,0,ARL15,intronic
3-end RNA-seq,Endothelial,chr5:53951874_A>G,1.565879107,1,0,ARL15,intronic
3-end RNA-seq,Endothelial,chr5:54055391_T>C,2.756343365,1,0,ARL15,intronic
3-end RNA-seq,Endothelial,chr5:54058108_T>C,3.312021017,1,0,ARL15,intronic
3-end RNA-seq,Endothelial,chr5:54299701_T>C,1.931805849,1,0,ARL15,intronic
3-end RNA-seq,Endothelial,chr5:61380940_G>A,1.227310896,1,0,ZSWIM6,intronic
3-end RNA-seq,Endothelial,chr5:61440360_T>C,2.421215057,1,0,ZSWIM6,intronic
3-end RNA-seq,Endothelial,chr5:88823853_C>T,2.629841089,1,0,MEF2C,UTR5
3-end RNA-seq,Endothelial,chr5:88823857_C>T,0.654824972,1,0,MEF2C,UTR5
3-end RNA-seq,Endothelial,chr5:94707188_A>T,1.616058707,1,0,MCTP1,UTR3
3-end RNA-seq,Endothelial,chr5:94804534_G>T,1.15394032,1,0,MCTP1,intronic
3-end RNA-seq,Endothelial,chr5:94934573_G>A,2.817209959,1,0,MCTP1,intronic
3-end RNA-seq,Endothelial,chr5:94951799_G>C,2.638084173,1,0,MCTP1,intronic
3-end RNA-seq,Endothelial,chr5:95068975_C>T,0.881064415,1,0,MCTP1,intronic
3-end RNA-seq,Endothelial,chr5:95068979_C>T,1.388281941,1,0,MCTP1,intronic
3-end RNA-seq,Endothelial,chr5:95068980_C>T,2.207583189,1,0,MCTP1,intronic
3-end RNA-seq,Endothelial,chr6:10829086_C>T,0.761087477,1,0,MAK,intronic
3-end RNA-seq,Endothelial,chr6:113861098_G>A,0.95272851,1,0,MARCKS,UTR3
3-end RNA-seq,Endothelial,chr6:113861153_G>A,1.54056716,1,0,MARCKS,UTR3
3-end RNA-seq,Endothelial,chr6:131948181_A>G,2.393141985,1,0,CCN2,UTR3
3-end RNA-seq,Endothelial,chr6:13363585_G>A,1.4318223,1,0,GFOD1,UTR3
3-end RNA-seq,Endothelial,chr6:144852916_C>A,1.494649291,1,0,UTRN,UTR3
3-end RNA-seq,Endothelial,chr6:148369960_G>A,1.318484545,1,0,SASH1,intronic
3-end RNA-seq,Endothelial,chr6:148421146_G>A,3.377163649,1,0,SASH1,intronic
3-end RNA-seq,Endothelial,chr6:148439701_T>C,4.998099327,1,0,SASH1,intronic
3-end RNA-seq,Endothelial,chr6:150697099_G>A,2.585258245,1,0,PLEKHG1,intronic
3-end RNA-seq,Endothelial,chr6:150783090_T>A,3.031033039,1,0,PLEKHG1,intronic
3-end RNA-seq,Endothelial,chr6:150784758_G>A,1.232771039,1,0,PLEKHG1,intronic
3-end RNA-seq,Endothelial,chr6:158635028_G>A,1.994642019,1,0,TMEM181,UTR3
3-end RNA-seq,Endothelial,chr6:163570142_G>A,1.522471547,1,0,QKI,UTR3
3-end RNA-seq,Endothelial,chr6:167872292_G>A,1.311843038,1,0,AFDN,exonic
3-end RNA-seq,Endothelial,chr6:170282202_C>T,3.91671896,1,0,DLL1,downstream
3-end RNA-seq,Endothelial,chr6:21594119_G>A,1.634926677,1,0,SOX4,UTR5
3-end RNA-seq,Endothelial,chr6:21598493_G>A,0.644326329,1,0,SOX4,UTR3
3-end RNA-seq,Endothelial,chr6:2256937_A>G,6.090695858,1,0,GMDS-DT,ncRNA_intronic
3-end RNA-seq,Endothelial,chr6:29726496_T>A,1.900397897,1,0,HLA-F,UTR3
3-end RNA-seq,Endothelial,chr6:30009817_T>C,3.149985313,1,0,HLA-J,ncRNA_exonic
3-end RNA-seq,Endothelial,chr6:30724576_G>A,1.352287889,1,0,TUBB,UTR3
3-end RNA-seq,Endothelial,chr6:31353909_A>C,0.642853796,1,0,HLA-B,UTR3
3-end RNA-seq,Endothelial,chr6:31727078_G>A,0.978468955,1,0,DDAH2,UTR3
3-end RNA-seq,Endothelial,chr6:31830177_C>G,1.424087286,1,0,HSPA1B,UTR3
3-end RNA-seq,Endothelial,chr6:32517533_G>A,2.8831985,1,0,HLA-DRB5,UTR3
3-end RNA-seq,Endothelial,chr6:32578085_C>T,0.975092411,1,0,HLA-DRB1,downstream
3-end RNA-seq,Endothelial,chr6:32578236_G>A,2.058472872,1,0,HLA-DRB1,downstream
3-end RNA-seq,Endothelial,chr6:32578773_A>T,1.302794695,1,0,HLA-DRB1,UTR3
3-end RNA-seq,Endothelial,chr6:32578887_G>A,2.597623587,1,0,HLA-DRB1,UTR3
3-end RNA-seq,Endothelial,chr6:32578981_C>T,1.638658762,1,0,HLA-DRB1,UTR3
3-end RNA-seq,Endothelial,chr6:32579072_G>A,2.37348032,1,0,HLA-DRB1,UTR3
3-end RNA-seq,Endothelial,chr6:32579078_G>T,2.576967955,1,0,HLA-DRB1,UTR3
3-end RNA-seq,Endothelial,chr6:32642992_A>C,3.517550707,1,0,HLA-DQA1,UTR3
3-end RNA-seq,Endothelial,chr6:32643048_A>G,1.055426002,1,0,HLA-DQA1,UTR3
3-end RNA-seq,Endothelial,chr6:32643148_C>T,2.309580088,1,0,HLA-DQA1,UTR3
3-end RNA-seq,Endothelial,chr6:32643492_T>A,1.219941497,1,0,HLA-DQA1,UTR3
3-end RNA-seq,Endothelial,chr6:32659533_C>T,2.248408079,1,0,HLA-DQB1,UTR3
3-end RNA-seq,Endothelial,chr6:32659585_A>C,1.470302939,1,0,HLA-DQB1,UTR3
3-end RNA-seq,Endothelial,chr6:32828679_C>A,1.681182384,1,0,TAP2,UTR3
3-end RNA-seq,Endothelial,chr6:32858891_T>G,2.031975031,1,0,PSMB9,intronic
3-end RNA-seq,Endothelial,chr6:33065147_T>A,1.615302444,1,0,HLA-DPA1,UTR3
3-end RNA-seq,Endothelial,chr6:33065150_A>T,2.107032537,1,0,HLA-DPA1,UTR3
3-end RNA-seq,Endothelial,chr6:33299696_T>C,1.39421916,1,0,TAPBP,UTR3
3-end RNA-seq,Endothelial,chr6:36687337_T>C,1.724783778,1,0,CDKN1A,downstream
3-end RNA-seq,Endothelial,chr6:36740779_C>G,2.037026405,1,0,CPNE5,UTR3
3-end RNA-seq,Endothelial,chr6:44234064_C>T,0.965941429,1,0,SLC29A1,UTR3
3-end RNA-seq,Endothelial,chr6:46852602_C>T,1.906496048,1,0,ADGRF5,UTR3
3-end RNA-seq,Endothelial,chr6:46852645_G>A,2.964778423,1,0,ADGRF5,UTR3
3-end RNA-seq,Endothelial,chr6:46853534_C>T,2.266192198,1,0,ADGRF5,UTR3
3-end RNA-seq,Endothelial,chr6:46853543_C>G,1.95017767,1,0,ADGRF5,UTR3
3-end RNA-seq,Endothelial,chr6:46853545_C>T,0.748170793,1,0,ADGRF5,UTR3
3-end RNA-seq,Endothelial,chr6:46877303_C>T,1.03492856,1,0,ADGRF5,intronic
3-end RNA-seq,Endothelial,chr6:46877326_T>C,2.933114529,1,0,ADGRF5,intronic
3-end RNA-seq,Endothelial,chr6:5998002_C>T,2.38039875,1,0,NRN1,UTR3
3-end RNA-seq,Endothelial,chr6:5998111_T>A,1.124904752,1,0,NRN1,UTR3
3-end RNA-seq,Endothelial,chr6:75890192_G>A,1.24424839,1,0,MYO6,exonic
3-end RNA-seq,Endothelial,chr6:87674995_G>A,1.042265773,1,0,AKIRIN2,UTR3
3-end RNA-seq,Endothelial,chr7:100681355_C>T,2.137858629,1,0,GIGYF1,UTR3
3-end RNA-seq,Endothelial,chr7:111726112_A>G,1.285385013,1,0,DOCK4,UTR3
3-end RNA-seq,Endothelial,chr7:112101916_T>C,1.107602835,1,0,DOCK4,intronic
3-end RNA-seq,Endothelial,chr7:112171444_A>T,1.525500298,1,0,DOCK4,intronic
3-end RNA-seq,Endothelial,chr7:11374625_C>T,1.633289456,1,0,THSD7A,UTR3
3-end RNA-seq,Endothelial,chr7:11374635_C>T,1.996525407,1,0,THSD7A,UTR3
3-end RNA-seq,Endothelial,chr7:116507683_G>A,2.550493479,1,0,CAV2,UTR3
3-end RNA-seq,Endothelial,chr7:116559615_A>C,0.789280415,1,0,CAV1,UTR3
3-end RNA-seq,Endothelial,chr7:116561175_T>A,2.331300735,1,0,CAV1,UTR3
3-end RNA-seq,Endothelial,chr7:116754885_G>A,1.411096454,1,0,MET,intronic
3-end RNA-seq,Endothelial,chr7:116919088_A>T,1.662155747,1,0,CAPZA2,UTR3
3-end RNA-seq,Endothelial,chr7:120787322_A>G,1.511436224,1,0,TSPAN12,UTR3
3-end RNA-seq,Endothelial,chr7:131500264_G>T,3.522613287,1,0,PODXL,downstream
3-end RNA-seq,Endothelial,chr7:131500274_A>G,2.066001177,1,0,PODXL,UTR3
3-end RNA-seq,Endothelial,chr7:131526814_T>C,2.518708944,1,0,PODXL,intronic
3-end RNA-seq,Endothelial,chr7:139045932_A>G,2.210863113,1,0,ZC3HAV1,UTR3
3-end RNA-seq,Endothelial,chr7:143391109_G>A,1.029625416,1,0,ZYX,UTR3
3-end RNA-seq,Endothelial,chr7:150520914_C>T,0.7095415,1,0,GIMAP7,UTR3
3-end RNA-seq,Endothelial,chr7:150521031_C>T,0.930553555,1,0,GIMAP7,UTR3
3-end RNA-seq,Endothelial,chr7:150625378_G>T,2.331794739,1,0,GIMAP6,UTR3
3-end RNA-seq,Endothelial,chr7:150743626_A>G,0.837182403,1,0,GIMAP1-GIMAP5;GIMAP5,UTR3
3-end RNA-seq,Endothelial,chr7:15611214_A>G,2.465478182,1,0,MEOX2,UTR3
3-end RNA-seq,Endothelial,chr7:22731988_T>C,5.967711926,1,0,IL6,UTR3
3-end RNA-seq,Endothelial,chr7:2664713_C>A,2.135121584,1,0,TTYH3,UTR3
3-end RNA-seq,Endothelial,chr7:30757532_C>T,1.749096751,1,0,INMT-MINDY4,ncRNA_intronic
3-end RNA-seq,Endothelial,chr7:30925458_C>A,2.636390448,1,0,AQP1,UTR3
3-end RNA-seq,Endothelial,chr7:30925493_T>A,0.687749565,1,0,AQP1,UTR3
3-end RNA-seq,Endothelial,chr7:45184248_G>A,0.947547913,1,0,RAMP3,UTR3
3-end RNA-seq,Endothelial,chr7:45197242_G>A,0.818379819,1,0,RAMP3;ADCY1,intergenic
3-end RNA-seq,Endothelial,chr7:45912359_A>G,2.941801071,1,0,IGFBP3,UTR3
3-end RNA-seq,Endothelial,chr7:8113774_A>T,0.910114467,1,0,ICA1,UTR3
3-end RNA-seq,Endothelial,chr7:88206291_A>G,0.645123124,1,0,SRI,UTR3
3-end RNA-seq,Endothelial,chr7:93922168_G>A,1.279188037,1,0,GNG11,exonic
3-end RNA-seq,Endothelial,chr7:93922170_G>A,1.873696327,1,0,GNG11,exonic
3-end RNA-seq,Endothelial,chr7:93926512_G>A,0.707935393,1,0,GNG11,UTR3
3-end RNA-seq,Endothelial,chr8:10724737_C>T,2.658976555,1,0,SOX7,UTR3
3-end RNA-seq,Endothelial,chr8:11844425_T>C,1.19712472,1,0,CTSB,UTR3
3-end RNA-seq,Endothelial,chr8:13083363_C>T,1.56570518,1,0,DLC1,UTR3
3-end RNA-seq,Endothelial,chr8:13085593_G>A,1.37528944,1,0,DLC1,UTR3
3-end RNA-seq,Endothelial,chr8:13085593_G>T,2.953719378,1,0,DLC1,UTR3
3-end RNA-seq,Endothelial,chr8:143563058_G>A,1.637076974,1,0,GSDMD,UTR3
3-end RNA-seq,Endothelial,chr8:17927749_A>C,1.793675542,1,0,PCM1,intronic
3-end RNA-seq,Endothelial,chr8:19564453_T>C,0.980238914,1,0,CSGALNACT1,intronic
3-end RNA-seq,Endothelial,chr8:26657905_T>A,1.018965721,1,0,DPYSL2,UTR3
3-end RNA-seq,Endothelial,chr8:38850775_C>T,1.332183838,1,0,TACC1,UTR3
3-end RNA-seq,Endothelial,chr8:67043082_C>T,1.011230111,1,0,COPS5,UTR3
3-end RNA-seq,Endothelial,chr8:73290644_C>T,3.758030653,1,0,RPL7,UTR3
3-end RNA-seq,Endothelial,chr8:73739823_C>T,0.771820009,1,0,STAU2,UTR5
3-end RNA-seq,Endothelial,chr8:74029070_T>C,2.548982382,1,0,LY96,UTR3
3-end RNA-seq,Endothelial,chr8:81478693_A>G,1.168783069,1,0,FABP4,UTR3
3-end RNA-seq,Endothelial,chr8:98036210_G>A,3.635279417,1,0,MATN2,UTR3
3-end RNA-seq,Endothelial,chr8:98036212_G>A,1.315458298,1,0,MATN2,UTR3
3-end RNA-seq,Endothelial,chr9:107484855_A>G,1.142910123,1,0,KLF4,UTR3
3-end RNA-seq,Endothelial,chr9:107484855_A>T,2.569953203,1,0,KLF4,UTR3
3-end RNA-seq,Endothelial,chr9:107485190_T>C,3.26801753,1,0,KLF4,UTR3
3-end RNA-seq,Endothelial,chr9:110075006_A>T,1.969701648,1,0,PALM2AKAP2,intronic
3-end RNA-seq,Endothelial,chr9:110172339_G>A,1.526887417,1,0,PALM2AKAP2,UTR3
3-end RNA-seq,Endothelial,chr9:110172509_T>C,1.228529334,1,0,PALM2AKAP2,UTR3
3-end RNA-seq,Endothelial,chr9:111670224_T>C,1.022696137,1,0,DNAJC25-GNG10;GNG10,UTR3
3-end RNA-seq,Endothelial,chr9:114598055_T>C,0.45887964999999997,1,0,ATP6V1G1,UTR3
3-end RNA-seq,Endothelial,chr9:121332747_C>A,0.926304698,1,0,GSN,UTR3
3-end RNA-seq,Endothelial,chr9:121332777_C>A,0.476424813,1,0,GSN,UTR3
3-end RNA-seq,Endothelial,chr9:121332788_G>T,1.179865122,1,0,GSN,UTR3
3-end RNA-seq,Endothelial,chr9:121332799_C>A,0.981874943,1,0,GSN,UTR3
3-end RNA-seq,Endothelial,chr9:121332829_C>A,0.884871542,1,0,GSN,UTR3
3-end RNA-seq,Endothelial,chr9:121332835_G>T,0.786052763,1,0,GSN,UTR3
3-end RNA-seq,Endothelial,chr9:122202581_C>T,2.187569857,1,0,LHX6,UTR3
3-end RNA-seq,Endothelial,chr9:122202712_T>C,2.772569418,1,0,LHX6,UTR3
3-end RNA-seq,Endothelial,chr9:128917062_T>A,2.042830229,1,0,LRRC8A,UTR3
3-end RNA-seq,Endothelial,chr9:131632427_A>G,1.319401026,1,0,RAPGEF1,intronic
3-end RNA-seq,Endothelial,chr9:136494469_A>C,1.819016814,1,0,NOTCH1,UTR3
3-end RNA-seq,Endothelial,chr9:137039508_A>T,2.003322601,1,0,NPDC1,UTR3
3-end RNA-seq,Endothelial,chr9:137299650_A>G,3.215688229,1,0,NRARP,UTR3
3-end RNA-seq,Endothelial,chr9:14082784_A>G,1.88330245,1,0,NFIB,UTR3
3-end RNA-seq,Endothelial,chr9:14087580_C>T,2.042397261,1,0,NFIB,UTR3
3-end RNA-seq,Endothelial,chr9:14088155_A>T,1.511917233,1,0,NFIB,UTR3
3-end RNA-seq,Endothelial,chr9:41960144_T>C,3.117900372,1,0,CNTNAP3B,intronic
3-end RNA-seq,Endothelial,chr9:6037867_A>G,2.558858871,1,0,RANBP6;IL33,intergenic
3-end RNA-seq,Endothelial,chr9:69255202_T>C,1.702517986,1,0,TJP2,UTR3
3-end RNA-seq,Endothelial,chr9:70384607_A>G,2.422168493,1,0,KLF9,UTR3
3-end RNA-seq,Endothelial,chr9:73170391_C>A,0.898459494,1,0,ANXA1,UTR3
3-end RNA-seq,Endothelial,chr9:73170391_C>T,2.19234252,1,0,ANXA1,UTR3
3-end RNA-seq,Endothelial,chr9:75147014_T>C,2.551187515,1,0,OSTF1,UTR3
3-end RNA-seq,Endothelial,chr9:76572032_T>A,2.207722902,1,0,GCNT1;PRUNE2,intergenic
3-end RNA-seq,Endothelial,chr9:76572033_G>A,0.925450087,1,0,GCNT1;PRUNE2,intergenic
3-end RNA-seq,Endothelial,chr9:76572059_A>G,1.868149161,1,0,GCNT1;PRUNE2,intergenic
3-end RNA-seq,Endothelial,chr9:76572064_A>G,0.966899872,1,0,GCNT1;PRUNE2,intergenic
3-end RNA-seq,Endothelial,chr9:7798518_G>C,1.256087303,1,0,DMAC1,exonic
3-end RNA-seq,Endothelial,chr9:98960326_A>G,4.922507763,1,0,COL15A1,intronic
3-end RNA-seq,Endothelial,chr9:99011406_G>A,3.625958443,1,0,COL15A1,intronic
3-end RNA-seq,Endothelial,chr9:99070528_A>G,3.186872005,1,0,COL15A1,UTR3
3-end RNA-seq,Endothelial,chr9:99070564_G>A,2.11939621,1,0,COL15A1,UTR3
3-end RNA-seq,Endothelial,chr9:99070626_T>A,2.636203766,1,0,COL15A1,UTR3
3-end RNA-seq,Endothelial,chr9:99070700_C>A,2.497408628,1,0,COL15A1,UTR3
3-end RNA-seq,Endothelial,chrX:111760645_C>A,2.695336819,1,0,ALG13,UTR3
3-end RNA-seq,Endothelial,chrX:115650667_T>A,0.932327449,1,0,PLS3,UTR3
3-end RNA-seq,Endothelial,chrX:119876649_T>A,0.694033027,1,0,NDUFA1,UTR3
3-end RNA-seq,Endothelial,chrX:12976334_G>A,1.270183206,1,0,TMSB4X,exonic
3-end RNA-seq,Endothelial,chrX:12977015_A>C,1.893967271,1,0,TMSB4X,UTR3
3-end RNA-seq,Endothelial,chrX:1361685_A>G,2.873802662,1,0,IL3RA,intronic
3-end RNA-seq,Endothelial,chrX:136880726_G>A,0.499417245,1,0,RBMX,upstream
3-end RNA-seq,Endothelial,chrX:1382663_T>A,1.099992156,1,0,IL3RA,UTR3
3-end RNA-seq,Endothelial,chrX:154835791_G>T,1.6772935389999999,1,0,F8,UTR3
3-end RNA-seq,Endothelial,chrX:155277231_C>T,1.836077094,1,0,CLIC2,UTR3
3-end RNA-seq,Endothelial,chrX:155277236_A>T,1.84534955,1,0,CLIC2,UTR3
3-end RNA-seq,Endothelial,chrX:23784026_G>A,2.277841091,1,0,SAT1,intronic
3-end RNA-seq,Endothelial,chrX:23784028_G>A,1.751737952,1,0,SAT1,intronic
3-end RNA-seq,Endothelial,chrX:23786208_T>C,1.674147844,1,0,SAT1,UTR3
3-end RNA-seq,Endothelial,chrX:2661958_A>G,1.743614197,1,0,CD99P1;CD99,intergenic
3-end RNA-seq,Endothelial,chrX:2707236_A>G,3.384642363,1,0,CD99,intronic
3-end RNA-seq,Endothelial,chrX:2707255_A>G,4.370577812,1,0,CD99,intronic
3-end RNA-seq,Endothelial,chrX:2741133_A>C,1.584173441,1,0,CD99,UTR3
3-end RNA-seq,Endothelial,chrX:50611245_T>C,3.132519722,1,0,SHROOM4,intronic
3-end RNA-seq,Endothelial,chrX:65699749_A>G,2.122359753,1,0,MSN,intronic
3-end RNA-seq,Endothelial,chrX:65741932_C>A,1.784221172,1,0,MSN,downstream
3-end RNA-seq,Endothelial,chrX:68842056_A>G,0.954874516,1,0,EFNB1,UTR3
3-end RNA-seq,Endothelial,chrX:70963336_C>T,2.874965191,1,0,SLC7A3;SNX12,intergenic
3-end RNA-seq,Endothelial,chrX:70963337_A>T,2.930536509,1,0,SLC7A3;SNX12,intergenic
3-end RNA-seq,Endothelial,chrX:72153177_A>T,1.104425311,1,0,FLJ44635,intronic
3-end RNA-seq,Endothelial,chrX:72197543_G>A,2.277433395,1,0,PIN4,UTR3
3-end RNA-seq,Endothelial,chrX:74278149_C>T,2.963058472,1,0,FTX,ncRNA_intronic
3-end RNA-seq,Endothelial,chrX:78271478_A>G,1.916363001,1,0,CYSLTR1,UTR3
3-end RNA-seq,Endothelial,chrX:79360386_G>T,2.251265764,1,0,ITM2A,UTR3
3-end RNA-seq,Endothelial,chrX:81298545_T>A,1.632229686,1,0,SH3BGRL,UTR3
3-end RNA-seq,Endothelial,chrX:81682544_C>A,1.209601283,1,0,SH3BGRL;POU3F4,intergenic
3-end RNA-seq,Fibroblast,chr10:110134609_G>A,3.631742954,1,5,ADD3,UTR3
3-end RNA-seq,Fibroblast,chr10:113167673_G>A,4.131470203,1,5,TCF7L2,UTR3
3-end RNA-seq,Fibroblast,chr10:17237314_T>A,1.388423324,1,5,VIM,UTR3
3-end RNA-seq,Fibroblast,chr10:17237586_A>G,2.990362406,1,5,VIM,UTR3
3-end RNA-seq,Fibroblast,chr10:24501071_G>A,5.616419792,1,5,KIAA1217,intronic
3-end RNA-seq,Fibroblast,chr10:31341766_G>A,3.032488108,1,5,ZEB1,intronic
3-end RNA-seq,Fibroblast,chr10:32034762_C>T,2.395915985,1,5,KIF5B,exonic
3-end RNA-seq,Fibroblast,chr10:32929932_A>T,3.29134202,1,5,ITGB1,exonic
3-end RNA-seq,Fibroblast,chr10:33198267_G>C,1.754510283,1,5,NRP1,intronic
3-end RNA-seq,Fibroblast,chr10:3779019_C>T,1.947907925,1,5,KLF6,UTR3
3-end RNA-seq,Fibroblast,chr10:44377132_A>T,1.301941752,1,5,CXCL12,UTR3
3-end RNA-seq,Fibroblast,chr10:44377134_A>G,3.027389526,1,5,CXCL12,UTR3
3-end RNA-seq,Fibroblast,chr10:62085858_G>A,4.835993767,1,5,ARID5B,exonic
3-end RNA-seq,Fibroblast,chr10:63902385_G>T,6.043089867,1,5,REEP3;ANXA2P3,intergenic
3-end RNA-seq,Fibroblast,chr10:70762309_T>A,4.491335869,1,5,ADAMTS14,UTR3
3-end RNA-seq,Fibroblast,chr10:74048393_A>G,5.117442608,1,5,VCL,intronic
3-end RNA-seq,Fibroblast,chr10:74120010_T>A,3.404078245,1,5,VCL,UTR3
3-end RNA-seq,Fibroblast,chr10:7562427_C>T,4.03754425,1,5,ITIH5,UTR3
3-end RNA-seq,Fibroblast,chr10:89205939_A>T,4.665317535,1,5,CH25H,UTR3
3-end RNA-seq,Fibroblast,chr10:89205959_T>C,2.263809681,1,5,CH25H,UTR3
3-end RNA-seq,Fibroblast,chr10:892950_A>G,4.893891335,1,5,LARP4B,intronic
3-end RNA-seq,Fibroblast,chr10:89403984_C>A,2.393126726,1,5,IFIT1,UTR3
3-end RNA-seq,Fibroblast,chr10:97436232_G>T,5.713175774,1,5,EXOSC1,UTR3
3-end RNA-seq,Fibroblast,chr10:98417240_A>G,2.10578227,1,5,HPS1,UTR3
3-end RNA-seq,Fibroblast,chr11:102322777_T>C,5.464038372,1,5,BIRC3,UTR5
3-end RNA-seq,Fibroblast,chr11:10307379_T>A,7.362271309,1,5,ADM,UTR3
3-end RNA-seq,Fibroblast,chr11:103782160_T>C,9.084533691,1,5,DYNC2H1;MIR4693,intergenic
3-end RNA-seq,Fibroblast,chr11:111908624_C>T,2.120247126,1,5,CRYAB,UTR3
3-end RNA-seq,Fibroblast,chr11:114312517_C>A,10.29189587,1,5,NNMT,UTR3
3-end RNA-seq,Fibroblast,chr11:117204761_A>G,2.711148977,1,5,PCSK7;TAGLN,UTR3
3-end RNA-seq,Fibroblast,chr11:118658026_G>A,3.483020782,1,5,PHLDB1;TREH,UTR3
3-end RNA-seq,Fibroblast,chr11:119018344_G>A,3.273040056,1,5,RPS25;TRAPPC4,upstream
3-end RNA-seq,Fibroblast,chr11:119338962_A>T,2.375433922,1,5,C1QTNF5;MFRP,UTR3
3-end RNA-seq,Fibroblast,chr11:119338993_A>C,3.202256441,1,5,C1QTNF5;MFRP,UTR3
3-end RNA-seq,Fibroblast,chr11:119418306_G>A,2.065030336,1,5,USP2-AS1,ncRNA_intronic
3-end RNA-seq,Fibroblast,chr11:119418810_A>T,2.024315119,1,5,USP2-AS1,ncRNA_intronic
3-end RNA-seq,Fibroblast,chr11:122089202_T>A,4.416625977,1,5,MIR100HG,ncRNA_exonic
3-end RNA-seq,Fibroblast,chr11:132335639_T>A,7.242288113,1,5,NTM,UTR3
3-end RNA-seq,Fibroblast,chr11:132336373_T>C,4.89672327,1,5,NTM,UTR3
3-end RNA-seq,Fibroblast,chr11:17086579_A>G,2.487190008,1,5,PIK3C2A,UTR3
3-end RNA-seq,Fibroblast,chr11:17330932_C>T,3.764984846,1,5,NUCB2,exonic
3-end RNA-seq,Fibroblast,chr11:1752756_A>G,1.2789011,1,5,CTSD,UTR3
3-end RNA-seq,Fibroblast,chr11:1892254_T>G,5.257169247,1,5,LSP1,UTR3
3-end RNA-seq,Fibroblast,chr11:2129214_T>C,7.264524937,1,5,IGF2,UTR3
3-end RNA-seq,Fibroblast,chr11:2883633_C>T,2.326841116,1,5,CDKN1C,UTR3
3-end RNA-seq,Fibroblast,chr11:35232394_G>A,1.929970741,1,5,CD44,UTR3
3-end RNA-seq,Fibroblast,chr11:44932424_G>A,4.197700024,1,5,TP53I11,UTR3
3-end RNA-seq,Fibroblast,chr11:45932564_C>T,5.210479259,1,5,PHF21A,UTR3
3-end RNA-seq,Fibroblast,chr11:47162245_T>C,2.719883919,1,5,C11orf49,UTR3
3-end RNA-seq,Fibroblast,chr11:5710772_G>A,4.097883701,1,5,TRIM22,UTR3
3-end RNA-seq,Fibroblast,chr11:59208171_C>A,5.892952919,1,5,DTX4,UTR3
3-end RNA-seq,Fibroblast,chr11:6318948_C>T,3.22347188,1,5,CAVIN3,UTR3
3-end RNA-seq,Fibroblast,chr11:64852734_C>T,4.448495388,1,5,EHD1,UTR3
3-end RNA-seq,Fibroblast,chr11:65438515_T>A,3.14217186,1,5,NEAT1,ncRNA_exonic
3-end RNA-seq,Fibroblast,chr11:65440843_A>T,6.056926727,1,5,NEAT1,ncRNA_exonic
3-end RNA-seq,Fibroblast,chr11:65499154_T>A,4.277466297,1,5,MALAT1,ncRNA_exonic
3-end RNA-seq,Fibroblast,chr11:65499856_G>A,3.250091553,1,5,MALAT1;TALAM1,ncRNA_exonic
3-end RNA-seq,Fibroblast,chr11:65499947_G>A,3.832692385,1,5,MALAT1;TALAM1,ncRNA_exonic
3-end RNA-seq,Fibroblast,chr11:65504873_G>A,5.806057453,1,5,MALAT1;TALAM1,ncRNA_exonic
3-end RNA-seq,Fibroblast,chr11:65866828_C>T,5.093052864,1,5,EFEMP2,UTR3
3-end RNA-seq,Fibroblast,chr11:7511334_T>A,3.393110037,1,5,OLFML1,UTR3
3-end RNA-seq,Fibroblast,chr11:75572765_T>A,1.126294255,1,5,SERPINH1,UTR3
3-end RNA-seq,Fibroblast,chr11:75572802_G>A,6.163092136,1,5,SERPINH1,UTR3
3-end RNA-seq,Fibroblast,chr11:82689907_A>T,3.758925676,1,5,MIR4300HG;FAM181B,intergenic
3-end RNA-seq,Fibroblast,chr11:86809175_G>A,3.410451651,1,5,PRSS23,UTR3
3-end RNA-seq,Fibroblast,chr12:102395897_A>T,1.602563024,1,5,IGF1,UTR3
3-end RNA-seq,Fibroblast,chr12:102398810_A>G,5.333560944,1,5,IGF1,UTR3
3-end RNA-seq,Fibroblast,chr12:104696435_A>G,1.688210964,1,5,CHST11,intronic
3-end RNA-seq,Fibroblast,chr12:113389306_G>C,2.395936012,1,5,PLBD2,UTR3
3-end RNA-seq,Fibroblast,chr12:124342401_G>C,7.441421032,1,5,NCOR2,intronic
3-end RNA-seq,Fibroblast,chr12:124402550_T>C,2.674764395,1,5,NCOR2,exonic
3-end RNA-seq,Fibroblast,chr12:127165893_T>C,4.956604004,1,5,LINC02405;LINC02376,intergenic
3-end RNA-seq,Fibroblast,chr12:127165908_A>T,2.993148327,1,5,LINC02405;LINC02376,intergenic
3-end RNA-seq,Fibroblast,chr12:14882115_G>A,7.376748562,1,5,MGP,UTR3
3-end RNA-seq,Fibroblast,chr12:1695534_G>A,2.583719969,1,5,ADIPOR2,intronic
3-end RNA-seq,Fibroblast,chr12:20461236_G>A,5.829074383,1,5,PDE3A,intronic
3-end RNA-seq,Fibroblast,chr12:24814835_C>T,10.69668007,1,5,BCAT1,UTR3
3-end RNA-seq,Fibroblast,chr12:26233351_C>T,1.136768579,1,5,SSPN,UTR3
3-end RNA-seq,Fibroblast,chr12:26233355_T>C,2.024315357,1,5,SSPN,UTR3
3-end RNA-seq,Fibroblast,chr12:30996576_A>G,5.529390812,1,5,TSPAN11,UTR3
3-end RNA-seq,Fibroblast,chr12:41072409_G>A,4.183285713,1,5,CNTN1,UTR3
3-end RNA-seq,Fibroblast,chr12:42458800_C>T,7.973423958,1,5,PRICKLE1,UTR3
3-end RNA-seq,Fibroblast,chr12:45904652_T>C,2.314542055,1,5,ARID2,intronic
3-end RNA-seq,Fibroblast,chr12:49185012_A>T,3.446439743,1,5,TUBA1A,exonic
3-end RNA-seq,Fibroblast,chr12:50222182_C>T,3.367057562,1,5,LIMA1,exonic
3-end RNA-seq,Fibroblast,chr12:53711206_A>C,3.112057924,1,5,CALCOCO1,UTR3
3-end RNA-seq,Fibroblast,chr12:56205486_A>T,3.772847891,1,5,RNF41,UTR3
3-end RNA-seq,Fibroblast,chr12:56229749_G>A,2.851379156,1,5,NABP2,UTR3
3-end RNA-seq,Fibroblast,chr12:57728345_C>A,4.314501762,1,5,AGAP2,exonic
3-end RNA-seq,Fibroblast,chr12:6578464_C>T,6.239382744,1,5,CHD4,exonic
3-end RNA-seq,Fibroblast,chr12:6770908_T>A,1.747945547,1,5,PTMS,UTR3
3-end RNA-seq,Fibroblast,chr12:6770943_C>A,1.119426131,1,5,PTMS,UTR3
3-end RNA-seq,Fibroblast,chr12:6945959_A>C,0.8062554,1,5,C12orf57,UTR3
3-end RNA-seq,Fibroblast,chr12:69593036_G>A,3.771079779,1,5,CCT2,exonic
3-end RNA-seq,Fibroblast,chr12:7071029_C>T,5.321335316,1,5,C1S,UTR3
3-end RNA-seq,Fibroblast,chr12:7071030_A>G,4.86610508,1,5,C1S,UTR3
3-end RNA-seq,Fibroblast,chr12:7080212_T>C,7.708848953,1,5,C1R,downstream
3-end RNA-seq,Fibroblast,chr12:7080214_C>T,6.128002167,1,5,C1R,downstream
3-end RNA-seq,Fibroblast,chr12:7080419_C>T,5.243262768,1,5,C1R,UTR3
3-end RNA-seq,Fibroblast,chr12:7080481_T>G,1.82029891,1,5,C1R,UTR3
3-end RNA-seq,Fibroblast,chr12:7080491_T>C,2.629107714,1,5,C1R,UTR3
3-end RNA-seq,Fibroblast,chr12:7080492_C>T,4.748267651,1,5,C1R,UTR3
3-end RNA-seq,Fibroblast,chr12:7923838_A>G,2.814996243,1,5,SLC2A3,intronic
3-end RNA-seq,Fibroblast,chr12:8647876_A>T,5.527191639,1,5,MFAP5,UTR3
3-end RNA-seq,Fibroblast,chr12:91145515_G>T,5.633015156,1,5,DCN,UTR3
3-end RNA-seq,Fibroblast,chr12:91145733_T>C,8.034193993,1,5,DCN,UTR3
3-end RNA-seq,Fibroblast,chr12:91146025_G>T,2.259109497,1,5,DCN,UTR3
3-end RNA-seq,Fibroblast,chr12:91164651_A>T,9.068322182,1,5,DCN,exonic
3-end RNA-seq,Fibroblast,chr12:96269816_T>C,1.328242183,1,5,ELK3,UTR3
3-end RNA-seq,Fibroblast,chr13:109755230_T>G,4.96355772,1,5,IRS2,UTR3
3-end RNA-seq,Fibroblast,chr13:110150105_G>A,7.501675606,1,5,COL4A1,UTR3
3-end RNA-seq,Fibroblast,chr13:110513024_T>C,1.750278473,1,5,COL4A2,UTR3
3-end RNA-seq,Fibroblast,chr13:110513025_A>G,5.50725317,1,5,COL4A2,UTR3
3-end RNA-seq,Fibroblast,chr13:37562588_C>T,3.460597277,1,5,POSTN,UTR3
3-end RNA-seq,Fibroblast,chr13:37562589_A>G,2.980415821,1,5,POSTN,UTR3
3-end RNA-seq,Fibroblast,chr13:42888109_C>T,6.971443176,1,5,EPSTI1,UTR3
3-end RNA-seq,Fibroblast,chr13:45336868_G>A,3.508210421,1,5,TPT1,UTR3
3-end RNA-seq,Fibroblast,chr13:54440678_T>C,3.146179199,1,5,MIR1297;MIR5007,intergenic
3-end RNA-seq,Fibroblast,chr13:98145768_A>G,4.02191782,1,5,FARP1,intronic
3-end RNA-seq,Fibroblast,chr14:105209289_C>T,3.266259909,1,5,BRF1,UTR3
3-end RNA-seq,Fibroblast,chr14:105488785_G>A,3.843396664,1,5,CRIP1,UTR3
3-end RNA-seq,Fibroblast,chr14:105488786_A>C,3.010014296,1,5,CRIP1,UTR3
3-end RNA-seq,Fibroblast,chr14:22847672_A>C,5.827365398,1,5,MMP14,UTR3
3-end RNA-seq,Fibroblast,chr14:34712012_G>T,3.218936443,1,5,CFL2,UTR3
3-end RNA-seq,Fibroblast,chr14:49618691_G>A,0.49921304,1,5,RPL36AL,UTR3
3-end RNA-seq,Fibroblast,chr14:49623282_C>T,6.728914261,1,5,MGAT2,UTR3
3-end RNA-seq,Fibroblast,chr14:61703619_T>A,4.099500656,1,5,HIF1A,intronic
3-end RNA-seq,Fibroblast,chr14:68874301_C>T,3.480641365,1,5,ACTN1,UTR3
3-end RNA-seq,Fibroblast,chr14:68925342_A>T,4.512722015,1,5,ACTN1,intronic
3-end RNA-seq,Fibroblast,chr14:75282125_C>A,3.120822191,1,5,FOS,UTR3
3-end RNA-seq,Fibroblast,chr14:80211776_A>T,7.624498844,1,5,DIO2-AS1,ncRNA_intronic
3-end RNA-seq,Fibroblast,chr14:80212030_C>T,3.584513903,1,5,DIO2-AS1,ncRNA_intronic
3-end RNA-seq,Fibroblast,chr14:80212130_G>C,2.12938261,1,5,DIO2-AS1,ncRNA_intronic
3-end RNA-seq,Fibroblast,chr14:80212146_T>C,5.737043381,1,5,DIO2-AS1,ncRNA_intronic
3-end RNA-seq,Fibroblast,chr14:90405605_C>A,2.732735395,1,5,CALM1,UTR3
3-end RNA-seq,Fibroblast,chr14:92839825_A>T,2.051087856,1,5,GOLGA5,UTR3
3-end RNA-seq,Fibroblast,chr14:94593044_A>G,10.21599674,1,5,SERPINA5,UTR3
3-end RNA-seq,Fibroblast,chr15:101175804_A>G,3.041777134,1,5,CHSY1,UTR3
3-end RNA-seq,Fibroblast,chr15:29117644_C>A,5.726604939,1,5,APBA2,UTR3
3-end RNA-seq,Fibroblast,chr15:39597275_G>T,4.475914001,1,5,THBS1,UTR3
3-end RNA-seq,Fibroblast,chr15:39597323_C>A,4.007725716,1,5,THBS1,UTR3
3-end RNA-seq,Fibroblast,chr15:39597354_C>T,5.916041851,1,5,THBS1,UTR3
3-end RNA-seq,Fibroblast,chr15:39799143_C>T,6.24643898,1,5,GPR176,UTR3
3-end RNA-seq,Fibroblast,chr15:41285230_G>A,3.931719303,1,5,OIP5-AS1,ncRNA_exonic
3-end RNA-seq,Fibroblast,chr15:43793922_C>T,1.799747586,1,5,SERF2,exonic
3-end RNA-seq,Fibroblast,chr15:44714745_T>A,3.074184179,1,5,B2M,intronic
3-end RNA-seq,Fibroblast,chr15:48878931_G>A,7.228038788,1,5,EID1,UTR3
3-end RNA-seq,Fibroblast,chr15:49485271_A>T,3.816206455,1,5,FGF7,UTR3
3-end RNA-seq,Fibroblast,chr15:61049672_C>T,8.589539528,1,5,RORA,intronic
3-end RNA-seq,Fibroblast,chr15:63059600_G>A,5.947261333,1,5,TPM1,exonic
3-end RNA-seq,Fibroblast,chr15:63071913_A>G,2.871397495,1,5,TPM1,UTR3
3-end RNA-seq,Fibroblast,chr15:63511266_T>C,10.99784279,1,5,USP3,intronic
3-end RNA-seq,Fibroblast,chr15:64953575_A>C,3.944499493,1,5,ANKDD1A,intronic
3-end RNA-seq,Fibroblast,chr15:65053339_C>T,6.31611824,1,5,RASL12;SLC51B,UTR3
3-end RNA-seq,Fibroblast,chr15:72325279_C>A,2.068271637,1,5,CELF6;HEXA,intergenic
3-end RNA-seq,Fibroblast,chr15:78348125_A>C,3.166917562,1,5,CRABP1,UTR3
3-end RNA-seq,Fibroblast,chr15:78348138_A>C,3.156808376,1,5,CRABP1,UTR3
3-end RNA-seq,Fibroblast,chr15:78348139_G>C,7.486797333,1,5,CRABP1,UTR3
3-end RNA-seq,Fibroblast,chr15:78348143_T>C,7.957273483,1,5,CRABP1,UTR3
3-end RNA-seq,Fibroblast,chr15:82818053_G>A,4.210621357,1,5,WHAMM,exonic
3-end RNA-seq,Fibroblast,chr15:84669669_A>T,2.721311331,1,5,SEC11A,UTR3
3-end RNA-seq,Fibroblast,chr15:85698817_G>A,2.316893101,1,5,AKAP13,intronic
3-end RNA-seq,Fibroblast,chr15:99670443_C>T,4.817650318,1,5,MEF2A,intronic
3-end RNA-seq,Fibroblast,chr16:1555566_G>A,2.266782522,1,5,TMEM204,UTR3
3-end RNA-seq,Fibroblast,chr16:19121482_C>A,3.135676146,1,5,ITPRIPL2,UTR3
3-end RNA-seq,Fibroblast,chr16:3022380_T>C,5.605278015,1,5,TNFRSF12A,UTR3
3-end RNA-seq,Fibroblast,chr16:3069409_T>A,3.684123993,1,5,IL32,UTR3
3-end RNA-seq,Fibroblast,chr16:3069423_T>A,1.095828533,1,5,IL32,UTR3
3-end RNA-seq,Fibroblast,chr16:3291457_T>A,2.849060297,1,5,ZNF263,UTR3
3-end RNA-seq,Fibroblast,chr16:55506181_T>A,4.004204273,1,5,MMP2,UTR3
3-end RNA-seq,Fibroblast,chr16:55506189_T>A,1.234127164,1,5,MMP2,UTR3
3-end RNA-seq,Fibroblast,chr16:55506229_T>A,2.033513784,1,5,MMP2,UTR3
3-end RNA-seq,Fibroblast,chr16:56627110_T>C,4.946499348,1,5,MT1E,UTR3
3-end RNA-seq,Fibroblast,chr16:64945250_G>T,2.389234543,1,5,CDH11,UTR3
3-end RNA-seq,Fibroblast,chr16:64946792_C>T,2.343878031,1,5,CDH11,UTR3
3-end RNA-seq,Fibroblast,chr16:66613714_A>G,3.006373405,1,5,CMTM3,UTR3
3-end RNA-seq,Fibroblast,chr17:19188153_C>T,3.199082851,1,5,SNORD3A,ncRNA_exonic
3-end RNA-seq,Fibroblast,chr17:2059648_C>A,6.381224632,1,5,HIC1,UTR3
3-end RNA-seq,Fibroblast,chr17:2059664_C>A,5.559239388,1,5,HIC1,UTR3
3-end RNA-seq,Fibroblast,chr17:34257199_C>A,7.364530563,1,5,CCL2,UTR3
3-end RNA-seq,Fibroblast,chr17:34257200_A>G,9.142713547,1,5,CCL2,UTR3
3-end RNA-seq,Fibroblast,chr17:3662938_C>T,3.574341059,1,5,P2RX5-TAX1BP3,ncRNA_exonic
3-end RNA-seq,Fibroblast,chr17:38853737_G>A,4.216449261,1,5,RPL23;SNORA21,upstream
3-end RNA-seq,Fibroblast,chr17:39065415_C>T,3.338668585,1,5,RDM1P5,ncRNA_intronic
3-end RNA-seq,Fibroblast,chr17:40446060_A>G,8.946648598,1,5,IGFBP4,intronic
3-end RNA-seq,Fibroblast,chr17:40627719_T>C,2.490716219,1,5,SMARCE1,UTR3
3-end RNA-seq,Fibroblast,chr17:41823074_A>C,3.803032637,1,5,FKBP10,UTR3
3-end RNA-seq,Fibroblast,chr17:44473235_T>C,2.23158884,1,5,GPATCH8,intronic
3-end RNA-seq,Fibroblast,chr17:47313741_G>A,9.014714241,1,5,THCAT158,ncRNA_intronic
3-end RNA-seq,Fibroblast,chr17:50184100_G>T,1.874628305,1,5,COL1A1,downstream
3-end RNA-seq,Fibroblast,chr17:50184102_T>C,6.931346893,1,5,COL1A1,UTR3
3-end RNA-seq,Fibroblast,chr17:50185230_C>T,7.739969254,1,5,COL1A1,UTR3
3-end RNA-seq,Fibroblast,chr17:50185257_C>T,9.983950615,1,5,COL1A1,UTR3
3-end RNA-seq,Fibroblast,chr17:50185275_T>C,3.168094397,1,5,COL1A1,UTR3
3-end RNA-seq,Fibroblast,chr17:50185276_T>A,5.186472416,1,5,COL1A1,UTR3
3-end RNA-seq,Fibroblast,chr17:50186336_C>T,5.41932869,1,5,COL1A1,exonic
3-end RNA-seq,Fibroblast,chr17:57006766_T>C,4.333600998,1,5,SCPEP1,UTR3
3-end RNA-seq,Fibroblast,chr17:59841877_G>A,4.964004993,1,5,VMP1,UTR3
3-end RNA-seq,Fibroblast,chr17:61409076_G>C,7.99070549,1,5,TBX2,UTR3
3-end RNA-seq,Fibroblast,chr17:62693494_C>T,5.341201305,1,5,MRC2,UTR3
3-end RNA-seq,Fibroblast,chr17:62693593_G>A,2.810134888,1,5,MRC2,UTR3
3-end RNA-seq,Fibroblast,chr17:62693595_G>A,4.822238445,1,5,MRC2,UTR3
3-end RNA-seq,Fibroblast,chr17:68867292_C>T,3.399502993,1,5,ABCA8,UTR3
3-end RNA-seq,Fibroblast,chr17:68867311_T>C,2.618305683,1,5,ABCA8,UTR3
3-end RNA-seq,Fibroblast,chr17:68867312_T>C,6.308012486,1,5,ABCA8,UTR3
3-end RNA-seq,Fibroblast,chr17:7259938_G>A,4.280209541,1,5,CLDN7;ELP5,UTR3
3-end RNA-seq,Fibroblast,chr17:77500594_G>A,2.964939117,1,5,SEPTIN9,UTR3
3-end RNA-seq,Fibroblast,chr17:78852979_C>T,1.251948595,1,5,TIMP2,UTR3
3-end RNA-seq,Fibroblast,chr17:78852981_C>T,0.802502334,1,5,TIMP2,UTR3
3-end RNA-seq,Fibroblast,chr17:78855544_A>G,5.40662241,1,5,TIMP2,UTR3
3-end RNA-seq,Fibroblast,chr17:80287823_G>A,2.894095182,1,5,RNF213,exonic
3-end RNA-seq,Fibroblast,chr17:81932393_A>G,6.10953331,1,5,PYCR1,UTR3
3-end RNA-seq,Fibroblast,chr17:82239481_C>A,5.320072651,1,5,CSNK1D;SLC16A3,UTR3
3-end RNA-seq,Fibroblast,chr17:907451_T>C,11.08322239,1,5,NXN,intronic
3-end RNA-seq,Fibroblast,chr17:907478_T>C,6.777682781,1,5,NXN,intronic
3-end RNA-seq,Fibroblast,chr17:911080_T>C,6.244089603,1,5,LOC101927727,ncRNA_exonic
3-end RNA-seq,Fibroblast,chr17:911178_C>T,3.46462822,1,5,LOC101927727,ncRNA_exonic
3-end RNA-seq,Fibroblast,chr17:9243897_T>G,6.984175205,1,5,NTN1,UTR3
3-end RNA-seq,Fibroblast,chr17:939413_T>C,7.646375656,1,5,NXN,intronic
3-end RNA-seq,Fibroblast,chr17:9910716_T>G,4.922541618,1,5,GAS7,UTR3
3-end RNA-seq,Fibroblast,chr18:10480902_G>A,8.335958481,1,5,APCDD1,intronic
3-end RNA-seq,Fibroblast,chr18:10488695_T>C,8.076747894,1,5,APCDD1,UTR3
3-end RNA-seq,Fibroblast,chr18:55227658_C>T,1.959255695,1,5,TCF4,UTR3
3-end RNA-seq,Fibroblast,chr18:55227849_G>T,1.529575229,1,5,TCF4,UTR3
3-end RNA-seq,Fibroblast,chr18:55261091_C>T,6.033730984,1,5,TCF4,intronic
3-end RNA-seq,Fibroblast,chr18:58573757_A>G,3.917850971,1,5,ALPK2,intronic
3-end RNA-seq,Fibroblast,chr19:10286548_C>A,5.70656395,1,5,ICAM1,UTR3
3-end RNA-seq,Fibroblast,chr19:10286606_C>A,6.821176052,1,5,ICAM1,UTR3
3-end RNA-seq,Fibroblast,chr19:11450881_A>C,0.790399253,1,5,PRKCSH,UTR3
3-end RNA-seq,Fibroblast,chr19:11450882_G>C,2.666567087,1,5,PRKCSH,UTR3
3-end RNA-seq,Fibroblast,chr19:12793165_G>C,2.402788877,1,5,JUNB,UTR3
3-end RNA-seq,Fibroblast,chr19:12793171_T>A,4.323451996,1,5,JUNB,UTR3
3-end RNA-seq,Fibroblast,chr19:12793191_G>C,1.819709539,1,5,JUNB,UTR3
3-end RNA-seq,Fibroblast,chr19:12793195_T>A,2.628538609,1,5,JUNB,UTR3
3-end RNA-seq,Fibroblast,chr19:12793242_C>A,2.396870613,1,5,JUNB,UTR3
3-end RNA-seq,Fibroblast,chr19:12793265_G>T,3.150320768,1,5,JUNB,UTR3
3-end RNA-seq,Fibroblast,chr19:12793268_C>A,3.987791538,1,5,JUNB,UTR3
3-end RNA-seq,Fibroblast,chr19:13098675_C>G,3.582404852,1,5,NFIX,UTR3
3-end RNA-seq,Fibroblast,chr19:13154902_T>C,3.587315321,1,5,IER2,UTR3
3-end RNA-seq,Fibroblast,chr19:13834694_G>A,2.440930843,1,5,LOC284454,ncRNA_exonic
3-end RNA-seq,Fibroblast,chr19:14471826_T>A,2.093402147,1,5,PKN1,UTR3
3-end RNA-seq,Fibroblast,chr19:14623291_A>G,4.168659687,1,5,ADGRE3,intronic
3-end RNA-seq,Fibroblast,chr19:16093734_G>A,4.450561523,1,5,TPM4,exonic
3-end RNA-seq,Fibroblast,chr19:16102855_C>A,2.088801146,1,5,TPM4,UTR3
3-end RNA-seq,Fibroblast,chr19:16102870_C>A,2.57390213,1,5,TPM4,UTR3
3-end RNA-seq,Fibroblast,chr19:16327504_A>T,2.8888762,1,5,KLF2,UTR3
3-end RNA-seq,Fibroblast,chr19:1985589_A>T,5.883061886,1,5,BTBD2,UTR3
3-end RNA-seq,Fibroblast,chr19:3123932_A>C,2.975287676,1,5,GNA11,UTR3
3-end RNA-seq,Fibroblast,chr19:31275455_A>G,5.323750496,1,5,TSHZ3,UTR3
3-end RNA-seq,Fibroblast,chr19:31276118_A>T,5.442409515,1,5,TSHZ3,UTR3
3-end RNA-seq,Fibroblast,chr19:35143000_G>C,3.807209969,1,5,FXYD1,UTR3
3-end RNA-seq,Fibroblast,chr19:38328878_G>A,2.589402437,1,5,KCNK6,UTR3
3-end RNA-seq,Fibroblast,chr19:39385688_C>A,4.841011047,1,5,PAF1,UTR3
3-end RNA-seq,Fibroblast,chr19:4046343_T>G,3.103399515,1,5,ZBTB7A,UTR3
3-end RNA-seq,Fibroblast,chr19:43648580_C>T,5.90194273,1,5,PLAUR,UTR3
3-end RNA-seq,Fibroblast,chr19:48330502_T>A,1.426869631,1,5,EMP3,UTR3
3-end RNA-seq,Fibroblast,chr19:48330544_T>A,3.690545559,1,5,EMP3,UTR3
3-end RNA-seq,Fibroblast,chr19:48966621_A>C,1.845609546,1,5,FTL,exonic
3-end RNA-seq,Fibroblast,chr19:49526331_G>A,1.307835221,1,5,FCGRT,UTR3
3-end RNA-seq,Fibroblast,chr19:49543624_A>C,2.489304304,1,5,RCN3,UTR3
3-end RNA-seq,Fibroblast,chr19:53876433_G>A,3.238814354,1,5,MYADM,UTR3
3-end RNA-seq,Fibroblast,chr19:54207541_G>A,4.045483589,1,5,RPS9,exonic
3-end RNA-seq,Fibroblast,chr19:55519061_C>A,2.377137899,1,5,SSC5D,UTR3
3-end RNA-seq,Fibroblast,chr19:55519084_C>A,10.20102787,1,5,SSC5D,UTR3
3-end RNA-seq,Fibroblast,chr19:6677966_T>G,5.16358614,1,5,C3,exonic
3-end RNA-seq,Fibroblast,chr19:6678000_T>G,4.170184135,1,5,C3,exonic
3-end RNA-seq,Fibroblast,chr19:863431_T>A,1.624026299,1,5,CFD,UTR3
3-end RNA-seq,Fibroblast,chr19:863451_C>A,6.113782406,1,5,CFD,UTR3
3-end RNA-seq,Fibroblast,chr19:863451_C>T,1.348123908,1,5,CFD,UTR3
3-end RNA-seq,Fibroblast,chr19:9999176_T>C,1.621431351,1,5,COL5A3,intronic
3-end RNA-seq,Fibroblast,chr1:100739043_G>A,5.559670448,1,5,VCAM1,UTR3
3-end RNA-seq,Fibroblast,chr1:1014531_T>C,3.746162176,1,5,ISG15,UTR3
3-end RNA-seq,Fibroblast,chr1:1014535_G>A,2.854673386,1,5,ISG15,UTR3
3-end RNA-seq,Fibroblast,chr1:102877642_A>T,19.05459404,1,5,COL11A1,UTR3
3-end RNA-seq,Fibroblast,chr1:114914417_A>G,3.515053511,1,5,SYCP1,intronic
3-end RNA-seq,Fibroblast,chr1:1292517_A>G,4.767501354,1,5,ACAP3,UTR3
3-end RNA-seq,Fibroblast,chr1:13617955_C>A,5.814216137,1,5,PDPN,UTR3
3-end RNA-seq,Fibroblast,chr1:150308350_G>A,1.895172477,1,5,MRPS21,UTR3
3-end RNA-seq,Fibroblast,chr1:150513504_C>G,3.7090137,1,5,ECM1,UTR3
3-end RNA-seq,Fibroblast,chr1:150513513_G>C,2.257583857,1,5,ECM1,UTR3
3-end RNA-seq,Fibroblast,chr1:150513514_C>A,5.806873322,1,5,ECM1,UTR3
3-end RNA-seq,Fibroblast,chr1:150513529_C>A,1.891445279,1,5,ECM1,UTR3
3-end RNA-seq,Fibroblast,chr1:150796231_A>T,3.48150754,1,5,CTSK,UTR3
3-end RNA-seq,Fibroblast,chr1:153534610_A>C,0.674350619,1,5,S100A6,UTR3
3-end RNA-seq,Fibroblast,chr1:153543620_C>T,2.873280287,1,5,S100A4,downstream
3-end RNA-seq,Fibroblast,chr1:153618808_C>T,2.981285095,1,5,S100A13,UTR3
3-end RNA-seq,Fibroblast,chr1:153774056_G>T,2.707271338,1,5,INTS3,UTR3
3-end RNA-seq,Fibroblast,chr1:154351305_G>A,7.241002083,1,5,ATP8B2,downstream
3-end RNA-seq,Fibroblast,chr1:162784305_T>A,6.040693283,1,5,DDR2,UTR3
3-end RNA-seq,Fibroblast,chr1:168695463_C>T,1.273021817,1,5,DPT,downstream
3-end RNA-seq,Fibroblast,chr1:168696512_C>G,6.20053196,1,5,DPT,UTR3
3-end RNA-seq,Fibroblast,chr1:170719746_G>A,2.415611744,1,5,PRRX1,exonic
3-end RNA-seq,Fibroblast,chr1:171532766_G>A,2.753204107,1,5,PRRC2C,exonic
3-end RNA-seq,Fibroblast,chr1:179124486_T>A,3.499332905,1,5,ABL2,intronic
3-end RNA-seq,Fibroblast,chr1:182600183_G>A,7.361374855,1,5,RGS16,UTR3
3-end RNA-seq,Fibroblast,chr1:183142976_C>A,3.112775803,1,5,LAMC1,UTR3
3-end RNA-seq,Fibroblast,chr1:185296579_T>C,5.048383236,1,5,IVNS1ABP,UTR3
3-end RNA-seq,Fibroblast,chr1:185297982_A>G,2.522119761,1,5,IVNS1ABP,UTR3
3-end RNA-seq,Fibroblast,chr1:19608624_T>A,0.844351292,1,5,RPS14P3,ncRNA_exonic
3-end RNA-seq,Fibroblast,chr1:196701563_C>T,5.73506546,1,5,CFH,UTR3
3-end RNA-seq,Fibroblast,chr1:196747502_T>C,4.38524437,1,5,CFH,UTR3
3-end RNA-seq,Fibroblast,chr1:19975434_A>T,6.996367455,1,5,PLA2G2A,UTR3
3-end RNA-seq,Fibroblast,chr1:203491263_T>C,6.240687847,1,5,PRELP,UTR3
3-end RNA-seq,Fibroblast,chr1:204403390_A>T,2.873266935,1,5,PPP1R15B,UTR3
3-end RNA-seq,Fibroblast,chr1:20806478_C>T,3.26113081,1,5,EIF4G3,UTR3
3-end RNA-seq,Fibroblast,chr1:212446139_G>A,3.531121731,1,5,NENF,UTR3
3-end RNA-seq,Fibroblast,chr1:212620772_T>C,5.095264435,1,5,ATF3,UTR3
3-end RNA-seq,Fibroblast,chr1:21578334_T>A,7.595989704,1,5,ALPL,UTR3
3-end RNA-seq,Fibroblast,chr1:21822548_A>T,5.107575893,1,5,HSPG2;LDLRAD2,UTR3
3-end RNA-seq,Fibroblast,chr1:222742717_A>G,7.806790829,1,5,FAM177B,intronic
3-end RNA-seq,Fibroblast,chr1:225845488_T>A,5.221756458,1,5,EPHX1,UTR3
3-end RNA-seq,Fibroblast,chr1:235975840_T>A,3.593173742,1,5,NID1,UTR3
3-end RNA-seq,Fibroblast,chr1:235976466_C>T,4.278007507,1,5,NID1,UTR3
3-end RNA-seq,Fibroblast,chr1:23694686_C>A,3.796751976,1,5,RPL11,exonic
3-end RNA-seq,Fibroblast,chr1:245188160_A>G,9.712108612,1,5,KIF26B,intronic
3-end RNA-seq,Fibroblast,chr1:245188169_A>G,6.670871258,1,5,KIF26B,intronic
3-end RNA-seq,Fibroblast,chr1:245191008_A>G,3.911021948,1,5,KIF26B,intronic
3-end RNA-seq,Fibroblast,chr1:245202649_A>G,10.94036579,1,5,KIF26B,intronic
3-end RNA-seq,Fibroblast,chr1:245203167_A>G,5.072293758,1,5,KIF26B,intronic
3-end RNA-seq,Fibroblast,chr1:245234105_A>G,11.0377121,1,5,KIF26B-AS1,ncRNA_intronic
3-end RNA-seq,Fibroblast,chr1:245247265_A>G,8.188942909,1,5,KIF26B,intronic
3-end RNA-seq,Fibroblast,chr1:245273343_A>G,5.2570014,1,5,KIF26B,intronic
3-end RNA-seq,Fibroblast,chr1:245285879_A>G,6.082413197,1,5,KIF26B,intronic
3-end RNA-seq,Fibroblast,chr1:245305907_A>G,3.469711781,1,5,KIF26B,intronic
3-end RNA-seq,Fibroblast,chr1:24844317_T>C,2.163957596,1,5,CLIC4,UTR3
3-end RNA-seq,Fibroblast,chr1:25784447_G>A,4.855651855,1,5,MAN1C1,UTR3
3-end RNA-seq,Fibroblast,chr1:26170871_G>A,2.302829266,1,5,ZNF593,UTR3
3-end RNA-seq,Fibroblast,chr1:30869527_A>C,4.369030476,1,5,SDC3,UTR3
3-end RNA-seq,Fibroblast,chr1:30869562_C>A,1.911336184,1,5,SDC3,UTR3
3-end RNA-seq,Fibroblast,chr1:31348967_G>A,3.223305941,1,5,ZCCHC17,exonic
3-end RNA-seq,Fibroblast,chr1:39529867_T>A,9.006145477,1,5,PPIEL,ncRNA_intronic
3-end RNA-seq,Fibroblast,chr1:44778053_G>A,2.978465319,1,5,RPS8,exonic
3-end RNA-seq,Fibroblast,chr1:53085424_A>G,7.289885998,1,5,PODN,UTR3
3-end RNA-seq,Fibroblast,chr1:56496434_A>G,3.667686462,1,5,PLPP3,UTR3
3-end RNA-seq,Fibroblast,chr1:56567483_T>C,5.877160549,1,5,PLPP3,intronic
3-end RNA-seq,Fibroblast,chr1:61456753_A>G,4.099773407,1,5,NFIA,UTR3
3-end RNA-seq,Fibroblast,chr1:64668305_C>T,1.960584044,1,5,CACHD1,intronic
3-end RNA-seq,Fibroblast,chr1:66706465_T>A,5.644472599,1,5,SGIP1,intronic
3-end RNA-seq,Fibroblast,chr1:72282700_G>T,2.181465626,1,5,NEGR1,upstream
3-end RNA-seq,Fibroblast,chr1:72282706_C>T,7.932931423,1,5,NEGR1,upstream
3-end RNA-seq,Fibroblast,chr1:85583703_T>C,7.211820602,1,5,CCN1,UTR3
3-end RNA-seq,Fibroblast,chr1:87329061_A>C,2.920196533,1,5,LMO4,UTR5
3-end RNA-seq,Fibroblast,chr1:89052318_A>T,9.929169655,1,5,GBP1,downstream
3-end RNA-seq,Fibroblast,chr1:91682426_A>G,5.261829376,1,5,TGFBR3,UTR3
3-end RNA-seq,Fibroblast,chr1:92841919_C>T,3.318076849,1,5,RPL5,UTR3
3-end RNA-seq,Fibroblast,chr1:94897338_G>T,2.794847488,1,5,CNN3,UTR3
3-end RNA-seq,Fibroblast,chr20:23633739_G>A,3.425980091,1,5,CST3,UTR3
3-end RNA-seq,Fibroblast,chr20:23747745_A>T,5.403711796,1,5,CST1,UTR3
3-end RNA-seq,Fibroblast,chr20:23747750_A>T,9.510398865,1,5,CST1,UTR3
3-end RNA-seq,Fibroblast,chr20:23747755_T>G,5.237380981,1,5,CST1,UTR3
3-end RNA-seq,Fibroblast,chr20:23747767_A>T,8.240854263,1,5,CST1,UTR3
3-end RNA-seq,Fibroblast,chr20:2794106_T>C,4.199304581,1,5,CPXM1,UTR3
3-end RNA-seq,Fibroblast,chr20:35725678_C>T,4.534222126,1,5,RBM39,intronic
3-end RNA-seq,Fibroblast,chr20:40686967_A>T,3.776511192,1,5,MAFB,UTR3
3-end RNA-seq,Fibroblast,chr20:47657677_A>G,5.61668539,1,5,SULF2,UTR3
3-end RNA-seq,Fibroblast,chr20:49255192_G>A,3.236041784,1,5,ZNFX1,intronic
3-end RNA-seq,Fibroblast,chr20:49503876_C>T,1.164570451,1,5,PTGIS,UTR3
3-end RNA-seq,Fibroblast,chr20:50586114_G>T,6.773556232,1,5,RIPOR3,UTR3
3-end RNA-seq,Fibroblast,chr20:51818757_T>C,8.318407059,1,5,SALL4;LINC01429,intergenic
3-end RNA-seq,Fibroblast,chr20:51818790_C>T,3.998786449,1,5,SALL4;LINC01429,intergenic
3-end RNA-seq,Fibroblast,chr20:57648398_C>T,7.164016247,1,5,PMEPA1,UTR3
3-end RNA-seq,Fibroblast,chr20:57651798_C>T,4.338376999,1,5,PMEPA1,UTR3
3-end RNA-seq,Fibroblast,chr20:57651827_G>T,7.633023739,1,5,PMEPA1,UTR3
3-end RNA-seq,Fibroblast,chr20:57651847_C>T,2.416404247,1,5,PMEPA1,UTR3
3-end RNA-seq,Fibroblast,chr20:57652078_T>C,2.806918859,1,5,PMEPA1,exonic
3-end RNA-seq,Fibroblast,chr20:958487_T>A,1.861046672,1,5,RSPO4,UTR3
3-end RNA-seq,Fibroblast,chr21:25880660_G>T,0.987869263,1,5,APP,UTR3
3-end RNA-seq,Fibroblast,chr21:26921466_A>T,7.007704735,1,5,ADAMTS5,UTR3
3-end RNA-seq,Fibroblast,chr21:27143137_C>T,1.929635644,1,5,ADAMTS5;LINC00113,intergenic
3-end RNA-seq,Fibroblast,chr21:34516488_C>T,3.919336319,1,5,RCAN1,UTR3
3-end RNA-seq,Fibroblast,chr21:46004062_T>A,3.277979851,1,5,COL6A1,UTR3
3-end RNA-seq,Fibroblast,chr21:46114425_A>T,3.561825752,1,5,COL6A2,intronic
3-end RNA-seq,Fibroblast,chr21:46132708_G>C,1.867262959,1,5,COL6A2,UTR3
3-end RNA-seq,Fibroblast,chr21:46132719_A>C,0.945033908,1,5,COL6A2,UTR3
3-end RNA-seq,Fibroblast,chr21:46132725_A>C,1.00793004,1,5,COL6A2,UTR3
3-end RNA-seq,Fibroblast,chr22:23784198_C>T,9.718437195,1,5,MMP11,UTR3
3-end RNA-seq,Fibroblast,chr22:23784280_T>A,5.736069202,1,5,MMP11,UTR3
3-end RNA-seq,Fibroblast,chr22:31104779_A>G,1.630121589,1,5,SELENOM,UTR3
3-end RNA-seq,Fibroblast,chr22:32814143_A>T,7.35746336,1,5,SYN3;TIMP3,intronic
3-end RNA-seq,Fibroblast,chr22:32814205_G>A,3.992285967,1,5,SYN3;TIMP3,intronic
3-end RNA-seq,Fibroblast,chr22:32814206_A>C,1.350790143,1,5,SYN3;TIMP3,intronic
3-end RNA-seq,Fibroblast,chr22:32860542_C>A,1.560812473,1,5,TIMP3,UTR3
3-end RNA-seq,Fibroblast,chr22:32860567_G>A,3.353094578,1,5,TIMP3,UTR3
3-end RNA-seq,Fibroblast,chr22:32860931_G>T,3.776410103,1,5,TIMP3,UTR3
3-end RNA-seq,Fibroblast,chr22:32862825_C>G,6.07745409,1,5,TIMP3,UTR3
3-end RNA-seq,Fibroblast,chr22:36226659_A>C,3.934485435,1,5,APOL2,UTR3
3-end RNA-seq,Fibroblast,chr22:37679800_G>A,3.091095686,1,5,LGALS1,UTR3
3-end RNA-seq,Fibroblast,chr22:37807332_C>G,2.2660923,1,5,H1-0,UTR3
3-end RNA-seq,Fibroblast,chr22:38216505_G>A,5.95425272,1,5,MAFF,UTR3
3-end RNA-seq,Fibroblast,chr22:40620563_T>C,5.167448521,1,5,MRTFA,intronic
3-end RNA-seq,Fibroblast,chr22:45600863_C>A,1.946079016,1,5,FBLN1,UTR3
3-end RNA-seq,Fibroblast,chr22:45600870_C>A,5.2862501139999996,1,5,FBLN1,UTR3
3-end RNA-seq,Fibroblast,chr22:50274980_A>G,2.786725044,1,5,PLXNB2,UTR3
3-end RNA-seq,Fibroblast,chr2:111429318_C>T,5.637246132,1,5,MIR4435-2HG,ncRNA_exonic
3-end RNA-seq,Fibroblast,chr2:111458170_T>C,6.44685936,1,5,MIR4435-2HG,ncRNA_intronic
3-end RNA-seq,Fibroblast,chr2:111468127_T>C,5.649804115,1,5,MIR4435-2HG,ncRNA_intronic
3-end RNA-seq,Fibroblast,chr2:129497007_C>A,0.912899077,1,5,LINC01854;LINC02572,intergenic
3-end RNA-seq,Fibroblast,chr2:147857532_T>C,1.897071719,1,5,ACVR2A,intronic
3-end RNA-seq,Fibroblast,chr2:159768850_C>T,1.424393773,1,5,CD302;LY75-CD302;MARCHF7,UTR3
3-end RNA-seq,Fibroblast,chr2:160272492_A>T,4.987451077,1,5,RBMS1,UTR3
3-end RNA-seq,Fibroblast,chr2:1633186_A>T,2.499236822,1,5,PXDN,UTR3
3-end RNA-seq,Fibroblast,chr2:169630952_G>A,2.207822561,1,5,PPIG,exonic
3-end RNA-seq,Fibroblast,chr2:180872704_T>C,0.826344728,1,5,SCHLAP1,ncRNA_intronic
3-end RNA-seq,Fibroblast,chr2:187464233_C>T,4.718734264,1,5,TFPI,UTR3
3-end RNA-seq,Fibroblast,chr2:187466997_C>T,4.051469803,1,5,TFPI,exonic
3-end RNA-seq,Fibroblast,chr2:188978757_A>G,8.149435043,1,5,COL3A1,intronic
3-end RNA-seq,Fibroblast,chr2:189012013_C>A,6.433466434,1,5,COL3A1,UTR3
3-end RNA-seq,Fibroblast,chr2:189012056_C>A,2.56765914,1,5,COL3A1,UTR3
3-end RNA-seq,Fibroblast,chr2:189012320_G>A,11.44260788,1,5,COL3A1,UTR3
3-end RNA-seq,Fibroblast,chr2:189012740_A>G,5.068351746,1,5,COL3A1,UTR3
3-end RNA-seq,Fibroblast,chr2:189031895_G>T,10.54971409,1,5,COL5A2,downstream
3-end RNA-seq,Fibroblast,chr2:189033233_A>T,4.75428772,1,5,COL5A2,UTR3
3-end RNA-seq,Fibroblast,chr2:189033619_G>A,10.91496944,1,5,COL5A2,UTR3
3-end RNA-seq,Fibroblast,chr2:189033821_T>C,5.52204895,1,5,COL5A2,UTR3
3-end RNA-seq,Fibroblast,chr2:189167683_A>G,5.104070663,1,5,COL5A2,intronic
3-end RNA-seq,Fibroblast,chr2:190969151_A>G,2.848383904,1,5,STAT1,UTR3
3-end RNA-seq,Fibroblast,chr2:191425316_G>A,5.56739521,1,5,MYO1B,UTR3
3-end RNA-seq,Fibroblast,chr2:196156648_T>A,3.074151039,1,5,STK17B,exonic
3-end RNA-seq,Fibroblast,chr2:200416425_G>A,6.099291801,1,5,SPATS2L,exonic
3-end RNA-seq,Fibroblast,chr2:20449439_T>C,1.366240025,1,5,RHOB,UTR3
3-end RNA-seq,Fibroblast,chr2:205275815_C>T,3.51661706,1,5,PARD3B,intronic
3-end RNA-seq,Fibroblast,chr2:215360866_G>A,5.273812294,1,5,FN1,UTR3
3-end RNA-seq,Fibroblast,chr2:215412783_A>G,4.295982838,1,5,FN1,intronic
3-end RNA-seq,Fibroblast,chr2:216664326_A>C,6.030110836,1,5,IGFBP2,UTR3
3-end RNA-seq,Fibroblast,chr2:216664428_A>G,3.358108759,1,5,IGFBP2,UTR3
3-end RNA-seq,Fibroblast,chr2:216664433_T>C,2.073229551,1,5,IGFBP2,UTR3
3-end RNA-seq,Fibroblast,chr2:216672336_T>A,3.299838543,1,5,IGFBP5,UTR3
3-end RNA-seq,Fibroblast,chr2:216672337_C>G,1.91364646,1,5,IGFBP5,UTR3
3-end RNA-seq,Fibroblast,chr2:216672396_T>C,2.542096138,1,5,IGFBP5,UTR3
3-end RNA-seq,Fibroblast,chr2:219248662_G>A,6.825946331,1,5,STK16,UTR3
3-end RNA-seq,Fibroblast,chr2:223975162_A>G,3.757280827,1,5,SERPINE2,UTR3
3-end RNA-seq,Fibroblast,chr2:229023992_A>T,3.054993153,1,5,PID1,UTR3
3-end RNA-seq,Fibroblast,chr2:232556470_G>A,5.241419315,1,5,EIF4E2,exonic
3-end RNA-seq,Fibroblast,chr2:237324107_C>A,1.190216184,1,5,COL6A3,UTR3
3-end RNA-seq,Fibroblast,chr2:237348619_G>T,11.91259289,1,5,COL6A3,exonic
3-end RNA-seq,Fibroblast,chr2:237410320_C>T,6.51264143,1,5,COL6A3,intronic
3-end RNA-seq,Fibroblast,chr2:238910245_C>A,8.040770531,1,5,TWIST2,UTR3
3-end RNA-seq,Fibroblast,chr2:241058383_G>A,6.263022423,1,5,SNED1,intronic
3-end RNA-seq,Fibroblast,chr2:27086375_A>C,5.605918884,1,5,EMILIN1,UTR3
3-end RNA-seq,Fibroblast,chr2:33360626_G>A,4.826908112,1,5,LTBP1,exonic
3-end RNA-seq,Fibroblast,chr2:38068290_A>T,7.280895233,1,5,CYP1B1,UTR3
3-end RNA-seq,Fibroblast,chr2:38068291_A>T,3.189460754,1,5,CYP1B1,UTR3
3-end RNA-seq,Fibroblast,chr2:55235605_T>C,3.153717279,1,5,RPS27A,UTR3
3-end RNA-seq,Fibroblast,chr2:55865974_C>T,6.156711578,1,5,EFEMP1,UTR3
3-end RNA-seq,Fibroblast,chr2:60682683_T>G,3.622291565,1,5,BCL11A;PAPOLG,intergenic
3-end RNA-seq,Fibroblast,chr2:69249168_C>T,3.146703959,1,5,ANTXR1,UTR3
3-end RNA-seq,Fibroblast,chr2:72129370_C>A,3.830819845,1,5,CYP26B1,UTR3
3-end RNA-seq,Fibroblast,chr2:72129391_A>T,2.802036047,1,5,CYP26B1,UTR3
3-end RNA-seq,Fibroblast,chr2:72129401_C>A,4.496903419,1,5,CYP26B1,UTR3
3-end RNA-seq,Fibroblast,chr2:72129406_C>A,0.93132627,1,5,CYP26B1,UTR3
3-end RNA-seq,Fibroblast,chr2:75492401_G>T,2.944562912,1,5,EVA1A,UTR3
3-end RNA-seq,Fibroblast,chr2:84905656_G>T,1.191794634,1,5,TMSB10,UTR5
3-end RNA-seq,Fibroblast,chr2:85319188_T>C,3.620517492,1,5,TGOLN2,UTR3
3-end RNA-seq,Fibroblast,chr2:87521505_T>C,7.058500767,1,5,CYTOR,ncRNA_exonic
3-end RNA-seq,Fibroblast,chr2:87521514_C>A,5.57837677,1,5,CYTOR,ncRNA_exonic
3-end RNA-seq,Fibroblast,chr3:100749337_A>G,9.754423141,1,5,ABI3BP,UTR3
3-end RNA-seq,Fibroblast,chr3:112638151_C>T,5.216507912,1,5,CCDC80,exonic
3-end RNA-seq,Fibroblast,chr3:112638157_G>T,6.06017971,1,5,CCDC80,exonic
3-end RNA-seq,Fibroblast,chr3:112640889_C>T,3.735928774,1,5,CCDC80,UTR5
3-end RNA-seq,Fibroblast,chr3:112640963_C>T,1.599957228,1,5,CCDC80,UTR5
3-end RNA-seq,Fibroblast,chr3:114332086_C>T,1.988140702,1,5,ZBTB20,UTR3
3-end RNA-seq,Fibroblast,chr3:114333688_C>T,3.957860947,1,5,ZBTB20,UTR3
3-end RNA-seq,Fibroblast,chr3:127573071_C>T,3.42462492,1,5,TPRA1,UTR3
3-end RNA-seq,Fibroblast,chr3:131388801_A>T,1.731424212,1,5,NUDT16,UTR3
3-end RNA-seq,Fibroblast,chr3:13638145_A>C,3.022522688,1,5,FBLN2,UTR3
3-end RNA-seq,Fibroblast,chr3:141892572_T>C,2.184704781,1,5,ATP1B3,intronic
3-end RNA-seq,Fibroblast,chr3:154271828_T>C,6.947067261,1,5,DHX36,downstream
3-end RNA-seq,Fibroblast,chr3:169982868_A>G,2.559926748,1,5,SEC62,exonic
3-end RNA-seq,Fibroblast,chr3:169994176_T>A,1.52953124,1,5,SEC62,UTR3
3-end RNA-seq,Fibroblast,chr3:172386666_T>C,2.981590748,1,5,FNDC3B,intronic
3-end RNA-seq,Fibroblast,chr3:172397684_A>G,5.323245525,1,5,FNDC3B,UTR3
3-end RNA-seq,Fibroblast,chr3:180977074_C>T,2.814062119,1,5,FXR1,UTR3
3-end RNA-seq,Fibroblast,chr3:195568707_G>A,6.770248413,1,5,APOD,UTR3
3-end RNA-seq,Fibroblast,chr3:195568828_T>G,6.108678341,1,5,APOD,UTR3
3-end RNA-seq,Fibroblast,chr3:195568829_T>G,5.11768055,1,5,APOD,UTR3
3-end RNA-seq,Fibroblast,chr3:195568830_A>C,6.296527863,1,5,APOD,UTR3
3-end RNA-seq,Fibroblast,chr3:195568834_G>C,3.62404418,1,5,APOD,UTR3
3-end RNA-seq,Fibroblast,chr3:195715523_G>A,4.034752369,1,5,MIR570HG;MUC20,intergenic
3-end RNA-seq,Fibroblast,chr3:29308757_A>C,2.6198771,1,5,RBMS3,intronic
3-end RNA-seq,Fibroblast,chr3:29378427_G>A,2.608780622,1,5,RBMS3,intronic
3-end RNA-seq,Fibroblast,chr3:30007039_G>A,4.240077496,1,5,RBMS3,UTR3
3-end RNA-seq,Fibroblast,chr3:33143158_G>A,3.648207426,1,5,CRTAP,UTR3
3-end RNA-seq,Fibroblast,chr3:37050842_C>A,2.45987606,1,5,MLH1,UTR3
3-end RNA-seq,Fibroblast,chr3:46903785_A>G,3.466362953,1,5,PTH1R,UTR3
3-end RNA-seq,Fibroblast,chr3:46903790_G>A,6.897714615,1,5,PTH1R,UTR3
3-end RNA-seq,Fibroblast,chr3:4985178_G>A,2.181718588,1,5,BHLHE40,UTR3
3-end RNA-seq,Fibroblast,chr3:62404914_T>G,7.340132236,1,5,CADPS,intronic
3-end RNA-seq,Fibroblast,chr3:64179082_G>C,2.724009037,1,5,PRICKLE2,intronic
3-end RNA-seq,Fibroblast,chr3:73512544_C>T,3.158499241,1,5,PDZRN3,intronic
3-end RNA-seq,Fibroblast,chr3:78917202_T>C,5.827019691,1,5,ROBO1,intronic
3-end RNA-seq,Fibroblast,chr3:93873113_A>G,2.584712267,1,5,PROS1,UTR3
3-end RNA-seq,Fibroblast,chr4:113383651_A>G,7.75555563,1,5,ANK2,UTR3
3-end RNA-seq,Fibroblast,chr4:1166934_T>C,2.594149828,1,5,SPON2,UTR3
3-end RNA-seq,Fibroblast,chr4:1166935_G>T,1.602942944,1,5,SPON2,UTR3
3-end RNA-seq,Fibroblast,chr4:137520870_G>T,4.43709898,1,5,PCDH18,UTR3
3-end RNA-seq,Fibroblast,chr4:139114756_A>C,3.921209335,1,5,ELF2,intronic
3-end RNA-seq,Fibroblast,chr4:150240657_A>G,5.564321518,1,5,DCLK2,intronic
3-end RNA-seq,Fibroblast,chr4:153781172_A>T,5.762856483,1,5,SFRP2,UTR3
3-end RNA-seq,Fibroblast,chr4:153781175_T>C,4.201781273,1,5,SFRP2,UTR3
3-end RNA-seq,Fibroblast,chr4:153781181_C>T,7.332557678,1,5,SFRP2,UTR3
3-end RNA-seq,Fibroblast,chr4:155732095_T>A,2.576512814,1,5,GUCY1A1,UTR3
3-end RNA-seq,Fibroblast,chr4:165498081_C>A,0.782723844,1,5,CPE,UTR3
3-end RNA-seq,Fibroblast,chr4:165498108_C>A,4.338962555,1,5,CPE,UTR3
3-end RNA-seq,Fibroblast,chr4:165498150_C>A,1.54405117,1,5,CPE,UTR3
3-end RNA-seq,Fibroblast,chr4:165498185_C>A,2.645889282,1,5,CPE,UTR3
3-end RNA-seq,Fibroblast,chr4:165498306_T>C,1.713989615,1,5,CPE,UTR3
3-end RNA-seq,Fibroblast,chr4:168887069_A>G,4.399623871,1,5,PALLD,intronic
3-end RNA-seq,Fibroblast,chr4:168928342_A>T,6.812044144,1,5,PALLD,UTR3
3-end RNA-seq,Fibroblast,chr4:168928415_T>A,7.249740124,1,5,PALLD,UTR3
3-end RNA-seq,Fibroblast,chr4:182332672_C>T,5.328784943,1,5,TENM3,intronic
3-end RNA-seq,Fibroblast,chr4:189943226_G>A,4.705289841,1,5,FRG1,exonic
3-end RNA-seq,Fibroblast,chr4:24800677_C>A,6.093215942,1,5,SOD3,UTR3
3-end RNA-seq,Fibroblast,chr4:39454128_A>T,4.182812214,1,5,RPL9,UTR3
3-end RNA-seq,Fibroblast,chr4:39498760_G>T,2.807926416,1,5,UGDH,UTR3
3-end RNA-seq,Fibroblast,chr4:54298168_C>T,5.516433239,1,5,PDGFRA,UTR3
3-end RNA-seq,Fibroblast,chr4:68376649_G>A,1.001031399,1,5,YTHDC1;TMPRSS11E,intergenic
3-end RNA-seq,Fibroblast,chr4:73871236_G>A,8.646129608,1,5,CXCL1,UTR3
3-end RNA-seq,Fibroblast,chr4:7582638_A>G,3.584093809,1,5,SORCS2,intronic
3-end RNA-seq,Fibroblast,chr4:7582652_A>G,2.50488162,1,5,SORCS2,intronic
3-end RNA-seq,Fibroblast,chr4:7582669_A>G,3.686233044,1,5,SORCS2,intronic
3-end RNA-seq,Fibroblast,chr4:8307094_G>A,9.686797142,1,5,HTRA3,UTR3
3-end RNA-seq,Fibroblast,chr5:111725940_C>T,11.67425728,1,5,STARD4-AS1,ncRNA_intronic
3-end RNA-seq,Fibroblast,chr5:111729305_A>G,8.6848659519999991,1,5,STARD4-AS1,ncRNA_intronic
3-end RNA-seq,Fibroblast,chr5:122064507_C>T,7.129751205,1,5,LOX,UTR3
3-end RNA-seq,Fibroblast,chr5:123023771_G>T,2.064218998,1,5,PPIC,UTR3
3-end RNA-seq,Fibroblast,chr5:124636920_T>A,3.734204054,1,5,ZNF608,UTR3
3-end RNA-seq,Fibroblast,chr5:124636921_A>T,3.89217639,1,5,ZNF608,UTR3
3-end RNA-seq,Fibroblast,chr5:132190188_T>C,3.917590141,1,5,P4HA2-AS1,ncRNA_intronic
3-end RNA-seq,Fibroblast,chr5:132192021_C>T,6.227790833,1,5,P4HA2-AS1,ncRNA_intronic
3-end RNA-seq,Fibroblast,chr5:132483085_A>T,6.115384102,1,5,IRF1,UTR3
3-end RNA-seq,Fibroblast,chr5:132921499_G>A,3.078303576,1,5,AFF4,intronic
3-end RNA-seq,Fibroblast,chr5:135570685_T>C,8.312583923,1,5,CXCL14,UTR3
3-end RNA-seq,Fibroblast,chr5:135570686_A>G,0.609795213,1,5,CXCL14,UTR3
3-end RNA-seq,Fibroblast,chr5:135571787_A>T,1.903875113,1,5,CXCL14,UTR3
3-end RNA-seq,Fibroblast,chr5:135571789_C>T,6.859937668,1,5,CXCL14,UTR3
3-end RNA-seq,Fibroblast,chr5:136063811_G>A,2.265270472,1,5,TGFBI,UTR3
3-end RNA-seq,Fibroblast,chr5:138436944_C>A,3.270424604,1,5,KDM3B,UTR3
3-end RNA-seq,Fibroblast,chr5:138469297_T>A,3.919222593,1,5,EGR1,UTR3
3-end RNA-seq,Fibroblast,chr5:14651754_T>C,4.86166811,1,5,SNORD141A;SNORD141B,downstream
3-end RNA-seq,Fibroblast,chr5:147390849_A>C,1.327010751,1,5,DPYSL3,UTR3
3-end RNA-seq,Fibroblast,chr5:149500198_C>T,4.237062454,1,5,CSNK1A1,intronic
3-end RNA-seq,Fibroblast,chr5:150155321_A>G,2.87629509,1,5,PDGFRB,intronic
3-end RNA-seq,Fibroblast,chr5:151661449_T>C,1.56590724,1,5,SPARC,UTR3
3-end RNA-seq,Fibroblast,chr5:151661450_G>T,3.646028519,1,5,SPARC,UTR3
3-end RNA-seq,Fibroblast,chr5:151662443_C>T,2.764802217,1,5,SPARC,UTR3
3-end RNA-seq,Fibroblast,chr5:151662656_A>C,6.915911674,1,5,SPARC,UTR3
3-end RNA-seq,Fibroblast,chr5:151662756_T>G,13.32097626,1,5,SPARC,UTR3
3-end RNA-seq,Fibroblast,chr5:151663422_C>T,9.886956215,1,5,SPARC,UTR3
3-end RNA-seq,Fibroblast,chr5:157477359_G>A,6.890392303,1,5,ADAM19,UTR3
3-end RNA-seq,Fibroblast,chr5:158695958_G>T,1.705515623,1,5,EBF1,UTR3
3-end RNA-seq,Fibroblast,chr5:158695966_G>T,2.057421684,1,5,EBF1,UTR3
3-end RNA-seq,Fibroblast,chr5:158696919_C>T,6.378465176,1,5,EBF1,UTR3
3-end RNA-seq,Fibroblast,chr5:159099919_G>A,6.586841583,1,5,EBF1;LINC02202,upstream
3-end RNA-seq,Fibroblast,chr5:168666139_T>C,2.096893549,1,5,SLIT3,UTR3
3-end RNA-seq,Fibroblast,chr5:168666304_G>T,5.529700279,1,5,SLIT3,UTR3
3-end RNA-seq,Fibroblast,chr5:17276628_G>A,2.960485697,1,5,BASP1,UTR3
3-end RNA-seq,Fibroblast,chr5:17276835_G>A,2.358147383,1,5,BASP1,UTR3
3-end RNA-seq,Fibroblast,chr5:17276836_T>A,3.610548019,1,5,BASP1,UTR3
3-end RNA-seq,Fibroblast,chr5:179120180_C>T,5.555481911,1,5,ADAMTS2,intronic
3-end RNA-seq,Fibroblast,chr5:39387708_C>T,5.355515003,1,5,DAB2,intronic
3-end RNA-seq,Fibroblast,chr5:40982937_G>A,4.757525444,1,5,C7,UTR3
3-end RNA-seq,Fibroblast,chr5:72209521_A>G,3.862219572,1,5,MAP1B,UTR3
3-end RNA-seq,Fibroblast,chr5:73509712_G>A,4.037553787,1,5,BTF3;ANKRA2,intergenic
3-end RNA-seq,Fibroblast,chr5:76735480_T>A,1.412789822,1,5,F2R,UTR3
3-end RNA-seq,Fibroblast,chr5:83581317_C>T,2.684931517,1,5,VCAN,UTR3
3-end RNA-seq,Fibroblast,chr6:106109091_C>T,2.71376133,1,5,PRDM1,UTR3
3-end RNA-seq,Fibroblast,chr6:106109934_C>A,2.848615646,1,5,PRDM1,UTR3
3-end RNA-seq,Fibroblast,chr6:10829086_C>T,1.496521711,1,5,MAK,intronic
3-end RNA-seq,Fibroblast,chr6:110701235_T>C,3.030935049,1,5,CDK19,intronic
3-end RNA-seq,Fibroblast,chr6:110701239_G>A,1.21894908,1,5,CDK19,intronic
3-end RNA-seq,Fibroblast,chr6:111778576_T>G,6.579428196,1,5,FYN,intronic
3-end RNA-seq,Fibroblast,chr6:112109132_A>T,3.322559118,1,5,LAMA4,UTR3
3-end RNA-seq,Fibroblast,chr6:113861098_G>A,1.86019969,1,5,MARCKS,UTR3
3-end RNA-seq,Fibroblast,chr6:113861143_C>A,3.160476446,1,5,MARCKS,UTR3
3-end RNA-seq,Fibroblast,chr6:113861153_G>A,2.310523748,1,5,MARCKS,UTR3
3-end RNA-seq,Fibroblast,chr6:113861605_A>G,3.484389544,1,5,MARCKS,UTR3
3-end RNA-seq,Fibroblast,chr6:113861802_A>G,4.790300369,1,5,MARCKS,UTR3
3-end RNA-seq,Fibroblast,chr6:113863272_C>T,2.412317514,1,5,MARCKS,UTR3
3-end RNA-seq,Fibroblast,chr6:131948178_T>C,4.450950146,1,5,CCN2,UTR3
3-end RNA-seq,Fibroblast,chr6:131948180_T>C,5.574651241,1,5,CCN2,UTR3
3-end RNA-seq,Fibroblast,chr6:131948181_A>G,4.204640388,1,5,CCN2,UTR3
3-end RNA-seq,Fibroblast,chr6:1395571_T>A,7.350331783,1,5,FOXF2,UTR3
3-end RNA-seq,Fibroblast,chr6:147411334_T>A,2.066224337,1,5,STXBP5;SAMD5,intergenic
3-end RNA-seq,Fibroblast,chr6:149591742_G>A,1.378547192,1,5,GINM1,UTR3
3-end RNA-seq,Fibroblast,chr6:157944508_G>A,2.056667328,1,5,SNX9,UTR3
3-end RNA-seq,Fibroblast,chr6:158635028_G>A,3.962543011,1,5,TMEM181,UTR3
3-end RNA-seq,Fibroblast,chr6:159272107_G>A,5.265490055,1,5,FNDC1,UTR3
3-end RNA-seq,Fibroblast,chr6:159679119_G>T,5.925949097,1,5,SOD2,UTR3
3-end RNA-seq,Fibroblast,chr6:159679120_A>T,6.346391678,1,5,SOD2,UTR3
3-end RNA-seq,Fibroblast,chr6:159679541_G>T,10.08681107,1,5,SOD2,UTR3
3-end RNA-seq,Fibroblast,chr6:16148245_C>T,5.590718269,1,5,MYLIP,UTR3
3-end RNA-seq,Fibroblast,chr6:17707304_G>A,6.413103104,1,5,LOC105374952,ncRNA_exonic
3-end RNA-seq,Fibroblast,chr6:21594119_G>A,3.055593729,1,5,SOX4,UTR5
3-end RNA-seq,Fibroblast,chr6:29726496_T>A,3.200498819,1,5,HLA-F,UTR3
3-end RNA-seq,Fibroblast,chr6:29890883_A>C,6.569494247,1,5,HLA-H,ncRNA_exonic
3-end RNA-seq,Fibroblast,chr6:29945770_T>A,1.293582201,1,5,HLA-A,UTR3
3-end RNA-seq,Fibroblast,chr6:31353909_A>C,0.886559248,1,5,HLA-B,UTR3
3-end RNA-seq,Fibroblast,chr6:31354026_G>A,3.964438915,1,5,HLA-B,UTR3
3-end RNA-seq,Fibroblast,chr6:31830177_C>G,1.294509649,1,5,HSPA1B,UTR3
3-end RNA-seq,Fibroblast,chr6:34773788_G>A,1.397807956,1,5,SNRPC,UTR3
3-end RNA-seq,Fibroblast,chr6:43117888_A>G,6.798268318,1,5,PTK7,intronic
3-end RNA-seq,Fibroblast,chr6:43161667_G>T,4.2051897050000004,1,5,PTK7,UTR3
3-end RNA-seq,Fibroblast,chr6:44155477_T>C,2.148567438,1,5,TMEM63B,UTR3
3-end RNA-seq,Fibroblast,chr6:45551024_T>A,4.624803543,1,5,RUNX2,UTR3
3-end RNA-seq,Fibroblast,chr6:75086142_A>G,10.277120589999999,1,5,COL12A1,UTR3
3-end RNA-seq,Fibroblast,chr6:75890192_G>A,1.819864869,1,5,MYO6,exonic
3-end RNA-seq,Fibroblast,chr6:81749645_C>T,3.634435892,1,5,TENT5A,UTR3
3-end RNA-seq,Fibroblast,chr6:85495778_T>C,3.430393934,1,5,NT5E,UTR3
3-end RNA-seq,Fibroblast,chr6:87674995_G>A,1.857632637,1,5,AKIRIN2,UTR3
3-end RNA-seq,Fibroblast,chr7:100681355_C>T,4.082797527,1,5,GIGYF1,UTR3
3-end RNA-seq,Fibroblast,chr7:101136454_A>G,5.73354578,1,5,SERPINE1,intronic
3-end RNA-seq,Fibroblast,chr7:101136460_G>A,2.701494694,1,5,SERPINE1,intronic
3-end RNA-seq,Fibroblast,chr7:101139245_G>A,6.556088924,1,5,SERPINE1,UTR3
3-end RNA-seq,Fibroblast,chr7:101140194_A>G,3.070366144,1,5,SERPINE1,downstream
3-end RNA-seq,Fibroblast,chr7:107941859_A>G,4.088832378,1,5,LAMB1,intronic
3-end RNA-seq,Fibroblast,chr7:128770576_C>T,5.787026405,1,5,CALU,UTR3
3-end RNA-seq,Fibroblast,chr7:128955095_T>C,3.154110193,1,5,TNPO3,UTR3
3-end RNA-seq,Fibroblast,chr7:134789024_C>A,6.570782661,1,5,CALD1,intronic
3-end RNA-seq,Fibroblast,chr7:134933220_G>A,5.871992588,1,5,CALD1,exonic
3-end RNA-seq,Fibroblast,chr7:137227464_C>T,1.011849284,1,5,PTN,UTR3
3-end RNA-seq,Fibroblast,chr7:137227468_A>T,5.281263351,1,5,PTN,UTR3
3-end RNA-seq,Fibroblast,chr7:139045932_A>G,3.38935256,1,5,ZC3HAV1,UTR3
3-end RNA-seq,Fibroblast,chr7:143391097_C>A,4.008664131,1,5,ZYX,UTR3
3-end RNA-seq,Fibroblast,chr7:150791289_T>A,9.865112305,1,5,TMEM176B,UTR3
3-end RNA-seq,Fibroblast,chr7:150791290_C>T,4.027323246,1,5,TMEM176B,UTR3
3-end RNA-seq,Fibroblast,chr7:19115470_C>T,4.367331982,1,5,TWIST1,UTR3
3-end RNA-seq,Fibroblast,chr7:19115623_G>T,4.747803688,1,5,TWIST1,UTR3
3-end RNA-seq,Fibroblast,chr7:2664713_C>A,5.552783966,1,5,TTYH3,UTR3
3-end RNA-seq,Fibroblast,chr7:30633896_T>A,2.728678703,1,5,GARS1,UTR3
3-end RNA-seq,Fibroblast,chr7:30757532_C>T,3.357648849,1,5,INMT-MINDY4,ncRNA_intronic
3-end RNA-seq,Fibroblast,chr7:40860758_G>A,4.680193424,1,5,SUGCT,UTR3
3-end RNA-seq,Fibroblast,chr7:41689508_C>T,4.31206274,1,5,INHBA,UTR3
3-end RNA-seq,Fibroblast,chr7:41689535_G>T,3.123100042,1,5,INHBA,UTR3
3-end RNA-seq,Fibroblast,chr7:41700480_T>G,3.227524996,1,5,INHBA-AS1,ncRNA_intronic
3-end RNA-seq,Fibroblast,chr7:41700481_G>A,7.699121475,1,5,INHBA-AS1,ncRNA_intronic
3-end RNA-seq,Fibroblast,chr7:41700482_G>T,3.437260628,1,5,INHBA-AS1,ncRNA_intronic
3-end RNA-seq,Fibroblast,chr7:41700494_T>C,7.116274357,1,5,INHBA-AS1,ncRNA_intronic
3-end RNA-seq,Fibroblast,chr7:42009501_G>T,5.363607883,1,5,GLI3,intronic
3-end RNA-seq,Fibroblast,chr7:45912359_A>G,4.063314915,1,5,IGFBP3,UTR3
3-end RNA-seq,Fibroblast,chr7:6161778_G>T,3.661831141,1,5,CYTH3;USP42,downstream
3-end RNA-seq,Fibroblast,chr7:6461744_C>T,4.400466442,1,5,KDELR2,UTR3
3-end RNA-seq,Fibroblast,chr7:74069903_G>A,5.88764286,1,5,ELN,UTR3
3-end RNA-seq,Fibroblast,chr7:91268714_C>A,5.340967655,1,5,FZD1,UTR3
3-end RNA-seq,Fibroblast,chr7:94422195_G>A,2.314974785,1,5,COL1A2,intronic
3-end RNA-seq,Fibroblast,chr7:94422572_T>C,3.283063889,1,5,COL1A2,intronic
3-end RNA-seq,Fibroblast,chr7:94422575_A>G,3.875286102,1,5,COL1A2,intronic
3-end RNA-seq,Fibroblast,chr7:94430670_T>A,1.739134192,1,5,COL1A2,UTR3
3-end RNA-seq,Fibroblast,chr7:94431225_G>A,4.221897125,1,5,COL1A2,UTR3
3-end RNA-seq,Fibroblast,chr7:94431228_C>A,6.706211567,1,5,COL1A2,downstream
3-end RNA-seq,Fibroblast,chr8:103382993_T>C,3.215316534,1,5,CTHRC1,downstream
3-end RNA-seq,Fibroblast,chr8:11844018_A>G,4.115761757,1,5,CTSB,UTR3
3-end RNA-seq,Fibroblast,chr8:11844425_T>C,1.87120831,1,5,CTSB,UTR3
3-end RNA-seq,Fibroblast,chr8:120125214_T>A,7.189882278,1,5,COL14A1,UTR5
3-end RNA-seq,Fibroblast,chr8:121641208_C>A,6.798315048,1,5,HAS2-AS1,ncRNA_exonic
3-end RNA-seq,Fibroblast,chr8:143563058_G>A,3.11245656,1,5,GSDMD,UTR3
3-end RNA-seq,Fibroblast,chr8:17643114_T>A,4.601057053,1,5,PDGFRL,UTR3
3-end RNA-seq,Fibroblast,chr8:38412845_T>C,5.309670925,1,5,FGFR1,UTR3
3-end RNA-seq,Fibroblast,chr8:38412856_C>T,1.179066062,1,5,FGFR1,UTR3
3-end RNA-seq,Fibroblast,chr8:48917772_A>G,2.953545809,1,5,SNAI2,UTR3
3-end RNA-seq,Fibroblast,chr8:69660052_A>G,7.198915005,1,5,SULF1,UTR3
3-end RNA-seq,Fibroblast,chr8:79664989_T>C,7.766853333,1,5,STMN2,UTR3
3-end RNA-seq,Fibroblast,chr8:94249259_C>T,4.565921307,1,5,GEM,UTR3
3-end RNA-seq,Fibroblast,chr8:94261535_A>T,2.877933502,1,5,GEM,intronic
3-end RNA-seq,Fibroblast,chr8:96609615_T>A,4.214342117,1,5,SDC2,UTR3
3-end RNA-seq,Fibroblast,chr8:96610637_T>A,3.26172781,1,5,SDC2,UTR3
3-end RNA-seq,Fibroblast,chr9:110172339_G>A,4.205710888,1,5,PALM2AKAP2,UTR3
3-end RNA-seq,Fibroblast,chr9:115020554_A>T,1.867567539,1,5,TNC,UTR3
3-end RNA-seq,Fibroblast,chr9:115020646_C>T,3.580687761,1,5,TNC,UTR3
3-end RNA-seq,Fibroblast,chr9:115020696_G>T,5.9462533,1,5,TNC,UTR3
3-end RNA-seq,Fibroblast,chr9:115020698_T>C,3.118142605,1,5,TNC,UTR3
3-end RNA-seq,Fibroblast,chr9:115020699_T>A,1.158558011,1,5,TNC,UTR3
3-end RNA-seq,Fibroblast,chr9:115049691_T>C,6.281298161,1,5,TNC,intronic
3-end RNA-seq,Fibroblast,chr9:115049694_G>A,5.12462616,1,5,TNC,intronic
3-end RNA-seq,Fibroblast,chr9:115051552_C>T,6.623041153,1,5,TNC,intronic
3-end RNA-seq,Fibroblast,chr9:116154032_G>A,4.638973713,1,5,PAPPA,UTR5
3-end RNA-seq,Fibroblast,chr9:116400027_G>A,5.683711529,1,5,PAPPA-AS1,ncRNA_exonic
3-end RNA-seq,Fibroblast,chr9:121332747_C>A,1.388983488,1,5,GSN,UTR3
3-end RNA-seq,Fibroblast,chr9:121332777_C>A,0.641538322,1,5,GSN,UTR3
3-end RNA-seq,Fibroblast,chr9:121332788_G>T,1.458022714,1,5,GSN,UTR3
3-end RNA-seq,Fibroblast,chr9:121332799_C>A,1.175298691,1,5,GSN,UTR3
3-end RNA-seq,Fibroblast,chr9:121332820_C>A,1.331781507,1,5,GSN,UTR3
3-end RNA-seq,Fibroblast,chr9:121332829_C>A,1.272545576,1,5,GSN,UTR3
3-end RNA-seq,Fibroblast,chr9:121332835_G>T,1.265867472,1,5,GSN,UTR3
3-end RNA-seq,Fibroblast,chr9:124359168_C>T,2.422145128,1,5,LOC100129034,ncRNA_exonic
3-end RNA-seq,Fibroblast,chr9:128255242_G>A,3.564967632,1,5,DNM1,UTR3
3-end RNA-seq,Fibroblast,chr9:128273916_C>T,5.120876312,1,5,GOLGA2,exonic
3-end RNA-seq,Fibroblast,chr9:128437344_T>C,7.812101841,1,5,MIR1268A,ncRNA_intronic
3-end RNA-seq,Fibroblast,chr9:128822679_C>A,2.967780352,1,5,SPOUT1,UTR3
3-end RNA-seq,Fibroblast,chr9:129738404_G>T,1.587401867,1,5,PTGES,UTR3
3-end RNA-seq,Fibroblast,chr9:129738412_C>A,0.812912047,1,5,PTGES,UTR3
3-end RNA-seq,Fibroblast,chr9:134800749_C>T,2.721012831,1,5,COL5A1,intronic
3-end RNA-seq,Fibroblast,chr9:134800753_A>T,2.475648403,1,5,COL5A1,intronic
3-end RNA-seq,Fibroblast,chr9:134801788_G>A,5.301235676,1,5,COL5A1,intronic
3-end RNA-seq,Fibroblast,chr9:134842906_T>A,6.42672348,1,5,LOC101448202,ncRNA_intronic
3-end RNA-seq,Fibroblast,chr9:134842907_A>G,8.648290634,1,5,LOC101448202,ncRNA_intronic
3-end RNA-seq,Fibroblast,chr9:134842925_G>C,12.19806004,1,5,LOC101448202,ncRNA_intronic
3-end RNA-seq,Fibroblast,chr9:134844543_C>T,4.209087849,1,5,LOC101448202,ncRNA_intronic
3-end RNA-seq,Fibroblast,chr9:134844841_A>G,12.22320271,1,5,LOC101448202,ncRNA_intronic
3-end RNA-seq,Fibroblast,chr9:136981743_G>A,9.76900959,1,5,PTGDS,downstream
3-end RNA-seq,Fibroblast,chr9:14087580_C>T,2.929176331,1,5,NFIB,UTR3
3-end RNA-seq,Fibroblast,chr9:16418698_A>G,6.15848732,1,5,BNC2,UTR3
3-end RNA-seq,Fibroblast,chr9:16418703_T>C,5.322697639,1,5,BNC2,UTR3
3-end RNA-seq,Fibroblast,chr9:20939067_G>A,3.053392649,1,5,FOCAD,intronic
3-end RNA-seq,Fibroblast,chr9:34689562_G>T,20.27309799,1,5,CCL19,downstream
3-end RNA-seq,Fibroblast,chr9:34689572_A>G,15.0612793,1,5,CCL19,UTR3
3-end RNA-seq,Fibroblast,chr9:36124377_C>T,2.096588612,1,5,RECK,UTR3
3-end RNA-seq,Fibroblast,chr9:37588417_C>T,2.307528257,1,5,TOMM5,UTR3
3-end RNA-seq,Fibroblast,chr9:70384607_A>G,3.57366395,1,5,KLF9,UTR3
3-end RNA-seq,Fibroblast,chr9:73170391_C>A,1.265533447,1,5,ANXA1,UTR3
3-end RNA-seq,Fibroblast,chr9:73170391_C>T,3.87650013,1,5,ANXA1,UTR3
3-end RNA-seq,Fibroblast,chr9:76193430_A>G,2.527927637,1,5,PCSK5,UTR3
3-end RNA-seq,Fibroblast,chr9:76572032_T>A,3.79127264,1,5,GCNT1;PRUNE2,intergenic
3-end RNA-seq,Fibroblast,chr9:76572059_A>G,3.444799662,1,5,GCNT1;PRUNE2,intergenic
3-end RNA-seq,Fibroblast,chr9:84815595_C>A,4.367829323,1,5,NTRK2,UTR3
3-end RNA-seq,Fibroblast,chr9:86944364_C>T,6.547149181,1,5,GAS1,UTR3
3-end RNA-seq,Fibroblast,chr9:92456209_A>G,4.865854263,1,5,ASPN,UTR3
3-end RNA-seq,Fibroblast,chr9:92495317_A>T,3.807348013,1,5,ECM2,UTR3
3-end RNA-seq,Fibroblast,chr9:98960326_A>G,6.146885395,1,5,COL15A1,intronic
3-end RNA-seq,Fibroblast,chr9:99070626_T>A,6.062580109,1,5,COL15A1,UTR3
3-end RNA-seq,Fibroblast,chr9:99070700_C>A,5.14193821,1,5,COL15A1,UTR3
3-end RNA-seq,Fibroblast,chrX:100675785_G>A,4.196936131,1,5,SRPX2;SYTL4,UTR3
3-end RNA-seq,Fibroblast,chrX:101414128_A>C,2.147368193,1,5,HNRNPH2;RPL36A-HNRNPH2,UTR3
3-end RNA-seq,Fibroblast,chrX:123912217_A>G,1.758877993,1,5,XIAP,UTR3
3-end RNA-seq,Fibroblast,chrX:136211352_T>C,3.580072641,1,5,FHL1,UTR3
3-end RNA-seq,Fibroblast,chrX:13773980_C>G,1.717170835,1,5,GPM6B,UTR3
3-end RNA-seq,Fibroblast,chrX:23784028_G>A,1.27524066,1,5,SAT1,intronic
3-end RNA-seq,Fibroblast,chrX:23786208_T>C,2.675525665,1,5,SAT1,UTR3
3-end RNA-seq,Fibroblast,chrX:2707255_A>G,5.774810791,1,5,CD99,intronic
3-end RNA-seq,Fibroblast,chrX:2741133_A>C,1.57393086,1,5,CD99,UTR3
3-end RNA-seq,Fibroblast,chrX:3308569_T>C,3.081094265,1,5,MXRA5,UTR3
3-end RNA-seq,Fibroblast,chrX:38149343_C>T,3.754924297,1,5,SRPX,UTR3
3-end RNA-seq,Fibroblast,chrX:47586790_G>A,7.159561157,1,5,SYN1,intronic
3-end RNA-seq,Fibroblast,chrX:48458696_T>C,3.045381308,1,5,SLC38A5,UTR3
3-end RNA-seq,Fibroblast,chrX:65741932_C>A,3.915800095,1,5,MSN,downstream
3-end RNA-seq,Fibroblast,chrX:70963336_C>T,3.172456026,1,5,SLC7A3;SNX12,intergenic
3-end RNA-seq,Fibroblast,chrX:70963337_A>T,3.56359911,1,5,SLC7A3;SNX12,intergenic
3-end RNA-seq,Fibroblast,chrX:72197543_G>A,2.609073162,1,5,PIN4,UTR3
3-end RNA-seq,Fibroblast,chrX:75739004_G>A,2.910327911,1,5,ZDHHC15;TTC3P1,intergenic
3-end RNA-seq,Fibroblast,chrX:81682544_C>A,2.321375132,1,5,SH3BGRL;POU3F4,intergenic
3-end RNA-seq,Fibroblast,chrX:81682545_A>G,8.062836647,1,5,SH3BGRL;POU3F4,intergenic
3-end RNA-seq,Fibroblast,chrY:19250392_T>C,2.873205185,1,5,TTTY14;BCORP1,intergenic
3-end RNA-seq,Keratinocyte,chr10:100965115_C>A,5.945622921,1,6,SLF2,UTR3
3-end RNA-seq,Keratinocyte,chr10:102402511_T>A,14.06247234,1,6,NFKB2,UTR3
3-end RNA-seq,Keratinocyte,chr10:103389053_T>G,7.953557491,1,6,ATP5MD;TAF5,UTR3
3-end RNA-seq,Keratinocyte,chr10:103396417_G>A,4.419113159,1,6,ATP5MD,UTR5
3-end RNA-seq,Keratinocyte,chr10:103596646_C>G,1.398052096,1,6,SH3PXD2A,UTR3
3-end RNA-seq,Keratinocyte,chr10:103598636_A>G,3.890604973,1,6,SH3PXD2A,UTR3
3-end RNA-seq,Keratinocyte,chr10:104031290_A>G,1.694078684,1,13,COL17A1,UTR3
3-end RNA-seq,Keratinocyte,chr10:104031291_G>T,4.219367504,1,13,COL17A1,UTR3
3-end RNA-seq,Keratinocyte,chr10:104032689_C>T,6.773453236,1,6,COL17A1,exonic
3-end RNA-seq,Keratinocyte,chr10:104042923_C>T,10.02123928,1,6,COL17A1,intronic
3-end RNA-seq,Keratinocyte,chr10:104059697_A>T,0.907771289,1,6,COL17A1,exonic
3-end RNA-seq,Keratinocyte,chr10:110964476_G>A,1.64835906,1,6,SHOC2,exonic
3-end RNA-seq,Keratinocyte,chr10:113167673_G>A,2.940809846,2,6;8,TCF7L2,UTR3
3-end RNA-seq,Keratinocyte,chr10:120354654_T>C,2.868405938,2,6;8,RPL21,downstream
3-end RNA-seq,Keratinocyte,chr10:120354663_G>A,3.645155191,1,6,RPL21,UTR3
3-end RNA-seq,Keratinocyte,chr10:121478358_A>T,3.1174380775,2,13;6,FGFR2,UTR3
3-end RNA-seq,Keratinocyte,chr10:121478363_G>T,10.56932735,1,6,FGFR2,UTR3
3-end RNA-seq,Keratinocyte,chr10:122096518_A>G,10.34355927,1,6,TACC2,intronic
3-end RNA-seq,Keratinocyte,chr10:122430129_G>A,9.705575943,1,6,PLEKHA1,UTR3
3-end RNA-seq,Keratinocyte,chr10:124986289_G>A,4.2360874415000005,2,6;8,CTBP2;ZRANB1,UTR3
3-end RNA-seq,Keratinocyte,chr10:126907890_T>C,8.798705101,1,6,DOCK1,intronic
3-end RNA-seq,Keratinocyte,chr10:12896627_G>T,1.997480869,1,6,CCDC3,UTR3
3-end RNA-seq,Keratinocyte,chr10:13136923_G>A,8.92500782,1,6,OPTN,UTR3
3-end RNA-seq,Keratinocyte,chr10:13137287_G>A,14.35768604,1,6,OPTN,UTR3
3-end RNA-seq,Keratinocyte,chr10:131967717_C>T,5.795268059,1,6,BNIP3,UTR3
3-end RNA-seq,Keratinocyte,chr10:14846960_T>A,6.160628796,1,6,LOC100421372,UTR3
3-end RNA-seq,Keratinocyte,chr10:22320301_C>A,2.847738266,1,6,COMMD3,UTR3
3-end RNA-seq,Keratinocyte,chr10:24269148_A>G,3.340846539,2,6;8,KIAA1217,intronic
3-end RNA-seq,Keratinocyte,chr10:24501071_G>A,8.570723055,2,6;8,KIAA1217,intronic
3-end RNA-seq,Keratinocyte,chr10:24520873_A>C,7.955937862,1,6,KIAA1217,intronic
3-end RNA-seq,Keratinocyte,chr10:25580965_C>G,10.77320671,1,6,GPR158,intronic
3-end RNA-seq,Keratinocyte,chr10:29457359_G>T,6.80196619,2,6;8,SVIL-AS1,ncRNA_intronic
3-end RNA-seq,Keratinocyte,chr10:29653015_C>T,4.535619736,1,8,SVIL,intronic
3-end RNA-seq,Keratinocyte,chr10:3136800_C>A,2.972106695,1,6,PFKP,UTR3
3-end RNA-seq,Keratinocyte,chr10:32034762_C>T,4.6548038720000005,2,6;8,KIF5B,exonic
3-end RNA-seq,Keratinocyte,chr10:32929932_A>T,2.284420967,1,6,ITGB1,exonic
3-end RNA-seq,Keratinocyte,chr10:34674665_T>C,4.571145535,1,6,PARD3,intronic
3-end RNA-seq,Keratinocyte,chr10:34674666_T>C,5.354774475,1,6,PARD3,intronic
3-end RNA-seq,Keratinocyte,chr10:34681820_T>C,4.259735107,1,6,PARD3,intronic
3-end RNA-seq,Keratinocyte,chr10:34681907_T>C,7.186991215,1,6,PARD3,intronic
3-end RNA-seq,Keratinocyte,chr10:35009933_G>T,2.427657843,1,6,CUL2,UTR3
3-end RNA-seq,Keratinocyte,chr10:3779015_C>T,10.85701942,1,6,KLF6,UTR3
3-end RNA-seq,Keratinocyte,chr10:3779019_C>T,3.790954828,1,6,KLF6,UTR3
3-end RNA-seq,Keratinocyte,chr10:3779163_T>C,2.734639406,1,6,KLF6,UTR3
3-end RNA-seq,Keratinocyte,chr10:3779258_A>T,3.183400393,1,6,KLF6,UTR3
3-end RNA-seq,Keratinocyte,chr10:43385955_A>T,4.2803092,1,6,HNRNPF,UTR3
3-end RNA-seq,Keratinocyte,chr10:4753987_T>C,7.426175594,1,6,MANCR;AKR1E2,intergenic
3-end RNA-seq,Keratinocyte,chr10:47985927_C>T,21.47914124,1,6,NPY4R;FAM25C,intergenic
3-end RNA-seq,Keratinocyte,chr10:47985933_A>T,10.75386143,1,6,NPY4R;FAM25C,intergenic
3-end RNA-seq,Keratinocyte,chr10:52317382_T>A,5.656056881,1,6,DKK1,UTR3
3-end RNA-seq,Keratinocyte,chr10:5498898_C>T,28.65415001,1,8,CALML5,UTR3
3-end RNA-seq,Keratinocyte,chr10:5716970_A>T,9.654476166,1,6,TASOR2,intronic
3-end RNA-seq,Keratinocyte,chr10:60395622_C>T,4.702441216,1,8,ANK3,intronic
3-end RNA-seq,Keratinocyte,chr10:60794850_T>A,12.4272747,1,6,CDK1,UTR3
3-end RNA-seq,Keratinocyte,chr10:63902385_G>T,6.013622284,1,6,REEP3;ANXA2P3,intergenic
3-end RNA-seq,Keratinocyte,chr10:68414120_C>A,7.834794044,1,6,DNA2,UTR3
3-end RNA-seq,Keratinocyte,chr10:68960120_G>A,3.469339848,1,6,DDX21,exonic
3-end RNA-seq,Keratinocyte,chr10:70112159_T>G,4.316344738,1,6,MACROH2A2,UTR3
3-end RNA-seq,Keratinocyte,chr10:71750406_A>T,6.691076756,1,6,VSIR,UTR3
3-end RNA-seq,Keratinocyte,chr10:72233757_G>A,2.102904797,1,6,ANAPC16,UTR3
3-end RNA-seq,Keratinocyte,chr10:73422328_G>T,4.923117638,1,6,ANXA7;MSS51,intergenic
3-end RNA-seq,Keratinocyte,chr10:73778791_T>C,5.451951027,1,6,FUT11;CHCHD1,intergenic
3-end RNA-seq,Keratinocyte,chr10:73779074_T>C,3.330858707,1,6,FUT11;CHCHD1,intergenic
3-end RNA-seq,Keratinocyte,chr10:73814357_G>C,5.968151093,1,6,CAMK2G,UTR3
3-end RNA-seq,Keratinocyte,chr10:73916249_G>A,10.41445255,1,6,C10orf55,ncRNA_intronic
3-end RNA-seq,Keratinocyte,chr10:74048393_A>G,7.71973753,1,6,VCL,intronic
3-end RNA-seq,Keratinocyte,chr10:74120010_T>A,2.9391494395,2,6;8,VCL,UTR3
3-end RNA-seq,Keratinocyte,chr10:75397847_A>T,2.065319061,1,6,ZNF503,UTR3
3-end RNA-seq,Keratinocyte,chr10:79201999_C>T,3.126624584,1,6,ZMIZ1,intronic
3-end RNA-seq,Keratinocyte,chr10:80437113_T>C,6.4285779,1,6,PRXL2A,UTR3
3-end RNA-seq,Keratinocyte,chr10:8074842_C>G,9.303068161,1,6,GATA3,UTR3
3-end RNA-seq,Keratinocyte,chr10:84217364_A>G,13.56040478,1,6,CDHR1,UTR3
3-end RNA-seq,Keratinocyte,chr10:86970558_G>A,9.823716164,1,6,ADIRF,exonic
3-end RNA-seq,Keratinocyte,chr10:87050489_T>C,3.621242046,1,6,GLUD1,UTR3
3-end RNA-seq,Keratinocyte,chr10:87946054_G>A,3.066258669,1,6,PTEN,intronic
3-end RNA-seq,Keratinocyte,chr10:892950_A>G,5.6217103,1,6,LARP4B,intronic
3-end RNA-seq,Keratinocyte,chr10:893080_C>T,3.836419344,1,6,LARP4B,intronic
3-end RNA-seq,Keratinocyte,chr10:89340967_T>C,12.91974831,1,6,IFIT3,UTR3
3-end RNA-seq,Keratinocyte,chr10:89340972_T>A,7.838617802,1,6,IFIT3,downstream
3-end RNA-seq,Keratinocyte,chr10:92653859_G>A,15.97949409,1,6,KIF11,UTR3
3-end RNA-seq,Keratinocyte,chr10:93463502_T>C,10.62087631,1,6,MYOF,intronic
3-end RNA-seq,Keratinocyte,chr10:93529090_T>A,6.392199039,1,6,CEP55,UTR3
3-end RNA-seq,Keratinocyte,chr10:93529090_T>C,4.88946867,1,6,CEP55,UTR3
3-end RNA-seq,Keratinocyte,chr10:96750934_A>G,5.581787586,1,6,RPL13AP5,downstream
3-end RNA-seq,Keratinocyte,chr10:96750936_A>G,4.466057301,1,6,RPL13AP5,downstream
3-end RNA-seq,Keratinocyte,chr10:96958898_G>A,2.5148470995,2,6;8,LCOR,UTR3
3-end RNA-seq,Keratinocyte,chr10:97436232_G>T,5.989997029,2,6;8,EXOSC1,UTR3
3-end RNA-seq,Keratinocyte,chr10:97479829_T>C,10.75144196,1,6,MMS19,intronic
3-end RNA-seq,Keratinocyte,chr10:97867722_C>T,3.9573174714999997,2,6;8,GOLGA7B,UTR3
3-end RNA-seq,Keratinocyte,chr10:98417240_A>G,4.056184769,1,6,HPS1,UTR3
3-end RNA-seq,Keratinocyte,chr10:98441916_T>G,2.55662775,1,6,HPS1,intronic
3-end RNA-seq,Keratinocyte,chr11:102209594_G>A,8.367165565,1,6,YAP1,intronic
3-end RNA-seq,Keratinocyte,chr11:102942996_C>T,8.417984009,1,6,MMP13,UTR3
3-end RNA-seq,Keratinocyte,chr11:102943278_T>A,13.12358379,1,6,MMP13,UTR3
3-end RNA-seq,Keratinocyte,chr11:10307379_T>A,2.63710022,1,6,ADM,UTR3
3-end RNA-seq,Keratinocyte,chr11:104968563_G>A,5.066848755,1,8,CASP4,UTR5
3-end RNA-seq,Keratinocyte,chr11:105137723_C>T,13.16363716,1,8,CARD18,UTR3
3-end RNA-seq,Keratinocyte,chr11:105137998_G>A,11.67965221,1,8,CARD18,UTR3
3-end RNA-seq,Keratinocyte,chr11:10767638_G>A,1.614221931,1,6,CTR9,intronic
3-end RNA-seq,Keratinocyte,chr11:10802383_A>G,10.01626968,1,6,EIF4G2,exonic
3-end RNA-seq,Keratinocyte,chr11:108171170_A>G,1.978526831,1,6,NPAT,intronic
3-end RNA-seq,Keratinocyte,chr11:110257842_A>T,5.606225967,1,6,RDX,exonic
3-end RNA-seq,Keratinocyte,chr11:111908624_C>T,4.0716106295,2,6;8,CRYAB,UTR3
3-end RNA-seq,Keratinocyte,chr11:11270884_A>G,2.142351151,1,6,GALNT18,UTR3
3-end RNA-seq,Keratinocyte,chr11:11525772_T>C,6.20197916,1,6,GALNT18,intronic
3-end RNA-seq,Keratinocyte,chr11:11585913_G>A,4.870244503,1,6,GALNT18,intronic
3-end RNA-seq,Keratinocyte,chr11:117076590_G>A,4.549384594,1,6,SIK3,intronic
3-end RNA-seq,Keratinocyte,chr11:118133379_A>G,5.502854347,1,6,SCN4B,UTR3
3-end RNA-seq,Keratinocyte,chr11:118658026_G>A,2.122511148,1,6,PHLDB1;TREH,UTR3
3-end RNA-seq,Keratinocyte,chr11:119018344_G>A,4.944856644,3,6;7;8,RPS25;TRAPPC4,upstream
3-end RNA-seq,Keratinocyte,chr11:119093877_A>T,7.132553101,1,6,H2AX,UTR3
3-end RNA-seq,Keratinocyte,chr11:11945941_A>C,8.202721596,1,6,USP47,intronic
3-end RNA-seq,Keratinocyte,chr11:11963034_A>T,5.788856506,1,6,DKK3,UTR3
3-end RNA-seq,Keratinocyte,chr11:121629678_C>A,8.81785965,1,6,SORL1,UTR3
3-end RNA-seq,Keratinocyte,chr11:121633672_G>A,2.981308937,1,6,SORL1,UTR3
3-end RNA-seq,Keratinocyte,chr11:12168863_C>G,3.299880028,1,8,MICAL2,intronic
3-end RNA-seq,Keratinocyte,chr11:125445754_A>G,6.682724476,1,6,FEZ1,UTR3
3-end RNA-seq,Keratinocyte,chr11:125621058_A>T,2.770474434,1,6,STT3A,UTR3
3-end RNA-seq,Keratinocyte,chr11:128965185_A>C,3.399915457,1,8,ARHGAP32,UTR3
3-end RNA-seq,Keratinocyte,chr11:130191622_A>G,3.048672676,1,6,ST14,intronic
3-end RNA-seq,Keratinocyte,chr11:16974641_T>C,7.110002518,1,6,PLEKHA7,intronic
3-end RNA-seq,Keratinocyte,chr11:16974647_G>A,2.8779340385,2,6;8,PLEKHA7,intronic
3-end RNA-seq,Keratinocyte,chr11:17086579_A>G,3.609970808,1,6,PIK3C2A,UTR3
3-end RNA-seq,Keratinocyte,chr11:17330932_C>T,5.341697693,1,6,NUCB2,exonic
3-end RNA-seq,Keratinocyte,chr11:1752756_A>G,3.608744144,1,8,CTSD,UTR3
3-end RNA-seq,Keratinocyte,chr11:18406619_G>A,3.333148241,1,6,LDHA,intronic
3-end RNA-seq,Keratinocyte,chr11:20121468_C>A,8.461238861,1,6,NAV2,UTR3
3-end RNA-seq,Keratinocyte,chr11:20383776_C>A,3.3231366875,2,6;8,HTATIP2,UTR3
3-end RNA-seq,Keratinocyte,chr11:20425045_G>A,6.533365726,1,6,PRMT3,intronic
3-end RNA-seq,Keratinocyte,chr11:2679903_A>T,13.496768,1,6,KCNQ1OT1,ncRNA_exonic
3-end RNA-seq,Keratinocyte,chr11:33079375_T>A,3.108050823,1,6,LINC00294,ncRNA_exonic
3-end RNA-seq,Keratinocyte,chr11:33744949_G>A,16.09734726,1,6,FBXO3,UTR3
3-end RNA-seq,Keratinocyte,chr11:34663285_G>A,12.43817425,1,6,EHF,UTR3
3-end RNA-seq,Keratinocyte,chr11:35139570_G>A,4.655722618,1,6,CD44,intronic
3-end RNA-seq,Keratinocyte,chr11:35193037_G>A,4.867534637,1,6,CD44,intronic
3-end RNA-seq,Keratinocyte,chr11:35195388_C>T,1.586423874,1,6,CD44,intronic
3-end RNA-seq,Keratinocyte,chr11:35232394_G>A,4.0492631195,2,7;8,CD44,UTR3
3-end RNA-seq,Keratinocyte,chr11:35620864_T>C,12.08981037,1,6,FJX1,UTR3
3-end RNA-seq,Keratinocyte,chr11:3970682_T>C,6.824063301,1,6,STIM1,intronic
3-end RNA-seq,Keratinocyte,chr11:46428596_T>C,7.909183502,1,6,AMBRA1,intronic
3-end RNA-seq,Keratinocyte,chr11:46677083_T>C,0.960784078,1,6,ARHGAP1,UTR3
3-end RNA-seq,Keratinocyte,chr11:47162245_T>C,2.810022354,1,6,C11orf49,UTR3
3-end RNA-seq,Keratinocyte,chr11:47425172_C>T,9.271337509,1,6,PSMC3,exonic
3-end RNA-seq,Keratinocyte,chr11:56691665_A>G,7.749718189,1,6,OR5AR1;OR9G1,intergenic
3-end RNA-seq,Keratinocyte,chr11:5710772_G>A,12.27948856,1,6,TRIM22,UTR3
3-end RNA-seq,Keratinocyte,chr11:57406956_G>A,2.314771175,1,6,SLC43A3,UTR3
3-end RNA-seq,Keratinocyte,chr11:57528510_T>C,4.09564054,2,6;8,TIMM10,UTR3
3-end RNA-seq,Keratinocyte,chr11:57528522_T>C,3.994396448,1,6,TIMM10,UTR3
3-end RNA-seq,Keratinocyte,chr11:57678450_A>G,23.20724106,1,6,ZDHHC5,intronic
3-end RNA-seq,Keratinocyte,chr11:57844448_A>G,8.184633255,1,6,CTNND1;OR9Q1,intergenic
3-end RNA-seq,Keratinocyte,chr11:58526873_A>T,7.93037653,1,6,LPXN,UTR3
3-end RNA-seq,Keratinocyte,chr11:59781094_T>C,16.14453506,1,6,STX3,intronic
3-end RNA-seq,Keratinocyte,chr11:59781095_T>C,14.36772823,1,6,STX3,intronic
3-end RNA-seq,Keratinocyte,chr11:59781098_T>C,3.99007082,1,6,STX3,intronic
3-end RNA-seq,Keratinocyte,chr11:59781100_T>C,8.5128173825,2,6;8,STX3,intronic
3-end RNA-seq,Keratinocyte,chr11:59781101_T>A,1.9383268354999998,2,6;8,STX3,intronic
3-end RNA-seq,Keratinocyte,chr11:59781104_A>G,4.861084461,1,6,STX3,intronic
3-end RNA-seq,Keratinocyte,chr11:61797236_T>C,12.47030544,1,6,FEN1,UTR3
3-end RNA-seq,Keratinocyte,chr11:62665311_C>G,5.7856059075,2,6;8,LBHD1,intronic
3-end RNA-seq,Keratinocyte,chr11:64852734_C>T,3.686320543,1,6,EHD1,UTR3
3-end RNA-seq,Keratinocyte,chr11:64852735_G>T,6.902409554,1,6,EHD1,UTR3
3-end RNA-seq,Keratinocyte,chr11:64854104_A>T,13.2883091,1,6,EHD1,UTR3
3-end RNA-seq,Keratinocyte,chr11:64934476_G>A,5.44349575,1,6,GPHA2,UTR3
3-end RNA-seq,Keratinocyte,chr11:65077487_T>C,12.62952805,1,6,CDCA5,UTR3
3-end RNA-seq,Keratinocyte,chr11:65352926_C>A,7.750213146,1,6,DPF2,UTR3
3-end RNA-seq,Keratinocyte,chr11:65426528_T>C,8.016614914,1,6,NEAT1,ncRNA_exonic
3-end RNA-seq,Keratinocyte,chr11:65429495_T>C,5.681842327,1,6,NEAT1,ncRNA_exonic
3-end RNA-seq,Keratinocyte,chr11:65433009_C>A,5.590442657,1,6,NEAT1,ncRNA_exonic
3-end RNA-seq,Keratinocyte,chr11:65438515_T>A,3.317265034,1,6,NEAT1,ncRNA_exonic
3-end RNA-seq,Keratinocyte,chr11:65440201_C>A,1.738138556,1,6,NEAT1,ncRNA_exonic
3-end RNA-seq,Keratinocyte,chr11:65440843_A>T,6.00460863125,4,13;6;7;8,NEAT1,ncRNA_exonic
3-end RNA-seq,Keratinocyte,chr11:65440853_A>G,1.130530596,1,6,NEAT1,ncRNA_exonic
3-end RNA-seq,Keratinocyte,chr11:65442841_C>T,6.178654194,1,6,NEAT1,ncRNA_exonic
3-end RNA-seq,Keratinocyte,chr11:65499154_T>A,4.973686814,2,6;8,MALAT1,ncRNA_exonic
3-end RNA-seq,Keratinocyte,chr11:65499743_G>A,1.541958809,1,8,MALAT1;TALAM1,ncRNA_exonic
3-end RNA-seq,Keratinocyte,chr11:65499856_G>A,2.931470275,2,6;8,MALAT1;TALAM1,ncRNA_exonic
3-end RNA-seq,Keratinocyte,chr11:65499947_G>A,4.182296157,2,6;8,MALAT1;TALAM1,ncRNA_exonic
3-end RNA-seq,Keratinocyte,chr11:65500101_G>A,5.13920927,1,6,MALAT1;TALAM1,ncRNA_exonic
3-end RNA-seq,Keratinocyte,chr11:65500127_C>A,2.547820807,1,8,MALAT1;TALAM1,ncRNA_exonic
3-end RNA-seq,Keratinocyte,chr11:65500855_G>A,7.612855911,1,6,MALAT1;TALAM1,ncRNA_exonic
3-end RNA-seq,Keratinocyte,chr11:65501970_T>A,9.411115646,1,6,MALAT1;TALAM1,ncRNA_exonic
3-end RNA-seq,Keratinocyte,chr11:65502615_G>A,5.262030125,1,6,MALAT1;TALAM1,ncRNA_exonic
3-end RNA-seq,Keratinocyte,chr11:65502829_T>A,4.7465066910000004,2,6;8,MALAT1;TALAM1,ncRNA_exonic
3-end RNA-seq,Keratinocyte,chr11:65504873_G>A,7.780983925,1,6,MALAT1;TALAM1,ncRNA_exonic
3-end RNA-seq,Keratinocyte,chr11:65506466_T>C,5.893109322,1,6,MALAT1;TALAM1,ncRNA_exonic
3-end RNA-seq,Keratinocyte,chr11:65571761_G>A,5.612431049,1,6,ZNRD2,UTR3
3-end RNA-seq,Keratinocyte,chr11:65796013_G>A,5.817474842,1,8,OVOL1,UTR3
3-end RNA-seq,Keratinocyte,chr11:65854819_A>T,2.3648320435,2,7;8,CFL1,UTR3
3-end RNA-seq,Keratinocyte,chr11:66004074_T>A,2.961503506,1,6,BANF1,UTR3
3-end RNA-seq,Keratinocyte,chr11:66004106_C>A,3.278812885,1,6,BANF1,UTR3
3-end RNA-seq,Keratinocyte,chr11:6612772_C>T,3.187790632,1,6,TPP1,UTR3
3-end RNA-seq,Keratinocyte,chr11:66668377_C>A,4.269758224,1,6,RBM4,UTR3
3-end RNA-seq,Keratinocyte,chr11:67256351_T>C,5.46553421,1,6,KDM2A,UTR3
3-end RNA-seq,Keratinocyte,chr11:67682708_T>C,3.895981789,1,6,ALDH3B2;FAM86C2P,intergenic
3-end RNA-seq,Keratinocyte,chr11:68486484_A>G,12.52147579,1,6,PPP6R3,intronic
3-end RNA-seq,Keratinocyte,chr11:68556535_T>A,1.695532799,1,6,PPP6R3,intronic
3-end RNA-seq,Keratinocyte,chr11:68754885_G>T,2.167175293,1,6,CPT1A,UTR3
3-end RNA-seq,Keratinocyte,chr11:68892911_T>C,3.898512125,1,6,MRPL21,exonic
3-end RNA-seq,Keratinocyte,chr11:70384398_G>A,2.98172307,2,6;8,PPFIA1,downstream
3-end RNA-seq,Keratinocyte,chr11:73700127_C>T,12.16888142,1,6,RAB6A,intronic
3-end RNA-seq,Keratinocyte,chr11:75206200_G>A,3.756561041,1,8,SLCO2B1,UTR3
3-end RNA-seq,Keratinocyte,chr11:75572765_T>A,0.967705011,1,13,SERPINH1,UTR3
3-end RNA-seq,Keratinocyte,chr11:75572802_G>A,2.877123356,1,6,SERPINH1,UTR3
3-end RNA-seq,Keratinocyte,chr11:825089_T>A,2.8767066,1,6,PNPLA2,UTR3
3-end RNA-seq,Keratinocyte,chr11:825108_T>A,3.667038679,1,6,PNPLA2,UTR3
3-end RNA-seq,Keratinocyte,chr11:82689907_A>T,6.806125799666667,3,6;7;8,MIR4300HG;FAM181B,intergenic
3-end RNA-seq,Keratinocyte,chr11:82689913_A>G,3.227006197,1,6,MIR4300HG;FAM181B,intergenic
3-end RNA-seq,Keratinocyte,chr11:82689916_A>G,5.543992043,1,6,MIR4300HG;FAM181B,intergenic
3-end RNA-seq,Keratinocyte,chr11:838842_C>G,4.713631153,1,6,CD151;POLR2L,downstream
3-end RNA-seq,Keratinocyte,chr11:85661069_C>T,3.13283062,1,6,CREBZF,UTR3
3-end RNA-seq,Keratinocyte,chr11:86208078_A>G,3.76077199,1,6,PICALM;EED,intergenic
3-end RNA-seq,Keratinocyte,chr11:86278736_T>C,5.005321503,1,6,EED,UTR3
3-end RNA-seq,Keratinocyte,chr11:86808882_A>G,10.27842236,1,6,PRSS23,UTR3
3-end RNA-seq,Keratinocyte,chr11:86811230_A>G,7.21423769,1,6,PRSS23,UTR3
3-end RNA-seq,Keratinocyte,chr11:8684009_A>C,6.5225901605,2,6;8,RPL27A,exonic
3-end RNA-seq,Keratinocyte,chr11:8727991_A>G,10.0374279,1,6,DENND2B,intronic
3-end RNA-seq,Keratinocyte,chr11:88326163_C>T,8.649349213,1,8,CTSC,UTR3
3-end RNA-seq,Keratinocyte,chr11:93536113_A>G,7.476512432,1,6,SMCO4,intronic
3-end RNA-seq,Keratinocyte,chr11:94113664_C>T,12.43379307,1,6,HEPHL1,UTR3
3-end RNA-seq,Keratinocyte,chr11:94113669_C>A,9.545739174,1,6,HEPHL1,UTR3
3-end RNA-seq,Keratinocyte,chr11:94181964_T>A,5.547158241,1,6,PANX1,UTR3
3-end RNA-seq,Keratinocyte,chr11:95165542_G>A,8.344994545,1,6,SESN3,UTR3
3-end RNA-seq,Keratinocyte,chr11:95227385_T>C,1.614534616,1,6,SESN3,intronic
3-end RNA-seq,Keratinocyte,chr11:96183420_A>G,4.606454372,1,6,MAML2,intronic
3-end RNA-seq,Keratinocyte,chr11:96252522_T>C,2.080332279,1,6,MAML2,intronic
3-end RNA-seq,Keratinocyte,chr11:9956006_A>T,4.164731026,1,6,SBF2,intronic
3-end RNA-seq,Keratinocyte,chr12:1002973_A>G,8.098068237,1,6,ERC1,intronic
3-end RNA-seq,Keratinocyte,chr12:10379777_A>G,6.572637558,1,8,KLRC4-KLRK1;KLRK1,exonic
3-end RNA-seq,Keratinocyte,chr12:10379883_G>A,5.33503437,1,8,KLRK1-AS1,ncRNA_intronic
3-end RNA-seq,Keratinocyte,chr12:104265891_T>C,6.9100282195,2,7;8,TXNRD1,intronic
3-end RNA-seq,Keratinocyte,chr12:104265902_A>G,4.31704092,1,6,TXNRD1,intronic
3-end RNA-seq,Keratinocyte,chr12:104265904_A>G,6.74109602,1,6,TXNRD1,intronic
3-end RNA-seq,Keratinocyte,chr12:105162785_G>A,6.832110882,1,6,WASHC4,exonic
3-end RNA-seq,Keratinocyte,chr12:108650206_T>A,2.121001244,1,6,CORO1C,intronic
3-end RNA-seq,Keratinocyte,chr12:110312610_G>A,1.574254394,1,6,ATP2A2,intronic
3-end RNA-seq,Keratinocyte,chr12:110434900_A>T,2.322181702,1,6,ARPC3,UTR3
3-end RNA-seq,Keratinocyte,chr12:111573886_C>T,2.489243507,1,6,ATXN2,intronic
3-end RNA-seq,Keratinocyte,chr12:112022927_T>C,4.449717522,1,7,ERP29,UTR3
3-end RNA-seq,Keratinocyte,chr12:113389306_G>C,4.964725494,1,6,PLBD2,UTR3
3-end RNA-seq,Keratinocyte,chr12:115959325_C>T,3.064661026,1,6,MED13L,UTR3
3-end RNA-seq,Keratinocyte,chr12:118145170_A>G,4.903365612,1,6,PEBP1,UTR3
3-end RNA-seq,Keratinocyte,chr12:119196037_G>A,9.761226654,1,6,HSPB8;LINC00934,intergenic
3-end RNA-seq,Keratinocyte,chr12:121330251_C>T,3.83155179,1,6,ANAPC5,intronic
3-end RNA-seq,Keratinocyte,chr12:121972066_T>C,6.500179768,1,6,CFAP251,UTR3
3-end RNA-seq,Keratinocyte,chr12:122062013_C>A,7.009620667,1,6,BCL7A,UTR3
3-end RNA-seq,Keratinocyte,chr12:122300827_C>T,8.893655777,1,6,CLIP1,intronic
3-end RNA-seq,Keratinocyte,chr12:122771062_T>A,2.098480225,1,6,DENR,UTR3
3-end RNA-seq,Keratinocyte,chr12:122981203_G>A,2.344480276,1,8,ARL6IP4,exonic
3-end RNA-seq,Keratinocyte,chr12:122981208_G>A,1.775616765,1,6,ARL6IP4,exonic
3-end RNA-seq,Keratinocyte,chr12:122981210_G>A,3.352757692,1,6,ARL6IP4,exonic
3-end RNA-seq,Keratinocyte,chr12:123256938_G>A,6.005362034,1,6,C12orf65,exonic
3-end RNA-seq,Keratinocyte,chr12:123409183_T>G,11.41954899,1,6,KMT5A,UTR3
3-end RNA-seq,Keratinocyte,chr12:124342401_G>C,4.778764725,1,6,NCOR2,intronic
3-end RNA-seq,Keratinocyte,chr12:124402550_T>C,1.371376038,1,6,NCOR2,exonic
3-end RNA-seq,Keratinocyte,chr12:124913574_G>A,5.088933468,1,8,UBC,exonic
3-end RNA-seq,Keratinocyte,chr12:127165892_T>C,1.55224061,1,6,LINC02405;LINC02376,intergenic
3-end RNA-seq,Keratinocyte,chr12:127165893_T>C,6.650097847,1,6,LINC02405;LINC02376,intergenic
3-end RNA-seq,Keratinocyte,chr12:127165906_T>C,4.160593033,1,6,LINC02405;LINC02376,intergenic
3-end RNA-seq,Keratinocyte,chr12:127165908_A>T,1.421296597,1,6,LINC02405;LINC02376,intergenic
3-end RNA-seq,Keratinocyte,chr12:130876282_G>A,5.235733509,1,6,RAN,UTR3
3-end RNA-seq,Keratinocyte,chr12:130876283_C>A,5.212379932,1,8,RAN,UTR3
3-end RNA-seq,Keratinocyte,chr12:133059600_T>A,8.23267746,1,6,ZNF84,UTR3
3-end RNA-seq,Keratinocyte,chr12:14406552_G>A,8.983007431,1,6,ATF7IP,intronic
3-end RNA-seq,Keratinocyte,chr12:14433585_A>G,7.020715237,1,6,ATF7IP,intronic
3-end RNA-seq,Keratinocyte,chr12:14498249_G>A,4.05369091,1,6,ATF7IP,UTR3
3-end RNA-seq,Keratinocyte,chr12:1695534_G>A,2.2422286275,2,6;8,ADIPOR2,intronic
3-end RNA-seq,Keratinocyte,chr12:20554359_T>A,9.77677536,1,6,PDE3A,intronic
3-end RNA-seq,Keratinocyte,chr12:27420585_G>A,9.691514969,1,6,ARNTL2-AS1,ncRNA_intronic
3-end RNA-seq,Keratinocyte,chr12:27425267_T>A,2.180671692,1,6,ARNTL2-AS1,ncRNA_intronic
3-end RNA-seq,Keratinocyte,chr12:27425280_C>T,8.606696129,1,6,ARNTL2-AS1,ncRNA_intronic
3-end RNA-seq,Keratinocyte,chr12:27425281_C>A,10.18307972,1,6,ARNTL2-AS1,ncRNA_intronic
3-end RNA-seq,Keratinocyte,chr12:27587508_A>G,5.978106022,1,6,PPFIBP1,intronic
3-end RNA-seq,Keratinocyte,chr12:27963458_C>T,9.958692551,1,6,PTHLH,exonic
3-end RNA-seq,Keratinocyte,chr12:27963463_C>T,9.443725586,1,6,PTHLH,exonic
3-end RNA-seq,Keratinocyte,chr12:28232906_A>G,3.398097754,1,6,CCDC91,intronic
3-end RNA-seq,Keratinocyte,chr12:41071856_G>A,4.159768581,1,13,CNTN1,UTR3
3-end RNA-seq,Keratinocyte,chr12:41072409_G>A,8.416172981,1,6,CNTN1,UTR3
3-end RNA-seq,Keratinocyte,chr12:42313909_C>T,1.925639868,1,6,ZCRB1,exonic
3-end RNA-seq,Keratinocyte,chr12:44508280_A>T,8.881365776,1,8,NELL2,UTR3
3-end RNA-seq,Keratinocyte,chr12:45904652_T>C,3.4408546685,2,6;8,ARID2,intronic
3-end RNA-seq,Keratinocyte,chr12:45905276_G>A,4.611418247,1,6,ARID2,UTR3
3-end RNA-seq,Keratinocyte,chr12:45926722_A>T,1.532339334,1,6,SCAF11,exonic
3-end RNA-seq,Keratinocyte,chr12:47217402_A>C,7.400476456,1,6,PCED1B,intronic
3-end RNA-seq,Keratinocyte,chr12:47871395_C>T,1.38558948,1,6,VDR,intronic
3-end RNA-seq,Keratinocyte,chr12:49127787_A>T,3.832684517,1,6,TUBA1B,UTR3
3-end RNA-seq,Keratinocyte,chr12:49184797_C>T,4.092020988,1,8,TUBA1A,UTR3
3-end RNA-seq,Keratinocyte,chr12:49490725_G>A,5.464653492,1,8,SPATS2,exonic
3-end RNA-seq,Keratinocyte,chr12:49596240_A>G,9.018159866,1,6,FAM186B,intronic
3-end RNA-seq,Keratinocyte,chr12:50120388_C>T,5.230921268,1,6,COX14,UTR3
3-end RNA-seq,Keratinocyte,chr12:50529866_G>A,4.894837856,1,6,DIP2B,intronic
3-end RNA-seq,Keratinocyte,chr12:51245354_C>T,9.898645399,2,6;8,SMAGP,UTR3
3-end RNA-seq,Keratinocyte,chr12:51351872_T>G,16.50041389,1,6,GALNT6,UTR3
3-end RNA-seq,Keratinocyte,chr12:51352679_C>T,3.900877476,1,6,GALNT6,UTR3
3-end RNA-seq,Keratinocyte,chr12:51353759_G>T,21.21355057,1,6,GALNT6,UTR3
3-end RNA-seq,Keratinocyte,chr12:51353924_T>G,8.076089859,1,6,GALNT6,UTR3
3-end RNA-seq,Keratinocyte,chr12:52169526_C>T,8.13429451,1,8,KRT80,UTR3
3-end RNA-seq,Keratinocyte,chr12:52446650_G>T,1.098632097,1,6,KRT6B,downstream
3-end RNA-seq,Keratinocyte,chr12:52446653_C>T,4.3023262025,2,6;8,KRT6B,UTR3
3-end RNA-seq,Keratinocyte,chr12:52450045_T>A,18.654343125,2,6;8,KRT6B,exonic
3-end RNA-seq,Keratinocyte,chr12:52468518_A>G,20.749712945,2,7;8,KRT6C,UTR3
3-end RNA-seq,Keratinocyte,chr12:52468671_G>T,31.71070099,1,6,KRT6C,UTR3
3-end RNA-seq,Keratinocyte,chr12:52468837_A>T,22.128640175,2,6;8,KRT6C,UTR3
3-end RNA-seq,Keratinocyte,chr12:52468858_A>G,4.1021511555,2,6;8,KRT6C,UTR3
3-end RNA-seq,Keratinocyte,chr12:52471709_C>T,6.847462654,1,6,KRT6C,exonic
3-end RNA-seq,Keratinocyte,chr12:52472964_G>C,9.0410792815,2,6;7,KRT6C,intronic
3-end RNA-seq,Keratinocyte,chr12:52487173_A>T,5.980779091333333,3,6;7;8,KRT6A,downstream
3-end RNA-seq,Keratinocyte,chr12:52487175_A>T,10.624704835,2,7;8,KRT6A,downstream
3-end RNA-seq,Keratinocyte,chr12:52487178_G>T,9.354244788333334,3,6;7;8,KRT6A,UTR3
3-end RNA-seq,Keratinocyte,chr12:52489393_T>C,4.620892763,2,7;8,KRT6A,intronic
3-end RNA-seq,Keratinocyte,chr12:52491158_A>C,16.85868835,1,8,KRT6A,exonic
3-end RNA-seq,Keratinocyte,chr12:52492255_A>T,10.7002039,1,6,KRT6A,intronic
3-end RNA-seq,Keratinocyte,chr12:52514579_A>G,10.26888371,1,8,KRT5,UTR3
3-end RNA-seq,Keratinocyte,chr12:52517163_C>T,6.510974884,1,6,KRT5,exonic
3-end RNA-seq,Keratinocyte,chr12:52517169_T>A,4.462335587,1,6,KRT5,exonic
3-end RNA-seq,Keratinocyte,chr12:52517724_C>T,9.532128334,1,8,KRT5,exonic
3-end RNA-seq,Keratinocyte,chr12:52519125_G>T,2.890480042,1,8,KRT5,exonic
3-end RNA-seq,Keratinocyte,chr12:52821405_C>T,5.483435154,1,8,KRT79,downstream
3-end RNA-seq,Keratinocyte,chr12:53102206_A>C,10.51754379,1,6,IGFBP6,UTR3
3-end RNA-seq,Keratinocyte,chr12:53295852_T>G,9.458079338,1,6,PFDN5,exonic
3-end RNA-seq,Keratinocyte,chr12:53416376_G>T,5.649960041,1,6,SP1,UTR3
3-end RNA-seq,Keratinocyte,chr12:53711206_A>C,3.903254271,1,6,CALCOCO1,UTR3
3-end RNA-seq,Keratinocyte,chr12:53946494_A>G,5.203626633,1,6,HOXC13,UTR3
3-end RNA-seq,Keratinocyte,chr12:54858388_T>A,11.45112419,1,8,MUCL1,downstream
3-end RNA-seq,Keratinocyte,chr12:55972697_C>A,9.628528595,1,6,CDK2,UTR3
3-end RNA-seq,Keratinocyte,chr12:56044221_T>C,5.621544361,1,6,RPS26,UTR3
3-end RNA-seq,Keratinocyte,chr12:56113148_C>A,5.283490658,1,6,PA2G4,UTR3
3-end RNA-seq,Keratinocyte,chr12:56205486_A>T,4.465860009,2,6;8,RNF41,UTR3
3-end RNA-seq,Keratinocyte,chr12:56229749_G>A,4.087312222,1,6,NABP2,UTR3
3-end RNA-seq,Keratinocyte,chr12:56417132_C>T,8.949634552,1,6,TIMELESS,UTR3
3-end RNA-seq,Keratinocyte,chr12:56664451_C>T,4.288100719,1,6,PTGES3,UTR3
3-end RNA-seq,Keratinocyte,chr12:57103015_A>G,1.237210512,1,6,STAT6,intronic
3-end RNA-seq,Keratinocyte,chr12:57226339_A>C,7.880063057,1,6,NXPH4,UTR3
3-end RNA-seq,Keratinocyte,chr12:57516653_C>A,2.231503427,2,6;8,DDIT3,UTR3
3-end RNA-seq,Keratinocyte,chr12:57721392_T>A,4.520719528,1,6,OS9,UTR3
3-end RNA-seq,Keratinocyte,chr12:62513842_G>C,1.550428867,1,6,MON2,intronic
3-end RNA-seq,Keratinocyte,chr12:62966021_T>A,7.073774815,1,8,PPM1H;AVPR1A,intergenic
3-end RNA-seq,Keratinocyte,chr12:6537688_T>A,6.768399715,1,6,GAPDH,exonic
3-end RNA-seq,Keratinocyte,chr12:6578464_C>T,9.257283211,1,6,CHD4,exonic
3-end RNA-seq,Keratinocyte,chr12:6666630_G>T,2.004234791,1,6,ZNF384,UTR3
3-end RNA-seq,Keratinocyte,chr12:66988456_T>C,2.866710663,1,6,GRIP1,intronic
3-end RNA-seq,Keratinocyte,chr12:6770904_T>A,1.785952926,1,8,PTMS,UTR3
3-end RNA-seq,Keratinocyte,chr12:6770908_T>A,4.559689045,1,8,PTMS,UTR3
3-end RNA-seq,Keratinocyte,chr12:6770943_C>A,2.302087069,1,8,PTMS,UTR3
3-end RNA-seq,Keratinocyte,chr12:68624025_A>T,2.073075294,1,6,RAP1B,intronic
3-end RNA-seq,Keratinocyte,chr12:6945959_A>C,2.363694131,2,13;8,C12orf57,UTR3
3-end RNA-seq,Keratinocyte,chr12:69593036_G>A,4.2401602270000005,2,6;8,CCT2,exonic
3-end RNA-seq,Keratinocyte,chr12:6975974_C>T,5.608207703,1,6,EMG1,UTR3
3-end RNA-seq,Keratinocyte,chr12:7071029_C>T,7.945966721,1,6,C1S,UTR3
3-end RNA-seq,Keratinocyte,chr12:7071030_A>G,3.930437565,1,6,C1S,UTR3
3-end RNA-seq,Keratinocyte,chr12:7080491_T>C,5.074171066,1,6,C1R,UTR3
3-end RNA-seq,Keratinocyte,chr12:79797231_A>T,3.921823502,1,6,PPP1R12A,exonic
3-end RNA-seq,Keratinocyte,chr12:8647876_A>T,9.446385384,1,6,MFAP5,UTR3
3-end RNA-seq,Keratinocyte,chr12:89348062_C>T,9.466726303,1,6,DUSP6,UTR3
3-end RNA-seq,Keratinocyte,chr12:89348369_A>G,3.459531069,1,8,DUSP6,UTR3
3-end RNA-seq,Keratinocyte,chr12:92143127_A>G,2.8409729,1,8,BTG1,UTR3
3-end RNA-seq,Keratinocyte,chr12:93639893_T>C,9.202754974,1,6,SOCS2;CRADD,intergenic
3-end RNA-seq,Keratinocyte,chr12:94971335_T>C,4.143706322,1,8,NDUFA12,UTR3
3-end RNA-seq,Keratinocyte,chr12:95076839_G>T,9.982651711,1,6,FGD6,UTR3
3-end RNA-seq,Keratinocyte,chr12:95079968_T>A,11.92352009,1,6,FGD6,UTR3
3-end RNA-seq,Keratinocyte,chr12:95165426_T>C,4.45368433,1,6,FGD6,intronic
3-end RNA-seq,Keratinocyte,chr12:95296967_G>A,6.243580818,1,6,VEZT,intronic
3-end RNA-seq,Keratinocyte,chr12:95866133_C>T,3.081950903,1,8,SNRPF,UTR3
3-end RNA-seq,Keratinocyte,chr12:96377832_T>C,3.569190741,1,6,CDK17,intronic
3-end RNA-seq,Keratinocyte,chr13:106492258_C>T,5.461718559,1,8,EFNB2,UTR3
3-end RNA-seq,Keratinocyte,chr13:106559647_C>T,2.183418751,1,8,ARGLU1,exonic
3-end RNA-seq,Keratinocyte,chr13:110513025_A>G,2.661548376,1,6,COL4A2,UTR3
3-end RNA-seq,Keratinocyte,chr13:20187467_A>T,7.775472641,1,6,GJB2,downstream
3-end RNA-seq,Keratinocyte,chr13:20187472_A>G,9.694961547333333,3,6;7;8,GJB2,UTR3
3-end RNA-seq,Keratinocyte,chr13:20187801_T>C,14.508706570000001,2,6;8,GJB2,UTR3
3-end RNA-seq,Keratinocyte,chr13:20187802_G>T,7.402818203000001,2,6;8,GJB2,UTR3
3-end RNA-seq,Keratinocyte,chr13:20222055_G>A,11.890369415,2,6;8,GJB6,UTR3
3-end RNA-seq,Keratinocyte,chr13:20229347_A>G,19.56744576,1,6,GJB6,intronic
3-end RNA-seq,Keratinocyte,chr13:23328833_C>T,9.683618546,1,6,SACS,UTR3
3-end RNA-seq,Keratinocyte,chr13:27256306_A>C,8.080669403,1,6,RPL21,exonic
3-end RNA-seq,Keratinocyte,chr13:27945508_G>A,2.4040170905,2,6;8,PDX1;LINC00543,intergenic
3-end RNA-seq,Keratinocyte,chr13:28664561_G>A,3.6637622115,2,6;8,POMP,exonic
3-end RNA-seq,Keratinocyte,chr13:29579471_T>C,8.098421097,1,6,SLC7A1,intronic
3-end RNA-seq,Keratinocyte,chr13:29584177_G>A,4.741889477,1,13,SLC7A1,intronic
3-end RNA-seq,Keratinocyte,chr13:29588542_T>C,4.875882626,1,6,SLC7A1,intronic
3-end RNA-seq,Keratinocyte,chr13:41778953_T>C,7.327611923,1,6,VWA8,intronic
3-end RNA-seq,Keratinocyte,chr13:42485746_A>G,5.019153118,1,8,LINC02341,ncRNA_exonic
3-end RNA-seq,Keratinocyte,chr13:42887987_A>G,4.009405613,1,6,EPSTI1,UTR3
3-end RNA-seq,Keratinocyte,chr13:44307194_A>G,3.873844862,1,6,MIR8079;SERP2,intergenic
3-end RNA-seq,Keratinocyte,chr13:44307255_G>A,5.835934162,1,6,MIR8079;SERP2,intergenic
3-end RNA-seq,Keratinocyte,chr13:45336868_G>A,5.067462921,1,6,TPT1,UTR3
3-end RNA-seq,Keratinocyte,chr13:46491257_G>A,10.28785706,1,6,LINC01198;LRCH1,intergenic
3-end RNA-seq,Keratinocyte,chr13:48261386_A>G,4.440957546,1,6,ITM2B,UTR3
3-end RNA-seq,Keratinocyte,chr13:50514396_G>A,8.6304636,1,6,DLEU1,ncRNA_intronic
3-end RNA-seq,Keratinocyte,chr13:51592142_T>A,6.959348202,1,6,WDFY2,intronic
3-end RNA-seq,Keratinocyte,chr13:52377170_G>A,9.341215134,1,6,THSD1,UTR3
3-end RNA-seq,Keratinocyte,chr13:54440667_T>C,8.536027908,1,6,MIR1297;MIR5007,intergenic
3-end RNA-seq,Keratinocyte,chr13:54440668_T>C,4.2145354745,2,6;8,MIR1297;MIR5007,intergenic
3-end RNA-seq,Keratinocyte,chr13:54440678_T>C,4.1715747115,2,6;8,MIR1297;MIR5007,intergenic
3-end RNA-seq,Keratinocyte,chr13:72759059_A>T,2.729137421,1,6,DIS3,UTR3
3-end RNA-seq,Keratinocyte,chr13:73075964_C>A,8.305433273,1,6,KLF5,UTR3
3-end RNA-seq,Keratinocyte,chr13:73077517_A>G,5.3816431363333335,3,6;7;8,KLF5,UTR3
3-end RNA-seq,Keratinocyte,chr13:77097532_C>T,7.43545866,1,6,MYCBP2,exonic
3-end RNA-seq,Keratinocyte,chr13:77556706_G>A,20.54673195,1,8,SCEL,exonic
3-end RNA-seq,Keratinocyte,chr13:77645261_G>A,12.64867973,1,8,SCEL,UTR3
3-end RNA-seq,Keratinocyte,chr13:79500166_C>T,9.63919735,1,6,NDFIP2,intronic
3-end RNA-seq,Keratinocyte,chr13:79552924_C>A,2.951397657,1,6,NDFIP2,UTR3
3-end RNA-seq,Keratinocyte,chr13:85792794_C>T,6.09943819,1,6,SLITRK6,UTR3
3-end RNA-seq,Keratinocyte,chr13:98680226_A>G,4.569112301,1,6,STK24-AS1;SLC15A1,intergenic
3-end RNA-seq,Keratinocyte,chr13:98680233_A>G,8.111026764,1,6,STK24-AS1;SLC15A1,intergenic
3-end RNA-seq,Keratinocyte,chr13:98683803_A>G,11.33308792,1,8,SLC15A1,UTR3
3-end RNA-seq,Keratinocyte,chr13:98684500_G>A,4.35159111,1,8,SLC15A1,UTR3
3-end RNA-seq,Keratinocyte,chr13:98685901_A>G,6.790126801,1,6,SLC15A1,intronic
3-end RNA-seq,Keratinocyte,chr13:98694913_A>G,3.389041424,1,6,SLC15A1,intronic
3-end RNA-seq,Keratinocyte,chr13:98694934_A>G,2.351802349,1,6,SLC15A1,intronic
3-end RNA-seq,Keratinocyte,chr13:98700391_A>G,4.183000088,1,6,SLC15A1,intronic
3-end RNA-seq,Keratinocyte,chr13:98700472_A>G,4.641043663,1,6,SLC15A1,intronic
3-end RNA-seq,Keratinocyte,chr13:98707788_A>G,6.527793884,1,6,SLC15A1,intronic
3-end RNA-seq,Keratinocyte,chr13:98713913_A>G,4.914455891,1,6,SLC15A1,intronic
3-end RNA-seq,Keratinocyte,chr13:98713974_A>G,3.098007679,1,6,SLC15A1,intronic
3-end RNA-seq,Keratinocyte,chr13:98728860_A>G,3.328890085,1,6,SLC15A1,intronic
3-end RNA-seq,Keratinocyte,chr13:98728861_A>G,5.320690155,1,6,SLC15A1,intronic
3-end RNA-seq,Keratinocyte,chr14:102210525_G>A,2.678302765,1,6,WDR20,UTR3
3-end RNA-seq,Keratinocyte,chr14:102348284_C>T,2.104360223,2,6;8,CINP,UTR3
3-end RNA-seq,Keratinocyte,chr14:103409435_T>C,10.80391979,1,6,MARK3,intronic
3-end RNA-seq,Keratinocyte,chr14:103681491_G>T,2.315579414,1,6,KLC1,intronic
3-end RNA-seq,Keratinocyte,chr14:103697693_A>T,3.242953777,1,6,XRCC3,UTR3
3-end RNA-seq,Keratinocyte,chr14:104769351_T>C,3.757846832,1,6,AKT1,UTR3
3-end RNA-seq,Keratinocyte,chr14:104953514_G>T,2.545349598,1,6,AHNAK2,exonic
3-end RNA-seq,Keratinocyte,chr14:104953593_T>G,9.071056366,1,6,AHNAK2,exonic
3-end RNA-seq,Keratinocyte,chr14:105009944_G>A,4.088607788,1,6,CDCA4,UTR3
3-end RNA-seq,Keratinocyte,chr14:105141749_A>T,1.081562161,1,13,JAG2,UTR3
3-end RNA-seq,Keratinocyte,chr14:105141752_C>T,4.711576939,1,6,JAG2,UTR3
3-end RNA-seq,Keratinocyte,chr14:105209289_C>T,3.423721075,1,6,BRF1,UTR3
3-end RNA-seq,Keratinocyte,chr14:105978458_T>C,6.669500351,1,8,ADAM6;LINC00226,intergenic
3-end RNA-seq,Keratinocyte,chr14:20477076_G>A,8.065653801,1,6,PNP,UTR3
3-end RNA-seq,Keratinocyte,chr14:21496983_G>A,5.299789429,1,6,TOX4,UTR3
3-end RNA-seq,Keratinocyte,chr14:22772217_C>T,4.831905365,1,6,OXA1L,UTR3
3-end RNA-seq,Keratinocyte,chr14:22847672_A>C,7.108135223,1,6,MMP14,UTR3
3-end RNA-seq,Keratinocyte,chr14:22878081_A>G,2.396169424,1,6,LRP10,UTR3
3-end RNA-seq,Keratinocyte,chr14:22968458_T>C,5.247447968,1,6,HAUS4;AJUBA,intergenic
3-end RNA-seq,Keratinocyte,chr14:23125297_C>T,7.468026161,1,6,SLC7A8,UTR3
3-end RNA-seq,Keratinocyte,chr14:23183372_A>T,5.4404004815,2,13;6,SLC7A8,UTR5
3-end RNA-seq,Keratinocyte,chr14:23275617_T>C,4.138263702,1,6,HOMEZ,exonic
3-end RNA-seq,Keratinocyte,chr14:24143408_T>G,6.284889698,1,6,PSME2,UTR3
3-end RNA-seq,Keratinocyte,chr14:24171150_A>G,8.5950222019999991,1,6,REC8,upstream
3-end RNA-seq,Keratinocyte,chr14:30735795_T>A,3.455538988,1,6,SCFD1,UTR3
3-end RNA-seq,Keratinocyte,chr14:33924933_A>T,2.170806646,1,6,EGLN3,UTR3
3-end RNA-seq,Keratinocyte,chr14:33924940_C>A,7.216028214,1,6,EGLN3,UTR3
3-end RNA-seq,Keratinocyte,chr14:33924941_T>A,6.001368046,1,8,EGLN3,UTR3
3-end RNA-seq,Keratinocyte,chr14:33925518_C>T,7.18811655,1,6,EGLN3,UTR3
3-end RNA-seq,Keratinocyte,chr14:34434362_A>T,7.661818504,1,6,SPTSSA,UTR3
3-end RNA-seq,Keratinocyte,chr14:34516123_A>T,5.091265678,1,6,EAPP,UTR3
3-end RNA-seq,Keratinocyte,chr14:45120944_C>T,5.40114069,1,8,FKBP3,exonic
3-end RNA-seq,Keratinocyte,chr14:49586861_T>G,8.903775215,1,6,RN7SL1,ncRNA_exonic
3-end RNA-seq,Keratinocyte,chr14:49618691_G>A,1.4824982285,2,7;8,RPL36AL,UTR3
3-end RNA-seq,Keratinocyte,chr14:49623282_C>T,7.056758881,1,6,MGAT2,UTR3
3-end RNA-seq,Keratinocyte,chr14:50923455_T>C,17.07491112,1,6,PYGL,intronic
3-end RNA-seq,Keratinocyte,chr14:50945641_C>T,2.941507816,1,6,PYGL;TRIM9,intergenic
3-end RNA-seq,Keratinocyte,chr14:51521706_G>A,1.912836313,1,6,FRMD6-AS2,ncRNA_intronic
3-end RNA-seq,Keratinocyte,chr14:51532190_A>G,1.8003962040000001,1,6,FRMD6-AS2,ncRNA_intronic
3-end RNA-seq,Keratinocyte,chr14:51546497_C>A,7.138695717,1,6,FRMD6-AS2,ncRNA_intronic
3-end RNA-seq,Keratinocyte,chr14:51547886_G>A,1.377064228,1,6,FRMD6-AS2,ncRNA_intronic
3-end RNA-seq,Keratinocyte,chr14:51646239_A>G,6.517267704,1,6,FRMD6,intronic
3-end RNA-seq,Keratinocyte,chr14:51646243_A>G,4.807552337500001,2,6;8,FRMD6,intronic
3-end RNA-seq,Keratinocyte,chr14:54420214_C>T,9.560254097,1,6,CDKN3,UTR3
3-end RNA-seq,Keratinocyte,chr14:59369754_A>G,1.671866417,1,6,DAAM1,UTR3
3-end RNA-seq,Keratinocyte,chr14:59371091_G>A,4.937003613,1,6,DAAM1,UTR3
3-end RNA-seq,Keratinocyte,chr14:60971529_G>A,2.574048519,1,6,TRMT5,UTR3
3-end RNA-seq,Keratinocyte,chr14:61795665_T>A,3.082983017,1,6,SNAPC1,UTR3
3-end RNA-seq,Keratinocyte,chr14:63888972_T>C,4.63039732,1,6,SYNE2,intronic
3-end RNA-seq,Keratinocyte,chr14:64543234_C>A,5.054847717,1,6,HSPA2,UTR3
3-end RNA-seq,Keratinocyte,chr14:66973639_A>G,3.796971083,2,6;8,GPHN,intronic
3-end RNA-seq,Keratinocyte,chr14:68874301_C>T,6.192555428,1,8,ACTN1,UTR3
3-end RNA-seq,Keratinocyte,chr14:68925342_A>T,4.088382244,1,6,ACTN1,intronic
3-end RNA-seq,Keratinocyte,chr14:70326293_T>A,7.671371937,1,6,COX16;SYNJ2BP-COX16,UTR3
3-end RNA-seq,Keratinocyte,chr14:73249606_G>A,3.187114477,1,6,PAPLN,intronic
3-end RNA-seq,Keratinocyte,chr14:73274544_A>G,11.06432247,1,6,PAPLN,UTR3
3-end RNA-seq,Keratinocyte,chr14:73715205_A>C,4.37072897,1,6,MIDEAS,UTR3
3-end RNA-seq,Keratinocyte,chr14:75282121_C>A,5.199977398,1,6,FOS,UTR3
3-end RNA-seq,Keratinocyte,chr14:75282125_C>A,3.8694846634999998,2,6;8,FOS,UTR3
3-end RNA-seq,Keratinocyte,chr14:81260763_G>T,1.901270032,1,6,STON2,UTR3
3-end RNA-seq,Keratinocyte,chr14:81306326_T>C,5.908413887,1,6,STON2,intronic
3-end RNA-seq,Keratinocyte,chr14:85627919_G>A,1.902443528,1,6,FLRT2,UTR3
3-end RNA-seq,Keratinocyte,chr14:89300258_T>C,0.4331384,1,6,FOXN3,intronic
3-end RNA-seq,Keratinocyte,chr14:90403907_G>A,9.207615852,1,6,CALM1,exonic
3-end RNA-seq,Keratinocyte,chr14:90404801_G>A,2.526124954,1,6,CALM1,UTR3
3-end RNA-seq,Keratinocyte,chr14:90405605_C>A,3.776693821,2,6;8,CALM1,UTR3
3-end RNA-seq,Keratinocyte,chr14:92839825_A>T,5.513329983,1,8,GOLGA5,UTR3
3-end RNA-seq,Keratinocyte,chr14:93187006_G>A,4.864731312,1,6,TMEM251,UTR3
3-end RNA-seq,Keratinocyte,chr14:94115840_A>C,12.73960495,1,6,IFI27,exonic
3-end RNA-seq,Keratinocyte,chr14:94116660_G>A,5.718494177,2,13;6,IFI27,UTR3
3-end RNA-seq,Keratinocyte,chr14:94116688_C>T,9.084350903333334,3,13;6;7,IFI27,UTR3
3-end RNA-seq,Keratinocyte,chr14:94116700_G>A,9.208404541,1,6,IFI27,downstream
3-end RNA-seq,Keratinocyte,chr14:94127802_T>G,5.490427494,1,8,IFI27L2,exonic
3-end RNA-seq,Keratinocyte,chr14:98972819_T>C,4.007968426,1,6,C14orf177;BCL11B,intergenic
3-end RNA-seq,Keratinocyte,chr15:20370594_C>A,11.52536392,1,6,CHEK2P2;HERC2P3,intergenic
3-end RNA-seq,Keratinocyte,chr15:20407175_T>G,4.287123203,1,6,CHEK2P2;HERC2P3,intergenic
3-end RNA-seq,Keratinocyte,chr15:22285354_T>C,0.428060055,1,6,REREP3;GOLGA8EP,intergenic
3-end RNA-seq,Keratinocyte,chr15:29798356_C>T,9.339848518,1,6,TJP1,intronic
3-end RNA-seq,Keratinocyte,chr15:32638959_C>A,11.84310818,1,6,ARHGAP11A,UTR3
3-end RNA-seq,Keratinocyte,chr15:34978565_C>T,4.929811478,1,6,ZNF770,UTR3
3-end RNA-seq,Keratinocyte,chr15:41281883_C>A,3.480031967,1,6,CHP1,UTR3
3-end RNA-seq,Keratinocyte,chr15:41285230_G>A,6.617368221,1,6,OIP5-AS1,ncRNA_exonic
3-end RNA-seq,Keratinocyte,chr15:42139261_T>C,11.93002033,1,13,PLA2G4F,UTR3
3-end RNA-seq,Keratinocyte,chr15:42277245_G>A,5.083695412,1,6,GANC,intronic
3-end RNA-seq,Keratinocyte,chr15:43793922_C>T,2.8139971495,2,7;8,SERF2,exonic
3-end RNA-seq,Keratinocyte,chr15:43801866_C>T,5.405044079,1,6,SERF2-C15ORF63,ncRNA_exonic
3-end RNA-seq,Keratinocyte,chr15:44561389_T>A,4.124118805,1,6,EIF3J,UTR3
3-end RNA-seq,Keratinocyte,chr15:44562064_T>C,3.00668931,1,6,EIF3J,UTR3
3-end RNA-seq,Keratinocyte,chr15:44714745_T>A,5.6618242265,2,6;8,B2M,intronic
3-end RNA-seq,Keratinocyte,chr15:45118095_G>T,9.313135147,1,6,DUOXA1;DUOXA2,UTR3
3-end RNA-seq,Keratinocyte,chr15:45361126_C>T,11.73327446,1,8,GATM,UTR3
3-end RNA-seq,Keratinocyte,chr15:48342122_T>C,7.688987255,1,6,DUT,UTR3
3-end RNA-seq,Keratinocyte,chr15:52038156_G>A,8.386753082,1,6,MAPK6,intronic
3-end RNA-seq,Keratinocyte,chr15:63059600_G>A,6.192409515,1,8,TPM1,exonic
3-end RNA-seq,Keratinocyte,chr15:63071913_A>G,6.055887699,1,8,TPM1,UTR3
3-end RNA-seq,Keratinocyte,chr15:63511266_T>C,8.715862274,1,6,USP3,intronic
3-end RNA-seq,Keratinocyte,chr15:63591465_G>A,3.2943989040000003,2,6;8,USP3-AS1,ncRNA_intronic
3-end RNA-seq,Keratinocyte,chr15:64365591_A>G,12.58574772,1,6,PCLAF,UTR3
3-end RNA-seq,Keratinocyte,chr15:64951864_T>C,1.516209483,1,6,ANKDD1A,intronic
3-end RNA-seq,Keratinocyte,chr15:64953167_T>C,12.51469612,1,6,ANKDD1A,intronic
3-end RNA-seq,Keratinocyte,chr15:64953575_A>C,5.034867764,1,6,ANKDD1A,intronic
3-end RNA-seq,Keratinocyte,chr15:64953714_G>C,10.53026581,1,6,ANKDD1A,intronic
3-end RNA-seq,Keratinocyte,chr15:64953723_C>G,0.738688052,1,6,ANKDD1A,intronic
3-end RNA-seq,Keratinocyte,chr15:64954061_T>C,8.416359901,1,6,ANKDD1A,intronic
3-end RNA-seq,Keratinocyte,chr15:64954744_C>T,1.305682302,1,6,ANKDD1A,intronic
3-end RNA-seq,Keratinocyte,chr15:66503476_G>T,3.157503843,1,8,RPL4,exonic
3-end RNA-seq,Keratinocyte,chr15:69452934_A>C,5.4524638655,2,6;8,RPLP1,UTR5
3-end RNA-seq,Keratinocyte,chr15:71341128_C>T,9.121703148,1,6,THSD4,intronic
3-end RNA-seq,Keratinocyte,chr15:72205649_G>T,1.39494288,1,6,PKM,intronic
3-end RNA-seq,Keratinocyte,chr15:73138680_T>C,5.498844624,1,8,NEO1,intronic
3-end RNA-seq,Keratinocyte,chr15:74043132_C>A,7.969833374,1,6,PML,exonic
3-end RNA-seq,Keratinocyte,chr15:75598089_C>T,3.424069405,1,6,SNUPN,UTR3
3-end RNA-seq,Keratinocyte,chr15:82372210_T>G,2.904863834,1,8,UBE2Q2P2,ncRNA_intronic
3-end RNA-seq,Keratinocyte,chr15:82818053_G>A,10.84488773,1,6,WHAMM,exonic
3-end RNA-seq,Keratinocyte,chr15:84669669_A>T,3.422809124,1,6,SEC11A,UTR3
3-end RNA-seq,Keratinocyte,chr15:85415731_C>A,17.98526573,1,6,AKAP13,intronic
3-end RNA-seq,Keratinocyte,chr15:85415772_A>G,24.06151009,1,6,AKAP13,intronic
3-end RNA-seq,Keratinocyte,chr15:85415841_T>C,11.99055576,1,8,AKAP13,intronic
3-end RNA-seq,Keratinocyte,chr15:85698817_G>A,4.0090703965,2,6;8,AKAP13,intronic
3-end RNA-seq,Keratinocyte,chr15:88898685_C>T,3.773572445,1,8,MFGE8,UTR3
3-end RNA-seq,Keratinocyte,chr15:92889503_T>A,6.830279827,1,6,CHASERR,ncRNA_intronic
3-end RNA-seq,Keratinocyte,chr15:93002203_G>A,1.894906998,1,6,CHD2,exonic
3-end RNA-seq,Keratinocyte,chr15:99670443_C>T,9.607712746,1,6,MEF2A,intronic
3-end RNA-seq,Keratinocyte,chr16:11547999_C>T,2.450195551,1,8,LITAF,UTR3
3-end RNA-seq,Keratinocyte,chr16:11839833_C>T,2.748078823,1,6,RSL1D1,exonic
3-end RNA-seq,Keratinocyte,chr16:18791811_A>C,4.957480431,1,6,ARL6IP1,UTR3
3-end RNA-seq,Keratinocyte,chr16:19121482_C>A,3.223279953,1,6,ITPRIPL2,UTR3
3-end RNA-seq,Keratinocyte,chr16:19121626_G>A,2.491165876,1,6,ITPRIPL2,UTR3
3-end RNA-seq,Keratinocyte,chr16:2213685_C>T,3.262738466,1,6,PGP,UTR3
3-end RNA-seq,Keratinocyte,chr16:24750786_G>A,1.156383872,1,6,TNRC6A,exonic
3-end RNA-seq,Keratinocyte,chr16:2899331_C>A,3.500869751,1,6,FLYWCH2,UTR3
3-end RNA-seq,Keratinocyte,chr16:30085290_C>T,2.574854374,1,6,PPP4C,UTR3
3-end RNA-seq,Keratinocyte,chr16:3022380_T>C,2.682275534,1,6,TNFRSF12A,UTR3
3-end RNA-seq,Keratinocyte,chr16:30744189_A>C,5.430101633,2,6;8,TMEM265,UTR3
3-end RNA-seq,Keratinocyte,chr16:30744278_G>A,1.891868711,1,6,TMEM265,UTR3
3-end RNA-seq,Keratinocyte,chr16:3802155_A>G,2.807783604,1,6,CREBBP,intronic
3-end RNA-seq,Keratinocyte,chr16:4340287_A>T,10.98942471,1,6,CORO7-PAM16;PAM16,UTR3
3-end RNA-seq,Keratinocyte,chr16:4340302_C>G,5.395981789,1,6,CORO7-PAM16;PAM16,UTR3
3-end RNA-seq,Keratinocyte,chr16:46679046_C>T,4.05121851,1,6,VPS35,exonic
3-end RNA-seq,Keratinocyte,chr16:46956432_G>T,2.532797575,1,8,DNAJA2,UTR3
3-end RNA-seq,Keratinocyte,chr16:46956796_G>T,6.558542252,1,6,DNAJA2,UTR3
3-end RNA-seq,Keratinocyte,chr16:48397709_T>C,4.805633545,1,6,SIAH1;N4BP1,intergenic
3-end RNA-seq,Keratinocyte,chr16:48399616_T>C,3.530857801,1,6,SIAH1;N4BP1,intergenic
3-end RNA-seq,Keratinocyte,chr16:48403865_T>C,6.614135265,1,6,SIAH1;N4BP1,intergenic
3-end RNA-seq,Keratinocyte,chr16:48403935_T>C,5.23800087,1,6,SIAH1;N4BP1,intergenic
3-end RNA-seq,Keratinocyte,chr16:48403948_T>C,4.37868166,1,6,SIAH1;N4BP1,intergenic
3-end RNA-seq,Keratinocyte,chr16:48411076_T>C,8.732657433,1,6,SIAH1;N4BP1,intergenic
3-end RNA-seq,Keratinocyte,chr16:48415710_T>C,6.016518116,1,6,SIAH1;N4BP1,intergenic
3-end RNA-seq,Keratinocyte,chr16:48591652_C>T,6.316365719,1,6,N4BP1,intronic
3-end RNA-seq,Keratinocyte,chr16:48992874_A>G,7.667247295,1,6,N4BP1;CBLN1,intergenic
3-end RNA-seq,Keratinocyte,chr16:48992888_A>G,6.208200455,1,6,N4BP1;CBLN1,intergenic
3-end RNA-seq,Keratinocyte,chr16:50229507_A>C,9.35707283,1,6,TENT4B,UTR3
3-end RNA-seq,Keratinocyte,chr16:50230279_C>T,7.961348534,1,6,TENT4B,UTR3
3-end RNA-seq,Keratinocyte,chr16:51647060_C>A,3.385066032,1,6,MIR548AI;LINC01571,intergenic
3-end RNA-seq,Keratinocyte,chr16:51647076_G>T,8.298974991,1,6,MIR548AI;LINC01571,intergenic
3-end RNA-seq,Keratinocyte,chr16:55506181_T>A,7.524145603,1,6,MMP2,UTR3
3-end RNA-seq,Keratinocyte,chr16:55567650_C>T,13.098794458499999,2,6;8,CAPNS2,UTR3
3-end RNA-seq,Keratinocyte,chr16:55567683_A>T,3.886687517,1,8,CAPNS2,UTR3
3-end RNA-seq,Keratinocyte,chr16:55584984_C>A,7.287594318,1,6,LPCAT2,UTR3
3-end RNA-seq,Keratinocyte,chr16:56431751_T>A,3.793402672,1,6,NUDT21,UTR3
3-end RNA-seq,Keratinocyte,chr16:56627110_T>C,5.341044426,3,13;6;7,MT1E,UTR3
3-end RNA-seq,Keratinocyte,chr16:56684147_C>A,6.698723793,1,6,MT1X,UTR3
3-end RNA-seq,Keratinocyte,chr16:56684162_G>T,5.96446991,1,6,MT1X,UTR3
3-end RNA-seq,Keratinocyte,chr16:56684180_T>A,9.555734634,1,6,MT1X,UTR3
3-end RNA-seq,Keratinocyte,chr16:57038856_A>G,1.245849371,1,6,NLRC5,intronic
3-end RNA-seq,Keratinocyte,chr16:57665025_C>A,3.250266314,1,8,ADGRG1,UTR3
3-end RNA-seq,Keratinocyte,chr16:57790428_G>T,3.753409624,1,6,KIFC3,intronic
3-end RNA-seq,Keratinocyte,chr16:63397729_T>A,2.976620913,1,6,CDH8;CDH11,intergenic
3-end RNA-seq,Keratinocyte,chr16:66613714_A>G,5.02338028,1,6,CMTM3,UTR3
3-end RNA-seq,Keratinocyte,chr16:66616045_C>T,14.47183704,1,6,CMTM4,UTR3
3-end RNA-seq,Keratinocyte,chr16:66674879_T>C,9.447610855,1,6,CMTM4,intronic
3-end RNA-seq,Keratinocyte,chr16:66944885_A>C,11.07655621,1,6,CES2,UTR3
3-end RNA-seq,Keratinocyte,chr16:67871207_G>T,5.297396183,1,6,NUTF2,UTR3
3-end RNA-seq,Keratinocyte,chr16:67871265_C>A,4.121897221,1,8,NUTF2,UTR3
3-end RNA-seq,Keratinocyte,chr16:68650936_T>A,12.85732937,1,6,CDH3,intronic
3-end RNA-seq,Keratinocyte,chr16:68660838_A>G,8.015542984,1,6,CDH3,intronic
3-end RNA-seq,Keratinocyte,chr16:68660891_A>G,7.774097443,1,6,CDH3,intronic
3-end RNA-seq,Keratinocyte,chr16:68670103_A>G,15.22999096,1,6,CDH3,intronic
3-end RNA-seq,Keratinocyte,chr16:68675793_G>A,3.313436985,1,6,CDH3,intronic
3-end RNA-seq,Keratinocyte,chr16:68694571_G>A,7.622876167,1,6,CDH3,intronic
3-end RNA-seq,Keratinocyte,chr16:68699038_G>A,4.099597931,1,6,CDH3,UTR3
3-end RNA-seq,Keratinocyte,chr16:68753157_A>G,6.541374922,2,6;8,CDH1,intronic
3-end RNA-seq,Keratinocyte,chr16:68762798_A>G,5.504053116,1,6,CDH1,intronic
3-end RNA-seq,Keratinocyte,chr16:68783372_A>G,9.600619316,1,6,CDH1,intronic
3-end RNA-seq,Keratinocyte,chr16:68835534_T>C,5.0745608805,2,6;8,CDH1,UTR3
3-end RNA-seq,Keratinocyte,chr16:69117592_T>A,1.001710773,1,13,HAS3,UTR3
3-end RNA-seq,Keratinocyte,chr16:69117593_A>T,3.2518333596666666,3,13;6;8,HAS3,UTR3
3-end RNA-seq,Keratinocyte,chr16:69117629_G>T,8.419538498,1,6,HAS3,UTR3
3-end RNA-seq,Keratinocyte,chr16:69117646_C>A,6.596362114,1,6,HAS3,UTR3
3-end RNA-seq,Keratinocyte,chr16:69428547_T>G,1.038900971,1,6,CYB5B,intronic
3-end RNA-seq,Keratinocyte,chr16:69642835_G>A,7.330721855,1,6,NFAT5,intronic
3-end RNA-seq,Keratinocyte,chr16:70687463_A>T,2.99524498,1,8,VAC14,UTR3
3-end RNA-seq,Keratinocyte,chr16:70687464_T>G,5.112040043,1,6,VAC14,UTR3
3-end RNA-seq,Keratinocyte,chr16:768802_G>A,4.648778915,1,13,MSLN,UTR3
3-end RNA-seq,Keratinocyte,chr16:79596676_T>A,10.68034267,1,6,MAF,UTR3
3-end RNA-seq,Keratinocyte,chr16:79598176_C>T,2.905897617,1,6,MAF,UTR3
3-end RNA-seq,Keratinocyte,chr16:79598257_G>T,4.502536774,1,6,MAF,UTR3
3-end RNA-seq,Keratinocyte,chr16:79600520_T>G,8.950181961,1,6,MAF,UTR5
3-end RNA-seq,Keratinocyte,chr16:79657872_A>G,7.716946125,1,6,MAF;MAFTRR,intergenic
3-end RNA-seq,Keratinocyte,chr16:798024_A>G,6.106665134,1,6,CHTF18,UTR3
3-end RNA-seq,Keratinocyte,chr16:81384300_T>C,8.999450684,1,6,GAN,UTR3
3-end RNA-seq,Keratinocyte,chr16:83146162_C>T,1.453443527,1,6,CDH13,intronic
3-end RNA-seq,Keratinocyte,chr16:83796592_T>C,2.374613285,1,6,CDH13,UTR3
3-end RNA-seq,Keratinocyte,chr16:84117552_G>A,7.594773293,1,6,MBTPS1,upstream
3-end RNA-seq,Keratinocyte,chr16:84463978_A>T,17.71612549,1,6,ATP2C2-AS1,ncRNA_intronic
3-end RNA-seq,Keratinocyte,chr16:84477654_T>C,5.987654209,1,6,MEAK7,UTR3
3-end RNA-seq,Keratinocyte,chr16:84565595_G>T,3.038118601,1,6,COTL1,downstream
3-end RNA-seq,Keratinocyte,chr16:84565599_T>A,8.342947006,1,6,COTL1,UTR3
3-end RNA-seq,Keratinocyte,chr16:84987490_T>C,1.812041759,1,6,ZDHHC7,intronic
3-end RNA-seq,Keratinocyte,chr16:85707529_G>T,1.825689554,1,6,C16orf74,UTR3
3-end RNA-seq,Keratinocyte,chr16:85806998_T>C,5.2292985915,2,6;8,COX4I1,UTR3
3-end RNA-seq,Keratinocyte,chr16:87404773_C>A,6.255392075,1,6,MAP1LC3B,UTR3
3-end RNA-seq,Keratinocyte,chr16:88862542_A>G,9.424188614,1,8,TRAPPC2L,UTR3
3-end RNA-seq,Keratinocyte,chr16:89561319_A>C,6.032432556,1,6,RPL13,exonic
3-end RNA-seq,Keratinocyte,chr16:89562889_T>A,4.52169466,1,8,RPL13,exonic
3-end RNA-seq,Keratinocyte,chr16:9113073_C>A,2.637426138,1,6,C16orf72,intronic
3-end RNA-seq,Keratinocyte,chr17:10680397_G>C,3.4701281785,2,7;8,SCO1,UTR3
3-end RNA-seq,Keratinocyte,chr17:11976777_T>A,9.208738327,1,6,ZNF18,downstream
3-end RNA-seq,Keratinocyte,chr17:11976904_C>A,12.26079178,1,6,ZNF18,downstream
3-end RNA-seq,Keratinocyte,chr17:12029916_T>C,6.059597492,1,6,MAP2K4,intronic
3-end RNA-seq,Keratinocyte,chr17:15704080_G>A,3.814103603,1,6,ZNF286A,intronic
3-end RNA-seq,Keratinocyte,chr17:16817985_A>T,6.553044319,2,13;6,USP32P1;KRT16P2,intergenic
3-end RNA-seq,Keratinocyte,chr17:16818049_G>C,5.830404599333333,3,13;6;8,USP32P1;KRT16P2,intergenic
3-end RNA-seq,Keratinocyte,chr17:16818147_T>G,7.39327383,1,6,USP32P1;KRT16P2,intergenic
3-end RNA-seq,Keratinocyte,chr17:16818207_T>C,8.686136246,1,6,USP32P1;KRT16P2,intergenic
3-end RNA-seq,Keratinocyte,chr17:16819018_T>G,3.994301081,1,6,USP32P1;KRT16P2,intergenic
3-end RNA-seq,Keratinocyte,chr17:17383346_T>C,6.608433008,2,6;8,NT5M;MED9,intergenic
3-end RNA-seq,Keratinocyte,chr17:17744696_A>G,9.511802673,1,6,RAI1,intronic
3-end RNA-seq,Keratinocyte,chr17:17869057_T>G,1.560326934,1,6,TOM1L2,intronic
3-end RNA-seq,Keratinocyte,chr17:18463387_A>G,6.659816265,1,6,KRT16P1;LGALS9C,intergenic
3-end RNA-seq,Keratinocyte,chr17:18464678_A>G,9.628668785,1,6,KRT16P1;LGALS9C,intergenic
3-end RNA-seq,Keratinocyte,chr17:18464795_G>A,9.371456146,1,6,KRT16P1;LGALS9C,intergenic
3-end RNA-seq,Keratinocyte,chr17:18651726_T>A,2.355381727,1,6,TBC1D28;ZNF286B,intergenic
3-end RNA-seq,Keratinocyte,chr17:19188153_C>T,5.1032323835,2,6;8,SNORD3A,ncRNA_exonic
3-end RNA-seq,Keratinocyte,chr17:19737988_C>T,8.663315057,2,13;6,ALDH3A1,UTR3
3-end RNA-seq,Keratinocyte,chr17:20464237_T>C,7.145115376,1,6,LGALS9B,intronic
3-end RNA-seq,Keratinocyte,chr17:20464274_T>C,3.253586054,1,6,LGALS9B,intronic
3-end RNA-seq,Keratinocyte,chr17:20471923_T>C,4.864440918,1,6,LGALS9B;KRT16P3,intergenic
3-end RNA-seq,Keratinocyte,chr17:20479582_T>C,4.94446516,1,6,LGALS9B;KRT16P3,intergenic
3-end RNA-seq,Keratinocyte,chr17:20479619_C>T,4.09131813,1,6,LGALS9B;KRT16P3,intergenic
3-end RNA-seq,Keratinocyte,chr17:2613042_T>C,1.904670238,1,6,PAFAH1B1,intronic
3-end RNA-seq,Keratinocyte,chr17:28134043_A>G,1.601325274,1,6,NLK,intronic
3-end RNA-seq,Keratinocyte,chr17:30466418_G>A,3.955446243,1,6,CPD,UTR3
3-end RNA-seq,Keratinocyte,chr17:35684735_C>T,12.59059811,1,6,AP2B1,intronic
3-end RNA-seq,Keratinocyte,chr17:35790929_T>C,1.417862177,1,6,MMP28,intronic
3-end RNA-seq,Keratinocyte,chr17:35828777_T>C,2.42910099,1,6,TAF15,intronic
3-end RNA-seq,Keratinocyte,chr17:35871494_A>T,10.90059185,1,6,CCL5,UTR3
3-end RNA-seq,Keratinocyte,chr17:35872158_A>G,0.525299728,1,6,CCL5,UTR3
3-end RNA-seq,Keratinocyte,chr17:36499708_C>T,2.160537481,1,13,MYO19,intronic
3-end RNA-seq,Keratinocyte,chr17:36589728_C>A,4.073334217,1,6,GGNBP2,UTR3
3-end RNA-seq,Keratinocyte,chr17:3662938_C>T,5.704360485,1,7,P2RX5-TAX1BP3,ncRNA_exonic
3-end RNA-seq,Keratinocyte,chr17:37084996_C>T,5.479701519,1,6,ACACA,UTR3
3-end RNA-seq,Keratinocyte,chr17:38727156_G>A,1.396865129,1,6,MLLT6,UTR3
3-end RNA-seq,Keratinocyte,chr17:38850098_T>G,6.689899921,1,6,RPL23,UTR3
3-end RNA-seq,Keratinocyte,chr17:38853737_G>A,6.5156884195,2,6;8,RPL23;SNORA21,upstream
3-end RNA-seq,Keratinocyte,chr17:40092849_A>T,6.852327824,1,6,NR1D1;THRA,UTR3
3-end RNA-seq,Keratinocyte,chr17:40092868_A>T,1.722295761,1,6,NR1D1;THRA,UTR3
3-end RNA-seq,Keratinocyte,chr17:40388527_G>T,8.539300919,1,6,TOP2A,UTR3
3-end RNA-seq,Keratinocyte,chr17:40395473_C>T,15.59380913,1,6,TOP2A,exonic
3-end RNA-seq,Keratinocyte,chr17:40396449_T>C,10.34358406,1,6,TOP2A,exonic
3-end RNA-seq,Keratinocyte,chr17:40475830_A>T,2.882882357,1,6,TNS4,downstream
3-end RNA-seq,Keratinocyte,chr17:40627719_T>C,8.457015991,1,8,SMARCE1,UTR3
3-end RNA-seq,Keratinocyte,chr17:41518797_A>G,8.471011162,1,8,KRT15,exonic
3-end RNA-seq,Keratinocyte,chr17:41582334_G>A,11.1376915,1,7,KRT14,UTR3
3-end RNA-seq,Keratinocyte,chr17:41609780_T>C,8.464680671333333,3,6;7;8,KRT16,UTR3
3-end RNA-seq,Keratinocyte,chr17:41609781_G>A,6.876256465666667,3,6;7;8,KRT16,UTR3
3-end RNA-seq,Keratinocyte,chr17:41612499_G>A,32.55850601,1,6,KRT16,exonic
3-end RNA-seq,Keratinocyte,chr17:41612503_G>A,33.9919281,1,6,KRT16,exonic
3-end RNA-seq,Keratinocyte,chr17:41612653_G>A,15.22571945,1,6,KRT16,exonic
3-end RNA-seq,Keratinocyte,chr17:41612655_T>A,21.73501587,1,6,KRT16,exonic
3-end RNA-seq,Keratinocyte,chr17:41619443_A>T,3.5163521765,2,7;8,KRT17,UTR3
3-end RNA-seq,Keratinocyte,chr17:41621635_T>A,5.538511276,1,8,KRT17,exonic
3-end RNA-seq,Keratinocyte,chr17:41621646_C>T,5.04189539,1,8,KRT17,exonic
3-end RNA-seq,Keratinocyte,chr17:41754654_A>C,8.451097488,1,7,JUP,UTR3
3-end RNA-seq,Keratinocyte,chr17:41758189_C>T,6.188980579333333,3,6;7;8,JUP,intronic
3-end RNA-seq,Keratinocyte,chr17:42998434_C>T,10.5376606,1,6,RPL27,UTR5
3-end RNA-seq,Keratinocyte,chr17:43014335_A>C,5.83344698,1,6,IFI35,UTR3
3-end RNA-seq,Keratinocyte,chr17:43413813_A>G,15.90679836,1,6,ARL4D;MIR2117HG,intergenic
3-end RNA-seq,Keratinocyte,chr17:43426490_A>G,1.969329715,1,6,ARL4D;MIR2117HG,intergenic
3-end RNA-seq,Keratinocyte,chr17:43439835_A>G,1.646711349,1,6,ARL4D;MIR2117HG,intergenic
3-end RNA-seq,Keratinocyte,chr17:43527926_G>A,8.027162552,1,6,ETV4,UTR3
3-end RNA-seq,Keratinocyte,chr17:44353007_C>A,7.256144047,1,6,GRN,UTR3
3-end RNA-seq,Keratinocyte,chr17:45081708_G>A,3.783037186,1,6,NMT1,exonic
3-end RNA-seq,Keratinocyte,chr17:4557332_A>G,6.380896091,1,8,GGT6,UTR3
3-end RNA-seq,Keratinocyte,chr17:46764292_G>T,2.156386852,1,6,WNT3,UTR3
3-end RNA-seq,Keratinocyte,chr17:46764303_A>T,12.2901535,1,6,WNT3,UTR3
3-end RNA-seq,Keratinocyte,chr17:46764324_C>T,10.47480488,1,6,WNT3,UTR3
3-end RNA-seq,Keratinocyte,chr17:46764328_A>G,13.00999832,1,6,WNT3,UTR3
3-end RNA-seq,Keratinocyte,chr17:46936781_G>A,6.534511566,1,6,GOSR2,UTR3
3-end RNA-seq,Keratinocyte,chr17:4797698_C>G,3.877329826,1,8,PSMB6,exonic
3-end RNA-seq,Keratinocyte,chr17:48607714_G>T,9.841411591,1,6,HOXB7,UTR3
3-end RNA-seq,Keratinocyte,chr17:48607723_G>T,7.59237957,1,6,HOXB7,UTR3
3-end RNA-seq,Keratinocyte,chr17:49339450_G>C,5.00079298,1,8,ZNF652,intronic
3-end RNA-seq,Keratinocyte,chr17:4959228_G>A,1.706404328,1,6,SPAG7,UTR3
3-end RNA-seq,Keratinocyte,chr17:49990040_G>T,5.445364952,1,6,DLX3,UTR3
3-end RNA-seq,Keratinocyte,chr17:49990054_G>T,7.27064085,1,6,DLX3,UTR3
3-end RNA-seq,Keratinocyte,chr17:50184098_A>T,1.012562513,1,6,COL1A1,downstream
3-end RNA-seq,Keratinocyte,chr17:50185276_T>A,4.968142509,1,6,COL1A1,UTR3
3-end RNA-seq,Keratinocyte,chr17:5043938_T>C,4.852914333,1,6,SLC52A1;ZFP3,intergenic
3-end RNA-seq,Keratinocyte,chr17:50730513_C>A,5.936052322,1,6,LUC7L3,intronic
3-end RNA-seq,Keratinocyte,chr17:50745816_G>A,1.482633114,1,6,LUC7L3,exonic
3-end RNA-seq,Keratinocyte,chr17:50752639_T>C,5.16068697,1,6,LUC7L3,UTR3
3-end RNA-seq,Keratinocyte,chr17:50862237_G>T,3.309983969,1,8,TOB1,UTR3
3-end RNA-seq,Keratinocyte,chr17:50862285_G>T,7.126323223,1,6,TOB1,UTR3
3-end RNA-seq,Keratinocyte,chr17:50862413_G>T,7.147435188,1,6,TOB1,UTR3
3-end RNA-seq,Keratinocyte,chr17:50862469_G>T,9.28584671,1,6,TOB1,UTR3
3-end RNA-seq,Keratinocyte,chr17:515063_A>T,6.23837328,1,6,VPS53,UTR3
3-end RNA-seq,Keratinocyte,chr17:5441903_C>T,7.104670525,1,6,DHX33,UTR3
3-end RNA-seq,Keratinocyte,chr17:59112061_A>T,8.862821579,1,6,SKA2,UTR3
3-end RNA-seq,Keratinocyte,chr17:59112072_A>T,4.734658718,1,6,SKA2,UTR3
3-end RNA-seq,Keratinocyte,chr17:59204097_T>A,12.62781239,1,6,PRR11,UTR3
3-end RNA-seq,Keratinocyte,chr17:59694811_G>A,2.448156595,1,6,CLTC,UTR3
3-end RNA-seq,Keratinocyte,chr17:59841877_G>A,8.579628944,1,6,VMP1,UTR3
3-end RNA-seq,Keratinocyte,chr17:61681313_C>A,8.185036659,1,6,BRIP1,UTR3
3-end RNA-seq,Keratinocyte,chr17:62449186_C>T,7.913519382,1,6,METTL2A,UTR3
3-end RNA-seq,Keratinocyte,chr17:63176685_A>G,4.319079399,1,6,TANC2,intronic
3-end RNA-seq,Keratinocyte,chr17:6643117_A>G,3.788173199,1,6,TXNDC17,UTR3
3-end RNA-seq,Keratinocyte,chr17:67744134_T>A,2.299587011,1,6,NOL11,UTR3
3-end RNA-seq,Keratinocyte,chr17:6775643_T>C,7.486115932,1,6,XAF1,UTR3
3-end RNA-seq,Keratinocyte,chr17:67959642_T>C,4.295175076,1,6,BPTF,exonic
3-end RNA-seq,Keratinocyte,chr17:72125007_G>A,4.550661087,1,8,SOX9,UTR3
3-end RNA-seq,Keratinocyte,chr17:72126358_C>T,4.7832365039999996,1,8,SOX9,UTR3
3-end RNA-seq,Keratinocyte,chr17:72126411_T>A,5.197031498,1,8,SOX9,UTR3
3-end RNA-seq,Keratinocyte,chr17:7240416_C>T,5.251717567,1,6,GABARAP,UTR3
3-end RNA-seq,Keratinocyte,chr17:72456739_T>C,2.533789635,1,6,LINC00673,ncRNA_intronic
3-end RNA-seq,Keratinocyte,chr17:72513615_T>C,2.998094559,1,6,LINC00673,ncRNA_intronic
3-end RNA-seq,Keratinocyte,chr17:7259938_G>A,10.26362133,1,6,CLDN7;ELP5,UTR3
3-end RNA-seq,Keratinocyte,chr17:72846126_T>C,5.349298,1,6,SLC39A11,intronic
3-end RNA-seq,Keratinocyte,chr17:7311934_G>A,8.369400024,1,6,EIF5A,UTR3
3-end RNA-seq,Keratinocyte,chr17:7312130_A>T,9.10981369,1,6,EIF5A,UTR3
3-end RNA-seq,Keratinocyte,chr17:73283630_A>G,4.92084074,1,6,CDC42EP4,UTR3
3-end RNA-seq,Keratinocyte,chr17:73337954_C>T,6.47871685,1,6,SDK2,UTR3
3-end RNA-seq,Keratinocyte,chr17:7354941_C>A,1.911319852,1,6,KCTD11,UTR3
3-end RNA-seq,Keratinocyte,chr17:7402977_T>C,3.11835146,1,6,TMEM256-PLSCR3,ncRNA_intronic
3-end RNA-seq,Keratinocyte,chr17:75040097_C>T,5.828537464,1,6,ATP5PD,exonic
3-end RNA-seq,Keratinocyte,chr17:75741806_G>A,6.976220131,1,6,ITGB4,intronic
3-end RNA-seq,Keratinocyte,chr17:7582014_C>G,8.23565197,1,6,CD68;LOC100996842,UTR3
3-end RNA-seq,Keratinocyte,chr17:7588206_C>A,5.611711502,1,6,MPDU1;SOX15,UTR3
3-end RNA-seq,Keratinocyte,chr17:76565203_T>G,4.701318264,1,6,SNHG16,ncRNA_exonic
3-end RNA-seq,Keratinocyte,chr17:77161937_T>C,8.702507019,1,6,SEC14L1,intronic
3-end RNA-seq,Keratinocyte,chr17:77442221_A>C,6.438866615,1,6,SEPTIN9,intronic
3-end RNA-seq,Keratinocyte,chr17:77500594_G>A,4.024410565666667,3,6;7;8,SEPTIN9,UTR3
3-end RNA-seq,Keratinocyte,chr17:78224697_A>G,3.278820753,1,6,BIRC5,UTR3
3-end RNA-seq,Keratinocyte,chr17:7854407_T>C,5.355952263,1,6,KDM6B,UTR3
3-end RNA-seq,Keratinocyte,chr17:78802484_C>T,2.840445042,1,6,USP36,exonic
3-end RNA-seq,Keratinocyte,chr17:80287823_G>A,4.988161564,1,6,RNF213,exonic
3-end RNA-seq,Keratinocyte,chr17:80395094_C>T,2.55459094,1,6,RNF213-AS1,ncRNA_intronic
3-end RNA-seq,Keratinocyte,chr17:81509996_T>C,4.069458008,1,8,ACTG1,UTR3
3-end RNA-seq,Keratinocyte,chr17:81540082_G>C,2.220486879,1,8,FAAP100,UTR3
3-end RNA-seq,Keratinocyte,chr17:81932393_A>G,6.152782917,1,6,PYCR1,UTR3
3-end RNA-seq,Keratinocyte,chr17:82239481_C>A,6.110689163,1,6,CSNK1D;SLC16A3,UTR3
3-end RNA-seq,Keratinocyte,chr17:911080_T>C,6.764291286,1,8,LOC101927727,ncRNA_exonic
3-end RNA-seq,Keratinocyte,chr18:10480902_G>A,10.47175121,1,6,APCDD1,intronic
3-end RNA-seq,Keratinocyte,chr18:10488695_T>C,6.679701805,1,6,APCDD1,UTR3
3-end RNA-seq,Keratinocyte,chr18:13568244_A>G,5.29816103,1,6,LDLRAD4,intronic
3-end RNA-seq,Keratinocyte,chr18:13576301_A>G,5.783874512,1,6,LDLRAD4,intronic
3-end RNA-seq,Keratinocyte,chr18:23016870_G>A,3.86104846,1,6,RBBP8,exonic
3-end RNA-seq,Keratinocyte,chr18:23954996_G>A,2.912244797,1,6,LAMA3,UTR3
3-end RNA-seq,Keratinocyte,chr18:30990896_A>C,10.83801079,2,6;7,DSC3,UTR3
3-end RNA-seq,Keratinocyte,chr18:31027500_T>C,4.8145544529999995,2,6;8,DSC3,intronic
3-end RNA-seq,Keratinocyte,chr18:31065978_G>T,10.27283669,1,8,DSC2,UTR3
3-end RNA-seq,Keratinocyte,chr18:31083245_C>T,1.806081772,1,6,DSC2,intronic
3-end RNA-seq,Keratinocyte,chr18:31092142_C>T,7.0251796245,2,6;8,DSC2,exonic
3-end RNA-seq,Keratinocyte,chr18:31357003_T>A,16.458321253,3,6;7;8,DSG1-AS1,ncRNA_intronic
3-end RNA-seq,Keratinocyte,chr18:31476888_A>C,3.320826054,1,6,DSG3,UTR3
3-end RNA-seq,Keratinocyte,chr18:31478692_T>A,3.451703787,1,8,DSG3,UTR3
3-end RNA-seq,Keratinocyte,chr18:35468398_G>T,8.260564804,1,6,INO80C,UTR3
3-end RNA-seq,Keratinocyte,chr18:36122064_A>T,8.05316925,1,6,SLC39A6,exonic
3-end RNA-seq,Keratinocyte,chr18:48027387_A>G,5.365906715,1,8,ZBTB7C,UTR3
3-end RNA-seq,Keratinocyte,chr18:49572729_T>A,5.235246181,1,8,LIPG,intronic
3-end RNA-seq,Keratinocyte,chr18:49575899_T>C,7.830649376,1,6,LIPG,intronic
3-end RNA-seq,Keratinocyte,chr18:49576550_T>C,1.001003504,1,6,LIPG,intronic
3-end RNA-seq,Keratinocyte,chr18:59904190_C>A,3.687513351,1,8,PMAIP1,UTR3
3-end RNA-seq,Keratinocyte,chr18:61808070_G>T,1.75454545,1,6,RNF152,UTR3
3-end RNA-seq,Keratinocyte,chr18:63494172_A>G,10.62172985,1,6,SERPINB5,intronic
3-end RNA-seq,Keratinocyte,chr18:63494247_A>G,3.610206723,2,6;8,SERPINB5,intronic
3-end RNA-seq,Keratinocyte,chr18:63497499_G>A,1.971027851,1,6,SERPINB5,intronic
3-end RNA-seq,Keratinocyte,chr18:63504965_T>A,7.5899237387500005,4,13;6;7;8,SERPINB5,UTR3
3-end RNA-seq,Keratinocyte,chr18:63639669_C>T,15.30680656,1,8,SERPINB4,exonic
3-end RNA-seq,Keratinocyte,chr18:63640888_T>C,24.51306534,1,8,SERPINB4,exonic
3-end RNA-seq,Keratinocyte,chr18:6915546_T>C,5.693588734,1,8,ARHGAP28,UTR3
3-end RNA-seq,Keratinocyte,chr18:77098220_A>G,0.576741457,1,6,MBP,intronic
3-end RNA-seq,Keratinocyte,chr18:80013060_G>A,12.58114815,1,6,TXNL4A,intronic
3-end RNA-seq,Keratinocyte,chr18:80013074_A>G,2.109664917,1,8,TXNL4A,intronic
3-end RNA-seq,Keratinocyte,chr18:80157240_A>G,3.645223856,1,8,PARD6G-AS1,ncRNA_intronic
3-end RNA-seq,Keratinocyte,chr18:80226247_C>T,7.770973206,1,8,PARD6G,intronic
3-end RNA-seq,Keratinocyte,chr18:9861103_T>C,0.902794123,1,6,RAB31,UTR3
3-end RNA-seq,Keratinocyte,chr19:10286548_C>A,11.1500721,1,6,ICAM1,UTR3
3-end RNA-seq,Keratinocyte,chr19:10286606_C>A,9.08530426,1,6,ICAM1,UTR3
3-end RNA-seq,Keratinocyte,chr19:10566520_T>C,3.815142393,1,6,CDKN2D,UTR3
3-end RNA-seq,Keratinocyte,chr19:10685750_C>A,7.152284622,1,6,ILF3,UTR3
3-end RNA-seq,Keratinocyte,chr19:11450881_A>C,1.0072355565,2,13;8,PRKCSH,UTR3
3-end RNA-seq,Keratinocyte,chr19:11450882_G>C,3.7800896164999997,2,6;8,PRKCSH,UTR3
3-end RNA-seq,Keratinocyte,chr19:11574662_C>T,6.595571518,2,6;8,ACP5,UTR3
3-end RNA-seq,Keratinocyte,chr19:1228044_C>A,4.057804108,1,6,STK11,UTR3
3-end RNA-seq,Keratinocyte,chr19:12699465_A>T,2.952536821,1,6,TNPO2,UTR3
3-end RNA-seq,Keratinocyte,chr19:12730643_G>C,1.792330146,1,6,TRIR,UTR3
3-end RNA-seq,Keratinocyte,chr19:12793165_G>C,3.632590532,1,8,JUNB,UTR3
3-end RNA-seq,Keratinocyte,chr19:12793171_T>A,6.24069923175,4,13;6;7;8,JUNB,UTR3
3-end RNA-seq,Keratinocyte,chr19:12793188_A>C,5.182374954,1,6,JUNB,UTR3
3-end RNA-seq,Keratinocyte,chr19:12793191_G>C,2.5825293064999997,2,6;8,JUNB,UTR3
3-end RNA-seq,Keratinocyte,chr19:12793195_T>A,3.3819887635,2,13;8,JUNB,UTR3
3-end RNA-seq,Keratinocyte,chr19:12793213_A>C,4.301879883,1,6,JUNB,UTR3
3-end RNA-seq,Keratinocyte,chr19:12793265_G>T,3.7711842853333333,3,13;6;8,JUNB,UTR3
3-end RNA-seq,Keratinocyte,chr19:12793268_C>A,6.18051129575,4,13;6;7;8,JUNB,UTR3
3-end RNA-seq,Keratinocyte,chr19:12793313_T>C,3.667653084,1,6,JUNB,UTR3
3-end RNA-seq,Keratinocyte,chr19:13154902_T>C,3.2344542346666665,3,13;6;8,IER2,UTR3
3-end RNA-seq,Keratinocyte,chr19:13154903_A>G,7.975594997,1,6,IER2,UTR3
3-end RNA-seq,Keratinocyte,chr19:13834694_G>A,1.981225729,1,6,LOC284454,ncRNA_exonic
3-end RNA-seq,Keratinocyte,chr19:14006216_T>G,4.4474045035,2,6;8,RFX1,UTR5
3-end RNA-seq,Keratinocyte,chr19:14119514_C>T,13.75820351,1,6,ASF1B,UTR3
3-end RNA-seq,Keratinocyte,chr19:14623291_A>G,2.564693451,1,6,ADGRE3,intronic
3-end RNA-seq,Keratinocyte,chr19:15159698_G>A,15.29210663,1,6,NOTCH3,UTR3
3-end RNA-seq,Keratinocyte,chr19:15235536_C>A,6.2535429,1,6,BRD4,UTR3
3-end RNA-seq,Keratinocyte,chr19:15273835_C>T,8.708978653,1,6,BRD4,intronic
3-end RNA-seq,Keratinocyte,chr19:16093734_G>A,2.482221603,1,6,TPM4,exonic
3-end RNA-seq,Keratinocyte,chr19:16103001_T>C,2.492521286,1,8,TPM4,UTR3
3-end RNA-seq,Keratinocyte,chr19:16185627_G>A,3.5643115045,2,6;8,FAM32A,exonic
3-end RNA-seq,Keratinocyte,chr19:16327504_A>T,2.329314709,1,6,KLF2,UTR3
3-end RNA-seq,Keratinocyte,chr19:16550855_A>T,2.435721159,1,6,SLC35E1,UTR3
3-end RNA-seq,Keratinocyte,chr19:17402940_C>A,7.306307793,1,6,BST2,UTR3
3-end RNA-seq,Keratinocyte,chr19:17521259_A>C,2.903567076,1,8,PGLS,UTR3
3-end RNA-seq,Keratinocyte,chr19:1852403_G>T,3.136916637,1,6,KLF16,UTR3
3-end RNA-seq,Keratinocyte,chr19:18575441_T>C,3.859416246,1,6,UBA52,UTR3
3-end RNA-seq,Keratinocyte,chr19:1925942_C>G,2.125815868,1,6,SCAMP4,UTR3
3-end RNA-seq,Keratinocyte,chr19:1985589_A>T,7.744752407,1,6,BTBD2,UTR3
3-end RNA-seq,Keratinocyte,chr19:22420967_T>C,11.40633392,1,6,ZNF98,intronic
3-end RNA-seq,Keratinocyte,chr19:2426566_C>T,5.166428089,1,6,TIMM13,UTR3
3-end RNA-seq,Keratinocyte,chr19:27811217_C>T,20.13042831,1,6,LOC101927151,ncRNA_intronic
3-end RNA-seq,Keratinocyte,chr19:30015705_A>T,4.586880684,1,6,URI1,UTR3
3-end RNA-seq,Keratinocyte,chr19:30072771_C>T,2.644026518,1,6,URI1;ZNF536,intergenic
3-end RNA-seq,Keratinocyte,chr19:3123932_A>C,2.22817564,1,6,GNA11,UTR3
3-end RNA-seq,Keratinocyte,chr19:31276118_A>T,9.224178314,1,6,TSHZ3,UTR3
3-end RNA-seq,Keratinocyte,chr19:3147423_C>T,8.689631462,1,6,LOC100996351,ncRNA_intronic
3-end RNA-seq,Keratinocyte,chr19:3207648_A>G,9.091005325,1,6,NCLN,exonic
3-end RNA-seq,Keratinocyte,chr19:32587421_T>A,3.950094223,1,7,PDCD5,UTR3
3-end RNA-seq,Keratinocyte,chr19:35117686_A>C,5.996005058,1,6,FXYD3,intronic
3-end RNA-seq,Keratinocyte,chr19:35267900_T>A,1.279464602,1,6,LSR,UTR3
3-end RNA-seq,Keratinocyte,chr19:35487325_G>T,30.227901455,2,7;8,KRTDAP,UTR3
3-end RNA-seq,Keratinocyte,chr19:35497219_G>T,21.33251953,1,7,DMKN,downstream
3-end RNA-seq,Keratinocyte,chr19:38208289_C>A,2.008730412,1,6,SIPA1L3,UTR3
3-end RNA-seq,Keratinocyte,chr19:38292362_G>T,5.6188907625,2,6;8,SPINT2,UTR3
3-end RNA-seq,Keratinocyte,chr19:38292385_G>T,3.8477156165000004,2,6;8,SPINT2,UTR3
3-end RNA-seq,Keratinocyte,chr19:38304947_A>G,6.3833172325,2,7;8,C19orf33,exonic
3-end RNA-seq,Keratinocyte,chr19:38328878_G>A,6.5196473600000004,2,6;8,KCNK6,UTR3
3-end RNA-seq,Keratinocyte,chr19:38329000_T>C,4.480054855,1,6,KCNK6,UTR3
3-end RNA-seq,Keratinocyte,chr19:38329003_G>A,2.058817625,1,6,KCNK6,UTR3
3-end RNA-seq,Keratinocyte,chr19:38730526_G>A,1.445147991,1,7,ACTN4;CAPN12,UTR3
3-end RNA-seq,Keratinocyte,chr19:38797166_A>T,2.559881687,1,6,LGALS7B;LGALS4,intergenic
3-end RNA-seq,Keratinocyte,chr19:38933017_T>C,2.3470230105,2,13;8,MRPS12,UTR3
3-end RNA-seq,Keratinocyte,chr19:39179363_T>C,1.936760068,1,6,PAK4,UTR3
3-end RNA-seq,Keratinocyte,chr19:39385688_C>A,3.811989307,1,6,PAF1,UTR3
3-end RNA-seq,Keratinocyte,chr19:39409405_T>C,2.7691985965,4,13;6;7;8,ZFP36,UTR3
3-end RNA-seq,Keratinocyte,chr19:40440858_C>A,2.552569389,1,6,SERTAD3,UTR3
3-end RNA-seq,Keratinocyte,chr19:40440867_A>T,4.6761159899999996,1,6,SERTAD3,UTR3
3-end RNA-seq,Keratinocyte,chr19:40447796_A>G,4.757731438,1,6,BLVRB,UTR3
3-end RNA-seq,Keratinocyte,chr19:4046343_T>G,3.521771669,2,6;8,ZBTB7A,UTR3
3-end RNA-seq,Keratinocyte,chr19:40740858_C>T,2.672792673,1,6,ITPKC,UTR3
3-end RNA-seq,Keratinocyte,chr19:41207396_C>T,1.566720724,1,13,CYP2S1,UTR3
3-end RNA-seq,Keratinocyte,chr19:41860842_A>C,6.8422861095,2,6;8,RPS19,exonic
3-end RNA-seq,Keratinocyte,chr19:41907396_T>A,3.111577511,1,6,ARHGEF1,UTR3
3-end RNA-seq,Keratinocyte,chr19:43460783_A>T,4.388507842999999,2,6;8,LYPD3,downstream
3-end RNA-seq,Keratinocyte,chr19:43648580_C>T,8.850628853,1,6,PLAUR,UTR3
3-end RNA-seq,Keratinocyte,chr19:44821281_T>G,6.391163349,1,6,BCAM,UTR3
3-end RNA-seq,Keratinocyte,chr19:44903643_G>A,4.704766273,1,6,TOMM40,UTR3
3-end RNA-seq,Keratinocyte,chr19:45351518_G>A,6.174947262,1,6,ERCC2;KLC3,UTR3
3-end RNA-seq,Keratinocyte,chr19:45397455_G>T,5.062731266,1,6,PPP1R13L,intronic
3-end RNA-seq,Keratinocyte,chr19:46038055_A>C,9.046580315,1,8,PGLYRP1;IGFL4,intergenic
3-end RNA-seq,Keratinocyte,chr19:46231236_T>A,2.984818697,1,6,IGFL1,UTR3
3-end RNA-seq,Keratinocyte,chr19:46231241_G>A,17.33711815,1,6,IGFL1,UTR3
3-end RNA-seq,Keratinocyte,chr19:46235814_A>T,8.494557381,1,8,IGFL1;HIF3A,intergenic
3-end RNA-seq,Keratinocyte,chr19:46774885_A>G,2.53030324,1,8,SLC1A5,UTR3
3-end RNA-seq,Keratinocyte,chr19:47745550_C>T,2.476918221,1,8,NOP53,UTR5
3-end RNA-seq,Keratinocyte,chr19:48330544_T>A,10.86966419,1,6,EMP3,UTR3
3-end RNA-seq,Keratinocyte,chr19:48382886_A>T,2.378935337,1,6,KDELR1,UTR3
3-end RNA-seq,Keratinocyte,chr19:48482301_C>A,7.1826257705,2,6;8,CYTH2,UTR3
3-end RNA-seq,Keratinocyte,chr19:48482302_C>A,4.9335329535,2,6;8,CYTH2,UTR3
3-end RNA-seq,Keratinocyte,chr19:48873945_G>A,3.795642376,1,6,PPP1R15A,exonic
3-end RNA-seq,Keratinocyte,chr19:49099562_C>T,4.672725201,1,6,SNRNP70,intronic
3-end RNA-seq,Keratinocyte,chr19:49490828_C>A,7.312651157,1,8,RPL13A,exonic
3-end RNA-seq,Keratinocyte,chr19:4962088_C>T,9.435026169,1,6,UHRF1,UTR3
3-end RNA-seq,Keratinocyte,chr19:50506026_A>T,2.655932903,1,6,JOSD2,UTR3
3-end RNA-seq,Keratinocyte,chr19:50943305_C>T,10.17124653,1,8,KLK5,UTR3
3-end RNA-seq,Keratinocyte,chr19:50945074_C>T,1.867071986,1,6,KLK5,intronic
3-end RNA-seq,Keratinocyte,chr19:50976477_C>T,12.59857273,1,8,KLK7,UTR3
3-end RNA-seq,Keratinocyte,chr19:50976488_C>T,10.35711098,1,8,KLK7,UTR3
3-end RNA-seq,Keratinocyte,chr19:50976718_C>T,11.96555805,1,8,KLK7,UTR3
3-end RNA-seq,Keratinocyte,chr19:50976720_G>T,8.881052017,1,8,KLK7,UTR3
3-end RNA-seq,Keratinocyte,chr19:50977509_C>T,10.30389023,1,8,KLK7,UTR3
3-end RNA-seq,Keratinocyte,chr19:54207541_G>A,5.085325718,1,6,RPS9,exonic
3-end RNA-seq,Keratinocyte,chr19:55385932_C>T,5.629124641,1,8,RPL28,UTR5
3-end RNA-seq,Keratinocyte,chr19:55385934_C>T,3.3670591114999997,2,6;8,RPL28,UTR5
3-end RNA-seq,Keratinocyte,chr19:55388028_T>C,5.37590909,2,6;8,RPL28,exonic
3-end RNA-seq,Keratinocyte,chr19:55695671_T>A,1.56668365,1,6,EPN1,UTR3
3-end RNA-seq,Keratinocyte,chr19:5691804_T>A,5.484266281,1,6,RPL36,UTR3
3-end RNA-seq,Keratinocyte,chr19:7533987_T>C,3.875222206,1,6,MCOLN1,UTR3
3-end RNA-seq,Keratinocyte,chr19:7561599_T>A,2.648162127,1,6,PNPLA6,UTR3
3-end RNA-seq,Keratinocyte,chr19:7561643_T>A,4.3164711,1,6,PNPLA6,UTR3
3-end RNA-seq,Keratinocyte,chr19:7647830_C>A,4.884375572,2,6;8,STXBP2,UTR3
3-end RNA-seq,Keratinocyte,chr19:7647844_G>C,5.519944668,1,6,STXBP2,UTR3
3-end RNA-seq,Keratinocyte,chr19:7924617_T>G,4.083250523,1,6,CTXN1,UTR3
3-end RNA-seq,Keratinocyte,chr19:8489110_G>A,2.616694212,1,8,HNRNPM,UTR3
3-end RNA-seq,Keratinocyte,chr19:9908571_T>C,2.360384941,1,6,OLFM2,intronic
3-end RNA-seq,Keratinocyte,chr19:994557_C>T,2.156850815,1,6,WDR18,UTR3
3-end RNA-seq,Keratinocyte,chr1:1014243_A>C,14.78633308,1,6,ISG15,exonic
3-end RNA-seq,Keratinocyte,chr1:1014531_T>C,4.294073582,1,6,ISG15,UTR3
3-end RNA-seq,Keratinocyte,chr1:1014535_G>A,2.0754536985,2,13;6,ISG15,UTR3
3-end RNA-seq,Keratinocyte,chr1:1056113_A>G,4.044386864,1,6,AGRN,UTR3
3-end RNA-seq,Keratinocyte,chr1:10636633_G>T,5.470025539,1,6,CASZ1,UTR3
3-end RNA-seq,Keratinocyte,chr1:107606830_A>G,5.538964272,1,6,VAV3,intronic
3-end RNA-seq,Keratinocyte,chr1:107681906_G>C,3.502204657,1,6,VAV3,intronic
3-end RNA-seq,Keratinocyte,chr1:108639272_G>T,9.379544258,1,6,FAM102B,UTR3
3-end RNA-seq,Keratinocyte,chr1:11066624_C>T,2.83208251,1,6,EXOSC10,UTR3
3-end RNA-seq,Keratinocyte,chr1:111243438_T>C,12.05076218,1,8,CHI3L2,UTR3
3-end RNA-seq,Keratinocyte,chr1:111461326_T>C,3.228212118,1,6,ATP5PB,UTR3
3-end RNA-seq,Keratinocyte,chr1:112914023_C>T,6.276859283,1,6,SLC16A1,exonic
3-end RNA-seq,Keratinocyte,chr1:114567562_G>T,1.866034031,1,6,BCAS2,UTR3
3-end RNA-seq,Keratinocyte,chr1:114584281_C>T,7.183461666,1,6,DENND2C,UTR3
3-end RNA-seq,Keratinocyte,chr1:114652725_T>C,6.965538025,1,6,DENND2C,intronic
3-end RNA-seq,Keratinocyte,chr1:114652765_T>C,7.063815594,1,6,DENND2C,intronic
3-end RNA-seq,Keratinocyte,chr1:114914417_A>G,3.909490347,1,8,SYCP1,intronic
3-end RNA-seq,Keratinocyte,chr1:116990356_G>A,5.057788372,1,6,PTGFRN,downstream
3-end RNA-seq,Keratinocyte,chr1:119744072_C>T,6.809818268,1,8,PHGDH,UTR3
3-end RNA-seq,Keratinocyte,chr1:119748382_C>T,3.036781788,1,8,HMGCS2,UTR3
3-end RNA-seq,Keratinocyte,chr1:1242539_T>C,5.843594074,1,8,C1QTNF12,UTR3
3-end RNA-seq,Keratinocyte,chr1:1292517_A>G,3.709261656,1,8,ACAP3,UTR3
3-end RNA-seq,Keratinocyte,chr1:13617804_T>C,7.497626781,1,6,PDPN,UTR3
3-end RNA-seq,Keratinocyte,chr1:13617956_A>G,7.982788563,1,6,PDPN,UTR3
3-end RNA-seq,Keratinocyte,chr1:150308347_C>T,3.756586075,1,8,MRPS21,UTR3
3-end RNA-seq,Keratinocyte,chr1:150308350_G>A,3.971248567,4,13;6;7;8,MRPS21,UTR3
3-end RNA-seq,Keratinocyte,chr1:150574555_G>T,2.42454052,1,6,MCL1,UTR3
3-end RNA-seq,Keratinocyte,chr1:150574584_C>T,4.568691254,1,6,MCL1,UTR3
3-end RNA-seq,Keratinocyte,chr1:151982917_T>C,7.49912262,1,8,S100A10,UTR3
3-end RNA-seq,Keratinocyte,chr1:151986124_T>C,6.061237812,1,6,S100A10,exonic
3-end RNA-seq,Keratinocyte,chr1:152032509_A>T,2.415344477,1,6,S100A11,UTR3
3-end RNA-seq,Keratinocyte,chr1:153056420_C>T,27.00441933,1,6,SPRR2A,UTR3
3-end RNA-seq,Keratinocyte,chr1:153358430_C>A,35.24424362,1,8,S100A9,exonic
3-end RNA-seq,Keratinocyte,chr1:153390081_G>A,37.961065295,2,7;8,S100A8,UTR3
3-end RNA-seq,Keratinocyte,chr1:153457743_G>T,20.70113993,2,7;8,S100A7,downstream
3-end RNA-seq,Keratinocyte,chr1:153457745_C>T,31.23954105,2,7;8,S100A7,UTR3
3-end RNA-seq,Keratinocyte,chr1:153534610_A>C,1.205967426,1,8,S100A6,UTR3
3-end RNA-seq,Keratinocyte,chr1:153560707_T>C,3.243499517,1,6,S100A2,downstream
3-end RNA-seq,Keratinocyte,chr1:153561110_T>C,4.718776226,1,6,S100A2,UTR3
3-end RNA-seq,Keratinocyte,chr1:153561111_G>T,6.3567253355,2,6;8,S100A2,UTR3
3-end RNA-seq,Keratinocyte,chr1:153561336_A>G,14.38189602,1,8,S100A2,UTR3
3-end RNA-seq,Keratinocyte,chr1:153565548_A>C,12.28674698,1,8,S100A2,UTR5
3-end RNA-seq,Keratinocyte,chr1:153576542_A>G,5.526665211,1,6,S100A2;S100A16,intergenic
3-end RNA-seq,Keratinocyte,chr1:153576624_A>G,5.551111698,1,6,S100A2;S100A16,intergenic
3-end RNA-seq,Keratinocyte,chr1:153576752_G>A,2.936197519,1,6,S100A2;S100A16,intergenic
3-end RNA-seq,Keratinocyte,chr1:153589467_T>G,9.967711449,1,6,S100A2;S100A16,intergenic
3-end RNA-seq,Keratinocyte,chr1:153591266_C>G,5.122497082,1,13,S100A2;S100A16,intergenic
3-end RNA-seq,Keratinocyte,chr1:153601103_A>G,1.278934002,1,6,S100A2;S100A16,intergenic
3-end RNA-seq,Keratinocyte,chr1:153614266_T>C,4.6152110099999994,2,7;8,S100A14,UTR3
3-end RNA-seq,Keratinocyte,chr1:153618808_C>T,2.116532087,1,6,S100A13,UTR3
3-end RNA-seq,Keratinocyte,chr1:153774036_C>A,2.836990356,1,6,INTS3,UTR3
3-end RNA-seq,Keratinocyte,chr1:153774056_G>T,5.386693954,1,6,INTS3,UTR3
3-end RNA-seq,Keratinocyte,chr1:15430246_T>G,12.14523792,1,6,EFHD2,UTR3
3-end RNA-seq,Keratinocyte,chr1:155018468_A>C,8.955573082,1,6,ZBTB7B,UTR3
3-end RNA-seq,Keratinocyte,chr1:156137232_A>C,2.602293491,1,6,LMNA,exonic
3-end RNA-seq,Keratinocyte,chr1:156240040_T>C,4.105081558,1,6,PMF1,UTR3
3-end RNA-seq,Keratinocyte,chr1:156292420_T>A,4.959678531,2,6;8,TMEM79,UTR3
3-end RNA-seq,Keratinocyte,chr1:156594138_G>A,1.837678671,1,6,NAXE,UTR3
3-end RNA-seq,Keratinocyte,chr1:15786581_T>C,2.977289438,1,6,FBLIM1,UTR3
3-end RNA-seq,Keratinocyte,chr1:15834473_C>T,7.684029102,1,6,FLJ37453,ncRNA_exonic
3-end RNA-seq,Keratinocyte,chr1:15931025_G>A,3.875218868,1,6,SPEN,exonic
3-end RNA-seq,Keratinocyte,chr1:159927097_C>G,1.575122893,2,13;8,IGSF9,UTR3
3-end RNA-seq,Keratinocyte,chr1:160754816_C>A,4.790616512,1,6,SLAMF7,UTR3
3-end RNA-seq,Keratinocyte,chr1:161037634_G>A,3.125365734,1,8,TSTD1,UTR3
3-end RNA-seq,Keratinocyte,chr1:161100738_T>C,3.603055,1,8,PFDN2,exonic
3-end RNA-seq,Keratinocyte,chr1:16124556_A>T,7.961803436,1,7,EPHA2,UTR3
3-end RNA-seq,Keratinocyte,chr1:161526792_T>C,16.03496742,1,6,HSPA6,UTR3
3-end RNA-seq,Keratinocyte,chr1:16605556_T>A,12.84119892,1,6,NBPF1,intronic
3-end RNA-seq,Keratinocyte,chr1:16618258_A>T,4.738970757,1,6,CROCCP2,ncRNA_exonic
3-end RNA-seq,Keratinocyte,chr1:166854469_C>A,2.824229479,1,6,POGK,UTR3
3-end RNA-seq,Keratinocyte,chr1:167541020_A>G,6.96791935,1,8,CREG1,UTR3
3-end RNA-seq,Keratinocyte,chr1:167790142_G>T,2.790929079,1,6,MPZL1,UTR3
3-end RNA-seq,Keratinocyte,chr1:167790146_C>A,3.419215679,1,6,MPZL1,UTR3
3-end RNA-seq,Keratinocyte,chr1:168055361_A>G,2.38957262,1,6,DCAF6,intronic
3-end RNA-seq,Keratinocyte,chr1:17018732_G>T,4.527381897,1,6,SDHB,UTR3
3-end RNA-seq,Keratinocyte,chr1:171532766_G>A,2.696541548,1,6,PRRC2C,exonic
3-end RNA-seq,Keratinocyte,chr1:1785576_T>G,6.582406998,1,6,GNB1,UTR3
3-end RNA-seq,Keratinocyte,chr1:1786752_A>G,2.832791567,1,6,GNB1,UTR3
3-end RNA-seq,Keratinocyte,chr1:183241787_G>A,9.769400597,1,6,LAMC2,intronic
3-end RNA-seq,Keratinocyte,chr1:183243786_A>G,11.48462677,1,6,LAMC2,UTR3
3-end RNA-seq,Keratinocyte,chr1:183555734_A>T,9.290390968,1,6,NCF2,UTR3
3-end RNA-seq,Keratinocyte,chr1:185296392_A>G,4.687487125,1,6,IVNS1ABP,UTR3
3-end RNA-seq,Keratinocyte,chr1:185296579_T>C,2.668746471,1,13,IVNS1ABP,UTR3
3-end RNA-seq,Keratinocyte,chr1:185296912_C>T,6.283936024,1,6,IVNS1ABP,UTR3
3-end RNA-seq,Keratinocyte,chr1:185297633_G>A,7.379693985,1,6,IVNS1ABP,UTR3
3-end RNA-seq,Keratinocyte,chr1:185297798_T>C,5.93576622,1,6,IVNS1ABP,UTR3
3-end RNA-seq,Keratinocyte,chr1:185297982_A>G,3.7265460489999995,2,13;7,IVNS1ABP,UTR3
3-end RNA-seq,Keratinocyte,chr1:186671995_A>T,8.332485199,1,6,PTGS2,UTR3
3-end RNA-seq,Keratinocyte,chr1:18904286_C>T,3.827736855,1,8,IFFO2,UTR3
3-end RNA-seq,Keratinocyte,chr1:19608624_T>A,3.699154615,1,8,RPS14P3,ncRNA_exonic
3-end RNA-seq,Keratinocyte,chr1:196747502_T>C,3.936708212,1,6,CFH,UTR3
3-end RNA-seq,Keratinocyte,chr1:201330322_G>A,2.567034006,1,6,PKP1,UTR3
3-end RNA-seq,Keratinocyte,chr1:201332987_G>A,6.358504215666667,3,13;7;8,PKP1,UTR3
3-end RNA-seq,Keratinocyte,chr1:201384824_C>T,17.63257408,1,6,LAD1,exonic
3-end RNA-seq,Keratinocyte,chr1:201483532_C>T,3.19675684,1,8,CSRP1,UTR3
3-end RNA-seq,Keratinocyte,chr1:201969950_G>A,3.587391853,1,6,TIMM17A,UTR3
3-end RNA-seq,Keratinocyte,chr1:203309599_T>A,2.710030794,1,8,BTG2,UTR3
3-end RNA-seq,Keratinocyte,chr1:203870079_A>G,4.505865097,1,6,SNRPE,UTR3
3-end RNA-seq,Keratinocyte,chr1:204403390_A>T,4.750137329,1,6,PPP1R15B,UTR3
3-end RNA-seq,Keratinocyte,chr1:205532690_T>A,7.941173077,1,6,CDK18,UTR3
3-end RNA-seq,Keratinocyte,chr1:205717668_G>T,7.642467022,1,6,NUCKS1,UTR3
3-end RNA-seq,Keratinocyte,chr1:205719568_C>T,2.306051294,3,13;6;8,NUCKS1,exonic
3-end RNA-seq,Keratinocyte,chr1:20651801_T>A,2.422546148,1,8,PINK1-AS,ncRNA_exonic
3-end RNA-seq,Keratinocyte,chr1:20806478_C>T,6.648324966,1,6,EIF4G3,UTR3
3-end RNA-seq,Keratinocyte,chr1:20807290_C>T,9.594636917,1,6,EIF4G3,UTR3
3-end RNA-seq,Keratinocyte,chr1:209429404_A>C,1.580423951,1,8,MIR205HG,ncRNA_exonic
3-end RNA-seq,Keratinocyte,chr1:209429405_T>A,3.975842714,1,6,MIR205HG,ncRNA_exonic
3-end RNA-seq,Keratinocyte,chr1:209432544_T>C,3.7976293565,2,13;8,MIR205HG,ncRNA_exonic
3-end RNA-seq,Keratinocyte,chr1:209614873_T>G,2.975858688,1,6,LAMB3,UTR3
3-end RNA-seq,Keratinocyte,chr1:209614878_C>T,8.571690559,1,6,LAMB3,UTR3
3-end RNA-seq,Keratinocyte,chr1:209615169_G>A,2.741308212,1,13,LAMB3,UTR3
3-end RNA-seq,Keratinocyte,chr1:21150960_A>T,3.237543106,1,6,EIF4G3,intronic
3-end RNA-seq,Keratinocyte,chr1:212446139_G>A,3.58747673,1,6,NENF,UTR3
3-end RNA-seq,Keratinocyte,chr1:212446142_C>A,3.384251833,1,8,NENF,UTR3
3-end RNA-seq,Keratinocyte,chr1:212620772_T>C,4.443597873,3,13;7;8,ATF3,UTR3
3-end RNA-seq,Keratinocyte,chr1:21432220_A>T,4.891381741,1,6,ECE1;NBPF3,intergenic
3-end RNA-seq,Keratinocyte,chr1:214448534_G>A,4.104985237,1,8,PTPN14,intronic
3-end RNA-seq,Keratinocyte,chr1:219211715_A>G,4.648769379,1,6,LYPLAL1,exonic
3-end RNA-seq,Keratinocyte,chr1:219987291_C>T,3.324367285,1,6,EPRS1,exonic
3-end RNA-seq,Keratinocyte,chr1:220255004_G>T,1.430876732,1,6,RAB3GAP2,intronic
3-end RNA-seq,Keratinocyte,chr1:220546921_A>G,5.452816486,1,6,MARK1,intronic
3-end RNA-seq,Keratinocyte,chr1:22120004_T>G,11.902435304499999,2,13;6,WNT4,UTR3
3-end RNA-seq,Keratinocyte,chr1:221701576_G>T,2.206167221,1,6,DUSP10,UTR3
3-end RNA-seq,Keratinocyte,chr1:224175162_C>T,6.753072262,1,6,FBXO28;DEGS1,intergenic
3-end RNA-seq,Keratinocyte,chr1:224192532_A>G,8.218569756,1,6,DEGS1,UTR3
3-end RNA-seq,Keratinocyte,chr1:224193321_C>A,8.483114243,1,7,DEGS1,UTR3
3-end RNA-seq,Keratinocyte,chr1:224193439_A>G,4.175519943,1,6,DEGS1,UTR3
3-end RNA-seq,Keratinocyte,chr1:224375991_G>A,5.7720212935,2,6;8,CNIH4,UTR3
3-end RNA-seq,Keratinocyte,chr1:224385160_C>T,10.26094913,1,6,WDR26,UTR3
3-end RNA-seq,Keratinocyte,chr1:224388129_C>T,2.212806463,1,6,WDR26,UTR3
3-end RNA-seq,Keratinocyte,chr1:225492851_G>T,4.991065025,1,6,ENAH,UTR3
3-end RNA-seq,Keratinocyte,chr1:225494634_C>T,2.830493689,1,6,ENAH,UTR3
3-end RNA-seq,Keratinocyte,chr1:225552341_T>C,4.125071526,1,6,ENAH,intronic
3-end RNA-seq,Keratinocyte,chr1:225552343_T>C,7.263507366,1,6,ENAH,intronic
3-end RNA-seq,Keratinocyte,chr1:225564148_T>C,9.388121605,1,6,ENAH,intronic
3-end RNA-seq,Keratinocyte,chr1:225623714_T>C,2.768069983,1,6,ENAH,intronic
3-end RNA-seq,Keratinocyte,chr1:225845488_T>A,4.76009655,1,6,EPHX1,UTR3
3-end RNA-seq,Keratinocyte,chr1:22648057_C>A,1.091764688,1,6,C1QC,UTR3
3-end RNA-seq,Keratinocyte,chr1:228456981_A>G,1.851142764,1,6,H2AW,downstream
3-end RNA-seq,Keratinocyte,chr1:228746665_T>A,8.808882713,1,6,RHOU,downstream
3-end RNA-seq,Keratinocyte,chr1:2308636_C>A,2.296297073,1,6,SKI,UTR3
3-end RNA-seq,Keratinocyte,chr1:232397968_C>T,7.590251207500001,2,6;8,SIPA1L2,UTR3
3-end RNA-seq,Keratinocyte,chr1:233672147_A>T,3.025519848,1,6,KCNK1,UTR3
3-end RNA-seq,Keratinocyte,chr1:235661048_A>T,6.412751198,1,6,LYST,UTR3
3-end RNA-seq,Keratinocyte,chr1:236432370_T>C,5.557609081,1,6,EDARADD,intronic
3-end RNA-seq,Keratinocyte,chr1:236484903_G>A,4.689538002,1,6,EDARADD,UTR3
3-end RNA-seq,Keratinocyte,chr1:23694686_C>A,5.2025818825,2,6;8,RPL11,exonic
3-end RNA-seq,Keratinocyte,chr1:23936516_A>T,5.215331554,1,6,MIR378F;PNRC2,intergenic
3-end RNA-seq,Keratinocyte,chr1:244408621_G>T,4.887006283,1,6,ADSS2,UTR3
3-end RNA-seq,Keratinocyte,chr1:246310686_C>T,4.491866589,1,6,SMYD3,intronic
3-end RNA-seq,Keratinocyte,chr1:24650021_T>A,4.448941708,1,6,SRRM1,exonic
3-end RNA-seq,Keratinocyte,chr1:24842011_G>A,8.277555466,1,6,CLIC4,UTR3
3-end RNA-seq,Keratinocyte,chr1:24844086_A>G,7.833320618,1,6,CLIC4,UTR3
3-end RNA-seq,Keratinocyte,chr1:24844317_T>C,2.277591944,1,6,CLIC4,UTR3
3-end RNA-seq,Keratinocyte,chr1:26170869_G>A,3.525168419,1,6,ZNF593,UTR3
3-end RNA-seq,Keratinocyte,chr1:26170871_G>A,3.1389814219999996,3,6;7;8,ZNF593,UTR3
3-end RNA-seq,Keratinocyte,chr1:26189882_G>A,4.228898525,1,6,CNKSR1,UTR3
3-end RNA-seq,Keratinocyte,chr1:26716155_A>G,5.792874336,1,6,ARID1A,intronic
3-end RNA-seq,Keratinocyte,chr1:26863995_G>C,12.20824623,1,6,SFN,UTR3
3-end RNA-seq,Keratinocyte,chr1:26864002_A>C,3.814120054,1,6,SFN,UTR3
3-end RNA-seq,Keratinocyte,chr1:26864273_A>C,2.985350609,1,8,SFN,UTR3
3-end RNA-seq,Keratinocyte,chr1:26864327_A>G,9.559654237,2,6;8,SFN,UTR3
3-end RNA-seq,Keratinocyte,chr1:26864378_T>A,2.718014002,1,8,SFN,UTR3
3-end RNA-seq,Keratinocyte,chr1:26864428_C>A,5.562215328,1,8,SFN,UTR3
3-end RNA-seq,Keratinocyte,chr1:27005022_C>T,16.34103394,1,6,TENT5B,UTR3
3-end RNA-seq,Keratinocyte,chr1:27098812_A>T,4.215462685,1,6,SLC9A1,UTR3
3-end RNA-seq,Keratinocyte,chr1:27308079_T>C,10.16211033,1,6,WDTC1,UTR3
3-end RNA-seq,Keratinocyte,chr1:29147752_G>T,4.334317207,1,6,SRSF4,UTR3
3-end RNA-seq,Keratinocyte,chr1:30869527_A>C,4.010493755,1,6,SDC3,UTR3
3-end RNA-seq,Keratinocyte,chr1:30932746_G>T,3.74557519,1,6,PUM1,UTR3
3-end RNA-seq,Keratinocyte,chr1:31348967_G>A,5.527662277,1,6,ZCCHC17,exonic
3-end RNA-seq,Keratinocyte,chr1:31908651_C>T,3.175363779,1,8,PTP4A2,UTR3
3-end RNA-seq,Keratinocyte,chr1:32173173_T>C,4.496325016,1,6,KPNA6,UTR3
3-end RNA-seq,Keratinocyte,chr1:32680350_G>T,6.645112514,1,6,RBBP4;SYNC,UTR3
3-end RNA-seq,Keratinocyte,chr1:32746173_A>G,2.633224487,1,6,KIAA1522,intronic
3-end RNA-seq,Keratinocyte,chr1:34786365_C>A,7.686051369,1,6,GJB3,downstream
3-end RNA-seq,Keratinocyte,chr1:3481000_C>T,4.0427177746666665,3,13;6;8,ARHGEF16,UTR3
3-end RNA-seq,Keratinocyte,chr1:37484375_C>A,7.32719183,1,6,ZC3H12A,UTR3
3-end RNA-seq,Keratinocyte,chr1:37803687_T>C,6.189061165,1,6,YRDC,UTR3
3-end RNA-seq,Keratinocyte,chr1:38023801_T>C,2.031852007,1,8,UTP11,UTR3
3-end RNA-seq,Keratinocyte,chr1:38043951_C>A,12.2503252,1,6,POU3F1,UTR3
3-end RNA-seq,Keratinocyte,chr1:39182031_A>G,5.302428246,1,6,MACF1,intronic
3-end RNA-seq,Keratinocyte,chr1:39393869_G>A,0.429700017,1,6,MACF1,intronic
3-end RNA-seq,Keratinocyte,chr1:39895581_C>T,4.72783947,1,6,MYCL,UTR3
3-end RNA-seq,Keratinocyte,chr1:39969843_T>C,9.037825584,1,6,MFSD2A,UTR3
3-end RNA-seq,Keratinocyte,chr1:40861055_G>T,3.705657244,1,6,CITED4,UTR3
3-end RNA-seq,Keratinocyte,chr1:41167934_C>T,2.048601866,1,6,SCMH1,intronic
3-end RNA-seq,Keratinocyte,chr1:42925819_G>T,2.796510935,1,6,SLC2A1,UTR3
3-end RNA-seq,Keratinocyte,chr1:43622876_C>A,4.138811588,1,6,PTPRF,UTR3
3-end RNA-seq,Keratinocyte,chr1:43622892_C>A,2.340055704,1,6,PTPRF,UTR3
3-end RNA-seq,Keratinocyte,chr1:43623663_C>A,4.71715796,2,6;8,PTPRF,UTR3
3-end RNA-seq,Keratinocyte,chr1:44721839_T>C,2.419016361,1,13,RNU5F-1,ncRNA_exonic
3-end RNA-seq,Keratinocyte,chr1:44776106_A>C,6.5871059895,2,6;8,RPS8,exonic
3-end RNA-seq,Keratinocyte,chr1:44778053_G>A,3.840191841,3,6;7;8,RPS8,exonic
3-end RNA-seq,Keratinocyte,chr1:44778592_G>C,4.928345203,1,6,RPS8,exonic
3-end RNA-seq,Keratinocyte,chr1:45627724_G>A,7.868344307,1,6,GPBP1L1,UTR3
3-end RNA-seq,Keratinocyte,chr1:46316774_A>G,4.207922459,1,6,UQCRH,UTR3
3-end RNA-seq,Keratinocyte,chr1:47378832_C>T,4.21933794,1,6,CMPK1,UTR3
3-end RNA-seq,Keratinocyte,chr1:4783035_C>A,5.697615623,1,6,AJAP1,UTR3
3-end RNA-seq,Keratinocyte,chr1:52772153_T>C,5.975034237,1,8,ZYG11B,intronic
3-end RNA-seq,Keratinocyte,chr1:52825653_T>C,3.921988726,1,6,ZYG11B,UTR3
3-end RNA-seq,Keratinocyte,chr1:54779966_A>G,8.174600601,1,8,TTC22,UTR3
3-end RNA-seq,Keratinocyte,chr1:58575425_C>T,2.943273902,2,6;8,TACSTD2,downstream
3-end RNA-seq,Keratinocyte,chr1:58575427_G>T,4.5685203075,2,6;8,TACSTD2,downstream
3-end RNA-seq,Keratinocyte,chr1:58780790_A>T,4.185600758,1,6,JUN,downstream
3-end RNA-seq,Keratinocyte,chr1:61118191_C>T,3.746083498,1,6,NFIA,intronic
3-end RNA-seq,Keratinocyte,chr1:61456753_A>G,6.9648647305,2,6;8,NFIA,UTR3
3-end RNA-seq,Keratinocyte,chr1:61939064_A>G,6.057549477,1,6,PATJ,intronic
3-end RNA-seq,Keratinocyte,chr1:6197733_G>T,4.4002184865,2,6;8,RPL22,exonic
3-end RNA-seq,Keratinocyte,chr1:6199594_G>A,6.199809551,1,6,RPL22,UTR5
3-end RNA-seq,Keratinocyte,chr1:62114910_T>C,8.451141357,1,6,PATJ,intronic
3-end RNA-seq,Keratinocyte,chr1:632704_C>A,5.714892864,1,6,MIR12136,upstream
3-end RNA-seq,Keratinocyte,chr1:633464_C>A,3.486238718,1,6,MIR12136,upstream
3-end RNA-seq,Keratinocyte,chr1:6461156_G>T,5.548811913,1,8,TNFRSF25,UTR3
3-end RNA-seq,Keratinocyte,chr1:64668305_C>T,2.479628265,2,6;8,CACHD1,intronic
3-end RNA-seq,Keratinocyte,chr1:67000305_A>T,5.136321545,1,6,SLC35D1,UTR3
3-end RNA-seq,Keratinocyte,chr1:67341494_A>T,8.243906021,1,6,IL12RB2,intronic
3-end RNA-seq,Keratinocyte,chr1:67397133_G>A,7.739385605,1,6,IL12RB2,UTR3
3-end RNA-seq,Keratinocyte,chr1:67409431_A>C,6.09347105,1,6,SERBP1,UTR3
3-end RNA-seq,Keratinocyte,chr1:78664063_T>C,9.454648972,1,6,IFI44,UTR3
3-end RNA-seq,Keratinocyte,chr1:78664076_T>C,6.778586388,1,6,IFI44,downstream
3-end RNA-seq,Keratinocyte,chr1:85583703_T>C,9.486166954,1,6,CCN1,UTR3
3-end RNA-seq,Keratinocyte,chr1:86394913_T>C,4.145918369,1,6,ODF2L,intronic
3-end RNA-seq,Keratinocyte,chr1:87329061_A>C,2.434713006,2,6;8,LMO4,UTR5
3-end RNA-seq,Keratinocyte,chr1:8867210_G>T,12.35674667,1,6,ENO1,exonic
3-end RNA-seq,Keratinocyte,chr1:88998244_A>G,8.161008835,1,6,KYAT3;GBP3,intergenic
3-end RNA-seq,Keratinocyte,chr1:89052318_A>T,15.08011341,1,6,GBP1,downstream
3-end RNA-seq,Keratinocyte,chr1:89052346_G>T,5.508301735,1,6,GBP1,UTR3
3-end RNA-seq,Keratinocyte,chr1:89103203_T>G,12.36009121,1,6,GBP1;GBP2,intergenic
3-end RNA-seq,Keratinocyte,chr1:89386163_G>A,15.49082947,1,6,GBP6,UTR3
3-end RNA-seq,Keratinocyte,chr1:89386216_A>G,19.61270905,1,6,GBP6,UTR3
3-end RNA-seq,Keratinocyte,chr1:9036945_G>T,7.295507908,1,6,SLC2A5,UTR3
3-end RNA-seq,Keratinocyte,chr1:92297247_T>C,2.829669476,1,6,GLMN,intronic
3-end RNA-seq,Keratinocyte,chr1:92832039_C>G,4.04006815,1,8,RPL5;DIPK1A,upstream;downstream
3-end RNA-seq,Keratinocyte,chr1:92833597_T>A,6.74816227,1,6,RPL5,exonic
3-end RNA-seq,Keratinocyte,chr1:92841919_C>T,4.200984478,2,6;8,RPL5,UTR3
3-end RNA-seq,Keratinocyte,chr1:94533865_C>T,8.412570953,1,6,F3,intronic
3-end RNA-seq,Keratinocyte,chr1:94533869_C>T,3.590031624,1,6,F3,intronic
3-end RNA-seq,Keratinocyte,chr1:96678809_T>C,2.456699371,1,6,LINC01787;PTBP2,intergenic
3-end RNA-seq,Keratinocyte,chr1:9771993_C>T,9.762210846,1,6,CLSTN1,intronic
3-end RNA-seq,Keratinocyte,chr20:10637973_C>T,2.428597927,1,6,JAG1,UTR3
3-end RNA-seq,Keratinocyte,chr20:10659742_C>T,2.212610245,1,6,JAG1,intronic
3-end RNA-seq,Keratinocyte,chr20:1310066_G>A,4.867507815,2,6;8,FKBP1A-SDCBP2,ncRNA_exonic
3-end RNA-seq,Keratinocyte,chr20:17600816_G>A,4.149491429499999,2,6;8,DSTN,exonic
3-end RNA-seq,Keratinocyte,chr20:18569556_G>A,3.135262251,1,6,SMIM26,UTR3
3-end RNA-seq,Keratinocyte,chr20:18569558_A>C,8.144920349,1,6,SMIM26,UTR3
3-end RNA-seq,Keratinocyte,chr20:21166156_T>C,5.255449295,2,6;8,KIZ,intronic
3-end RNA-seq,Keratinocyte,chr20:21166161_T>C,2.664380312,1,8,KIZ,intronic
3-end RNA-seq,Keratinocyte,chr20:31606512_T>A,1.8245145680000001,2,13;7,MIR3193;ID1,upstream;downstream
3-end RNA-seq,Keratinocyte,chr20:31664541_T>G,1.01441288,1,6,BCL2L1,UTR3
3-end RNA-seq,Keratinocyte,chr20:328546_C>A,2.860273123,1,6,SOX12,UTR3
3-end RNA-seq,Keratinocyte,chr20:33853775_A>C,1.746421814,1,8,CHMP4B,UTR3
3-end RNA-seq,Keratinocyte,chr20:34714799_G>T,2.6968119145,2,6;8,NCOA6,UTR3
3-end RNA-seq,Keratinocyte,chr20:35725678_C>T,3.554738522,1,6,RBM39,intronic
3-end RNA-seq,Keratinocyte,chr20:36045861_G>T,3.403897762,1,6,NORAD,ncRNA_exonic
3-end RNA-seq,Keratinocyte,chr20:36528445_G>A,3.39156127,1,6,DLGAP4-AS1,ncRNA_intronic
3-end RNA-seq,Keratinocyte,chr20:3806109_T>C,6.147724152,1,6,CDC25B,UTR3
3-end RNA-seq,Keratinocyte,chr20:40685879_A>G,12.39999771,1,6,MAFB,UTR3
3-end RNA-seq,Keratinocyte,chr20:40686961_C>T,8.653490067,1,6,MAFB,UTR3
3-end RNA-seq,Keratinocyte,chr20:41084527_G>A,0.934714735,1,6,TOP1,exonic
3-end RNA-seq,Keratinocyte,chr20:44901752_G>A,3.341591597,1,8,YWHAB,exonic
3-end RNA-seq,Keratinocyte,chr20:45326094_T>A,6.222947598,1,6,SDC4,UTR3
3-end RNA-seq,Keratinocyte,chr20:45816951_T>C,8.424441338,1,6,UBE2C,UTR3
3-end RNA-seq,Keratinocyte,chr20:45816955_C>A,2.0219162255,2,6;7,UBE2C,UTR3
3-end RNA-seq,Keratinocyte,chr20:47209230_G>T,9.899632454,1,6,ZMYND8,UTR3
3-end RNA-seq,Keratinocyte,chr20:47657671_T>A,3.67339015,1,6,SULF2,UTR3
3-end RNA-seq,Keratinocyte,chr20:47657672_C>T,3.560038567,1,8,SULF2,UTR3
3-end RNA-seq,Keratinocyte,chr20:481110_C>T,4.291556358,1,6,CSNK2A1,UTR3
3-end RNA-seq,Keratinocyte,chr20:481523_C>T,3.974617004,1,6,CSNK2A1,UTR3
3-end RNA-seq,Keratinocyte,chr20:49255192_G>A,5.752588272,1,6,ZNFX1,intronic
3-end RNA-seq,Keratinocyte,chr20:49289256_C>T,7.804152011499999,2,6;8,ZFAS1,ncRNA_exonic
3-end RNA-seq,Keratinocyte,chr20:50124170_A>G,3.912079096,1,6,PEDS1,UTR3
3-end RNA-seq,Keratinocyte,chr20:50574547_G>A,10.06077671,1,6,PTPN1,exonic
3-end RNA-seq,Keratinocyte,chr20:51767140_C>T,2.803319693,1,8,ATP9A,intronic
3-end RNA-seq,Keratinocyte,chr20:52972898_A>C,2.958072424,1,8,TSHZ2,UTR5
3-end RNA-seq,Keratinocyte,chr20:54214438_G>A,4.212394238,1,6,PFDN4,exonic
3-end RNA-seq,Keratinocyte,chr20:56368329_C>A,1.865691662,1,6,FAM210B,UTR3
3-end RNA-seq,Keratinocyte,chr20:56368653_T>C,6.848964214,1,6,FAM210B,UTR3
3-end RNA-seq,Keratinocyte,chr20:57651798_C>T,4.595386505,1,6,PMEPA1,UTR3
3-end RNA-seq,Keratinocyte,chr20:57651827_G>T,3.854460239,1,6,PMEPA1,UTR3
3-end RNA-seq,Keratinocyte,chr20:57651847_C>T,3.613170147,1,6,PMEPA1,UTR3
3-end RNA-seq,Keratinocyte,chr20:59034854_G>T,1.729107738,1,6,SLMO2-ATP5E,ncRNA_intronic
3-end RNA-seq,Keratinocyte,chr20:62309067_A>G,7.30322361,1,6,LAMA5,UTR3
3-end RNA-seq,Keratinocyte,chr20:63698638_G>A,3.770547628,1,6,RTEL1-TNFRSF6B,ncRNA_exonic
3-end RNA-seq,Keratinocyte,chr21:15019626_T>C,1.597738385,1,6,NRIP1,intronic
3-end RNA-seq,Keratinocyte,chr21:17002617_C>T,7.592121601,1,6,MIR99AHG;LINC01549,intergenic
3-end RNA-seq,Keratinocyte,chr21:17002623_C>T,3.759023905,1,6,MIR99AHG;LINC01549,intergenic
3-end RNA-seq,Keratinocyte,chr21:26836289_C>T,6.941394806,1,6,ADAMTS1,UTR3
3-end RNA-seq,Keratinocyte,chr21:29340970_T>C,8.134090424,1,6,BACH1,intronic
3-end RNA-seq,Keratinocyte,chr21:31668928_T>A,4.64180088,1,8,SOD1,UTR3
3-end RNA-seq,Keratinocyte,chr21:31671048_G>T,2.307542086,1,6,SCAF4,UTR3
3-end RNA-seq,Keratinocyte,chr21:33503961_G>T,4.766849995,1,6,GART,UTR3
3-end RNA-seq,Keratinocyte,chr21:33554942_G>A,5.087380886,1,6,SON,exonic
3-end RNA-seq,Keratinocyte,chr21:34516488_C>T,2.775233269,1,6,RCAN1,UTR3
3-end RNA-seq,Keratinocyte,chr21:36072977_G>A,3.784837484,1,6,LOC100133286,ncRNA_intronic
3-end RNA-seq,Keratinocyte,chr21:37398228_T>C,6.13284111,1,6,DYRK1A,intronic
3-end RNA-seq,Keratinocyte,chr21:38823448_T>C,5.113956928,1,6,ETS2,UTR3
3-end RNA-seq,Keratinocyte,chr21:43774744_C>T,4.819841385,1,8,CSTB,exonic
3-end RNA-seq,Keratinocyte,chr21:45753124_C>T,7.364758968,1,6,PCBP3,intronic
3-end RNA-seq,Keratinocyte,chr21:46004062_T>A,3.15096879,1,6,COL6A1,UTR3
3-end RNA-seq,Keratinocyte,chr21:46445646_C>G,4.059809208,1,6,PCNT,UTR3
3-end RNA-seq,Keratinocyte,chr22:19450729_T>A,3.976613045,1,6,UFD1,exonic
3-end RNA-seq,Keratinocyte,chr22:20127285_C>A,2.893335104,1,6,RANBP1,UTR3
3-end RNA-seq,Keratinocyte,chr22:20704604_G>A,8.2045817375,2,6;8,TMEM191A,downstream
3-end RNA-seq,Keratinocyte,chr22:21760370_A>T,4.389403343,1,6,MAPK1,UTR3
3-end RNA-seq,Keratinocyte,chr22:23784280_T>A,6.117815018,1,6,MMP11,UTR3
3-end RNA-seq,Keratinocyte,chr22:28757506_T>A,4.580029011,1,6,HSCB,UTR3
3-end RNA-seq,Keratinocyte,chr22:29143158_C>A,5.857379436,1,8,KREMEN1,UTR3
3-end RNA-seq,Keratinocyte,chr22:29554811_A>G,4.676877975,1,6,NIPSNAP1,UTR3
3-end RNA-seq,Keratinocyte,chr22:30661608_A>G,7.249999523,1,6,DUSP18,UTR3
3-end RNA-seq,Keratinocyte,chr22:32814131_T>A,1.610990167,1,6,SYN3;TIMP3,intronic
3-end RNA-seq,Keratinocyte,chr22:32814143_A>T,9.200060844,1,6,SYN3;TIMP3,intronic
3-end RNA-seq,Keratinocyte,chr22:32814205_G>A,5.548074722,1,6,SYN3;TIMP3,intronic
3-end RNA-seq,Keratinocyte,chr22:32814206_A>C,0.687889516,1,6,SYN3;TIMP3,intronic
3-end RNA-seq,Keratinocyte,chr22:32860931_G>T,4.812455177,1,6,TIMP3,UTR3
3-end RNA-seq,Keratinocyte,chr22:32860937_A>T,8.134333611,1,6,TIMP3,UTR3
3-end RNA-seq,Keratinocyte,chr22:32862825_C>G,5.868406296,1,6,TIMP3,UTR3
3-end RNA-seq,Keratinocyte,chr22:35295692_G>A,5.179490566,1,6,HMGXB4,UTR3
3-end RNA-seq,Keratinocyte,chr22:35838266_T>C,6.235933781,1,6,RBFOX2,intronic
3-end RNA-seq,Keratinocyte,chr22:36226659_A>C,2.491658449,1,6,APOL2,UTR3
3-end RNA-seq,Keratinocyte,chr22:36266109_T>C,11.10261154,1,6,APOL1,UTR3
3-end RNA-seq,Keratinocyte,chr22:36266841_C>G,12.50917816,1,6,APOL1,UTR3
3-end RNA-seq,Keratinocyte,chr22:36267523_C>T,5.681741714,1,6,APOL1,UTR3
3-end RNA-seq,Keratinocyte,chr22:37029812_T>A,3.020870924,1,6,MPST,UTR3
3-end RNA-seq,Keratinocyte,chr22:37679800_G>A,9.595352173,1,8,LGALS1,UTR3
3-end RNA-seq,Keratinocyte,chr22:37807086_T>A,2.377985239,1,6,H1-0,UTR3
3-end RNA-seq,Keratinocyte,chr22:37807332_C>G,3.334495544,1,8,H1-0,UTR3
3-end RNA-seq,Keratinocyte,chr22:38084993_A>C,3.953372717,1,6,BAIAP2L2,UTR3
3-end RNA-seq,Keratinocyte,chr22:38290813_T>C,3.571726084,1,6,CSNK1E;TPTEP2-CSNK1E,UTR3
3-end RNA-seq,Keratinocyte,chr22:38684219_A>T,5.077131271,1,6,TOMM22,UTR3
3-end RNA-seq,Keratinocyte,chr22:40366554_T>C,3.976627588,1,6,ADSL,UTR3
3-end RNA-seq,Keratinocyte,chr22:40850834_C>T,4.663315058,2,6;8,ST13,exonic
3-end RNA-seq,Keratinocyte,chr22:42512552_G>T,4.955200672,1,6,SERHL,ncRNA_exonic
3-end RNA-seq,Keratinocyte,chr22:47756173_A>G,8.191502571,1,6,LOC284930,ncRNA_intronic
3-end RNA-seq,Keratinocyte,chr22:47794495_A>G,1.298263073,1,6,LOC284930,ncRNA_intronic
3-end RNA-seq,Keratinocyte,chr22:47794510_A>G,1.868113518,1,6,LOC284930,ncRNA_intronic
3-end RNA-seq,Keratinocyte,chr22:49964076_G>A,6.395094872,1,6,PIM3,downstream
3-end RNA-seq,Keratinocyte,chr22:50274980_A>G,2.006103754,1,8,PLXNB2,UTR3
3-end RNA-seq,Keratinocyte,chr2:101274798_C>T,7.229345322,1,6,RNF149,downstream
3-end RNA-seq,Keratinocyte,chr2:10440390_A>G,2.566884756,1,13,ODC1,UTR3
3-end RNA-seq,Keratinocyte,chr2:110637890_G>T,10.20402908,1,6,BUB1,UTR3
3-end RNA-seq,Keratinocyte,chr2:111429318_C>T,6.252359867,1,6,MIR4435-2HG,ncRNA_exonic
3-end RNA-seq,Keratinocyte,chr2:112188028_T>G,7.9313097,1,6,FBLN7,UTR3
3-end RNA-seq,Keratinocyte,chr2:112588947_T>G,3.798399448,1,6,CHCHD5,UTR3
3-end RNA-seq,Keratinocyte,chr2:112663819_T>C,7.622920036,1,6,SLC20A1,UTR3
3-end RNA-seq,Keratinocyte,chr2:113958255_T>C,1.844338179,1,6,ACTR3,UTR3
3-end RNA-seq,Keratinocyte,chr2:119372541_A>G,8.957970619,1,6,DBI,UTR3
3-end RNA-seq,Keratinocyte,chr2:120220337_G>T,5.881788731,1,6,TMEM185B,UTR3
3-end RNA-seq,Keratinocyte,chr2:127048031_C>T,10.44659042,1,6,BIN1,UTR3
3-end RNA-seq,Keratinocyte,chr2:127214822_A>T,7.133215427,1,6,CYP27C1,intronic
3-end RNA-seq,Keratinocyte,chr2:129497007_C>A,2.738301158,2,7;8,LINC01854;LINC02572,intergenic
3-end RNA-seq,Keratinocyte,chr2:133370777_T>C,6.688562393,1,6,NCKAP5,intronic
3-end RNA-seq,Keratinocyte,chr2:133480029_T>C,11.56339264,1,6,NCKAP5,intronic
3-end RNA-seq,Keratinocyte,chr2:138505594_T>C,9.407178879,1,6,SPOPL,intronic
3-end RNA-seq,Keratinocyte,chr2:138573134_T>A,8.034150124,1,6,SPOPL,UTR3
3-end RNA-seq,Keratinocyte,chr2:143042307_G>A,10.704230068000001,2,13;6,KYNU,UTR3
3-end RNA-seq,Keratinocyte,chr2:150487175_T>C,5.216006756,1,6,RND3,intronic
3-end RNA-seq,Keratinocyte,chr2:152378112_G>A,3.149155378,1,6,FMNL2,intronic
3-end RNA-seq,Keratinocyte,chr2:152672565_C>T,3.220811844,1,6,PRPF40A,exonic
3-end RNA-seq,Keratinocyte,chr2:152760670_C>A,7.303452015,1,6,ARL6IP6,UTR3
3-end RNA-seq,Keratinocyte,chr2:156195198_G>A,4.650240421,1,6,LINC01876,ncRNA_intronic
3-end RNA-seq,Keratinocyte,chr2:160272492_A>T,6.692511082,1,6,RBMS1,UTR3
3-end RNA-seq,Keratinocyte,chr2:1631986_G>A,8.750611305,1,6,PXDN,UTR3
3-end RNA-seq,Keratinocyte,chr2:1633186_A>T,5.574989319,1,6,PXDN,UTR3
3-end RNA-seq,Keratinocyte,chr2:169630952_G>A,3.209053516,1,8,PPIG,exonic
3-end RNA-seq,Keratinocyte,chr2:17065443_T>C,6.264622688,1,6,CYRIA;RAD51AP2,intergenic
3-end RNA-seq,Keratinocyte,chr2:171517231_T>C,1.592181802,1,8,DCAF17;CYBRD1,intergenic
3-end RNA-seq,Keratinocyte,chr2:171517238_T>A,4.223345757,1,8,DCAF17;CYBRD1,intergenic
3-end RNA-seq,Keratinocyte,chr2:172441556_C>T,3.269051552,1,6,ITGA6,intronic
3-end RNA-seq,Keratinocyte,chr2:172441559_T>A,7.881840706,1,6,ITGA6,intronic
3-end RNA-seq,Keratinocyte,chr2:172441560_A>T,1.07011795,1,6,ITGA6,intronic
3-end RNA-seq,Keratinocyte,chr2:172444998_T>C,3.247051001,1,6,ITGA6,intronic
3-end RNA-seq,Keratinocyte,chr2:172445472_A>G,13.65614796,1,6,ITGA6,intronic
3-end RNA-seq,Keratinocyte,chr2:172445569_A>G,3.609044075,1,6,ITGA6,intronic
3-end RNA-seq,Keratinocyte,chr2:172504237_T>A,1.181805134,1,6,ITGA6,exonic
3-end RNA-seq,Keratinocyte,chr2:172505676_G>A,7.466118336,1,6,ITGA6,UTR3
3-end RNA-seq,Keratinocyte,chr2:172506276_A>G,4.821453094,1,6,ITGA6,UTR3
3-end RNA-seq,Keratinocyte,chr2:172506456_C>A,7.646255016,1,6,ITGA6,UTR3
3-end RNA-seq,Keratinocyte,chr2:173266783_T>C,6.389047146,1,6,MAP3K20-AS1,ncRNA_intronic
3-end RNA-seq,Keratinocyte,chr2:173368902_T>C,16.08776855,1,6,CDCA7,UTR3
3-end RNA-seq,Keratinocyte,chr2:174434809_A>G,11.80021,1,6,GPR155,UTR3
3-end RNA-seq,Keratinocyte,chr2:176111811_T>G,7.155140877,1,6,HOXD11;HOXD10,intergenic
3-end RNA-seq,Keratinocyte,chr2:176111826_C>G,4.515127182,1,6,HOXD11;HOXD10,intergenic
3-end RNA-seq,Keratinocyte,chr2:176118858_G>C,7.033092499,1,6,HOXD10,intronic
3-end RNA-seq,Keratinocyte,chr2:17655622_C>A,5.738132,1,6,VSNL1,UTR3
3-end RNA-seq,Keratinocyte,chr2:17656394_A>G,3.126647472,1,6,VSNL1,UTR3
3-end RNA-seq,Keratinocyte,chr2:180872704_T>C,1.8666971325000001,2,13;8,SCHLAP1,ncRNA_intronic
3-end RNA-seq,Keratinocyte,chr2:186630362_T>C,9.081982613,1,6,ITGAV,intronic
3-end RNA-seq,Keratinocyte,chr2:189012056_C>A,0.636460304,1,6,COL3A1,UTR3
3-end RNA-seq,Keratinocyte,chr2:190969151_A>G,4.143705845,1,8,STAT1,UTR3
3-end RNA-seq,Keratinocyte,chr2:191425316_G>A,1.859784961,1,6,MYO1B,UTR3
3-end RNA-seq,Keratinocyte,chr2:196156648_T>A,1.474415183,1,6,STK17B,exonic
3-end RNA-seq,Keratinocyte,chr2:200416425_G>A,6.166954994,1,6,SPATS2L,exonic
3-end RNA-seq,Keratinocyte,chr2:201085748_C>T,3.7581436635,2,6;8,NDUFB3,UTR3
3-end RNA-seq,Keratinocyte,chr2:201623868_C>T,5.266777992,1,6,TMEM237,UTR3
3-end RNA-seq,Keratinocyte,chr2:202289128_G>A,6.035881996,1,6,NOP58,intronic
3-end RNA-seq,Keratinocyte,chr2:20449298_C>A,1.90636766,1,8,RHOB,UTR3
3-end RNA-seq,Keratinocyte,chr2:20449305_G>T,4.996647596500001,2,6;8,RHOB,UTR3
3-end RNA-seq,Keratinocyte,chr2:20449338_C>A,0.998505235,1,8,RHOB,UTR3
3-end RNA-seq,Keratinocyte,chr2:20449345_C>A,2.318128586,1,8,RHOB,UTR3
3-end RNA-seq,Keratinocyte,chr2:20449439_T>C,2.513167858,1,8,RHOB,UTR3
3-end RNA-seq,Keratinocyte,chr2:214847502_C>A,5.3241114615,2,6;8,SNHG31,ncRNA_intronic
3-end RNA-seq,Keratinocyte,chr2:215360864_G>T,0.760034978,1,6,FN1,downstream
3-end RNA-seq,Keratinocyte,chr2:216664326_A>C,7.619741916500001,2,13;6,IGFBP2,UTR3
3-end RNA-seq,Keratinocyte,chr2:216664428_A>G,3.416190028,2,13;6,IGFBP2,UTR3
3-end RNA-seq,Keratinocyte,chr2:216664433_T>C,2.9623378515,2,13;6,IGFBP2,UTR3
3-end RNA-seq,Keratinocyte,chr2:216664434_A>G,6.85712719,1,6,IGFBP2,UTR3
3-end RNA-seq,Keratinocyte,chr2:218272938_T>C,6.257684231,1,6,PNKD,UTR3
3-end RNA-seq,Keratinocyte,chr2:218893925_C>A,8.729782104,1,6,WNT10A,UTR3
3-end RNA-seq,Keratinocyte,chr2:218893929_C>A,1.870809674,1,6,WNT10A,downstream
3-end RNA-seq,Keratinocyte,chr2:219248662_G>A,8.823262215,2,6;8,STK16,UTR3
3-end RNA-seq,Keratinocyte,chr2:221418239_G>T,7.924386024,1,8,EPHA4,UTR3
3-end RNA-seq,Keratinocyte,chr2:223975162_A>G,2.899205685,1,6,SERPINE2,UTR3
3-end RNA-seq,Keratinocyte,chr2:223975492_C>T,5.521021843,1,6,SERPINE2,UTR3
3-end RNA-seq,Keratinocyte,chr2:226735344_A>T,2.332643509,1,6,IRS1,UTR3
3-end RNA-seq,Keratinocyte,chr2:226735404_A>T,4.346559048,1,6,IRS1,UTR3
3-end RNA-seq,Keratinocyte,chr2:230724768_T>A,3.91245842,1,6,CAB39,intronic
3-end RNA-seq,Keratinocyte,chr2:231460533_C>T,3.701828241,1,6,NCL,exonic
3-end RNA-seq,Keratinocyte,chr2:231711415_A>C,4.260108471,1,6,PTMA,exonic
3-end RNA-seq,Keratinocyte,chr2:231713428_C>T,2.9840534930000002,2,6;8,PTMA,UTR3
3-end RNA-seq,Keratinocyte,chr2:232556470_G>A,4.72563529,2,6;8,EIF4E2,exonic
3-end RNA-seq,Keratinocyte,chr2:232878704_A>T,7.752997398,1,6,NGEF;SNORC,UTR3
3-end RNA-seq,Keratinocyte,chr2:236571618_G>A,3.655339003,1,6,ACKR3,intronic
3-end RNA-seq,Keratinocyte,chr2:236582349_T>A,6.86511755,1,6,ACKR3,UTR3
3-end RNA-seq,Keratinocyte,chr2:236582349_T>C,5.70562458,1,6,ACKR3,UTR3
3-end RNA-seq,Keratinocyte,chr2:237753470_G>A,2.34066081,1,6,LRRFIP1,exonic
3-end RNA-seq,Keratinocyte,chr2:237765282_C>A,4.195691883499999,2,6;8,LRRFIP1,UTR3
3-end RNA-seq,Keratinocyte,chr2:237912104_G>A,3.292855024,1,6,RAMP1,UTR3
3-end RNA-seq,Keratinocyte,chr2:239960741_C>G,2.038123369,1,6,NDUFA10,UTR3
3-end RNA-seq,Keratinocyte,chr2:240468077_C>A,3.409508228,1,8,GPC1,downstream
3-end RNA-seq,Keratinocyte,chr2:241574134_C>A,3.514105082,1,8,BOK,downstream
3-end RNA-seq,Keratinocyte,chr2:26076864_A>G,6.995362759,1,6,RAB10,intronic
3-end RNA-seq,Keratinocyte,chr2:26113743_T>C,3.223625422,1,6,RAB10,intronic
3-end RNA-seq,Keratinocyte,chr2:26794585_G>A,3.406110764,1,6,CENPA,UTR3
3-end RNA-seq,Keratinocyte,chr2:27444404_G>C,3.32254982,1,6,IFT172,UTR3
3-end RNA-seq,Keratinocyte,chr2:27779461_G>A,5.468117714,1,6,MRPL33,exonic
3-end RNA-seq,Keratinocyte,chr2:28416539_C>A,4.508908272,1,6,FOSL2,UTR3
3-end RNA-seq,Keratinocyte,chr2:33360626_G>A,1.407425761,1,6,LTBP1,exonic
3-end RNA-seq,Keratinocyte,chr2:3617189_G>T,4.195178986,1,6,COLEC11,intronic
3-end RNA-seq,Keratinocyte,chr2:38068291_A>T,3.505592346,1,8,CYP1B1,UTR3
3-end RNA-seq,Keratinocyte,chr2:47690711_T>G,7.104791164,1,6,KCNK12;MSH6,intergenic
3-end RNA-seq,Keratinocyte,chr2:54972495_A>T,8.29613018,1,6,RTN4,UTR3
3-end RNA-seq,Keratinocyte,chr2:55233384_G>A,7.83049345,1,6,RPS27A,exonic
3-end RNA-seq,Keratinocyte,chr2:55235605_T>C,4.882495562333333,3,6;7;8,RPS27A,UTR3
3-end RNA-seq,Keratinocyte,chr2:58252675_A>G,2.306745768,1,6,FANCL;LINC01795,intergenic
3-end RNA-seq,Keratinocyte,chr2:60682688_G>A,4.574222565,1,6,BCL11A;PAPOLG,intergenic
3-end RNA-seq,Keratinocyte,chr2:61353594_G>T,4.156359673,1,6,USP34,intronic
3-end RNA-seq,Keratinocyte,chr2:65256874_T>C,2.304372072,1,6,ACTR2,intronic
3-end RNA-seq,Keratinocyte,chr2:69924750_C>A,1.202213764,1,6,MXD1,intronic
3-end RNA-seq,Keratinocyte,chr2:70211679_G>T,7.563614845,1,6,TIA1,UTR3
3-end RNA-seq,Keratinocyte,chr2:70271254_C>T,5.091166973,1,6,PCYOX1,intronic
3-end RNA-seq,Keratinocyte,chr2:71109686_G>T,3.389605284,1,8,MCEE,downstream
3-end RNA-seq,Keratinocyte,chr2:72129401_C>A,4.862915993,1,6,CYP26B1,UTR3
3-end RNA-seq,Keratinocyte,chr2:73957970_C>T,9.019317627,1,6,DGUOK-AS1,ncRNA_exonic
3-end RNA-seq,Keratinocyte,chr2:74135417_C>T,2.063534975,1,6,BOLA3,UTR3
3-end RNA-seq,Keratinocyte,chr2:74471984_G>T,6.108655453,1,6,MRPL53,UTR3
3-end RNA-seq,Keratinocyte,chr2:75492401_G>T,4.228784561,1,6,EVA1A,UTR3
3-end RNA-seq,Keratinocyte,chr2:84905656_G>T,2.572177887,1,8,TMSB10,UTR5
3-end RNA-seq,Keratinocyte,chr2:84906045_A>C,6.544577122,1,8,TMSB10,exonic
3-end RNA-seq,Keratinocyte,chr2:84906611_C>T,8.487542152,1,8,TMSB10,UTR3
3-end RNA-seq,Keratinocyte,chr2:85319188_T>C,3.105288506,1,6,TGOLN2,UTR3
3-end RNA-seq,Keratinocyte,chr2:86213999_A>G,12.00541496,1,6,REEP1,UTR3
3-end RNA-seq,Keratinocyte,chr2:87521514_C>A,3.68818903,1,6,CYTOR,ncRNA_exonic
3-end RNA-seq,Keratinocyte,chr2:96143168_G>T,0.453790486,1,6,DUSP2,downstream
3-end RNA-seq,Keratinocyte,chr2:96184866_T>C,2.761547327,1,6,STARD7,UTR3
3-end RNA-seq,Keratinocyte,chr2:9851398_A>T,13.0060215,1,6,TAF1B,intronic
3-end RNA-seq,Keratinocyte,chr3:100365295_A>T,1.793223977,1,6,TOMM70,UTR3
3-end RNA-seq,Keratinocyte,chr3:100577449_T>C,8.679424286,1,8,TMEM45A,downstream
3-end RNA-seq,Keratinocyte,chr3:101576439_T>C,5.035975933,1,6,PCNP,intronic
3-end RNA-seq,Keratinocyte,chr3:101576440_T>C,3.170790911,1,6,PCNP,intronic
3-end RNA-seq,Keratinocyte,chr3:101576444_T>G,2.246819019,1,8,PCNP,intronic
3-end RNA-seq,Keratinocyte,chr3:101576448_T>C,3.363479853,1,6,PCNP,intronic
3-end RNA-seq,Keratinocyte,chr3:101592884_G>T,3.658066273,1,6,PCNP,UTR3
3-end RNA-seq,Keratinocyte,chr3:101594438_T>A,13.41765785,1,6,PCNP,UTR3
3-end RNA-seq,Keratinocyte,chr3:101681092_A>T,4.881760597,1,6,RPL24,UTR3
3-end RNA-seq,Keratinocyte,chr3:101681144_T>C,2.230013609,1,6,RPL24,exonic
3-end RNA-seq,Keratinocyte,chr3:101685927_A>C,4.609694004,1,6,RPL24,exonic
3-end RNA-seq,Keratinocyte,chr3:105837777_C>T,7.39543581,1,6,CBLB,intronic
3-end RNA-seq,Keratinocyte,chr3:111830957_G>A,1.196127772,1,6,PHLDB2;PLCXD2,intronic
3-end RNA-seq,Keratinocyte,chr3:111869453_T>A,9.9887743,1,6,PHLDB2,intronic
3-end RNA-seq,Keratinocyte,chr3:111869455_C>T,1.765165448,1,6,PHLDB2,intronic
3-end RNA-seq,Keratinocyte,chr3:112110334_T>A,8.56302166,1,6,C3orf52,intronic
3-end RNA-seq,Keratinocyte,chr3:112171103_A>G,8.133606911,1,6,SLC9C1,intronic
3-end RNA-seq,Keratinocyte,chr3:112183372_A>T,2.042174578,1,8,SLC9C1,intronic
3-end RNA-seq,Keratinocyte,chr3:113286808_C>T,4.926380157,1,13,BOC,exonic
3-end RNA-seq,Keratinocyte,chr3:113721626_G>T,5.546500206,1,6,NAA50,UTR3
3-end RNA-seq,Keratinocyte,chr3:113721638_G>T,2.269300461,1,6,NAA50,UTR3
3-end RNA-seq,Keratinocyte,chr3:11503681_A>G,2.045110464,1,6,ATG7,intronic
3-end RNA-seq,Keratinocyte,chr3:120078570_C>T,3.020213842,1,6,GSK3B,intronic
3-end RNA-seq,Keratinocyte,chr3:120146589_T>C,4.739805698,1,6,GSK3B;GPR156,intergenic
3-end RNA-seq,Keratinocyte,chr3:120602326_T>C,4.410360495,3,6;7;8,NDUFB4,UTR3
3-end RNA-seq,Keratinocyte,chr3:122341664_A>T,11.62996014,3,6;7;8,CSTA,UTR3
3-end RNA-seq,Keratinocyte,chr3:122341668_A>T,10.32936001,1,6,CSTA,UTR3
3-end RNA-seq,Keratinocyte,chr3:122527926_A>G,1.892848015,1,6,PARP9,UTR3
3-end RNA-seq,Keratinocyte,chr3:122575200_C>A,9.058889389,1,6,DTX3L,UTR3
3-end RNA-seq,Keratinocyte,chr3:122730749_A>G,7.997597694,1,6,PARP14,UTR3
3-end RNA-seq,Keratinocyte,chr3:123491769_A>C,5.729556084,1,6,HACD2,UTR3
3-end RNA-seq,Keratinocyte,chr3:123969018_C>T,5.601054192,1,8,ROPN1,UTR3
3-end RNA-seq,Keratinocyte,chr3:127037385_T>C,4.725553513,1,6,PLXNA1,UTR3
3-end RNA-seq,Keratinocyte,chr3:12755233_C>T,9.774085999,1,8,TMEM40,intronic
3-end RNA-seq,Keratinocyte,chr3:127573071_C>T,2.97624898,1,6,TPRA1,UTR3
3-end RNA-seq,Keratinocyte,chr3:128913098_C>A,5.163309097,1,6,ACAD9,UTR3
3-end RNA-seq,Keratinocyte,chr3:129301147_A>G,5.391645908,1,6,HMCES,intronic
3-end RNA-seq,Keratinocyte,chr3:129396326_G>A,2.250636578,1,6,RPL32P3,ncRNA_intronic
3-end RNA-seq,Keratinocyte,chr3:129750686_T>C,3.719117165,1,6,TMCC1,intronic
3-end RNA-seq,Keratinocyte,chr3:131462378_A>G,4.921634674,1,6,MRPL3,UTR3
3-end RNA-seq,Keratinocyte,chr3:132676591_T>A,5.3415288929999996,1,6,NPHP3-ACAD11,ncRNA_intronic
3-end RNA-seq,Keratinocyte,chr3:133820656_G>A,3.561813116,1,6,SRPRB,UTR3
3-end RNA-seq,Keratinocyte,chr3:134157210_C>A,4.051263332,1,6,RYK,UTR3
3-end RNA-seq,Keratinocyte,chr3:137011015_C>T,11.67324257,1,6,IL20RB,UTR3
3-end RNA-seq,Keratinocyte,chr3:137011079_C>T,7.763998508,1,6,IL20RB,UTR3
3-end RNA-seq,Keratinocyte,chr3:139357130_C>A,6.19982481,1,6,MRPS22,UTR3
3-end RNA-seq,Keratinocyte,chr3:139517442_G>A,5.251805544,2,6;8,LOC100507291,ncRNA_intronic
3-end RNA-seq,Keratinocyte,chr3:139517442_G>T,5.0666890145,2,6;8,LOC100507291,ncRNA_intronic
3-end RNA-seq,Keratinocyte,chr3:14142514_G>T,2.674342394,1,8,TMEM43,UTR3
3-end RNA-seq,Keratinocyte,chr3:141599320_C>T,5.548566818,1,6,RASA2,intronic
3-end RNA-seq,Keratinocyte,chr3:141892572_T>C,1.916703224,1,13,ATP1B3,intronic
3-end RNA-seq,Keratinocyte,chr3:141920535_G>A,10.62509537,1,6,ATP1B3,intronic
3-end RNA-seq,Keratinocyte,chr3:141926175_G>A,3.6906886105,2,6;8,ATP1B3,UTR3
3-end RNA-seq,Keratinocyte,chr3:141926193_G>A,2.502159516,3,13;7;8,ATP1B3,UTR3
3-end RNA-seq,Keratinocyte,chr3:142056057_G>A,10.47076702,1,6,TFDP2,intronic
3-end RNA-seq,Keratinocyte,chr3:146128915_G>A,3.766922712,1,6,PLOD2,intronic
3-end RNA-seq,Keratinocyte,chr3:148984185_C>T,10.80608463,1,6,CPA3;GYG1,intergenic
3-end RNA-seq,Keratinocyte,chr3:149964906_T>A,2.327052832,1,6,PFN2,UTR3
3-end RNA-seq,Keratinocyte,chr3:150459826_T>C,6.483888626,1,6,TSC22D2,UTR3
3-end RNA-seq,Keratinocyte,chr3:150460116_G>A,2.042155743,1,6,TSC22D2,UTR3
3-end RNA-seq,Keratinocyte,chr3:151661581_T>C,3.197098732,1,6,MIR5186;AADACL2,intergenic
3-end RNA-seq,Keratinocyte,chr3:151673938_T>C,1.610913396,1,6,MIR5186;AADACL2,intergenic
3-end RNA-seq,Keratinocyte,chr3:151673998_T>C,8.097156525,1,6,MIR5186;AADACL2,intergenic
3-end RNA-seq,Keratinocyte,chr3:151692018_C>T,9.406749725,1,6,MIR5186;AADACL2,intergenic
3-end RNA-seq,Keratinocyte,chr3:151692576_T>C,6.736606598,1,6,MIR5186;AADACL2,intergenic
3-end RNA-seq,Keratinocyte,chr3:151692646_T>C,1.910546899,1,6,MIR5186;AADACL2,intergenic
3-end RNA-seq,Keratinocyte,chr3:151692669_T>C,4.345774651,1,6,MIR5186;AADACL2,intergenic
3-end RNA-seq,Keratinocyte,chr3:151726717_G>A,4.695942879,1,6,MIR5186;AADACL2,intergenic
3-end RNA-seq,Keratinocyte,chr3:151736405_T>C,11.3261919,1,6,AADACL2,intronic
3-end RNA-seq,Keratinocyte,chr3:151738711_C>T,7.446412563,1,6,AADACL2,intronic
3-end RNA-seq,Keratinocyte,chr3:151740579_C>T,2.658081532,1,6,AADACL2,intronic
3-end RNA-seq,Keratinocyte,chr3:151746381_G>T,7.649856091,1,6,AADACL2,intronic
3-end RNA-seq,Keratinocyte,chr3:151771523_T>C,6.263767242,1,6,AADACL2-AS1;AADACP1,ncRNA_intronic
3-end RNA-seq,Keratinocyte,chr3:151820604_T>C,6.521481991,1,6,AADACL2-AS1,ncRNA_intronic
3-end RNA-seq,Keratinocyte,chr3:151820615_T>C,1.765739202,1,6,AADACL2-AS1,ncRNA_intronic
3-end RNA-seq,Keratinocyte,chr3:151820656_T>C,9.61244297,1,6,AADACL2-AS1,ncRNA_intronic
3-end RNA-seq,Keratinocyte,chr3:151835530_T>C,4.840134621,1,6,AADACL2-AS1,ncRNA_intronic
3-end RNA-seq,Keratinocyte,chr3:151835545_T>C,3.473305464,1,6,AADACL2-AS1,ncRNA_intronic
3-end RNA-seq,Keratinocyte,chr3:151835593_T>C,6.24354887,1,6,AADACL2-AS1,ncRNA_intronic
3-end RNA-seq,Keratinocyte,chr3:151846272_C>T,1.293504357,1,6,AADACL2-AS1,ncRNA_intronic
3-end RNA-seq,Keratinocyte,chr3:151861550_C>A,10.42651749,1,6,AADACL2-AS1,ncRNA_intronic
3-end RNA-seq,Keratinocyte,chr3:151867097_C>T,7.093885422,1,6,AADACL2-AS1,ncRNA_intronic
3-end RNA-seq,Keratinocyte,chr3:151890278_T>C,3.010991335,1,6,AADACL2-AS1,ncRNA_intronic
3-end RNA-seq,Keratinocyte,chr3:151890375_T>C,3.309570313,1,6,AADACL2-AS1,ncRNA_intronic
3-end RNA-seq,Keratinocyte,chr3:151899578_T>C,3.433056593,1,6,AADACL2-AS1,ncRNA_intronic
3-end RNA-seq,Keratinocyte,chr3:151904831_C>T,10.04419231,1,6,AADACL2-AS1,ncRNA_intronic
3-end RNA-seq,Keratinocyte,chr3:151927491_C>T,3.678940058,1,6,AADACL2-AS1,ncRNA_intronic
3-end RNA-seq,Keratinocyte,chr3:152329475_G>A,5.665891647,1,6,MBNL1,intronic
3-end RNA-seq,Keratinocyte,chr3:152373342_A>C,1.955810547,1,6,MBNL1,intronic
3-end RNA-seq,Keratinocyte,chr3:153170628_T>A,3.040732622,1,6,RAP2B,downstream
3-end RNA-seq,Keratinocyte,chr3:154271828_T>C,6.2498106955,2,6;8,DHX36,downstream
3-end RNA-seq,Keratinocyte,chr3:156929175_A>T,1.687101364,1,6,LEKR1,intronic
3-end RNA-seq,Keratinocyte,chr3:157147984_T>G,4.552724838,1,7,CCNL1,UTR3
3-end RNA-seq,Keratinocyte,chr3:158697107_A>T,5.497427464,1,8,RARRES1,UTR3
3-end RNA-seq,Keratinocyte,chr3:158697110_A>G,5.511760235,1,8,RARRES1,UTR3
3-end RNA-seq,Keratinocyte,chr3:158697258_A>T,7.588770866,1,8,RARRES1,UTR3
3-end RNA-seq,Keratinocyte,chr3:160416331_G>A,6.699367046,1,6,SMC4,exonic
3-end RNA-seq,Keratinocyte,chr3:160417923_A>G,7.199792385,1,6,SMC4,exonic
3-end RNA-seq,Keratinocyte,chr3:160417939_G>A,5.463159084,1,6,SMC4,exonic
3-end RNA-seq,Keratinocyte,chr3:161429064_T>C,4.7991845605000005,2,6;8,LINC02067,ncRNA_intronic
3-end RNA-seq,Keratinocyte,chr3:161429078_G>A,3.8393849135,2,6;8,LINC02067,ncRNA_intronic
3-end RNA-seq,Keratinocyte,chr3:165498142_A>G,5.658648968,1,6,LINC01322,ncRNA_intronic
3-end RNA-seq,Keratinocyte,chr3:165498143_G>A,5.724246025,1,6,LINC01322,ncRNA_intronic
3-end RNA-seq,Keratinocyte,chr3:165498862_A>G,1.170141339,1,6,LINC01322,ncRNA_intronic
3-end RNA-seq,Keratinocyte,chr3:165498867_A>G,2.532147408,1,6,LINC01322,ncRNA_intronic
3-end RNA-seq,Keratinocyte,chr3:165498877_A>G,0.93336784800000006,1,6,LINC01322,ncRNA_intronic
3-end RNA-seq,Keratinocyte,chr3:165773088_G>A,4.627195358,1,6,BCHE,UTR3
3-end RNA-seq,Keratinocyte,chr3:168008783_A>T,5.951059341,1,6,GOLIM4,UTR3
3-end RNA-seq,Keratinocyte,chr3:169982868_A>G,2.017225266,1,6,SEC62,exonic
3-end RNA-seq,Keratinocyte,chr3:169994179_G>A,5.81843996,1,6,SEC62,UTR3
3-end RNA-seq,Keratinocyte,chr3:170305953_C>A,3.088871717,1,6,PRKCI,UTR3
3-end RNA-seq,Keratinocyte,chr3:170359589_T>C,2.276632786,1,6,SKIL,intronic
3-end RNA-seq,Keratinocyte,chr3:170396828_C>T,9.890656471,1,6,SKIL,UTR3
3-end RNA-seq,Keratinocyte,chr3:170396832_T>A,5.874422073,1,6,SKIL,UTR3
3-end RNA-seq,Keratinocyte,chr3:171711011_T>C,2.888102055,1,6,PLD1,intronic
3-end RNA-seq,Keratinocyte,chr3:171809029_T>C,3.534321785,1,6,PLD1,intronic
3-end RNA-seq,Keratinocyte,chr3:172386666_T>C,1.660561085,1,8,FNDC3B,intronic
3-end RNA-seq,Keratinocyte,chr3:172397684_A>G,10.57682228,1,6,FNDC3B,UTR3
3-end RNA-seq,Keratinocyte,chr3:172505509_C>T,8.627664566,1,6,TNFSF10,UTR3
3-end RNA-seq,Keratinocyte,chr3:172506507_G>A,12.55151844,1,6,TNFSF10,exonic
3-end RNA-seq,Keratinocyte,chr3:172506751_A>T,7.514517307,1,6,TNFSF10,exonic
3-end RNA-seq,Keratinocyte,chr3:180977074_C>T,2.738435507,3,13;6;8,FXR1,UTR3
3-end RNA-seq,Keratinocyte,chr3:180977106_G>T,6.172269821,1,6,FXR1,UTR3
3-end RNA-seq,Keratinocyte,chr3:182921630_T>A,3.063943148,1,8,ATP11B,downstream
3-end RNA-seq,Keratinocyte,chr3:183675775_T>A,5.998677254,1,6,KLHL24,intronic
3-end RNA-seq,Keratinocyte,chr3:183763058_T>A,5.158873081,1,6,YEATS2,intronic
3-end RNA-seq,Keratinocyte,chr3:183764368_T>C,1.499950409,1,6,YEATS2,intronic
3-end RNA-seq,Keratinocyte,chr3:184582287_C>T,8.789327621,1,6,EPHB3,UTR3
3-end RNA-seq,Keratinocyte,chr3:185643927_A>C,4.924474716,1,6,IGF2BP2,UTR3
3-end RNA-seq,Keratinocyte,chr3:185643969_G>T,7.547492504,1,6,IGF2BP2,UTR3
3-end RNA-seq,Keratinocyte,chr3:189800474_G>A,6.387708187,1,6,TP63,intronic
3-end RNA-seq,Keratinocyte,chr3:189800475_T>C,2.827110052,1,6,TP63,intronic
3-end RNA-seq,Keratinocyte,chr3:189809450_C>A,12.58312702,1,6,TP63,intronic
3-end RNA-seq,Keratinocyte,chr3:189824833_T>A,1.521345496,1,6,TP63,intronic
3-end RNA-seq,Keratinocyte,chr3:189828162_A>G,3.70506978,1,6,TP63,intronic
3-end RNA-seq,Keratinocyte,chr3:189828249_C>T,4.869891167,1,6,TP63,intronic
3-end RNA-seq,Keratinocyte,chr3:189839040_T>C,2.277926683,1,6,TP63,intronic
3-end RNA-seq,Keratinocyte,chr3:189840693_A>G,6.149319649,1,6,TP63,intronic
3-end RNA-seq,Keratinocyte,chr3:189840858_A>G,6.920656204,1,6,TP63,intronic
3-end RNA-seq,Keratinocyte,chr3:189851297_A>G,2.214978456,1,6,TP63,intronic
3-end RNA-seq,Keratinocyte,chr3:189860544_G>A,2.7257061,1,6,TP63,intronic
3-end RNA-seq,Keratinocyte,chr3:189875516_A>G,3.646719933,1,6,TP63,intronic
3-end RNA-seq,Keratinocyte,chr3:189896992_T>A,6.59530592,1,6,TP63,UTR3
3-end RNA-seq,Keratinocyte,chr3:190095739_T>C,6.20092535,1,6,P3H2,intronic
3-end RNA-seq,Keratinocyte,chr3:190109867_G>T,1.163136005,1,6,P3H2,intronic
3-end RNA-seq,Keratinocyte,chr3:190117737_C>T,6.91594553,1,6,P3H2,intronic
3-end RNA-seq,Keratinocyte,chr3:190305714_A>G,10.9952879,1,8,CLDN1,UTR3
3-end RNA-seq,Keratinocyte,chr3:190311972_A>G,8.355662346,1,8,CLDN1;CLDN16,intronic
3-end RNA-seq,Keratinocyte,chr3:194136343_T>A,5.067697048,1,8,HES1,UTR5
3-end RNA-seq,Keratinocyte,chr3:194688479_C>T,0.797361255,1,6,FAM43A,UTR3
3-end RNA-seq,Keratinocyte,chr3:195314275_T>C,2.835488796,1,6,ACAP2,intronic
3-end RNA-seq,Keratinocyte,chr3:195314276_C>T,7.268028736,1,6,ACAP2,intronic
3-end RNA-seq,Keratinocyte,chr3:195675577_G>C,5.519723892,1,6,SDHAP2,ncRNA_intronic
3-end RNA-seq,Keratinocyte,chr3:195715523_G>A,6.898183346,2,6;8,MIR570HG;MUC20,intergenic
3-end RNA-seq,Keratinocyte,chr3:196782829_G>A,2.159531116,1,6,PAK2,exonic
3-end RNA-seq,Keratinocyte,chr3:197131936_C>T,4.987765312,1,6,DLG1,intronic
3-end RNA-seq,Keratinocyte,chr3:197511576_A>G,6.211568356,1,6,BDH1,UTR3
3-end RNA-seq,Keratinocyte,chr3:197619239_T>G,4.7732365130000005,2,6;8,LOC220729,ncRNA_intronic
3-end RNA-seq,Keratinocyte,chr3:197782983_G>A,6.938070774,1,6,FYTTD1,UTR3
3-end RNA-seq,Keratinocyte,chr3:23919794_G>A,3.831479549,1,6,RPL15,UTR3
3-end RNA-seq,Keratinocyte,chr3:29308746_C>A,2.191397667,1,6,RBMS3,intronic
3-end RNA-seq,Keratinocyte,chr3:29308757_A>C,3.059399128,1,6,RBMS3,intronic
3-end RNA-seq,Keratinocyte,chr3:37050842_C>A,3.364796877,1,6,MLH1,UTR3
3-end RNA-seq,Keratinocyte,chr3:37098397_C>T,1.94358182,1,6,LRRFIP2,intronic
3-end RNA-seq,Keratinocyte,chr3:37324743_G>A,5.948129654,1,6,GOLGA4,exonic
3-end RNA-seq,Keratinocyte,chr3:40462277_C>A,1.425057252,3,13;7;8,RPL14,UTR3
3-end RNA-seq,Keratinocyte,chr3:43039011_T>C,5.956066608,1,6,GASK1A,intronic
3-end RNA-seq,Keratinocyte,chr3:45082517_G>T,1.518666029,1,13,CDCP1,UTR3
3-end RNA-seq,Keratinocyte,chr3:45089062_C>T,1.91006732,1,6,CDCP1,exonic
3-end RNA-seq,Keratinocyte,chr3:48067755_T>C,2.039921522,1,6,MAP4,intronic
3-end RNA-seq,Keratinocyte,chr3:48440561_G>A,4.39601779,2,6;8,TMA7,exonic
3-end RNA-seq,Keratinocyte,chr3:48493656_T>C,4.694442749,1,6,SHISA5,intronic
3-end RNA-seq,Keratinocyte,chr3:4985173_G>A,6.630538464,1,6,BHLHE40,UTR3
3-end RNA-seq,Keratinocyte,chr3:4985178_G>A,3.749217987,2,6;8,BHLHE40,UTR3
3-end RNA-seq,Keratinocyte,chr3:49887005_G>T,4.169494629,1,6,MST1R,UTR3
3-end RNA-seq,Keratinocyte,chr3:50580673_C>A,7.083645821,1,6,HEMK1,UTR3
3-end RNA-seq,Keratinocyte,chr3:51389332_A>T,2.614694357,1,6,MANF,UTR3
3-end RNA-seq,Keratinocyte,chr3:51989195_C>A,5.494963169,1,6,ABHD14A-ACY1;ACY1,UTR3
3-end RNA-seq,Keratinocyte,chr3:52050388_A>T,3.96263361,1,6,DUSP7,UTR3
3-end RNA-seq,Keratinocyte,chr3:61742414_T>C,4.2923727035,2,6;8,PTPRG,intronic
3-end RNA-seq,Keratinocyte,chr3:61742423_T>G,4.78759861,2,6;8,PTPRG,intronic
3-end RNA-seq,Keratinocyte,chr3:68637248_C>G,13.1119976,1,6,TAFA1;TAFA4,intergenic
3-end RNA-seq,Keratinocyte,chr3:69542216_A>G,4.352096081,1,13,FRMD4B;MITF,intergenic
3-end RNA-seq,Keratinocyte,chr3:93873113_A>G,2.706947565,1,6,PROS1,UTR3
3-end RNA-seq,Keratinocyte,chr3:98579449_G>T,5.515351772,1,6,CPOX,UTR3
3-end RNA-seq,Keratinocyte,chr3:98579454_A>T,4.572684288,1,6,CPOX,UTR3
3-end RNA-seq,Keratinocyte,chr4:108620577_C>T,4.16021347,1,8,RPL34,UTR5
3-end RNA-seq,Keratinocyte,chr4:108622121_A>C,7.215203762,1,8,RPL34,exonic
3-end RNA-seq,Keratinocyte,chr4:108625206_T>A,9.701482773,1,6,RPL34,exonic
3-end RNA-seq,Keratinocyte,chr4:1166934_T>C,4.940368652,1,6,SPON2,UTR3
3-end RNA-seq,Keratinocyte,chr4:119237540_A>G,2.823877811,1,6,USP53,intronic
3-end RNA-seq,Keratinocyte,chr4:127833372_C>A,9.329213142,1,6,HSPA4L,UTR3
3-end RNA-seq,Keratinocyte,chr4:128270145_G>T,2.022075891,1,6,PGRMC2,UTR3
3-end RNA-seq,Keratinocyte,chr4:139114702_A>G,3.726177692,1,8,ELF2,intronic
3-end RNA-seq,Keratinocyte,chr4:139114756_A>C,6.7979733945,2,6;8,ELF2,intronic
3-end RNA-seq,Keratinocyte,chr4:143550057_G>A,1.808153868,1,6,SMARCA5,exonic
3-end RNA-seq,Keratinocyte,chr4:145558079_C>A,4.798883438,1,6,SMAD1,UTR3
3-end RNA-seq,Keratinocyte,chr4:151283530_A>G,2.015680552,1,6,PRSS48;SH3D19,intronic
3-end RNA-seq,Keratinocyte,chr4:151502327_C>A,3.891815186,1,6,FAM160A1,intronic
3-end RNA-seq,Keratinocyte,chr4:152322082_C>T,7.791427135,1,6,FBXW7,UTR3
3-end RNA-seq,Keratinocyte,chr4:152322805_C>T,1.659836054,1,6,FBXW7,UTR3
3-end RNA-seq,Keratinocyte,chr4:156761618_C>T,3.414195776,1,6,PDGFC,UTR3
3-end RNA-seq,Keratinocyte,chr4:156780241_T>C,8.692671776,1,6,PDGFC,intronic
3-end RNA-seq,Keratinocyte,chr4:15935571_T>C,13.01913261,1,6,FGFBP1,downstream
3-end RNA-seq,Keratinocyte,chr4:15935606_A>T,12.74818039,1,6,FGFBP1,UTR3
3-end RNA-seq,Keratinocyte,chr4:159522585_A>G,9.204401016,1,6,RAPGEF2;LINC02233,intergenic
3-end RNA-seq,Keratinocyte,chr4:159641541_A>C,5.606498718,1,6,RAPGEF2;LINC02233,intergenic
3-end RNA-seq,Keratinocyte,chr4:168270946_T>C,5.619937897,1,6,DDX60,intronic
3-end RNA-seq,Keratinocyte,chr4:168759094_A>G,4.342529297,1,6,PALLD,intronic
3-end RNA-seq,Keratinocyte,chr4:168782718_A>G,1.996370196,1,6,PALLD,intronic
3-end RNA-seq,Keratinocyte,chr4:168803606_A>G,6.643762589,1,6,PALLD,intronic
3-end RNA-seq,Keratinocyte,chr4:168867906_G>A,2.159471035,1,6,PALLD,intronic
3-end RNA-seq,Keratinocyte,chr4:168926496_A>T,3.037562847,1,6,PALLD,UTR3
3-end RNA-seq,Keratinocyte,chr4:168926506_C>A,8.111846447,2,6;8,PALLD,UTR3
3-end RNA-seq,Keratinocyte,chr4:168927805_T>C,6.25180006,1,6,PALLD,UTR3
3-end RNA-seq,Keratinocyte,chr4:168928342_A>T,7.803007603,1,8,PALLD,UTR3
3-end RNA-seq,Keratinocyte,chr4:168928415_T>A,6.886642456,1,8,PALLD,UTR3
3-end RNA-seq,Keratinocyte,chr4:168928418_T>A,3.948963404,1,6,PALLD,UTR3
3-end RNA-seq,Keratinocyte,chr4:1745168_T>C,9.27273941,1,6,TACC3,UTR3
3-end RNA-seq,Keratinocyte,chr4:17486397_C>T,4.96119833,1,8,QDPR,UTR3
3-end RNA-seq,Keratinocyte,chr4:176342135_G>A,12.6483717,1,6,SPCS3;VEGFC,intergenic
3-end RNA-seq,Keratinocyte,chr4:17805105_A>G,1.609165192,1,6,DCAF16,splicing
3-end RNA-seq,Keratinocyte,chr4:17805105_A>T,3.6720438,1,6,DCAF16,splicing
3-end RNA-seq,Keratinocyte,chr4:17843508_G>A,17.95931053,1,6,LCORL;NCAPG,UTR3
3-end RNA-seq,Keratinocyte,chr4:1808865_T>A,7.529582024,1,6,FGFR3,UTR3
3-end RNA-seq,Keratinocyte,chr4:1808865_T>C,2.359336138,1,13,FGFR3,UTR3
3-end RNA-seq,Keratinocyte,chr4:182818729_T>A,6.593438625,1,6,TENM3;DCTD,intergenic
3-end RNA-seq,Keratinocyte,chr4:182818737_A>C,5.793513775,1,6,TENM3;DCTD,intergenic
3-end RNA-seq,Keratinocyte,chr4:186587978_A>C,5.650866032,1,6,FAT1,UTR3
3-end RNA-seq,Keratinocyte,chr4:189943226_G>A,4.621081829,1,6,FRG1,exonic
3-end RNA-seq,Keratinocyte,chr4:189943231_G>A,8.493193626,1,8,FRG1,exonic
3-end RNA-seq,Keratinocyte,chr4:30752691_C>A,8.994552612,1,6,PCDH7,intronic
3-end RNA-seq,Keratinocyte,chr4:39121834_T>A,8.597428322,1,6,KLHL5,UTR3
3-end RNA-seq,Keratinocyte,chr4:39454128_A>T,6.645218849,2,6;8,RPL9,UTR3
3-end RNA-seq,Keratinocyte,chr4:39498760_G>T,1.994702458,1,6,UGDH,UTR3
3-end RNA-seq,Keratinocyte,chr4:41050065_T>C,4.425843716,1,6,APBB2,intronic
3-end RNA-seq,Keratinocyte,chr4:46723766_T>C,5.203875542,1,6,GABRA2;COX7B2,intergenic
3-end RNA-seq,Keratinocyte,chr4:48395445_G>A,8.346645355,1,6,SLAIN2,intronic
3-end RNA-seq,Keratinocyte,chr4:49061920_G>A,11.83375263,1,8,CWH43,UTR3
3-end RNA-seq,Keratinocyte,chr4:49062076_T>C,15.15875912,1,8,CWH43,UTR3
3-end RNA-seq,Keratinocyte,chr4:56648147_G>T,13.06025028,1,6,HOPX,UTR3
3-end RNA-seq,Keratinocyte,chr4:61220102_A>G,13.84572315,1,8,ADGRL3,intronic
3-end RNA-seq,Keratinocyte,chr4:62072439_G>A,6.657292366,1,8,ADGRL3-AS1,ncRNA_intronic
3-end RNA-seq,Keratinocyte,chr4:6320586_G>A,16.13497162,1,6,PPP2R2C,UTR3
3-end RNA-seq,Keratinocyte,chr4:6323050_A>T,11.02850246,1,6,PPP2R2C,UTR3
3-end RNA-seq,Keratinocyte,chr4:66001088_G>A,3.165544748,1,6,EPHA5-AS1;MIR1269A,intergenic
3-end RNA-seq,Keratinocyte,chr4:67618704_C>T,1.438818574,1,6,UBA6,UTR3
3-end RNA-seq,Keratinocyte,chr4:73922015_C>T,3.227870464,1,6,CXCL1;PF4,intergenic
3-end RNA-seq,Keratinocyte,chr4:74449113_G>A,4.692871094,1,6,AREG,exonic
3-end RNA-seq,Keratinocyte,chr4:74449159_G>A,6.599630833,1,6,AREG,exonic
3-end RNA-seq,Keratinocyte,chr4:7582638_A>G,6.454460621,1,6,SORCS2,intronic
3-end RNA-seq,Keratinocyte,chr4:7582641_A>G,1.4840000275,2,7;8,SORCS2,intronic
3-end RNA-seq,Keratinocyte,chr4:7582644_A>G,3.1938216685,2,7;8,SORCS2,intronic
3-end RNA-seq,Keratinocyte,chr4:7582652_A>G,3.6794391473333334,3,13;6;8,SORCS2,intronic
3-end RNA-seq,Keratinocyte,chr4:7582657_A>G,2.244460225,2,13;8,SORCS2,intronic
3-end RNA-seq,Keratinocyte,chr4:7582669_A>G,2.400522232,1,6,SORCS2,intronic
3-end RNA-seq,Keratinocyte,chr4:75886553_A>G,2.228907824,1,8,PPEF2,intronic
3-end RNA-seq,Keratinocyte,chr4:75886569_A>G,2.666147947,1,6,PPEF2,intronic
3-end RNA-seq,Keratinocyte,chr4:76001470_C>T,18.71596146,1,6,SDAD1-AS1,ncRNA_intronic
3-end RNA-seq,Keratinocyte,chr4:76021120_A>G,2.22084713,1,6,CXCL10,UTR3
3-end RNA-seq,Keratinocyte,chr4:78610443_T>C,3.017581224,1,6,ANXA3,UTR3
3-end RNA-seq,Keratinocyte,chr4:78793316_A>G,1.17967689,1,6,BMP2K,intronic
3-end RNA-seq,Keratinocyte,chr4:81843290_C>A,5.073241711,1,8,RASGEF1B;HNRNPD,intergenic
3-end RNA-seq,Keratinocyte,chr4:82839285_G>A,9.781090736,1,6,SEC31A,intronic
3-end RNA-seq,Keratinocyte,chr4:86693071_T>C,2.955081224,1,6,PTPN13,intronic
3-end RNA-seq,Keratinocyte,chr4:87140885_C>A,5.196686745,1,6,AFF1,UTR3
3-end RNA-seq,Keratinocyte,chr4:94291290_T>A,4.955697536,1,6,SMARCAD1,UTR3
3-end RNA-seq,Keratinocyte,chr4:98443859_T>A,1.946086884,1,6,RAP1GDS1,downstream
3-end RNA-seq,Keratinocyte,chr4:98880058_G>T,9.627384186,1,6,EIF4E,UTR3
3-end RNA-seq,Keratinocyte,chr5:10279277_C>T,4.561507225,1,6,CMBL,UTR3
3-end RNA-seq,Keratinocyte,chr5:10279360_A>C,7.693153858,1,6,CMBL,UTR3
3-end RNA-seq,Keratinocyte,chr5:103087875_A>C,4.192177296,1,8,GIN1,UTR3
3-end RNA-seq,Keratinocyte,chr5:124636921_A>T,5.311534405,1,6,ZNF608,UTR3
3-end RNA-seq,Keratinocyte,chr5:132190188_T>C,6.690719604,1,8,P4HA2-AS1,ncRNA_intronic
3-end RNA-seq,Keratinocyte,chr5:132272330_G>A,2.667205095,1,6,PDLIM4,UTR3
3-end RNA-seq,Keratinocyte,chr5:132483085_A>T,8.291425705,1,6,IRF1,UTR3
3-end RNA-seq,Keratinocyte,chr5:132921499_G>A,4.695988655,1,8,AFF4,intronic
3-end RNA-seq,Keratinocyte,chr5:134482554_T>C,2.240807772,1,6,LOC102546229;LINC01843,intergenic
3-end RNA-seq,Keratinocyte,chr5:135570685_T>C,7.7603366375,2,13;6,CXCL14,UTR3
3-end RNA-seq,Keratinocyte,chr5:135571037_G>A,14.51426601,1,6,CXCL14,UTR3
3-end RNA-seq,Keratinocyte,chr5:135571063_C>T,11.96135235,1,6,CXCL14,UTR3
3-end RNA-seq,Keratinocyte,chr5:135571783_T>C,1.154119849,1,6,CXCL14,UTR3
3-end RNA-seq,Keratinocyte,chr5:135571787_A>T,1.172546476,2,13;6,CXCL14,UTR3
3-end RNA-seq,Keratinocyte,chr5:138436944_C>A,3.901419163,1,6,KDM3B,UTR3
3-end RNA-seq,Keratinocyte,chr5:13845873_A>C,4.511887074,1,6,DNAH5,intronic
3-end RNA-seq,Keratinocyte,chr5:140524115_G>A,2.161528587,1,6,ANKHD1;ANKHD1-EIF4EBP3,exonic
3-end RNA-seq,Keratinocyte,chr5:14180101_A>G,5.521077156,1,6,TRIO,intronic
3-end RNA-seq,Keratinocyte,chr5:146062570_G>A,18.53203392,1,8,SH3RF2,exonic
3-end RNA-seq,Keratinocyte,chr5:146064592_A>G,2.217603207,1,6,SH3RF2;PLAC8L1,intergenic
3-end RNA-seq,Keratinocyte,chr5:146064594_A>G,5.2016661165,2,6;8,SH3RF2;PLAC8L1,intergenic
3-end RNA-seq,Keratinocyte,chr5:146064610_A>G,8.520706177,1,6,SH3RF2;PLAC8L1,intergenic
3-end RNA-seq,Keratinocyte,chr5:14651754_T>C,6.9235649105,2,6;8,SNORD141A;SNORD141B,downstream
3-end RNA-seq,Keratinocyte,chr5:14698607_G>A,10.69364834,1,6,OTULIN,UTR3
3-end RNA-seq,Keratinocyte,chr5:148101362_G>A,14.93492889,1,8,SPINK5,exonic
3-end RNA-seq,Keratinocyte,chr5:148108760_G>A,19.21088219,1,8,SPINK5,exonic
3-end RNA-seq,Keratinocyte,chr5:148108787_G>A,2.533501625,1,8,SPINK5,exonic
3-end RNA-seq,Keratinocyte,chr5:148120130_A>G,3.328740358,1,8,SPINK5,exonic
3-end RNA-seq,Keratinocyte,chr5:148124781_G>A,15.2313385,1,8,SPINK5,exonic
3-end RNA-seq,Keratinocyte,chr5:148124946_G>A,13.76621246,1,8,SPINK5,UTR3
3-end RNA-seq,Keratinocyte,chr5:148137281_G>A,18.1983242,1,8,SPINK5,UTR3
3-end RNA-seq,Keratinocyte,chr5:149498235_T>G,11.70661354,1,8,CSNK1A1,intronic
3-end RNA-seq,Keratinocyte,chr5:149499978_T>C,13.01775551,1,6,CSNK1A1,intronic
3-end RNA-seq,Keratinocyte,chr5:149500198_C>T,4.424752632666666,3,6;7;8,CSNK1A1,intronic
3-end RNA-seq,Keratinocyte,chr5:150398364_C>A,2.271122694,1,6,TCOF1,exonic
3-end RNA-seq,Keratinocyte,chr5:150398445_G>A,2.684934139,1,6,TCOF1,exonic
3-end RNA-seq,Keratinocyte,chr5:150405783_A>T,0.532143712,1,6,CD74,intronic
3-end RNA-seq,Keratinocyte,chr5:150447657_T>G,7.317551136,1,6,RPS14,exonic
3-end RNA-seq,Keratinocyte,chr5:150447704_C>T,5.146495819,1,6,RPS14,exonic
3-end RNA-seq,Keratinocyte,chr5:150558033_A>C,5.2856884,1,6,NDST1,UTR3
3-end RNA-seq,Keratinocyte,chr5:151270390_T>A,3.466310501,1,6,GM2A,UTR3
3-end RNA-seq,Keratinocyte,chr5:151504106_G>T,5.914774895,1,6,FAT2,UTR3
3-end RNA-seq,Keratinocyte,chr5:151504290_G>T,2.59519124,1,6,FAT2,UTR3
3-end RNA-seq,Keratinocyte,chr5:151504304_G>T,4.819024563,1,6,FAT2,UTR3
3-end RNA-seq,Keratinocyte,chr5:151504336_T>G,2.228850365,1,6,FAT2,UTR3
3-end RNA-seq,Keratinocyte,chr5:151661449_T>C,1.705388427,1,6,SPARC,UTR3
3-end RNA-seq,Keratinocyte,chr5:151732043_T>C,6.995370865,1,6,CLMAT3;ATOX1,intergenic
3-end RNA-seq,Keratinocyte,chr5:16474685_T>A,5.194828033,1,6,RETREG1,UTR3
3-end RNA-seq,Keratinocyte,chr5:16665433_T>C,1.492949009,1,6,MYO10,UTR3
3-end RNA-seq,Keratinocyte,chr5:167801090_G>A,7.611345768,1,6,TENM2,intronic
3-end RNA-seq,Keratinocyte,chr5:167872304_A>T,1.224298954,1,6,TENM2,intronic
3-end RNA-seq,Keratinocyte,chr5:167872339_A>G,3.938023567,1,6,TENM2,intronic
3-end RNA-seq,Keratinocyte,chr5:167872484_A>G,6.568677902,1,6,TENM2,intronic
3-end RNA-seq,Keratinocyte,chr5:168070797_G>A,5.218648434,1,6,TENM2,intronic
3-end RNA-seq,Keratinocyte,chr5:168115355_G>A,8.523560524,1,6,TENM2,intronic
3-end RNA-seq,Keratinocyte,chr5:168238167_G>A,6.93624258,1,6,TENM2,intronic
3-end RNA-seq,Keratinocyte,chr5:168238192_A>G,1.096069455,1,6,TENM2,intronic
3-end RNA-seq,Keratinocyte,chr5:168238206_G>A,6.496380329,1,6,TENM2,intronic
3-end RNA-seq,Keratinocyte,chr5:168238221_G>A,5.398019314,1,6,TENM2,intronic
3-end RNA-seq,Keratinocyte,chr5:168263485_G>A,8.973059654,1,6,TENM2,UTR3
3-end RNA-seq,Keratinocyte,chr5:168263937_T>A,5.716407776,1,6,TENM2,UTR3
3-end RNA-seq,Keratinocyte,chr5:168263962_T>A,2.683739424,1,6,TENM2,UTR3
3-end RNA-seq,Keratinocyte,chr5:168469712_A>C,2.6066299675,2,6;8,WWC1,UTR3
3-end RNA-seq,Keratinocyte,chr5:17276729_A>G,2.961156368,1,6,BASP1,UTR3
3-end RNA-seq,Keratinocyte,chr5:17276739_C>A,1.7037977574999998,2,13;8,BASP1,UTR3
3-end RNA-seq,Keratinocyte,chr5:17276740_A>C,6.687846184,1,6,BASP1,UTR3
3-end RNA-seq,Keratinocyte,chr5:172768099_C>T,1.190562844,1,7,DUSP1,UTR3
3-end RNA-seq,Keratinocyte,chr5:17276836_T>A,2.402784109,1,6,BASP1,UTR3
3-end RNA-seq,Keratinocyte,chr5:173607544_A>T,2.189316511,1,6,BOD1,UTR3
3-end RNA-seq,Keratinocyte,chr5:175710623_C>T,9.596925735,1,6,HRH2,UTR3
3-end RNA-seq,Keratinocyte,chr5:176384019_T>C,7.600230217,1,6,NOP16,exonic
3-end RNA-seq,Keratinocyte,chr5:176389759_T>C,3.077952862,1,8,HIGD2A,UTR3
3-end RNA-seq,Keratinocyte,chr5:177285433_A>G,1.525159359,1,6,NSD1,intronic
3-end RNA-seq,Keratinocyte,chr5:179837252_C>T,2.333307266,1,6,SQSTM1,UTR3
3-end RNA-seq,Keratinocyte,chr5:1877528_A>T,4.685210228,1,6,IRX4,UTR3
3-end RNA-seq,Keratinocyte,chr5:2746766_C>T,5.216579437,2,6;8,IRX2,UTR3
3-end RNA-seq,Keratinocyte,chr5:32791717_G>A,13.77040672,1,6,NPR3,UTR3
3-end RNA-seq,Keratinocyte,chr5:33138543_T>C,8.767057419,1,6,LINC02120;LINC02160,intergenic
3-end RNA-seq,Keratinocyte,chr5:33158644_G>T,2.977819443,1,6,LINC02120;LINC02160,intergenic
3-end RNA-seq,Keratinocyte,chr5:33158651_G>T,2.020712376,1,6,LINC02120;LINC02160,intergenic
3-end RNA-seq,Keratinocyte,chr5:33158652_G>T,9.877830505,1,6,LINC02120;LINC02160,intergenic
3-end RNA-seq,Keratinocyte,chr5:33188622_C>T,5.372219563,1,6,LINC02120;LINC02160,intergenic
3-end RNA-seq,Keratinocyte,chr5:33247766_T>C,11.84550858,1,6,LINC02160,ncRNA_intronic
3-end RNA-seq,Keratinocyte,chr5:34087733_G>C,6.432291508,1,6,C1QTNF3-AMACR,ncRNA_intronic
3-end RNA-seq,Keratinocyte,chr5:3601336_T>G,4.356784344,1,6,IRX1,UTR3
3-end RNA-seq,Keratinocyte,chr5:38940143_C>A,8.324025154,1,6,RICTOR,UTR3
3-end RNA-seq,Keratinocyte,chr5:38940144_A>C,22.16908264,1,6,RICTOR,UTR3
3-end RNA-seq,Keratinocyte,chr5:40762776_G>T,9.846933365,1,6,PRKAA1,UTR3
3-end RNA-seq,Keratinocyte,chr5:42992923_C>T,2.330358744,1,6,FLJ32255,ncRNA_exonic
3-end RNA-seq,Keratinocyte,chr5:43290751_C>T,8.8141477085,2,6;8,HMGCS1,UTR3
3-end RNA-seq,Keratinocyte,chr5:480889_C>A,10.70053005,1,6,SLC9A3-AS1,ncRNA_exonic
3-end RNA-seq,Keratinocyte,chr5:53073938_G>A,12.70306396,1,6,ITGA2,intronic
3-end RNA-seq,Keratinocyte,chr5:53092624_T>C,2.92922473,1,6,ITGA2,UTR3
3-end RNA-seq,Keratinocyte,chr5:53094584_A>G,2.803267717,1,6,ITGA2,UTR3
3-end RNA-seq,Keratinocyte,chr5:53486072_C>T,7.301051617,1,6,FST,UTR3
3-end RNA-seq,Keratinocyte,chr5:53487106_G>A,11.08401203,1,6,FST,UTR3
3-end RNA-seq,Keratinocyte,chr5:53487113_T>A,7.985538483,1,6,FST,UTR3
3-end RNA-seq,Keratinocyte,chr5:53563179_A>G,9.698659897,1,6,NDUFS4,intronic
3-end RNA-seq,Keratinocyte,chr5:55418140_A>G,8.074455261,1,6,MTREX,intronic
3-end RNA-seq,Keratinocyte,chr5:58970121_A>G,4.77169323,1,6,PDE4D,UTR3
3-end RNA-seq,Keratinocyte,chr5:60489851_G>A,23.66775513,1,6,PART1,ncRNA_exonic
3-end RNA-seq,Keratinocyte,chr5:61158605_A>T,3.73349762,1,6,SMIM15,UTR3
3-end RNA-seq,Keratinocyte,chr5:61431314_A>G,9.912437439,1,6,ZSWIM6,intronic
3-end RNA-seq,Keratinocyte,chr5:64724441_C>T,2.333150864,1,6,SREK1IP1,exonic
3-end RNA-seq,Keratinocyte,chr5:6674363_T>C,8.418300629,1,6,SRD5A1,UTR3
3-end RNA-seq,Keratinocyte,chr5:66847756_A>G,11.61303997,1,6,MAST4,intronic
3-end RNA-seq,Keratinocyte,chr5:67169588_T>A,2.237593889,1,6,MAST4,UTR3
3-end RNA-seq,Keratinocyte,chr5:69177736_T>C,9.307583809,1,6,CCNB1,UTR3
3-end RNA-seq,Keratinocyte,chr5:69178241_C>A,9.359898567,1,6,CCNB1,UTR3
3-end RNA-seq,Keratinocyte,chr5:73499140_G>A,5.289749622,1,6,BTF3,exonic
3-end RNA-seq,Keratinocyte,chr5:73509712_G>A,4.057876587,1,6,BTF3;ANKRA2,intergenic
3-end RNA-seq,Keratinocyte,chr5:79460259_A>G,6.253260136,1,8,HOMER1,intronic
3-end RNA-seq,Keratinocyte,chr5:80138898_A>G,7.296967983,1,6,SERINC5,UTR3
3-end RNA-seq,Keratinocyte,chr5:81304931_T>A,5.477454662,1,6,ZCCHC9,exonic
3-end RNA-seq,Keratinocyte,chr5:81313142_T>A,4.454489231,1,6,ZCCHC9,UTR3
3-end RNA-seq,Keratinocyte,chr5:83353758_G>A,2.684308767,1,6,XRCC4,UTR3
3-end RNA-seq,Keratinocyte,chr5:91368950_T>C,6.462679386,1,6,ARRDC3,UTR3
3-end RNA-seq,Keratinocyte,chr5:918043_G>A,5.58316946,1,6,TRIP13,UTR3
3-end RNA-seq,Keratinocyte,chr5:94871267_C>T,9.832731247,1,6,MCTP1,intronic
3-end RNA-seq,Keratinocyte,chr5:95902792_C>T,4.324533463,1,6,ELL2,intronic
3-end RNA-seq,Keratinocyte,chr6:10397417_C>T,2.060189962,1,6,TFAP2A,UTR3
3-end RNA-seq,Keratinocyte,chr6:106969833_G>A,8.8689079285,2,6;8,CD24,UTR3
3-end RNA-seq,Keratinocyte,chr6:108211226_A>T,3.853832483,1,6,SNX3,UTR3
3-end RNA-seq,Keratinocyte,chr6:10829086_C>T,1.8066623805,2,6;8,MAK,intronic
3-end RNA-seq,Keratinocyte,chr6:113861098_G>A,2.841269016,1,8,MARCKS,UTR3
3-end RNA-seq,Keratinocyte,chr6:113861143_C>A,5.2775028945,2,6;8,MARCKS,UTR3
3-end RNA-seq,Keratinocyte,chr6:113861153_G>A,3.504006863,1,8,MARCKS,UTR3
3-end RNA-seq,Keratinocyte,chr6:113861605_A>G,4.471123457,2,6;8,MARCKS,UTR3
3-end RNA-seq,Keratinocyte,chr6:113861801_T>C,2.213974953,1,8,MARCKS,UTR3
3-end RNA-seq,Keratinocyte,chr6:113861802_A>G,7.6360323425,2,6;8,MARCKS,UTR3
3-end RNA-seq,Keratinocyte,chr6:117563998_G>A,9.911409378,1,6,DCBLD1;GOPC,intronic
3-end RNA-seq,Keratinocyte,chr6:122837297_T>C,10.13502598,1,6,SMPDL3A;CLVS2,intergenic
3-end RNA-seq,Keratinocyte,chr6:125260844_A>G,1.4771379825,2,6;8,TPD52L1,intronic
3-end RNA-seq,Keratinocyte,chr6:125263492_T>C,6.101917267,1,6,TPD52L1,UTR3
3-end RNA-seq,Keratinocyte,chr6:126348602_T>C,8.914871216,1,6,CENPW,UTR3
3-end RNA-seq,Keratinocyte,chr6:131586754_A>T,2.537479401,1,6,MED23,UTR3
3-end RNA-seq,Keratinocyte,chr6:132814780_A>C,4.5792109965000005,2,6;8,RPS12,exonic
3-end RNA-seq,Keratinocyte,chr6:13358140_A>T,3.766535997,1,6,GFOD1,UTR3
3-end RNA-seq,Keratinocyte,chr6:13423952_G>A,9.445596695,1,6,GFOD1,intronic
3-end RNA-seq,Keratinocyte,chr6:136421771_C>T,8.066164017,1,8,MAP7,exonic
3-end RNA-seq,Keratinocyte,chr6:138093396_C>T,3.976775169,1,6,PERP,intronic
3-end RNA-seq,Keratinocyte,chr6:138629459_T>C,13.38507843,1,6,NHSL1;FLJ46906,intergenic
3-end RNA-seq,Keratinocyte,chr6:138793317_T>C,4.762085438,1,6,CCDC28A,UTR3
3-end RNA-seq,Keratinocyte,chr6:139043303_G>A,7.175719261,1,6,ABRACL,downstream
3-end RNA-seq,Keratinocyte,chr6:147411334_T>A,2.928370953,1,6,STXBP5;SAMD5,intergenic
3-end RNA-seq,Keratinocyte,chr6:149591742_G>A,1.724165797,1,6,GINM1,UTR3
3-end RNA-seq,Keratinocyte,chr6:149818798_A>G,2.933853149,1,6,LRP11,UTR3
3-end RNA-seq,Keratinocyte,chr6:150155982_A>G,4.116271496,1,6,PPP1R14C,intronic
3-end RNA-seq,Keratinocyte,chr6:15324111_A>G,2.960926771,1,6,JARID2,intronic
3-end RNA-seq,Keratinocyte,chr6:157944508_G>A,2.53776741,1,6,SNX9,UTR3
3-end RNA-seq,Keratinocyte,chr6:158362963_A>G,4.096734047,1,6,TULP4,intronic
3-end RNA-seq,Keratinocyte,chr6:158635028_G>A,4.045849323,1,6,TMEM181,UTR3
3-end RNA-seq,Keratinocyte,chr6:158643555_C>T,0.788709939,1,6,DYNLT1,intronic
3-end RNA-seq,Keratinocyte,chr6:158765747_G>T,1.170724273,1,6,MIR3918;EZR;SYTL3,upstream;downstream
3-end RNA-seq,Keratinocyte,chr6:158766313_C>A,7.82239723075,4,13;6;7;8,EZR,UTR3
3-end RNA-seq,Keratinocyte,chr6:158770891_T>G,5.681485176,1,6,EZR,exonic
3-end RNA-seq,Keratinocyte,chr6:159679119_G>T,11.19826031,1,6,SOD2,UTR3
3-end RNA-seq,Keratinocyte,chr6:159679120_A>T,13.34132385,1,6,SOD2,UTR3
3-end RNA-seq,Keratinocyte,chr6:160106522_C>A,5.19768095,1,6,IGF2R,UTR3
3-end RNA-seq,Keratinocyte,chr6:16148245_C>T,6.820145607,1,6,MYLIP,UTR3
3-end RNA-seq,Keratinocyte,chr6:167872292_G>A,0.861370742,1,6,AFDN,exonic
3-end RNA-seq,Keratinocyte,chr6:170282202_C>T,12.31887817,1,6,DLL1,downstream
3-end RNA-seq,Keratinocyte,chr6:170282208_G>T,11.21714687,1,6,DLL1,UTR3
3-end RNA-seq,Keratinocyte,chr6:170383102_G>A,3.202601194,1,6,FAM120B,intronic
3-end RNA-seq,Keratinocyte,chr6:17707304_G>A,7.580278397,1,6,LOC105374952,ncRNA_exonic
3-end RNA-seq,Keratinocyte,chr6:17803130_T>C,17.12478638,1,6,KIF13A,intronic
3-end RNA-seq,Keratinocyte,chr6:17966489_G>T,4.407007217,1,6,KIF13A,intronic
3-end RNA-seq,Keratinocyte,chr6:17966509_C>A,6.368494511,1,6,KIF13A,intronic
3-end RNA-seq,Keratinocyte,chr6:20725709_G>T,5.778624535,1,6,CDKAL1,intronic
3-end RNA-seq,Keratinocyte,chr6:21594117_G>A,1.551015854,1,8,SOX4,UTR5
3-end RNA-seq,Keratinocyte,chr6:21594118_G>A,4.454169512,2,6;8,SOX4,UTR5
3-end RNA-seq,Keratinocyte,chr6:21594119_G>A,2.8754793405,2,6;8,SOX4,UTR5
3-end RNA-seq,Keratinocyte,chr6:21594120_A>T,3.875971794,1,8,SOX4,UTR5
3-end RNA-seq,Keratinocyte,chr6:21598492_G>A,8.393945694,1,6,SOX4,UTR3
3-end RNA-seq,Keratinocyte,chr6:21598616_T>C,3.8796122075,2,6;8,SOX4,UTR3
3-end RNA-seq,Keratinocyte,chr6:24701522_A>G,5.327235222,1,6,ACOT13,exonic
3-end RNA-seq,Keratinocyte,chr6:24786095_G>A,8.734820366,1,6,GMNN,UTR3
3-end RNA-seq,Keratinocyte,chr6:26138955_T>C,5.529176235,1,6,H2AC6;H1-4,intergenic
3-end RNA-seq,Keratinocyte,chr6:26139110_G>A,7.828337193,1,6,H2AC6;H1-4,intergenic
3-end RNA-seq,Keratinocyte,chr6:26171346_T>C,12.20076561,1,6,H2BC5,UTR3
3-end RNA-seq,Keratinocyte,chr6:26376215_G>A,4.198541164,1,6,BTN3A2,UTR3
3-end RNA-seq,Keratinocyte,chr6:2833502_C>T,10.80615044,1,6,SERPINB1,UTR3
3-end RNA-seq,Keratinocyte,chr6:29726496_T>A,2.921869755,1,6,HLA-F,UTR3
3-end RNA-seq,Keratinocyte,chr6:29726525_T>A,2.38909483,1,6,HLA-F,UTR3
3-end RNA-seq,Keratinocyte,chr6:29890883_A>C,4.328543186,1,6,HLA-H,ncRNA_exonic
3-end RNA-seq,Keratinocyte,chr6:29890971_A>T,2.552960157,1,6,HLA-H,ncRNA_exonic
3-end RNA-seq,Keratinocyte,chr6:29944608_A>C,5.559578896,1,6,HLA-A,exonic
3-end RNA-seq,Keratinocyte,chr6:30486942_T>C,3.093658447,1,8,RPP21;HLA-E,intergenic
3-end RNA-seq,Keratinocyte,chr6:30653126_C>T,4.571172714,1,6,C6orf136;DHX16,UTR3
3-end RNA-seq,Keratinocyte,chr6:30715720_A>G,2.631844044,1,6,MDC1,intronic
3-end RNA-seq,Keratinocyte,chr6:30724912_A>C,7.113801003,1,6,TUBB,UTR3
3-end RNA-seq,Keratinocyte,chr6:31131546_A>G,1.702921629,1,6,PSORS1C1,intronic
3-end RNA-seq,Keratinocyte,chr6:31353909_A>C,2.010581076,3,13;7;8,HLA-B,UTR3
3-end RNA-seq,Keratinocyte,chr6:31354026_G>A,8.184685707,1,8,HLA-B,UTR3
3-end RNA-seq,Keratinocyte,chr6:31730917_T>G,2.384957314,1,6,CLIC1,exonic
3-end RNA-seq,Keratinocyte,chr6:31830174_T>G,3.893724203,1,6,HSPA1B,UTR3
3-end RNA-seq,Keratinocyte,chr6:31830177_C>G,2.792828281666667,3,13;7;8,HSPA1B,UTR3
3-end RNA-seq,Keratinocyte,chr6:31830194_C>G,6.121655941,2,6;8,HSPA1B,UTR3
3-end RNA-seq,Keratinocyte,chr6:32643492_T>A,0.590826809,1,6,HLA-DQA1,UTR3
3-end RNA-seq,Keratinocyte,chr6:32859582_A>T,3.450124025,1,6,PSMB9,UTR3
3-end RNA-seq,Keratinocyte,chr6:32859786_A>T,3.968692541,1,6,PSMB9,UTR3
3-end RNA-seq,Keratinocyte,chr6:33299696_T>C,4.746396065,1,6,TAPBP,UTR3
3-end RNA-seq,Keratinocyte,chr6:33409868_A>T,6.380534649,1,6,KIFC1,UTR3
3-end RNA-seq,Keratinocyte,chr6:33409891_G>T,10.93373489,1,6,KIFC1,UTR3
3-end RNA-seq,Keratinocyte,chr6:34773788_G>A,2.085751772,1,8,SNRPC,UTR3
3-end RNA-seq,Keratinocyte,chr6:34773791_A>G,4.828095436,1,6,SNRPC,UTR3
3-end RNA-seq,Keratinocyte,chr6:35428179_G>A,2.84598279,1,6,PPARD,UTR3
3-end RNA-seq,Keratinocyte,chr6:35556305_A>C,4.760088921,1,6,TULP1;FKBP5,intergenic
3-end RNA-seq,Keratinocyte,chr6:36687337_T>C,7.142434120000001,2,6;8,CDKN1A,downstream
3-end RNA-seq,Keratinocyte,chr6:37175391_A>T,6.739704609,1,6,PIM1,UTR3
3-end RNA-seq,Keratinocyte,chr6:37843819_C>T,8.265482903,1,6,ZFAND3,intronic
3-end RNA-seq,Keratinocyte,chr6:37844949_A>G,7.639780521,1,6,ZFAND3,intronic
3-end RNA-seq,Keratinocyte,chr6:38154621_G>A,2.133546352,1,6,ZFAND3,UTR3
3-end RNA-seq,Keratinocyte,chr6:38396977_C>T,2.221488714,1,6,BTBD9,intronic
3-end RNA-seq,Keratinocyte,chr6:4115708_G>T,1.075205564,1,6,ECI2,UTR3
3-end RNA-seq,Keratinocyte,chr6:41654075_C>T,2.135155201,1,6,MDFI,UTR3
3-end RNA-seq,Keratinocyte,chr6:42208043_C>T,10.14320564,1,6,MRPS10,UTR3
3-end RNA-seq,Keratinocyte,chr6:43054318_T>G,7.440776348,1,6,MRPL2,exonic
3-end RNA-seq,Keratinocyte,chr6:43161653_G>T,2.112832308,1,8,PTK7,UTR3
3-end RNA-seq,Keratinocyte,chr6:43161667_G>T,4.253348351,1,6,PTK7,UTR3
3-end RNA-seq,Keratinocyte,chr6:43181239_C>T,3.139053583,1,6,SRF,UTR3
3-end RNA-seq,Keratinocyte,chr6:43511859_A>T,1.221868515,1,6,YIPF3,UTR3
3-end RNA-seq,Keratinocyte,chr6:43522337_C>T,8.243361473,1,6,XPO5,UTR3
3-end RNA-seq,Keratinocyte,chr6:43785840_T>A,8.044250488,1,6,VEGFA,UTR3
3-end RNA-seq,Keratinocyte,chr6:43786145_A>G,10.63001919,1,6,VEGFA,UTR3
3-end RNA-seq,Keratinocyte,chr6:44155277_C>A,2.512640715,1,6,TMEM63B,UTR3
3-end RNA-seq,Keratinocyte,chr6:44155477_T>C,3.7193614245,2,6;8,TMEM63B,UTR3
3-end RNA-seq,Keratinocyte,chr6:44251140_G>A,2.3384308220000003,2,6;8,HSP90AB1,exonic
3-end RNA-seq,Keratinocyte,chr6:47722015_C>A,10.399895189999999,2,6;8,ADGRF4,downstream
3-end RNA-seq,Keratinocyte,chr6:49561914_C>A,3.970367908,1,6,C6orf141;RHAG,intergenic
3-end RNA-seq,Keratinocyte,chr6:52500546_A>G,7.203038216,1,6,TRAM2,UTR3
3-end RNA-seq,Keratinocyte,chr6:54296922_T>A,29.95683861,1,6,MLIP;TINAG,intergenic
3-end RNA-seq,Keratinocyte,chr6:5456547_C>T,16.37950706,1,6,LOC101927972,ncRNA_intronic
3-end RNA-seq,Keratinocyte,chr6:54871746_A>G,7.689746857,1,6,FAM83B,intronic
3-end RNA-seq,Keratinocyte,chr6:54884181_A>G,4.210186005,1,6,FAM83B,intronic
3-end RNA-seq,Keratinocyte,chr6:54884252_A>G,7.147442818,1,6,FAM83B,intronic
3-end RNA-seq,Keratinocyte,chr6:56614816_A>C,6.829432487,1,6,DST,UTR3
3-end RNA-seq,Keratinocyte,chr6:56617643_G>A,2.321230412,1,6,DST,intronic
3-end RNA-seq,Keratinocyte,chr6:56619392_C>T,10.68747616,1,6,DST,exonic
3-end RNA-seq,Keratinocyte,chr6:56620072_C>T,10.82622433,1,6,DST,exonic
3-end RNA-seq,Keratinocyte,chr6:56624378_A>T,2.903931379,1,6,DST,intronic
3-end RNA-seq,Keratinocyte,chr6:56630800_T>C,4.852139473,1,6,DST,intronic
3-end RNA-seq,Keratinocyte,chr6:56638088_A>G,5.455737114,1,6,DST,intronic
3-end RNA-seq,Keratinocyte,chr6:56639336_C>T,3.801416636,1,6,DST,exonic
3-end RNA-seq,Keratinocyte,chr6:56639342_G>T,10.11127472,1,6,DST,exonic
3-end RNA-seq,Keratinocyte,chr6:56639468_C>T,7.226621151,1,6,DST,exonic
3-end RNA-seq,Keratinocyte,chr6:57608606_C>T,7.186467648,1,6,PRIM2,intronic
3-end RNA-seq,Keratinocyte,chr6:7289182_G>A,3.67525053,1,6,SSR1,UTR3
3-end RNA-seq,Keratinocyte,chr6:73372920_T>C,5.275873661,1,6,OOEP;DDX43,intergenic
3-end RNA-seq,Keratinocyte,chr6:73823929_G>A,3.640920162,1,6,CD109,UTR3
3-end RNA-seq,Keratinocyte,chr6:75086142_A>G,6.39708519,1,6,COL12A1,UTR3
3-end RNA-seq,Keratinocyte,chr6:7540453_G>T,4.694079876,1,6,RIOK1;DSP,intergenic
3-end RNA-seq,Keratinocyte,chr6:75675186_T>C,3.09641242,1,6,SENP6,intronic
3-end RNA-seq,Keratinocyte,chr6:7572029_A>G,4.635142803,1,8,DSP,exonic
3-end RNA-seq,Keratinocyte,chr6:7579598_G>A,2.442929983,1,6,DSP,exonic
3-end RNA-seq,Keratinocyte,chr6:7584553_G>A,2.652160883,1,6,DSP,exonic
3-end RNA-seq,Keratinocyte,chr6:7584688_G>A,7.101943731,2,6;8,DSP,exonic
3-end RNA-seq,Keratinocyte,chr6:7585405_G>A,2.078888893,1,6,DSP,exonic
3-end RNA-seq,Keratinocyte,chr6:7585941_T>A,11.01199055,1,6,DSP,UTR3
3-end RNA-seq,Keratinocyte,chr6:7586572_G>A,3.3707304,1,7,DSP,UTR3
3-end RNA-seq,Keratinocyte,chr6:75890192_G>A,1.853218019,2,6;8,MYO6,exonic
3-end RNA-seq,Keratinocyte,chr6:75891259_G>A,4.986432552,1,6,MYO6,exonic
3-end RNA-seq,Keratinocyte,chr6:75891265_G>A,0.815588951,1,6,MYO6,exonic
3-end RNA-seq,Keratinocyte,chr6:81749645_C>T,6.417975903,1,6,TENT5A,UTR3
3-end RNA-seq,Keratinocyte,chr6:87512265_T>A,3.644080639,1,6,SLC35A1,UTR3
3-end RNA-seq,Keratinocyte,chr6:87674995_G>A,4.221254349,1,8,AKIRIN2,UTR3
3-end RNA-seq,Keratinocyte,chr6:99369473_C>T,4.806323528,1,6,COQ3,UTR3
3-end RNA-seq,Keratinocyte,chr7:100039315_G>A,4.683543205,1,6,ZKSCAN1,UTR3
3-end RNA-seq,Keratinocyte,chr7:100681355_C>T,7.19493866,1,6,GIGYF1,UTR3
3-end RNA-seq,Keratinocyte,chr7:100717627_T>C,3.387100697,1,6,POP7;EPO,intergenic
3-end RNA-seq,Keratinocyte,chr7:100717637_T>C,2.926340103,1,6,POP7;EPO,intergenic
3-end RNA-seq,Keratinocyte,chr7:100725656_T>C,5.440176964,1,6,EPO;ZAN,intergenic
3-end RNA-seq,Keratinocyte,chr7:100733283_T>C,3.144116879,1,6,ZAN,upstream
3-end RNA-seq,Keratinocyte,chr7:101224186_C>G,4.247106552,1,6,ZNHIT1,UTR3
3-end RNA-seq,Keratinocyte,chr7:101965790_A>G,7.750977516,1,6,CUX1,intronic
3-end RNA-seq,Keratinocyte,chr7:102257776_C>A,3.703689337,1,6,CUX1,UTR3
3-end RNA-seq,Keratinocyte,chr7:10453495_A>G,6.625813484,1,6,MGC4859,ncRNA_intronic
3-end RNA-seq,Keratinocyte,chr7:104671573_A>G,1.512936234,1,6,LHFPL3,intronic
3-end RNA-seq,Keratinocyte,chr7:105116378_G>T,0.771643162,1,6,SRPK2,UTR3
3-end RNA-seq,Keratinocyte,chr7:107941859_A>G,2.344871044,1,6,LAMB1,intronic
3-end RNA-seq,Keratinocyte,chr7:107942497_G>A,9.862469673,1,6,LAMB1,intronic
3-end RNA-seq,Keratinocyte,chr7:112343027_T>A,4.331176758,1,6,ZNF277,UTR3
3-end RNA-seq,Keratinocyte,chr7:112787920_T>C,5.322315693,1,6,TMEM168,intronic
3-end RNA-seq,Keratinocyte,chr7:116257555_G>A,1.37526834,1,6,TES,UTR3
3-end RNA-seq,Keratinocyte,chr7:116503883_A>G,7.748556137,1,6,CAV2,intronic
3-end RNA-seq,Keratinocyte,chr7:116507516_C>A,4.444925308,1,6,CAV2,UTR3
3-end RNA-seq,Keratinocyte,chr7:116716346_C>G,6.144257545,1,6,MET,intronic
3-end RNA-seq,Keratinocyte,chr7:116919152_C>A,2.519170761,1,6,CAPZA2,UTR3
3-end RNA-seq,Keratinocyte,chr7:118192183_T>A,5.346937656,1,6,LSM8,UTR3
3-end RNA-seq,Keratinocyte,chr7:122062034_T>C,8.768101692,1,6,PTPRZ1,UTR3
3-end RNA-seq,Keratinocyte,chr7:128769597_G>A,7.843075752,1,6,CALU,UTR3
3-end RNA-seq,Keratinocyte,chr7:128770576_C>T,4.92109108,1,6,CALU,UTR3
3-end RNA-seq,Keratinocyte,chr7:129284520_A>G,1.09759295,1,6,AHCYL2,intronic
3-end RNA-seq,Keratinocyte,chr7:129284538_A>G,9.677530289,1,6,AHCYL2,intronic
3-end RNA-seq,Keratinocyte,chr7:129349602_A>G,4.627883911,1,6,AHCYL2,intronic
3-end RNA-seq,Keratinocyte,chr7:130324070_T>G,2.799329519,1,6,CPA4,UTR3
3-end RNA-seq,Keratinocyte,chr7:130324073_G>T,5.855236053,1,6,CPA4,UTR3
3-end RNA-seq,Keratinocyte,chr7:132963351_G>A,2.702210665,1,6,CHCHD3,intronic
3-end RNA-seq,Keratinocyte,chr7:134541406_T>A,12.748348077,3,6;7;8,AKR1B10,UTR3
3-end RNA-seq,Keratinocyte,chr7:134679814_A>T,11.7732687,1,6,BPGM,UTR3
3-end RNA-seq,Keratinocyte,chr7:137227467_T>A,3.714198112,1,8,PTN,UTR3
3-end RNA-seq,Keratinocyte,chr7:137227468_A>T,7.660324574,1,8,PTN,UTR3
3-end RNA-seq,Keratinocyte,chr7:137513899_A>C,6.165054798,1,6,DGKI,intronic
3-end RNA-seq,Keratinocyte,chr7:137513908_G>A,9.024150848,1,6,DGKI,intronic
3-end RNA-seq,Keratinocyte,chr7:139045932_A>G,4.1922487020000005,2,6;8,ZC3HAV1,UTR3
3-end RNA-seq,Keratinocyte,chr7:139419116_C>A,1.576846361,1,6,LOC100129148,ncRNA_intronic
3-end RNA-seq,Keratinocyte,chr7:140719336_C>T,7.913655281,1,6,BRAF,intronic
3-end RNA-seq,Keratinocyte,chr7:142862818_G>A,8.91463089,1,8,EPHB6,UTR5
3-end RNA-seq,Keratinocyte,chr7:145997329_G>T,5.399654388,1,6,TPK1;CNTNAP2,intergenic
3-end RNA-seq,Keratinocyte,chr7:151378444_C>A,2.977357149,1,6,NUB1,UTR3
3-end RNA-seq,Keratinocyte,chr7:151556180_A>C,1.34918654,1,8,PRKAG2,UTR3
3-end RNA-seq,Keratinocyte,chr7:152331780_C>T,7.685333729,1,6,KMT2C,intronic
3-end RNA-seq,Keratinocyte,chr7:157346316_T>C,3.2666658164999998,2,6;8,DNAJB6,intronic
3-end RNA-seq,Keratinocyte,chr7:19115470_C>T,6.359528542,1,6,TWIST1,UTR3
3-end RNA-seq,Keratinocyte,chr7:20353863_C>T,2.171730757,2,6;8,ITGB8,intronic
3-end RNA-seq,Keratinocyte,chr7:2234293_G>A,1.120302916,1,6,MRM2,UTR3
3-end RNA-seq,Keratinocyte,chr7:23522319_C>T,8.487307549,1,6,TRA2A,UTR5
3-end RNA-seq,Keratinocyte,chr7:2528427_C>T,2.714841127,1,6,LFNG,UTR3
3-end RNA-seq,Keratinocyte,chr7:26212438_G>A,4.219919205,1,6,CBX3,UTR3
3-end RNA-seq,Keratinocyte,chr7:26212491_T>C,5.953747272,1,6,CBX3,UTR3
3-end RNA-seq,Keratinocyte,chr7:2664713_C>A,3.349498272,1,6,TTYH3,UTR3
3-end RNA-seq,Keratinocyte,chr7:2728109_A>T,6.969146729,1,6,GNA12,UTR3
3-end RNA-seq,Keratinocyte,chr7:2728111_A>T,2.182124376,1,6,GNA12,UTR3
3-end RNA-seq,Keratinocyte,chr7:27828864_T>A,2.916259527,1,6,TAX1BP1,UTR3
3-end RNA-seq,Keratinocyte,chr7:30366541_A>T,5.426598072,1,6,ZNRF2,UTR3
3-end RNA-seq,Keratinocyte,chr7:30373938_A>G,6.226197243,1,6,DKFZP586I1420;LINC01176,intergenic
3-end RNA-seq,Keratinocyte,chr7:30633896_T>A,3.900979042,1,6,GARS1,UTR3
3-end RNA-seq,Keratinocyte,chr7:3342597_G>A,9.223956108,1,6,SDK1,intronic
3-end RNA-seq,Keratinocyte,chr7:3418115_A>G,6.318378448,1,6,SDK1,intronic
3-end RNA-seq,Keratinocyte,chr7:36453784_T>A,12.12315655,1,6,ANLN,UTR3
3-end RNA-seq,Keratinocyte,chr7:39696786_C>A,5.211660385,1,6,RALA,exonic
3-end RNA-seq,Keratinocyte,chr7:39706182_G>A,4.935883999,1,6,RALA,exonic
3-end RNA-seq,Keratinocyte,chr7:41689496_G>T,7.992322445,1,6,INHBA,UTR3
3-end RNA-seq,Keratinocyte,chr7:41689535_G>T,3.258052826,1,6,INHBA,UTR3
3-end RNA-seq,Keratinocyte,chr7:41700480_T>G,5.381818295,1,6,INHBA-AS1,ncRNA_intronic
3-end RNA-seq,Keratinocyte,chr7:41700482_G>T,0.760052204,1,6,INHBA-AS1,ncRNA_intronic
3-end RNA-seq,Keratinocyte,chr7:42009501_G>T,14.74124336,1,6,GLI3,intronic
3-end RNA-seq,Keratinocyte,chr7:42937853_A>G,6.86124754,1,6,MRPL32,UTR3
3-end RNA-seq,Keratinocyte,chr7:45912351_A>T,8.483663559,1,6,IGFBP3,UTR3
3-end RNA-seq,Keratinocyte,chr7:45912899_A>G,8.006449699,1,6,IGFBP3,UTR3
3-end RNA-seq,Keratinocyte,chr7:48108416_A>G,7.519027233,1,6,UPP1,UTR3
3-end RNA-seq,Keratinocyte,chr7:54752312_C>A,4.260120869,1,8,SEC61G,UTR3
3-end RNA-seq,Keratinocyte,chr7:55035510_T>C,2.19606781,1,6,EGFR,intronic
3-end RNA-seq,Keratinocyte,chr7:55035524_A>C,7.940592289,1,6,EGFR,intronic
3-end RNA-seq,Keratinocyte,chr7:55035686_G>A,4.447419643,1,6,EGFR,intronic
3-end RNA-seq,Keratinocyte,chr7:55087272_T>A,13.04820824,1,6,EGFR,intronic
3-end RNA-seq,Keratinocyte,chr7:55205898_G>A,4.050396919,1,6,EGFR,UTR3
3-end RNA-seq,Keratinocyte,chr7:5902219_G>A,4.331012964,2,6;8,CCZ1,intronic
3-end RNA-seq,Keratinocyte,chr7:6161778_G>T,3.279313326,1,6,CYTH3;USP42,downstream
3-end RNA-seq,Keratinocyte,chr7:6396797_G>A,3.327740908,1,6,RAC1,intronic
3-end RNA-seq,Keratinocyte,chr7:6461744_C>T,7.484027386,1,6,KDELR2,UTR3
3-end RNA-seq,Keratinocyte,chr7:64918610_A>G,5.784948349,1,6,ZNF273,intronic
3-end RNA-seq,Keratinocyte,chr7:66678444_A>G,4.10412693,1,6,RABGEF1,intronic
3-end RNA-seq,Keratinocyte,chr7:70792635_C>A,1.959664345,1,6,AUTS2,UTR3
3-end RNA-seq,Keratinocyte,chr7:76302780_A>G,26.48700333,1,6,HSPB1,exonic
3-end RNA-seq,Keratinocyte,chr7:76303049_A>G,4.333414078,1,6,HSPB1,exonic
3-end RNA-seq,Keratinocyte,chr7:76707146_T>C,14.71011925,1,6,LOC100133091;DTX2P1-UPK3BP1-PMS2P11,intergenic
3-end RNA-seq,Keratinocyte,chr7:76707189_T>C,9.820026398,1,6,LOC100133091;DTX2P1-UPK3BP1-PMS2P11,intergenic
3-end RNA-seq,Keratinocyte,chr7:77009926_A>G,2.208287239,1,6,DTX2P1-UPK3BP1-PMS2P11,ncRNA_intronic
3-end RNA-seq,Keratinocyte,chr7:780827_T>C,8.947665215,1,6,DNAAF5,intronic
3-end RNA-seq,Keratinocyte,chr7:80812986_A>G,8.331136703,1,6,SEMA3C,intronic
3-end RNA-seq,Keratinocyte,chr7:80852731_T>C,10.96485806,1,6,SEMA3C,intronic
3-end RNA-seq,Keratinocyte,chr7:80886450_T>C,6.070245266,1,6,SEMA3C,intronic
3-end RNA-seq,Keratinocyte,chr7:80910672_A>G,3.897480249,1,6,SEMA3C,intronic
3-end RNA-seq,Keratinocyte,chr7:80910673_A>T,2.760199547,1,6,SEMA3C,intronic
3-end RNA-seq,Keratinocyte,chr7:88276583_A>T,22.57379913,1,6,STEAP4,UTR3
3-end RNA-seq,Keratinocyte,chr7:91268714_C>A,10.53947544,1,6,FZD1,UTR3
3-end RNA-seq,Keratinocyte,chr7:92673874_T>C,7.675366402,1,6,CDK6,intronic
3-end RNA-seq,Keratinocyte,chr7:92714808_C>T,10.83985233,1,6,CDK6,intronic
3-end RNA-seq,Keratinocyte,chr7:93681248_A>G,10.82610798,1,6,CALCR;MIR4652,intergenic
3-end RNA-seq,Keratinocyte,chr7:93681264_G>A,3.897593737,1,6,CALCR;MIR4652,intergenic
3-end RNA-seq,Keratinocyte,chr7:93681303_A>G,2.333557844,1,6,CALCR;MIR4652,intergenic
3-end RNA-seq,Keratinocyte,chr7:93810375_G>A,11.57692146,1,6,MIR4652;TFPI2,intergenic
3-end RNA-seq,Keratinocyte,chr7:94431225_G>A,3.168119669,1,6,COL1A2,UTR3
3-end RNA-seq,Keratinocyte,chr7:96694830_G>T,3.897711992,1,6,SEM1,exonic
3-end RNA-seq,Keratinocyte,chr7:98384752_T>C,3.869733572,1,6,BAIAP2L1,intronic
3-end RNA-seq,Keratinocyte,chr7:99900522_G>A,2.241916418,1,8,TRIM4,intronic
3-end RNA-seq,Keratinocyte,chr8:100296117_C>T,1.636706948,2,6;8,RNF19A,intronic
3-end RNA-seq,Keratinocyte,chr8:100721966_A>T,2.622219563,1,6,PABPC1,UTR5
3-end RNA-seq,Keratinocyte,chr8:100918552_C>T,14.83651447,1,6,YWHAZ,UTR3
3-end RNA-seq,Keratinocyte,chr8:100926219_A>G,4.690134525,1,6,YWHAZ,intronic
3-end RNA-seq,Keratinocyte,chr8:101844374_C>T,4.921112061,1,6,NCALD,intronic
3-end RNA-seq,Keratinocyte,chr8:101903221_G>C,5.414880276,1,6,NCALD,intronic
3-end RNA-seq,Keratinocyte,chr8:102204646_G>A,2.57664156,1,6,RRM2B,UTR3
3-end RNA-seq,Keratinocyte,chr8:105654203_G>A,13.36598969,1,6,ZFPM2,intronic
3-end RNA-seq,Keratinocyte,chr8:10724737_C>T,5.824364185,1,8,SOX7,UTR3
3-end RNA-seq,Keratinocyte,chr8:117799367_G>T,3.403447151,1,6,EXT1,UTR3
3-end RNA-seq,Keratinocyte,chr8:117856269_T>G,3.205835819,1,6,EXT1,intronic
3-end RNA-seq,Keratinocyte,chr8:117901568_C>T,5.235479355,1,6,EXT1,intronic
3-end RNA-seq,Keratinocyte,chr8:118022449_T>C,1.745863795,1,6,EXT1,intronic
3-end RNA-seq,Keratinocyte,chr8:118064195_A>G,4.047379017,1,6,EXT1,intronic
3-end RNA-seq,Keratinocyte,chr8:118069747_A>G,1.506990552,1,6,EXT1,intronic
3-end RNA-seq,Keratinocyte,chr8:11844018_A>G,3.21873188,1,6,CTSB,UTR3
3-end RNA-seq,Keratinocyte,chr8:11844425_T>C,4.499212742,1,8,CTSB,UTR3
3-end RNA-seq,Keratinocyte,chr8:119243787_T>A,23.48208618,1,6,MAL2-AS1,ncRNA_intronic
3-end RNA-seq,Keratinocyte,chr8:119245671_T>C,5.643221378,1,7,MAL2-AS1,ncRNA_intronic
3-end RNA-seq,Keratinocyte,chr8:120395934_A>T,2.732074022,1,6,MRPL13,UTR3
3-end RNA-seq,Keratinocyte,chr8:122870594_G>A,5.43763876,1,6,ZHX2,intronic
3-end RNA-seq,Keratinocyte,chr8:122974430_G>A,6.496617317,1,6,ZHX2,UTR3
3-end RNA-seq,Keratinocyte,chr8:123208965_G>A,5.7614814039999995,2,6;8,FAM83A,UTR3
3-end RNA-seq,Keratinocyte,chr8:124311393_C>T,8.149323463,1,6,TMEM65,UTR3
3-end RNA-seq,Keratinocyte,chr8:124543141_G>A,2.177809477,1,6,NDUFB9,exonic
3-end RNA-seq,Keratinocyte,chr8:124547107_A>C,2.508363724,1,6,NDUFB9,exonic
3-end RNA-seq,Keratinocyte,chr8:125022277_G>A,7.281210423,1,6,SQLE,UTR3
3-end RNA-seq,Keratinocyte,chr8:125022281_G>A,5.189471245,1,6,SQLE,UTR3
3-end RNA-seq,Keratinocyte,chr8:125438400_T>C,3.174308538,1,8,TRIB1,UTR3
3-end RNA-seq,Keratinocyte,chr8:127741158_C>A,1.966665864,1,6,MYC,UTR3
3-end RNA-seq,Keratinocyte,chr8:127741218_C>A,4.692298889,1,6,MYC,UTR3
3-end RNA-seq,Keratinocyte,chr8:127741277_C>A,5.831251621,1,6,MYC,UTR3
3-end RNA-seq,Keratinocyte,chr8:127741377_C>A,5.670966148,1,6,MYC,UTR3
3-end RNA-seq,Keratinocyte,chr8:127741404_C>A,6.123458385,1,6,MYC,UTR3
3-end RNA-seq,Keratinocyte,chr8:129748262_A>T,10.68742657,1,6,GSDMC,UTR3
3-end RNA-seq,Keratinocyte,chr8:129910508_G>A,6.669219494,1,6,CYRIB,intronic
3-end RNA-seq,Keratinocyte,chr8:133237445_A>C,4.482950687,1,6,NDRG1,UTR3
3-end RNA-seq,Keratinocyte,chr8:133278907_T>C,4.053950787,1,6,NDRG1,intronic
3-end RNA-seq,Keratinocyte,chr8:140522014_C>T,13.46837711,1,6,AGO2,UTR3
3-end RNA-seq,Keratinocyte,chr8:143276849_A>C,10.41265869,1,6,GLI4,UTR3
3-end RNA-seq,Keratinocyte,chr8:143276877_A>C,1.804359555,1,6,GLI4,UTR3
3-end RNA-seq,Keratinocyte,chr8:143276879_T>A,4.042678356,1,6,GLI4,UTR3
3-end RNA-seq,Keratinocyte,chr8:143563058_G>A,2.537219286,1,6,GSDMD,UTR3
3-end RNA-seq,Keratinocyte,chr8:143857355_T>C,9.628951073,1,6,EPPK1,UTR3
3-end RNA-seq,Keratinocyte,chr8:143857896_C>A,5.743202209,1,6,EPPK1,UTR3
3-end RNA-seq,Keratinocyte,chr8:144412464_G>A,1.800788045,1,6,SLC39A4,UTR3
3-end RNA-seq,Keratinocyte,chr8:144463822_A>T,4.70265007,1,6,CYHR1,intronic
3-end RNA-seq,Keratinocyte,chr8:24950958_A>G,6.014388561,1,6,NEFL,UTR3
3-end RNA-seq,Keratinocyte,chr8:24952400_A>T,7.604418755,1,6,NEFL,UTR3
3-end RNA-seq,Keratinocyte,chr8:24952920_C>T,3.001137257,1,6,NEFL,exonic
3-end RNA-seq,Keratinocyte,chr8:24952928_G>T,1.8490206,1,6,NEFL,exonic
3-end RNA-seq,Keratinocyte,chr8:24952929_C>T,1.66789484,1,6,NEFL,exonic
3-end RNA-seq,Keratinocyte,chr8:24952932_C>T,0.445043951,1,6,NEFL,exonic
3-end RNA-seq,Keratinocyte,chr8:25415612_C>A,5.631017208,1,6,DOCK5,UTR3
3-end RNA-seq,Keratinocyte,chr8:27809623_C>T,7.487996101,1,6,PBK,downstream
3-end RNA-seq,Keratinocyte,chr8:28345718_G>A,5.75796032,1,6,ZNF395,UTR3
3-end RNA-seq,Keratinocyte,chr8:28348537_A>G,12.18131447,1,6,ZNF395,UTR3
3-end RNA-seq,Keratinocyte,chr8:32552815_G>A,1.078641891,1,6,NRG1,intronic
3-end RNA-seq,Keratinocyte,chr8:32559245_T>C,12.42587948,1,6,NRG1,intronic
3-end RNA-seq,Keratinocyte,chr8:32559735_A>G,7.581504345,1,6,NRG1,intronic
3-end RNA-seq,Keratinocyte,chr8:32620518_G>A,6.002916813,1,6,NRG1,intronic
3-end RNA-seq,Keratinocyte,chr8:32620521_G>A,12.665905,1,6,NRG1,intronic
3-end RNA-seq,Keratinocyte,chr8:32620848_G>A,15.71115398,1,6,NRG1,intronic
3-end RNA-seq,Keratinocyte,chr8:32627002_A>G,4.352172375,1,6,NRG1,intronic
3-end RNA-seq,Keratinocyte,chr8:32633922_G>A,3.760436058,1,6,NRG1,intronic
3-end RNA-seq,Keratinocyte,chr8:32693423_A>G,18.23048019,1,6,NRG1,intronic
3-end RNA-seq,Keratinocyte,chr8:32695407_G>A,10.49420834,1,6,NRG1,intronic
3-end RNA-seq,Keratinocyte,chr8:32698163_A>G,6.940248013,1,6,NRG1,intronic
3-end RNA-seq,Keratinocyte,chr8:32767878_C>A,13.30022812,1,6,NRG1,UTR3
3-end RNA-seq,Keratinocyte,chr8:32771944_A>G,3.17181015,1,6,NRG1,UTR3
3-end RNA-seq,Keratinocyte,chr8:38347601_C>T,2.800676107,1,6,NSD3,exonic
3-end RNA-seq,Keratinocyte,chr8:47977926_T>A,6.832074642,1,6,MCM4,UTR3
3-end RNA-seq,Keratinocyte,chr8:49747014_T>A,7.4630576773333335,3,6;7;8,LOC100507464;SNTG1,intergenic
3-end RNA-seq,Keratinocyte,chr8:55786258_T>A,5.788740158,1,6,TGS1,exonic
3-end RNA-seq,Keratinocyte,chr8:56217467_G>A,4.80477047,1,8,CHCHD7,UTR3
3-end RNA-seq,Keratinocyte,chr8:63015131_T>C,5.059221268,1,6,GGH,UTR3
3-end RNA-seq,Keratinocyte,chr8:67043082_C>T,3.619734526,1,8,COPS5,UTR3
3-end RNA-seq,Keratinocyte,chr8:70637576_A>T,2.65301013,1,6,LACTB2-AS1,ncRNA_intronic
3-end RNA-seq,Keratinocyte,chr8:73290644_C>T,6.8162338735,2,7;8,RPL7,UTR3
3-end RNA-seq,Keratinocyte,chr8:81284663_C>A,20.44271851,1,6,FABP5,UTR3
3-end RNA-seq,Keratinocyte,chr8:81284714_C>A,31.76683617,1,6,FABP5,UTR3
3-end RNA-seq,Keratinocyte,chr8:81285029_C>A,23.027469635,2,6;8,FABP5,downstream
3-end RNA-seq,Keratinocyte,chr8:81285031_T>A,7.086619975500001,2,6;8,FABP5,downstream
3-end RNA-seq,Keratinocyte,chr8:81759511_T>A,10.81874084,1,6,CHMP4C,UTR3
3-end RNA-seq,Keratinocyte,chr8:86364833_A>G,0.603766084,1,6,WWP1,intronic
3-end RNA-seq,Keratinocyte,chr8:8785760_C>T,1.709237814,1,6,MFHAS1,UTR3
3-end RNA-seq,Keratinocyte,chr8:93926066_G>A,8.960102081,1,6,PDP1,UTR3
3-end RNA-seq,Keratinocyte,chr8:94689173_T>C,3.801440001,1,6,ESRP1,intronic
3-end RNA-seq,Keratinocyte,chr8:94880193_A>G,3.477398634,1,6,INTS8,exonic
3-end RNA-seq,Keratinocyte,chr8:96235543_G>A,5.864424229,1,8,UQCRB,UTR5
3-end RNA-seq,Keratinocyte,chr8:96609615_T>A,11.20342636,1,6,SDC2,UTR3
3-end RNA-seq,Keratinocyte,chr8:97726315_T>A,3.150745392,1,6,MTDH,UTR3
3-end RNA-seq,Keratinocyte,chr8:98036210_G>A,10.45121193,1,6,MATN2,UTR3
3-end RNA-seq,Keratinocyte,chr8:98045544_G>A,7.272227287,1,6,RPL30,UTR5
3-end RNA-seq,Keratinocyte,chr8:98681091_T>C,4.130007267,1,6,STK3,intronic
3-end RNA-seq,Keratinocyte,chr9:100183761_A>G,3.121341467,1,6,INVS,intronic
3-end RNA-seq,Keratinocyte,chr9:105351550_A>G,6.318367958,1,6,SLC44A1,intronic
3-end RNA-seq,Keratinocyte,chr9:107011493_A>C,1.237168789,1,6,LOC340512,ncRNA_intronic
3-end RNA-seq,Keratinocyte,chr9:107330445_C>A,4.141000271,1,8,RAD23B,UTR3
3-end RNA-seq,Keratinocyte,chr9:107484854_C>T,0.644193053,1,13,KLF4,UTR3
3-end RNA-seq,Keratinocyte,chr9:107484855_A>T,5.679651737,1,6,KLF4,UTR3
3-end RNA-seq,Keratinocyte,chr9:108764436_T>C,3.528994083,1,6,KLF4;ACTL7B,intergenic
3-end RNA-seq,Keratinocyte,chr9:10948371_A>T,5.465311527,1,13,PTPRD-AS2;TYRP1,intergenic
3-end RNA-seq,Keratinocyte,chr9:110172339_G>A,3.930485964,1,6,PALM2AKAP2,UTR3
3-end RNA-seq,Keratinocyte,chr9:110172509_T>C,3.811378717,1,6,PALM2AKAP2,UTR3
3-end RNA-seq,Keratinocyte,chr9:110244021_A>G,4.689191341,1,6,TXN,UTR3
3-end RNA-seq,Keratinocyte,chr9:113373424_A>G,2.786929131,1,6,HDHD3,UTR3
3-end RNA-seq,Keratinocyte,chr9:113407241_A>G,2.124251604,1,6,POLE3,UTR3
3-end RNA-seq,Keratinocyte,chr9:114253281_G>A,0.912983418,1,6,COL27A1,intronic
3-end RNA-seq,Keratinocyte,chr9:114253289_C>A,8.068015099,1,6,COL27A1,intronic
3-end RNA-seq,Keratinocyte,chr9:114253390_A>G,0.624049604,1,6,COL27A1,intronic
3-end RNA-seq,Keratinocyte,chr9:114253398_G>A,0.571399152,1,6,COL27A1,intronic
3-end RNA-seq,Keratinocyte,chr9:114269615_A>G,9.011135101,1,6,COL27A1,intronic
3-end RNA-seq,Keratinocyte,chr9:114311528_G>A,7.719363689,1,6,COL27A1,UTR3
3-end RNA-seq,Keratinocyte,chr9:114311536_A>G,1.25105238,1,6,COL27A1,UTR3
3-end RNA-seq,Keratinocyte,chr9:114598055_T>C,1.1927532255,2,13;8,ATP6V1G1,UTR3
3-end RNA-seq,Keratinocyte,chr9:115020520_G>T,10.11545563,1,6,TNC,UTR3
3-end RNA-seq,Keratinocyte,chr9:115049691_T>C,15.98001862,1,6,TNC,intronic
3-end RNA-seq,Keratinocyte,chr9:115049694_G>A,3.05666399,1,6,TNC,intronic
3-end RNA-seq,Keratinocyte,chr9:115050262_A>G,5.953456402,1,6,TNC,intronic
3-end RNA-seq,Keratinocyte,chr9:115051552_C>T,4.322066307,1,6,TNC,intronic
3-end RNA-seq,Keratinocyte,chr9:115051588_A>G,1.870176673,1,6,TNC,intronic
3-end RNA-seq,Keratinocyte,chr9:115098958_C>T,7.436328888,1,6,TNC,intronic
3-end RNA-seq,Keratinocyte,chr9:121332788_G>T,3.498786449,1,8,GSN,UTR3
3-end RNA-seq,Keratinocyte,chr9:121332829_C>A,1.962541461,1,8,GSN,UTR3
3-end RNA-seq,Keratinocyte,chr9:121332835_G>T,1.557121992,1,8,GSN,UTR3
3-end RNA-seq,Keratinocyte,chr9:122957900_A>T,5.395316124,1,6,RABGAP1,intronic
3-end RNA-seq,Keratinocyte,chr9:124718882_T>C,4.073620796,1,6,NR6A1,intronic
3-end RNA-seq,Keratinocyte,chr9:124814877_T>A,1.727191329,1,6,OLFML2A,UTR3
3-end RNA-seq,Keratinocyte,chr9:125342238_G>A,9.585515022,1,6,GAPVD1,exonic
3-end RNA-seq,Keratinocyte,chr9:127866490_A>T,11.10710144,1,6,AK1,UTR3
3-end RNA-seq,Keratinocyte,chr9:12789101_G>A,1.578723907,1,6,LURAP1L-AS1,ncRNA_intronic
3-end RNA-seq,Keratinocyte,chr9:128266289_C>T,6.911500931,1,6,GOLGA2,exonic
3-end RNA-seq,Keratinocyte,chr9:128273916_C>T,7.356500149,2,6;7,GOLGA2,exonic
3-end RNA-seq,Keratinocyte,chr9:128323582_G>A,5.285246372,1,6,COQ4,intronic
3-end RNA-seq,Keratinocyte,chr9:128822679_C>A,4.031052113,1,6,SPOUT1,UTR3
3-end RNA-seq,Keratinocyte,chr9:128917062_T>A,1.68623805,1,6,LRRC8A,UTR3
3-end RNA-seq,Keratinocyte,chr9:129892016_C>T,4.88261795,1,6,FNBP1,intronic
3-end RNA-seq,Keratinocyte,chr9:130233334_G>A,10.09671307,1,6,NCS1,UTR3
3-end RNA-seq,Keratinocyte,chr9:130236565_A>T,3.706609488,1,6,NCS1,UTR3
3-end RNA-seq,Keratinocyte,chr9:131459856_A>G,1.999468923,1,6,PRRC2B,intronic
3-end RNA-seq,Keratinocyte,chr9:131576986_A>C,5.264343262,1,6,RAPGEF1,UTR3
3-end RNA-seq,Keratinocyte,chr9:133334558_C>T,7.574011326,1,6,SURF6,exonic
3-end RNA-seq,Keratinocyte,chr9:133351811_A>G,2.080343962,1,6,SURF1,UTR3
3-end RNA-seq,Keratinocyte,chr9:133761929_A>C,2.846507311,1,6,VAV2,UTR3
3-end RNA-seq,Keratinocyte,chr9:134159966_T>C,1.632468224,1,6,WDR5,UTR3
3-end RNA-seq,Keratinocyte,chr9:134440091_T>C,4.547776699,1,6,RXRA,UTR3
3-end RNA-seq,Keratinocyte,chr9:134801788_G>A,1.175297141,1,6,COL5A1,intronic
3-end RNA-seq,Keratinocyte,chr9:134842907_A>G,7.902544498,1,6,LOC101448202,ncRNA_intronic
3-end RNA-seq,Keratinocyte,chr9:134844543_C>T,11.33822918,1,6,LOC101448202,ncRNA_intronic
3-end RNA-seq,Keratinocyte,chr9:136494469_A>C,10.46662045,1,6,NOTCH1,UTR3
3-end RNA-seq,Keratinocyte,chr9:136840194_G>A,2.992654085,1,6,RABL6,exonic
3-end RNA-seq,Keratinocyte,chr9:136926401_A>G,6.843420506,1,6,TRAF2,UTR3
3-end RNA-seq,Keratinocyte,chr9:137299650_A>G,7.163146019,1,8,NRARP,UTR3
3-end RNA-seq,Keratinocyte,chr9:14082784_A>G,4.584937096,1,8,NFIB,UTR3
3-end RNA-seq,Keratinocyte,chr9:14086801_G>T,4.774512291,1,8,NFIB,UTR3
3-end RNA-seq,Keratinocyte,chr9:14087580_C>T,3.179224253,1,8,NFIB,UTR3
3-end RNA-seq,Keratinocyte,chr9:19378716_A>G,7.659634113,1,6,RPS6,exonic
3-end RNA-seq,Keratinocyte,chr9:20346395_C>A,5.656728268,1,6,MLLT3,UTR3
3-end RNA-seq,Keratinocyte,chr9:21544544_T>C,12.04781628,1,6,MIR31HG,ncRNA_intronic
3-end RNA-seq,Keratinocyte,chr9:21545964_C>T,6.598061562,1,6,MIR31HG,ncRNA_intronic
3-end RNA-seq,Keratinocyte,chr9:21968160_G>A,3.329815865,1,8,CDKN2A,UTR3
3-end RNA-seq,Keratinocyte,chr9:33441164_A>T,19.15244865,1,7,AQP3,UTR3
3-end RNA-seq,Keratinocyte,chr9:34661905_A>G,4.6376302240000005,2,7;8,CCL27,UTR3
3-end RNA-seq,Keratinocyte,chr9:35681155_T>C,10.51653767,1,6,CA9,UTR3
3-end RNA-seq,Keratinocyte,chr9:37588417_C>T,2.862177134,1,6,TOMM5,UTR3
3-end RNA-seq,Keratinocyte,chr9:37919595_T>G,5.481451988,2,6;8,SHB,UTR3
3-end RNA-seq,Keratinocyte,chr9:53897_G>A,1.871796489,1,6,FAM138A;PGM5P3-AS1,intergenic
3-end RNA-seq,Keratinocyte,chr9:53933_G>A,6.764482021,1,6,FAM138A;PGM5P3-AS1,intergenic
3-end RNA-seq,Keratinocyte,chr9:53943_G>A,0.625777185,1,6,FAM138A;PGM5P3-AS1,intergenic
3-end RNA-seq,Keratinocyte,chr9:557015_T>G,7.591659069,1,8,KANK1,intronic
3-end RNA-seq,Keratinocyte,chr9:6825124_C>G,5.106229782,1,8,KDM4C,intronic
3-end RNA-seq,Keratinocyte,chr9:684397_G>A,4.4389324185,2,6;8,KANK1,intronic
3-end RNA-seq,Keratinocyte,chr9:69255202_T>C,6.61554575,1,8,TJP2,UTR3
3-end RNA-seq,Keratinocyte,chr9:69709529_A>T,5.67618084,1,6,PTAR1,UTR3
3-end RNA-seq,Keratinocyte,chr9:73165519_G>A,3.719083309,1,8,ANXA1,intronic
3-end RNA-seq,Keratinocyte,chr9:73165523_G>A,4.9653599265,2,6;8,ANXA1,intronic
3-end RNA-seq,Keratinocyte,chr9:73170391_C>T,4.4610962865,2,13;8,ANXA1,UTR3
3-end RNA-seq,Keratinocyte,chr9:75106966_A>G,5.242329597,1,6,OSTF1,intronic
3-end RNA-seq,Keratinocyte,chr9:75147014_T>C,6.081105709,1,6,OSTF1,UTR3
3-end RNA-seq,Keratinocyte,chr9:75147066_C>A,16.34306145,1,6,OSTF1,UTR3
3-end RNA-seq,Keratinocyte,chr9:76572032_T>A,5.696645737,1,6,GCNT1;PRUNE2,intergenic
3-end RNA-seq,Keratinocyte,chr9:76572040_A>G,2.066947659,3,13;7;8,GCNT1;PRUNE2,intergenic
3-end RNA-seq,Keratinocyte,chr9:76572059_A>G,4.274692456,3,6;7;8,GCNT1;PRUNE2,intergenic
3-end RNA-seq,Keratinocyte,chr9:76572064_A>G,2.873413086,1,8,GCNT1;PRUNE2,intergenic
3-end RNA-seq,Keratinocyte,chr9:76572066_A>G,2.645086527,1,6,GCNT1;PRUNE2,intergenic
3-end RNA-seq,Keratinocyte,chr9:7798343_G>T,2.295912743,1,6,DMAC1,UTR3
3-end RNA-seq,Keratinocyte,chr9:7798518_G>C,3.792278767,2,7;8,DMAC1,exonic
3-end RNA-seq,Keratinocyte,chr9:78330091_T>A,9.951120377,1,6,PSAT1,UTR3
3-end RNA-seq,Keratinocyte,chr9:86944364_C>T,3.427205324,1,6,GAS1,UTR3
3-end RNA-seq,Keratinocyte,chr9:88400738_G>A,5.851494312,1,6,SPIN1,intronic
3-end RNA-seq,Keratinocyte,chr9:92533197_A>G,5.650740147,1,6,CENPP;ECM2,intronic
3-end RNA-seq,Keratinocyte,chr9:94524817_T>C,8.458694458,1,6,MFSD14B;PCAT7,intergenic
3-end RNA-seq,Keratinocyte,chr9:95020613_T>C,1.739153624,1,6,AOPEP,intronic
3-end RNA-seq,Keratinocyte,chr9:95020918_C>A,0.901926398,1,6,AOPEP,intronic
3-end RNA-seq,Keratinocyte,chr9:96415607_C>T,12.562276839999999,1,6,ZNF367,intronic
3-end RNA-seq,Keratinocyte,chr9:97032657_T>C,12.03603077,1,6,CTSV,UTR3
3-end RNA-seq,Keratinocyte,chr9:97032658_A>T,4.329349518,1,6,CTSV,UTR3
3-end RNA-seq,Keratinocyte,chr9:97032660_A>T,3.909964085,1,6,CTSV,UTR3
3-end RNA-seq,Keratinocyte,chr9:97858623_C>A,10.31770229,1,6,FOXE1;TRMO,intergenic
3-end RNA-seq,Keratinocyte,chr9:98209796_C>T,3.741728306,1,6,TBC1D2,intronic
3-end RNA-seq,Keratinocyte,chr9:98238055_T>C,1.978072882,1,6,TBC1D2,intronic
3-end RNA-seq,Keratinocyte,chrX:103378071_C>A,5.583219051,1,6,BEX3,UTR3
3-end RNA-seq,Keratinocyte,chrX:103586680_A>G,0.340481818,1,6,TCEAL4,exonic
3-end RNA-seq,Keratinocyte,chrX:103683091_C>T,1.46323514,1,6,MORF4L2,intronic
3-end RNA-seq,Keratinocyte,chrX:108379472_T>C,7.510192394,1,6,COL4A6,intronic
3-end RNA-seq,Keratinocyte,chrX:110196398_T>G,5.167249203,1,6,AMMECR1,UTR3
3-end RNA-seq,Keratinocyte,chrX:115335897_T>C,12.59498405,1,6,LUZP4;PLS3-AS1,intergenic
3-end RNA-seq,Keratinocyte,chrX:115599453_A>G,8.587457657,1,6,PLS3,intronic
3-end RNA-seq,Keratinocyte,chrX:119791625_G>A,7.321269512,1,6,RPL39,UTR5
3-end RNA-seq,Keratinocyte,chrX:123611498_C>T,7.894874573,1,6,THOC2,exonic
3-end RNA-seq,Keratinocyte,chrX:12977015_A>C,6.329208851,1,8,TMSB4X,UTR3
3-end RNA-seq,Keratinocyte,chrX:130064959_G>A,1.726154923,1,6,ELF4,UTR3
3-end RNA-seq,Keratinocyte,chrX:134565843_A>T,8.371970177,1,6,PLAC1,UTR3
3-end RNA-seq,Keratinocyte,chrX:154400503_G>A,5.34330368,1,6,RPL10,exonic
3-end RNA-seq,Keratinocyte,chrX:23703679_G>A,3.110193014,1,6,ACOT9,UTR3
3-end RNA-seq,Keratinocyte,chrX:23784028_G>A,0.369665921,1,6,SAT1,intronic
3-end RNA-seq,Keratinocyte,chrX:23786208_T>C,1.8910761474999997,2,13;8,SAT1,UTR3
3-end RNA-seq,Keratinocyte,chrX:23833364_A>G,5.11210537,1,6,APOO,UTR3
3-end RNA-seq,Keratinocyte,chrX:24077461_C>T,7.006186962,1,6,EIF2S3,UTR3
3-end RNA-seq,Keratinocyte,chrX:24078586_T>A,4.824418068,1,6,EIF2S3,UTR3
3-end RNA-seq,Keratinocyte,chrX:2707245_A>G,0.638042331,1,6,CD99,intronic
3-end RNA-seq,Keratinocyte,chrX:321715_A>G,6.416702271,1,6,LINC00685,downstream
3-end RNA-seq,Keratinocyte,chrX:37838916_T>C,2.0260825159999998,1,6,DYNLT3,UTR3
3-end RNA-seq,Keratinocyte,chrX:41673853_G>T,4.676691055499999,2,6;8,CASK,intronic
3-end RNA-seq,Keratinocyte,chrX:45835121_T>C,4.372759819,1,6,MIR222;LINC02595,intergenic
3-end RNA-seq,Keratinocyte,chrX:45840026_C>T,1.240326166,1,6,MIR222;LINC02595,intergenic
3-end RNA-seq,Keratinocyte,chrX:45840027_C>T,7.774058342,1,6,MIR222;LINC02595,intergenic
3-end RNA-seq,Keratinocyte,chrX:45840143_T>C,4.988045216,1,6,MIR222;LINC02595,intergenic
3-end RNA-seq,Keratinocyte,chrX:45840194_T>C,6.090801716,1,6,MIR222;LINC02595,intergenic
3-end RNA-seq,Keratinocyte,chrX:45846791_C>T,16.57961655,1,6,MIR222;LINC02595,intergenic
3-end RNA-seq,Keratinocyte,chrX:45847115_A>C,2.814363241,1,6,LINC02595,downstream
3-end RNA-seq,Keratinocyte,chrX:48458693_C>T,9.199568748,1,6,SLC38A5,UTR3
3-end RNA-seq,Keratinocyte,chrX:48458696_T>C,4.342693806,1,6,SLC38A5,UTR3
3-end RNA-seq,Keratinocyte,chrX:48520806_C>A,3.89324975,1,6,PORCN,UTR3
3-end RNA-seq,Keratinocyte,chrX:48903637_G>T,5.674936771,1,6,SLC35A2,UTR3
3-end RNA-seq,Keratinocyte,chrX:49175117_C>T,3.588525534,1,6,PLP2;PRICKLE3,UTR3
3-end RNA-seq,Keratinocyte,chrX:49175589_A>T,9.840517998,1,6,PRICKLE3,UTR3
3-end RNA-seq,Keratinocyte,chrX:52235486_T>A,2.690098047,1,6,MAGED4B;MIR8088,intergenic
3-end RNA-seq,Keratinocyte,chrX:5890261_T>C,5.885511875,1,6,NLGN4X,UTR3
3-end RNA-seq,Keratinocyte,chrX:5890278_A>G,10.08468533,1,6,NLGN4X,UTR3
3-end RNA-seq,Keratinocyte,chrX:65741932_C>A,1.774118066,1,6,MSN,downstream
3-end RNA-seq,Keratinocyte,chrX:70166322_A>T,4.498060703,1,6,IGBP1,UTR3
3-end RNA-seq,Keratinocyte,chrX:70963336_C>T,5.610844453333333,3,6;7;8,SLC7A3;SNX12,intergenic
3-end RNA-seq,Keratinocyte,chrX:70963337_A>T,4.560215632,3,6;7;8,SLC7A3;SNX12,intergenic
3-end RNA-seq,Keratinocyte,chrX:72197543_G>A,4.2560989855,2,6;8,PIN4,UTR3
3-end RNA-seq,Keratinocyte,chrX:74266233_A>G,3.525726557,1,6,FTX,ncRNA_intronic
3-end RNA-seq,Keratinocyte,chrX:74278149_C>T,9.119491577,1,6,FTX,ncRNA_intronic
3-end RNA-seq,Keratinocyte,chrX:74533908_T>A,2.99478507,1,6,SLC16A2,UTR3
3-end RNA-seq,Keratinocyte,chrX:76194616_G>A,8.47109127,1,6,PBDC1;MAGEE1,intergenic
3-end RNA-seq,Keratinocyte,chrX:81298545_T>A,3.197579145,1,8,SH3BGRL,UTR3
3-end RNA-seq,Keratinocyte,chrX:81682544_C>A,0.851952255,1,6,SH3BGRL;POU3F4,intergenic
3-end RNA-seq,Keratinocyte,chrY:18990630_T>C,2.056292057,1,6,TTTY14,ncRNA_intronic
3-end RNA-seq,Keratinocyte,chrY:18990645_C>T,5.007055759,1,8,TTTY14,ncRNA_intronic
3-end RNA-seq,Keratinocyte,chrY:19250393_T>C,3.070107937,1,6,TTTY14;BCORP1,intergenic
3-end RNA-seq,Keratinocyte,chrY:7355095_A>G,4.244372845,1,6,PRKY,ncRNA_intronic
3-end RNA-seq,Keratinocyte,chrY:8094664_C>T,8.627188683,1,8,TTTY12;LINC00279,intergenic
3-end RNA-seq,Keratinocyte,chrY:8101189_C>T,2.201002359,1,8,TTTY12;LINC00279,intergenic
3-end RNA-seq,Keratinocyte,chrY:8102832_C>T,10.16997147,1,8,TTTY12;LINC00279,intergenic
3-end RNA-seq,Mast cell,chr10:117279300_T>G,1.986309767,1,15,PDZD8;SLC18A2,UTR3
3-end RNA-seq,Mast cell,chr10:2759607_T>C,10.75105095,1,15,LINC02645;LOC101927824,intergenic
3-end RNA-seq,Mast cell,chr10:73917496_G>A,9.327710152,1,15,C10orf55,ncRNA_intronic
3-end RNA-seq,Mast cell,chr11:124146894_C>A,8.183325768,1,15,VWA5A,UTR3
3-end RNA-seq,Mast cell,chr11:1752756_A>G,2.766264915,1,15,CTSD,UTR3
3-end RNA-seq,Mast cell,chr11:35232394_G>A,2.498786926,1,15,CD44,UTR3
3-end RNA-seq,Mast cell,chr11:57387368_C>T,15.42785263,1,15,PRG2,UTR3
3-end RNA-seq,Mast cell,chr11:60096887_A>T,5.06437397,1,15,MS4A2,UTR3
3-end RNA-seq,Mast cell,chr11:60098460_T>C,7.639077663,1,15,MS4A2,UTR3
3-end RNA-seq,Mast cell,chr11:62410395_T>C,2.291605234,1,15,ASRGL1;SCGB1A1,intergenic
3-end RNA-seq,Mast cell,chr12:7923838_A>G,2.33012414,1,15,SLC2A3,intronic
3-end RNA-seq,Mast cell,chr13:46558474_A>G,4.715718746,1,15,LRCH1,intronic
3-end RNA-seq,Mast cell,chr14:24573560_A>T,3.624248266,1,15,CTSG,UTR3
3-end RNA-seq,Mast cell,chr14:24573564_A>G,14.96256447,1,15,CTSG,UTR3
3-end RNA-seq,Mast cell,chr14:24573564_A>T,19.05727768,1,15,CTSG,UTR3
3-end RNA-seq,Mast cell,chr14:87979054_C>T,2.865938425,1,15,GALC,intronic
3-end RNA-seq,Mast cell,chr15:50241951_G>T,3.862692118,1,15,HDC,UTR3
3-end RNA-seq,Mast cell,chr15:51836683_T>C,3.707514286,1,15,TMOD3,intronic
3-end RNA-seq,Mast cell,chr15:85698817_G>A,2.004244566,1,15,AKAP13,intronic
3-end RNA-seq,Mast cell,chr15:92889496_G>A,6.591651917,1,15,CHASERR,ncRNA_intronic
3-end RNA-seq,Mast cell,chr16:1241187_C>T,2.436888933,1,15,TPSAB1,exonic
3-end RNA-seq,Mast cell,chr16:1242333_A>C,3.385688066,1,15,TPSAB1,UTR3
3-end RNA-seq,Mast cell,chr16:1242335_A>C,7.869814396,1,15,TPSAB1,UTR3
3-end RNA-seq,Mast cell,chr16:1242363_T>A,2.25592351,1,15,TPSAB1,UTR3
3-end RNA-seq,Mast cell,chr16:1242367_T>A,1.508119702,1,15,TPSAB1,UTR3
3-end RNA-seq,Mast cell,chr16:1242372_T>A,1.638609886,1,15,TPSAB1,UTR3
3-end RNA-seq,Mast cell,chr16:1242386_T>A,4.693936348,1,15,TPSAB1,UTR3
3-end RNA-seq,Mast cell,chr16:1242388_T>A,4.791425705,1,15,TPSAB1,UTR3
3-end RNA-seq,Mast cell,chr16:1242399_T>A,3.09347415,1,15,TPSAB1,UTR3
3-end RNA-seq,Mast cell,chr16:1242401_C>A,2.955300808,1,15,TPSAB1,UTR3
3-end RNA-seq,Mast cell,chr16:1242421_C>A,7.352515697,1,15,TPSAB1,UTR3
3-end RNA-seq,Mast cell,chr16:1242422_C>T,9.351532936,1,15,TPSAB1,UTR3
3-end RNA-seq,Mast cell,chr16:1242480_C>T,3.55903697,1,15,TPSAB1,UTR3
3-end RNA-seq,Mast cell,chr16:1242486_T>C,6.049540043,1,15,TPSAB1,UTR3
3-end RNA-seq,Mast cell,chr17:3954621_T>C,2.234088182,1,15,ATP2A3,intronic
3-end RNA-seq,Mast cell,chr17:77500594_G>A,4.845992088,1,15,SEPTIN9,UTR3
3-end RNA-seq,Mast cell,chr17:7856097_G>A,4.688907623,1,15,TMEM88,UTR3
3-end RNA-seq,Mast cell,chr17:7949569_T>G,1.852860808,1,15,CNTROB,UTR3
3-end RNA-seq,Mast cell,chr18:911387_T>A,2.120053768,1,15,ADCYAP1,UTR3
3-end RNA-seq,Mast cell,chr18:911388_A>G,3.358118296,1,15,ADCYAP1,UTR3
3-end RNA-seq,Mast cell,chr18:911394_T>A,2.480862856,1,15,ADCYAP1,UTR3
3-end RNA-seq,Mast cell,chr18:911402_G>A,4.9972682,1,15,ADCYAP1,UTR3
3-end RNA-seq,Mast cell,chr18:912170_C>A,4.365153313,1,15,ADCYAP1,UTR3
3-end RNA-seq,Mast cell,chr19:1039064_G>A,1.991159201,1,15,CNN2,UTR3
3-end RNA-seq,Mast cell,chr19:12793171_T>A,7.398648739,1,15,JUNB,UTR3
3-end RNA-seq,Mast cell,chr19:12793195_T>A,3.30998683,1,15,JUNB,UTR3
3-end RNA-seq,Mast cell,chr19:12793242_C>A,2.818706512,1,15,JUNB,UTR3
3-end RNA-seq,Mast cell,chr19:13154902_T>C,3.622950077,1,15,IER2,UTR3
3-end RNA-seq,Mast cell,chr19:13832230_C>A,2.2851004599999998,1,15,ZSWIM4,downstream
3-end RNA-seq,Mast cell,chr19:13834694_G>A,2.968852997,1,15,LOC284454,ncRNA_exonic
3-end RNA-seq,Mast cell,chr19:16327504_A>T,4.039422035,1,15,KLF2,UTR3
3-end RNA-seq,Mast cell,chr19:43648580_C>T,5.316085815,1,15,PLAUR,UTR3
3-end RNA-seq,Mast cell,chr19:45472070_G>A,1.204657316,1,15,FOSB,intronic
3-end RNA-seq,Mast cell,chr19:48330544_T>A,2.551908016,1,15,EMP3,UTR3
3-end RNA-seq,Mast cell,chr19:54353814_A>G,2.989242554,1,15,LAIR1,UTR3
3-end RNA-seq,Mast cell,chr19:7647830_C>A,1.929471254,1,15,STXBP2,UTR3
3-end RNA-seq,Mast cell,chr1:1014535_G>A,3.139567375,1,15,ISG15,UTR3
3-end RNA-seq,Mast cell,chr1:150308350_G>A,3.388756037,1,15,MRPS21,UTR3
3-end RNA-seq,Mast cell,chr1:153543620_C>T,3.211993456,1,15,S100A4,downstream
3-end RNA-seq,Mast cell,chr1:192580022_T>C,3.026832581,1,15,RGS1,UTR3
3-end RNA-seq,Mast cell,chr1:192812266_T>C,4.146194935,1,15,RGS2,UTR3
3-end RNA-seq,Mast cell,chr1:221701576_G>T,3.992036581,1,15,DUSP10,UTR3
3-end RNA-seq,Mast cell,chr20:19216616_G>A,5.503772259,1,15,SLC24A3,intronic
3-end RNA-seq,Mast cell,chr20:19298619_G>A,2.376765966,1,15,SLC24A3,intronic
3-end RNA-seq,Mast cell,chr21:14485365_A>G,2.823590994,1,15,SAMSN1,UTR3
3-end RNA-seq,Mast cell,chr22:30240456_G>T,3.359969139,1,15,LIF-AS1,ncRNA_exonic
3-end RNA-seq,Mast cell,chr22:30240458_G>T,2.858854532,1,15,LIF-AS1,ncRNA_exonic
3-end RNA-seq,Mast cell,chr22:30240461_G>T,2.443126917,1,15,LIF-AS1,ncRNA_exonic
3-end RNA-seq,Mast cell,chr22:36940435_T>A,4.925642967,1,15,CSF2RB,UTR3
3-end RNA-seq,Mast cell,chr22:36940440_C>A,4.216368675,1,15,CSF2RB,downstream
3-end RNA-seq,Mast cell,chr2:102327617_T>A,3.337567091,1,15,IL1RL1,intronic
3-end RNA-seq,Mast cell,chr2:144489362_C>T,2.103922606,1,15,ZEB2,intronic
3-end RNA-seq,Mast cell,chr2:156324434_C>T,0.818236649,1,15,NR4A2,downstream
3-end RNA-seq,Mast cell,chr2:180872704_T>C,1.704163074,1,15,SCHLAP1,ncRNA_intronic
3-end RNA-seq,Mast cell,chr3:128479429_C>T,6.529493332,1,15,GATA2,UTR3
3-end RNA-seq,Mast cell,chr3:141892572_T>C,7.693677902,1,15,ATP1B3,intronic
3-end RNA-seq,Mast cell,chr3:148897075_T>C,5.441178799,1,15,CPA3,UTR3
3-end RNA-seq,Mast cell,chr3:148897083_T>A,4.693671703,1,15,CPA3,UTR3
3-end RNA-seq,Mast cell,chr3:148897084_A>G,11.99852371,1,15,CPA3,UTR3
3-end RNA-seq,Mast cell,chr3:148897204_T>A,6.23570776,1,15,CPA3,downstream
3-end RNA-seq,Mast cell,chr3:169772287_A>G,1.733564019,1,15,ACTRT3;MYNN,intergenic
3-end RNA-seq,Mast cell,chr3:9381865_C>T,2.265239954,1,15,THUMPD3,intronic
3-end RNA-seq,Mast cell,chr4:54669700_G>A,12.14978313,1,15,KIT,intronic
3-end RNA-seq,Mast cell,chr4:54740708_T>C,8.048136711,1,15,KIT,UTR3
3-end RNA-seq,Mast cell,chr4:78793316_A>G,2.205772638,1,15,BMP2K,intronic
3-end RNA-seq,Mast cell,chr4:94298505_G>T,12.3322897,1,15,HPGDS,downstream
3-end RNA-seq,Mast cell,chr5:95907308_T>C,1.955019832,1,15,ELL2,intronic
3-end RNA-seq,Mast cell,chr6:137882679_C>T,2.701999187,1,15,TNFAIP3,UTR3
3-end RNA-seq,Mast cell,chr6:137882866_G>A,2.130147696,1,15,TNFAIP3,UTR3
3-end RNA-seq,Mast cell,chr6:137883308_G>A,1.972302556,1,15,TNFAIP3,UTR3
3-end RNA-seq,Mast cell,chr6:14123751_G>A,3.50901413,1,15,CD83,intronic
3-end RNA-seq,Mast cell,chr6:14136677_G>A,2.835711718,1,15,CD83,UTR3
3-end RNA-seq,Mast cell,chr6:29944591_C>T,6.264009476,1,15,HLA-A,exonic
3-end RNA-seq,Mast cell,chr6:31353909_A>C,3.186414003,1,15,HLA-B,UTR3
3-end RNA-seq,Mast cell,chr6:81749645_C>T,6.476264477,1,15,TENT5A,UTR3
3-end RNA-seq,Mast cell,chr7:150791290_C>T,4.463048458,1,15,TMEM176B,UTR3
3-end RNA-seq,Mast cell,chr7:151045559_T>A,1.786788583,1,15,ABCB8,UTR3
3-end RNA-seq,Mast cell,chr9:110172509_T>C,5.100057602,1,15,PALM2AKAP2,UTR3
3-end RNA-seq,Mast cell,chrX:101349453_C>T,1.644809723,1,15,BTK,UTR3
3-end RNA-seq,Mast cell,chrX:1191349_C>T,4.298988342,1,15,CRLF2,intronic
3-end RNA-seq,Mast cell,chrX:1191358_T>C,2.001460075,1,15,CRLF2,intronic
3-end RNA-seq,Mast cell,chrX:16726968_G>A,2.276776552,1,15,SYAP1,intronic
3-end RNA-seq,Mast cell,chrX:23786208_T>C,2.606434584,1,15,SAT1,UTR3
3-end RNA-seq,Myeloid/dendritic,chr10:110925046_A>G,1.848633885,1,4,SHOC2,intronic
3-end RNA-seq,Myeloid/dendritic,chr10:112381609_A>G,3.528379917,1,4,ACSL5,intronic
3-end RNA-seq,Myeloid/dendritic,chr10:17892931_A>G,3.473193645,1,4,MRC1,intronic
3-end RNA-seq,Myeloid/dendritic,chr10:3779019_C>T,1.556471348,1,4,KLF6,UTR3
3-end RNA-seq,Myeloid/dendritic,chr10:3779163_T>C,2.014843464,1,4,KLF6,UTR3
3-end RNA-seq,Myeloid/dendritic,chr10:44991953_G>A,4.277567863,1,4,RASSF4,exonic
3-end RNA-seq,Myeloid/dendritic,chr10:44994711_T>C,2.496404648,1,4,ZNF22-AS1,ncRNA_intronic
3-end RNA-seq,Myeloid/dendritic,chr10:45446113_T>C,4.099595547,1,4,LOC102724323,ncRNA_intronic
3-end RNA-seq,Myeloid/dendritic,chr10:69089903_G>A,2.587363005,1,4,SRGN,intronic
3-end RNA-seq,Myeloid/dendritic,chr10:70568438_C>A,3.534321785,1,4,PALD1,UTR3
3-end RNA-seq,Myeloid/dendritic,chr10:71849691_C>T,1.983234882,1,4,PSAP,intronic
3-end RNA-seq,Myeloid/dendritic,chr10:7228740_C>T,3.676097631,1,4,SFMBT2,intronic
3-end RNA-seq,Myeloid/dendritic,chr10:7228757_T>C,2.0641741749999998,1,4,SFMBT2,intronic
3-end RNA-seq,Myeloid/dendritic,chr10:75479464_A>G,2.183327436,1,4,LRMDA,intronic
3-end RNA-seq,Myeloid/dendritic,chr10:75532052_G>A,2.137995481,1,4,LRMDA,intronic
3-end RNA-seq,Myeloid/dendritic,chr10:75532056_G>A,2.217704535,1,4,LRMDA,intronic
3-end RNA-seq,Myeloid/dendritic,chr10:87660804_G>A,1.930349827,1,4,PAPSS2,intronic
3-end RNA-seq,Myeloid/dendritic,chr10:95713006_A>C,3.38868475,1,4,ENTPD1,intronic
3-end RNA-seq,Myeloid/dendritic,chr11:102322669_T>A,3.702890396,1,4,BIRC3,UTR5
3-end RNA-seq,Myeloid/dendritic,chr11:102862745_C>T,4.654831886,1,4,MMP12,UTR3
3-end RNA-seq,Myeloid/dendritic,chr11:116922977_C>T,1.821614981,1,4,SIK3,intronic
3-end RNA-seq,Myeloid/dendritic,chr11:117076590_G>A,4.247848511,1,4,SIK3,intronic
3-end RNA-seq,Myeloid/dendritic,chr11:119018344_G>A,3.199649334,1,4,RPS25;TRAPPC4,upstream
3-end RNA-seq,Myeloid/dendritic,chr11:12168863_C>G,1.833727121,1,4,MICAL2,intronic
3-end RNA-seq,Myeloid/dendritic,chr11:12219528_C>A,3.016320467,1,4,MICAL2,intronic
3-end RNA-seq,Myeloid/dendritic,chr11:122705378_A>G,2.184886694,1,4,UBASH3B,intronic
3-end RNA-seq,Myeloid/dendritic,chr11:35139570_G>A,1.617266178,1,4,CD44,intronic
3-end RNA-seq,Myeloid/dendritic,chr11:35139574_G>A,1.460280538,1,4,CD44,intronic
3-end RNA-seq,Myeloid/dendritic,chr11:47354889_G>T,3.434634686,1,4,SPI1,UTR3
3-end RNA-seq,Myeloid/dendritic,chr11:48049664_A>G,3.154489517,1,4,PTPRJ,intronic
3-end RNA-seq,Myeloid/dendritic,chr11:48170772_G>A,2.061817408,1,4,PTPRJ,UTR3
3-end RNA-seq,Myeloid/dendritic,chr11:57770660_T>A,0.835658967,1,4,TMX2-CTNND1,ncRNA_intronic
3-end RNA-seq,Myeloid/dendritic,chr11:59209238_A>G,2.9569323064999997,2,22;4,MPEG1,UTR3
3-end RNA-seq,Myeloid/dendritic,chr11:60172107_T>C,3.396013975,1,4,MS4A6A,UTR3
3-end RNA-seq,Myeloid/dendritic,chr11:60172115_A>T,3.263010979,1,4,MS4A6A,UTR3
3-end RNA-seq,Myeloid/dendritic,chr11:60393979_C>T,1.926106095,1,4,MS4A7,UTR3
3-end RNA-seq,Myeloid/dendritic,chr11:75206201_A>G,2.032667398,1,4,SLCO2B1,UTR3
3-end RNA-seq,Myeloid/dendritic,chr11:82689907_A>T,2.857214689,1,4,MIR4300HG;FAM181B,intergenic
3-end RNA-seq,Myeloid/dendritic,chr12:104544125_T>C,2.096868515,1,4,CHST11,intronic
3-end RNA-seq,Myeloid/dendritic,chr12:104637302_T>C,2.633663416,1,4,CHST11,intronic
3-end RNA-seq,Myeloid/dendritic,chr12:111427389_A>T,2.053082943,1,4,SH2B3,intronic
3-end RNA-seq,Myeloid/dendritic,chr12:113396532_C>T,1.493776679,1,4,SDS,intronic
3-end RNA-seq,Myeloid/dendritic,chr12:113396544_C>T,2.381141186,1,4,SDS,intronic
3-end RNA-seq,Myeloid/dendritic,chr12:113396549_C>T,1.15906167,1,4,SDS,intronic
3-end RNA-seq,Myeloid/dendritic,chr12:113396552_T>C,1.830340385,1,4,SDS,intronic
3-end RNA-seq,Myeloid/dendritic,chr12:113396601_C>T,2.34675312,1,4,SDS,intronic
3-end RNA-seq,Myeloid/dendritic,chr12:113396609_T>C,0.796374679,1,4,SDS,intronic
3-end RNA-seq,Myeloid/dendritic,chr12:113396615_C>T,3.279693127,1,4,SDS,intronic
3-end RNA-seq,Myeloid/dendritic,chr12:118351950_T>C,3.878903627,1,4,TAOK3,intronic
3-end RNA-seq,Myeloid/dendritic,chr12:124342401_G>C,3.229214668,1,4,NCOR2,intronic
3-end RNA-seq,Myeloid/dendritic,chr12:124402550_T>C,2.195673227,1,4,NCOR2,exonic
3-end RNA-seq,Myeloid/dendritic,chr12:1695534_G>A,2.60871172,1,4,ADIPOR2,intronic
3-end RNA-seq,Myeloid/dendritic,chr12:45904652_T>C,1.298429847,1,4,ARID2,intronic
3-end RNA-seq,Myeloid/dendritic,chr12:47217402_A>C,3.306261539,1,4,PCED1B,intronic
3-end RNA-seq,Myeloid/dendritic,chr12:49185012_A>T,1.951436758,1,4,TUBA1A,exonic
3-end RNA-seq,Myeloid/dendritic,chr12:52022269_A>G,1.891591907,1,4,NR4A1,upstream
3-end RNA-seq,Myeloid/dendritic,chr12:52022275_A>G,1.870194316,1,4,NR4A1,upstream
3-end RNA-seq,Myeloid/dendritic,chr12:52022286_G>A,2.962306261,1,4,NR4A1,upstream
3-end RNA-seq,Myeloid/dendritic,chr12:56205486_A>T,1.552852273,1,4,RNF41,UTR3
3-end RNA-seq,Myeloid/dendritic,chr12:62513842_G>C,4.58761692,1,4,MON2,intronic
3-end RNA-seq,Myeloid/dendritic,chr12:6391565_T>C,1.223100066,1,4,LTBR,UTR3
3-end RNA-seq,Myeloid/dendritic,chr12:6770908_T>A,1.586233735,1,4,PTMS,UTR3
3-end RNA-seq,Myeloid/dendritic,chr12:68613388_T>A,1.455284357,1,4,RAP1B,intronic
3-end RNA-seq,Myeloid/dendritic,chr12:7923838_A>G,1.747523904,1,4,SLC2A3,intronic
3-end RNA-seq,Myeloid/dendritic,chr13:109755230_T>G,3.108472109,1,4,IRS2,UTR3
3-end RNA-seq,Myeloid/dendritic,chr13:42888109_C>T,4.416111946,1,4,EPSTI1,UTR3
3-end RNA-seq,Myeloid/dendritic,chr14:103126541_G>A,2.076462746,1,4,TNFAIP2,exonic
3-end RNA-seq,Myeloid/dendritic,chr14:105053246_T>C,2.351721287,1,4,GPR132,intronic
3-end RNA-seq,Myeloid/dendritic,chr14:105057535_T>A,1.589740157,1,4,GPR132,intronic
3-end RNA-seq,Myeloid/dendritic,chr14:105063997_G>A,2.54396677,1,4,GPR132,intronic
3-end RNA-seq,Myeloid/dendritic,chr14:105488785_G>A,3.552770853,1,4,CRIP1,UTR3
3-end RNA-seq,Myeloid/dendritic,chr14:105488786_A>C,2.672431946,1,4,CRIP1,UTR3
3-end RNA-seq,Myeloid/dendritic,chr14:49623282_C>T,3.757267237,1,4,MGAT2,UTR3
3-end RNA-seq,Myeloid/dendritic,chr14:60971451_C>T,1.374695182,1,4,TRMT5,UTR3
3-end RNA-seq,Myeloid/dendritic,chr14:61703619_T>A,2.525996685,1,4,HIF1A,intronic
3-end RNA-seq,Myeloid/dendritic,chr14:71442173_A>G,3.460713863,1,4,SIPA1L1,intronic
3-end RNA-seq,Myeloid/dendritic,chr14:73321867_C>T,1.573780179,1,4,NUMB,intronic
3-end RNA-seq,Myeloid/dendritic,chr14:89511246_C>T,1.148356438,1,4,FOXN3,intronic
3-end RNA-seq,Myeloid/dendritic,chr14:89511247_T>C,4.340191364,1,4,FOXN3,intronic
3-end RNA-seq,Myeloid/dendritic,chr14:92725720_T>C,2.2938170429999998,1,4,LGMN,intronic
3-end RNA-seq,Myeloid/dendritic,chr14:92729149_G>A,3.502303839,1,4,LGMN,intronic
3-end RNA-seq,Myeloid/dendritic,chr14:94378482_G>A,5.632579327,1,4,SERPINA1,exonic
3-end RNA-seq,Myeloid/dendritic,chr15:44714745_T>A,2.357443571,1,4,B2M,intronic
3-end RNA-seq,Myeloid/dendritic,chr15:51836683_T>C,1.293928027,1,4,TMOD3,intronic
3-end RNA-seq,Myeloid/dendritic,chr15:63511266_T>C,2.63453126,1,4,USP3,intronic
3-end RNA-seq,Myeloid/dendritic,chr15:64951343_C>T,3.753320217,1,4,ANKDD1A,intronic
3-end RNA-seq,Myeloid/dendritic,chr15:64951420_C>T,2.242754936,1,4,ANKDD1A,intronic
3-end RNA-seq,Myeloid/dendritic,chr15:64951864_T>C,1.27233243,1,4,ANKDD1A,intronic
3-end RNA-seq,Myeloid/dendritic,chr15:64951866_C>T,2.29023242,1,4,ANKDD1A,intronic
3-end RNA-seq,Myeloid/dendritic,chr15:64952112_C>T,1.78303659,1,4,ANKDD1A,intronic
3-end RNA-seq,Myeloid/dendritic,chr15:64952794_C>T,1.482035756,1,4,ANKDD1A,intronic
3-end RNA-seq,Myeloid/dendritic,chr15:64953167_T>C,4.282822132,1,4,ANKDD1A,intronic
3-end RNA-seq,Myeloid/dendritic,chr15:64953475_C>T,2.50039959,1,4,ANKDD1A,intronic
3-end RNA-seq,Myeloid/dendritic,chr15:64953575_A>C,2.469857931,1,4,ANKDD1A,intronic
3-end RNA-seq,Myeloid/dendritic,chr15:64953588_C>T,2.192861795,1,4,ANKDD1A,intronic
3-end RNA-seq,Myeloid/dendritic,chr15:64953714_G>C,2.29028964,1,4,ANKDD1A,intronic
3-end RNA-seq,Myeloid/dendritic,chr15:64953723_C>G,1.198061228,1,4,ANKDD1A,intronic
3-end RNA-seq,Myeloid/dendritic,chr15:64954061_T>C,3.171051741,1,4,ANKDD1A,intronic
3-end RNA-seq,Myeloid/dendritic,chr15:64954066_C>T,0.892375529,1,4,ANKDD1A,intronic
3-end RNA-seq,Myeloid/dendritic,chr15:64954556_T>C,1.217708826,1,4,ANKDD1A,intronic
3-end RNA-seq,Myeloid/dendritic,chr15:64954744_C>T,2.61331439,1,4,ANKDD1A,intronic
3-end RNA-seq,Myeloid/dendritic,chr15:65718789_T>G,2.015523195,1,4,DENND4A,intronic
3-end RNA-seq,Myeloid/dendritic,chr15:72325279_C>A,3.911155224,1,4,CELF6;HEXA,intergenic
3-end RNA-seq,Myeloid/dendritic,chr15:85612827_A>T,2.206187487,1,4,AKAP13,intronic
3-end RNA-seq,Myeloid/dendritic,chr15:85697576_G>A,4.594051838,1,4,AKAP13,intronic
3-end RNA-seq,Myeloid/dendritic,chr15:85698817_G>A,1.740734696,1,4,AKAP13,intronic
3-end RNA-seq,Myeloid/dendritic,chr15:92889496_G>A,3.774452448,1,4,CHASERR,ncRNA_intronic
3-end RNA-seq,Myeloid/dendritic,chr15:99670443_C>T,5.113417625,1,4,MEF2A,intronic
3-end RNA-seq,Myeloid/dendritic,chr16:11484080_T>C,5.174571514,1,4,LOC400499,intronic
3-end RNA-seq,Myeloid/dendritic,chr16:11502938_A>G,3.672619104,1,4,LOC400499,intronic
3-end RNA-seq,Myeloid/dendritic,chr16:11538423_A>G,3.900946379,1,4,LOC400499;LITAF,intergenic
3-end RNA-seq,Myeloid/dendritic,chr16:11565339_G>T,3.581533432,1,4,LITAF,intronic
3-end RNA-seq,Myeloid/dendritic,chr16:31040165_G>A,1.19336164,1,4,STX4,UTR3
3-end RNA-seq,Myeloid/dendritic,chr16:31364852_A>C,2.84980464,1,4,ITGAX,intronic
3-end RNA-seq,Myeloid/dendritic,chr16:81537516_C>G,3.297994852,1,4,CMIP,intronic
3-end RNA-seq,Myeloid/dendritic,chr16:84565599_T>A,3.608729601,1,4,COTL1,UTR3
3-end RNA-seq,Myeloid/dendritic,chr17:1106615_T>C,3.003270864,1,4,ABR,intronic
3-end RNA-seq,Myeloid/dendritic,chr17:14329374_G>A,3.829613686,1,4,HS3ST3B1,intronic
3-end RNA-seq,Myeloid/dendritic,chr17:16121263_A>T,1.421725392,1,4,NCOR1,exonic
3-end RNA-seq,Myeloid/dendritic,chr17:1617476_C>T,2.481501579,1,4,SLC43A2,intronic
3-end RNA-seq,Myeloid/dendritic,chr17:19188153_C>T,2.380042315,1,4,SNORD3A,ncRNA_exonic
3-end RNA-seq,Myeloid/dendritic,chr17:2048084_C>T,2.397302628,1,4,DPH1;MIR132,intergenic
3-end RNA-seq,Myeloid/dendritic,chr17:31303769_C>T,5.004099369,1,4,NF1,intronic
3-end RNA-seq,Myeloid/dendritic,chr17:36088259_A>G,3.264232159,1,4,CCL3,UTR3
3-end RNA-seq,Myeloid/dendritic,chr17:36194872_A>G,3.966771603,1,4,CCL3;CCL3L1;CCL3L3,UTR3
3-end RNA-seq,Myeloid/dendritic,chr17:36212863_T>C,4.515099049,1,4,CCL4L1;CCL4L2,UTR3
3-end RNA-seq,Myeloid/dendritic,chr17:36212870_C>T,4.385642529,1,4,CCL4L1;CCL4L2,UTR3
3-end RNA-seq,Myeloid/dendritic,chr17:36586153_T>A,1.776599884,1,4,GGNBP2,exonic
3-end RNA-seq,Myeloid/dendritic,chr17:44473235_T>C,1.765660286,1,4,GPATCH8,intronic
3-end RNA-seq,Myeloid/dendritic,chr17:64322727_T>C,1.71474278,1,4,PECAM1,UTR3
3-end RNA-seq,Myeloid/dendritic,chr17:64338353_T>C,0.939705312,1,4,PECAM1,intronic
3-end RNA-seq,Myeloid/dendritic,chr17:66559480_A>T,2.32230854,1,4,PRKCA,intronic
3-end RNA-seq,Myeloid/dendritic,chr17:77500594_G>A,1.795403242,1,4,SEPTIN9,UTR3
3-end RNA-seq,Myeloid/dendritic,chr17:7854788_G>A,1.832174182,1,4,KDM6B,UTR3
3-end RNA-seq,Myeloid/dendritic,chr17:78799906_A>G,1.760027051,1,4,USP36,intronic
3-end RNA-seq,Myeloid/dendritic,chr17:80287823_G>A,1.551427841,1,4,RNF213,exonic
3-end RNA-seq,Myeloid/dendritic,chr17:81141957_C>T,1.659252048,1,4,AATK,intronic
3-end RNA-seq,Myeloid/dendritic,chr17:82239481_C>A,3.010876894,1,4,CSNK1D;SLC16A3,UTR3
3-end RNA-seq,Myeloid/dendritic,chr18:2923405_A>C,3.292674065,1,4,LPIN2,intronic
3-end RNA-seq,Myeloid/dendritic,chr18:63169371_C>T,3.586428642,1,4,BCL2,intronic
3-end RNA-seq,Myeloid/dendritic,chr18:77055603_T>C,3.943893671,1,4,MBP,intronic
3-end RNA-seq,Myeloid/dendritic,chr18:77055613_T>C,2.943107128,1,4,MBP,intronic
3-end RNA-seq,Myeloid/dendritic,chr18:80013074_A>G,1.0754296779999999,1,4,TXNL4A,intronic
3-end RNA-seq,Myeloid/dendritic,chr18:9255269_G>A,2.161456585,1,4,ANKRD12,exonic
3-end RNA-seq,Myeloid/dendritic,chr18:9786153_A>G,1.758898139,1,4,RAB31,intronic
3-end RNA-seq,Myeloid/dendritic,chr18:9786173_G>A,2.395227671,1,4,RAB31,intronic
3-end RNA-seq,Myeloid/dendritic,chr18:9861103_T>C,1.029842377,1,4,RAB31,UTR3
3-end RNA-seq,Myeloid/dendritic,chr19:10277870_G>A,3.26643014,1,4,ICAM1,intronic
3-end RNA-seq,Myeloid/dendritic,chr19:10286548_C>A,3.513317108,1,4,ICAM1,UTR3
3-end RNA-seq,Myeloid/dendritic,chr19:10286606_C>A,4.303041935,1,4,ICAM1,UTR3
3-end RNA-seq,Myeloid/dendritic,chr19:1039064_G>A,0.890881658,1,4,CNN2,UTR3
3-end RNA-seq,Myeloid/dendritic,chr19:10429311_G>A,3.319281816,1,4,PDE4A,intronic
3-end RNA-seq,Myeloid/dendritic,chr19:11450881_A>C,1.158880949,1,4,PRKCSH,UTR3
3-end RNA-seq,Myeloid/dendritic,chr19:11574662_C>T,3.461503744,1,4,ACP5,UTR3
3-end RNA-seq,Myeloid/dendritic,chr19:1228044_C>A,2.237180948,1,4,STK11,UTR3
3-end RNA-seq,Myeloid/dendritic,chr19:12793171_T>A,3.000600338,1,4,JUNB,UTR3
3-end RNA-seq,Myeloid/dendritic,chr19:12793195_T>A,2.375823736,1,4,JUNB,UTR3
3-end RNA-seq,Myeloid/dendritic,chr19:12793268_C>A,2.596224308,1,4,JUNB,UTR3
3-end RNA-seq,Myeloid/dendritic,chr19:13154902_T>C,1.905965209,1,4,IER2,UTR3
3-end RNA-seq,Myeloid/dendritic,chr19:13834694_G>A,2.511432171,1,4,LOC284454,ncRNA_exonic
3-end RNA-seq,Myeloid/dendritic,chr19:14392103_G>A,3.496731043,1,4,ADGRE5,intronic
3-end RNA-seq,Myeloid/dendritic,chr19:15256096_C>T,0.663123012,1,4,BRD4,exonic
3-end RNA-seq,Myeloid/dendritic,chr19:16327504_A>T,2.448885918,1,4,KLF2,UTR3
3-end RNA-seq,Myeloid/dendritic,chr19:17402940_C>A,1.799170971,1,4,BST2,UTR3
3-end RNA-seq,Myeloid/dendritic,chr19:3147423_C>T,2.92442131,1,4,LOC100996351,ncRNA_intronic
3-end RNA-seq,Myeloid/dendritic,chr19:35904407_T>C,2.859421968,1,4,TYROBP,UTR3
3-end RNA-seq,Myeloid/dendritic,chr19:38328872_A>G,1.798552394,1,4,KCNK6,UTR3
3-end RNA-seq,Myeloid/dendritic,chr19:38328878_G>A,1.489700794,1,4,KCNK6,UTR3
3-end RNA-seq,Myeloid/dendritic,chr19:38329003_G>A,1.275666475,1,4,KCNK6,UTR3
3-end RNA-seq,Myeloid/dendritic,chr19:43648580_C>T,2.97217989,1,4,PLAUR,UTR3
3-end RNA-seq,Myeloid/dendritic,chr19:43656958_T>A,0.765043318,1,4,PLAUR,intronic
3-end RNA-seq,Myeloid/dendritic,chr19:43666465_C>T,2.354146481,1,4,PLAUR,intronic
3-end RNA-seq,Myeloid/dendritic,chr19:43666471_C>T,1.918365002,1,4,PLAUR,intronic
3-end RNA-seq,Myeloid/dendritic,chr19:43666578_C>T,1.878566265,1,4,PLAUR,intronic
3-end RNA-seq,Myeloid/dendritic,chr19:45526987_T>A,2.034492254,1,4,OPA3;VASP,downstream
3-end RNA-seq,Myeloid/dendritic,chr19:4675367_T>C,1.697864056,1,4,DPP9,UTR3
3-end RNA-seq,Myeloid/dendritic,chr19:47321939_T>A,3.408049822,1,4,C5AR1,UTR3
3-end RNA-seq,Myeloid/dendritic,chr19:47322063_G>A,3.721138954,1,4,C5AR1,UTR3
3-end RNA-seq,Myeloid/dendritic,chr19:47383248_G>A,1.627381206,1,4,DHX34,downstream
3-end RNA-seq,Myeloid/dendritic,chr19:47506014_T>C,2.957869768,1,4,NAPA,intronic
3-end RNA-seq,Myeloid/dendritic,chr19:48330544_T>A,2.958412886,1,4,EMP3,UTR3
3-end RNA-seq,Myeloid/dendritic,chr19:49526331_G>A,1.456667542,1,4,FCGRT,UTR3
3-end RNA-seq,Myeloid/dendritic,chr19:4982401_A>G,2.034992933,1,4,KDM4B,intronic
3-end RNA-seq,Myeloid/dendritic,chr19:49879869_A>G,3.780976057,1,4,TBC1D17,intronic
3-end RNA-seq,Myeloid/dendritic,chr19:49889659_C>T,7.683580875,1,4,IL4I1,UTR3
3-end RNA-seq,Myeloid/dendritic,chr19:50333802_C>T,4.414465904,1,22,NAPSB,ncRNA_exonic
3-end RNA-seq,Myeloid/dendritic,chr19:51815847_A>G,4.656895161,1,4,FPR3,intronic
3-end RNA-seq,Myeloid/dendritic,chr19:51815872_G>A,1.7284543509999999,1,4,FPR3,intronic
3-end RNA-seq,Myeloid/dendritic,chr19:51815879_G>A,2.145314693,1,4,FPR3,intronic
3-end RNA-seq,Myeloid/dendritic,chr19:53546148_A>G,1.378859997,1,4,ZNF331,intronic
3-end RNA-seq,Myeloid/dendritic,chr19:53546151_A>G,1.788778901,1,4,ZNF331,intronic
3-end RNA-seq,Myeloid/dendritic,chr19:53546152_A>G,2.822927952,1,4,ZNF331,intronic
3-end RNA-seq,Myeloid/dendritic,chr19:53556164_A>C,1.346601248,1,4,ZNF331,intronic
3-end RNA-seq,Myeloid/dendritic,chr19:54273885_C>T,2.387487411,1,4,LILRB2,UTR3
3-end RNA-seq,Myeloid/dendritic,chr19:7647830_C>A,2.479901791,1,4,STXBP2,UTR3
3-end RNA-seq,Myeloid/dendritic,chr1:10238011_G>A,2.287178993,1,4,KIF1B,intronic
3-end RNA-seq,Myeloid/dendritic,chr1:109559186_G>A,1.122946739,1,4,GNAI3,intronic
3-end RNA-seq,Myeloid/dendritic,chr1:116547340_C>T,3.223039627,1,4,CD58,intronic
3-end RNA-seq,Myeloid/dendritic,chr1:150159616_G>A,1.204498172,1,4,PLEKHO1,UTR3
3-end RNA-seq,Myeloid/dendritic,chr1:150308350_G>A,1.488824844,1,4,MRPS21,UTR3
3-end RNA-seq,Myeloid/dendritic,chr1:150560875_T>A,2.248514652,1,4,ADAMTSL4,UTR3
3-end RNA-seq,Myeloid/dendritic,chr1:150730187_A>C,2.552803516,1,4,CTSS,downstream
3-end RNA-seq,Myeloid/dendritic,chr1:153543620_C>T,2.278478861,1,4,S100A4,downstream
3-end RNA-seq,Myeloid/dendritic,chr1:156159919_G>A,3.288549185,1,4,SEMA4A,intronic
3-end RNA-seq,Myeloid/dendritic,chr1:156164048_G>A,2.826022625,1,4,SEMA4A,intronic
3-end RNA-seq,Myeloid/dendritic,chr1:159308205_T>A,5.032808781,1,4,FCER1A,UTR3
3-end RNA-seq,Myeloid/dendritic,chr1:160754816_C>A,1.119467378,1,4,SLAMF7,UTR3
3-end RNA-seq,Myeloid/dendritic,chr1:161518447_A>G,2.589222193,1,4,FCGR2A,UTR3
3-end RNA-seq,Myeloid/dendritic,chr1:161605359_T>C,2.17175293,1,4,HSPA7,upstream
3-end RNA-seq,Myeloid/dendritic,chr1:171532849_G>A,1.972869873,1,4,PRRC2C,exonic
3-end RNA-seq,Myeloid/dendritic,chr1:17641980_T>C,1.761340857,1,4,ARHGEF10L,intronic
3-end RNA-seq,Myeloid/dendritic,chr1:179116846_C>T,2.161696911,1,4,ABL2,intronic
3-end RNA-seq,Myeloid/dendritic,chr1:179124486_T>A,1.895783186,1,4,ABL2,intronic
3-end RNA-seq,Myeloid/dendritic,chr1:183555734_A>T,2.472195148,1,4,NCF2,UTR3
3-end RNA-seq,Myeloid/dendritic,chr1:185296579_T>C,3.248514175,1,4,IVNS1ABP,UTR3
3-end RNA-seq,Myeloid/dendritic,chr1:185297758_C>T,1.281939268,1,4,IVNS1ABP,UTR3
3-end RNA-seq,Myeloid/dendritic,chr1:185297982_A>G,2.116733074,1,4,IVNS1ABP,UTR3
3-end RNA-seq,Myeloid/dendritic,chr1:186671995_A>T,4.980661869,1,4,PTGS2,UTR3
3-end RNA-seq,Myeloid/dendritic,chr1:186672911_A>T,2.39778614,1,4,PTGS2,UTR3
3-end RNA-seq,Myeloid/dendritic,chr1:192812266_T>C,1.784866214,1,4,RGS2,UTR3
3-end RNA-seq,Myeloid/dendritic,chr1:192812273_G>A,3.211583376,1,4,RGS2,UTR3
3-end RNA-seq,Myeloid/dendritic,chr1:198756596_A>T,3.617987394,1,4,PTPRC,UTR3
3-end RNA-seq,Myeloid/dendritic,chr1:212446139_G>A,2.164013147,1,4,NENF,UTR3
3-end RNA-seq,Myeloid/dendritic,chr1:212446142_C>A,1.718658328,1,4,NENF,UTR3
3-end RNA-seq,Myeloid/dendritic,chr1:224388129_C>T,1.720827937,1,4,WDR26,UTR3
3-end RNA-seq,Myeloid/dendritic,chr1:22639606_G>A,3.983462095,1,4,C1QA,UTR3
3-end RNA-seq,Myeloid/dendritic,chr1:22647922_T>A,6.523072243,1,4,C1QC,UTR3
3-end RNA-seq,Myeloid/dendritic,chr1:22647945_T>C,3.182472229,1,4,C1QC,UTR3
3-end RNA-seq,Myeloid/dendritic,chr1:22648043_T>C,3.265585661,1,4,C1QC,UTR3
3-end RNA-seq,Myeloid/dendritic,chr1:22648060_G>T,3.035488605,1,4,C1QC,UTR3
3-end RNA-seq,Myeloid/dendritic,chr1:22648073_T>G,3.24856472,1,4,C1QC,UTR3
3-end RNA-seq,Myeloid/dendritic,chr1:22648102_C>A,2.771330833,1,4,C1QC,UTR3
3-end RNA-seq,Myeloid/dendritic,chr1:241549202_G>A,4.774794102,1,4,KMO,intronic
3-end RNA-seq,Myeloid/dendritic,chr1:24901036_G>T,1.534026623,1,4,RUNX3,UTR3
3-end RNA-seq,Myeloid/dendritic,chr1:27875116_T>C,1.256033659,1,4,THEMIS2,intronic
3-end RNA-seq,Myeloid/dendritic,chr1:28490456_C>T,1.448294282,1,4,PHACTR4,intronic
3-end RNA-seq,Myeloid/dendritic,chr1:30733435_G>T,3.970771074,1,4,LAPTM5,UTR3
3-end RNA-seq,Myeloid/dendritic,chr1:39393869_G>A,0.672694623,1,4,MACF1,intronic
3-end RNA-seq,Myeloid/dendritic,chr1:44778053_G>A,2.9550879,1,4,RPS8,exonic
3-end RNA-seq,Myeloid/dendritic,chr1:66342548_T>C,2.450109482,1,4,PDE4B,intronic
3-end RNA-seq,Myeloid/dendritic,chr1:84983536_A>G,2.94692564,1,4,MCOLN2,intronic
3-end RNA-seq,Myeloid/dendritic,chr1:89052318_A>T,3.665861845,1,4,GBP1,downstream
3-end RNA-seq,Myeloid/dendritic,chr1:9126915_T>C,3.430177689,1,4,GPR157,intronic
3-end RNA-seq,Myeloid/dendritic,chr1:97130935_A>C,1.920054555,1,4,DPYD-AS1,ncRNA_intronic
3-end RNA-seq,Myeloid/dendritic,chr1:991539_C>T,0.910986543,1,4,PERM1;HES4,intergenic
3-end RNA-seq,Myeloid/dendritic,chr1:991624_T>C,1.883926392,1,4,PERM1;HES4,intergenic
3-end RNA-seq,Myeloid/dendritic,chr20:31664541_T>G,1.162160277,1,4,BCL2L1,UTR3
3-end RNA-seq,Myeloid/dendritic,chr20:32054475_T>C,5.102656841,1,4,HCK,intronic
3-end RNA-seq,Myeloid/dendritic,chr20:32094777_G>A,2.30611968,1,4,HCK,intronic
3-end RNA-seq,Myeloid/dendritic,chr20:32094783_G>A,2.856146574,1,4,HCK,intronic
3-end RNA-seq,Myeloid/dendritic,chr20:3364971_C>T,1.249621987,1,4,C20orf194,intronic
3-end RNA-seq,Myeloid/dendritic,chr20:35725678_C>T,1.62613368,1,4,RBM39,intronic
3-end RNA-seq,Myeloid/dendritic,chr20:3687103_C>G,4.378574848,1,4,SIGLEC1,UTR3
3-end RNA-seq,Myeloid/dendritic,chr20:36890397_T>C,2.605845928,1,4,SAMHD1,UTR3
3-end RNA-seq,Myeloid/dendritic,chr20:37405416_G>A,2.349005222,1,4,SRC,UTR3
3-end RNA-seq,Myeloid/dendritic,chr20:40686961_C>T,2.078410149,1,4,MAFB,UTR3
3-end RNA-seq,Myeloid/dendritic,chr20:46016492_C>T,2.8999218940000002,1,4,SLC12A5-AS1,ncRNA_intronic
3-end RNA-seq,Myeloid/dendritic,chr20:46016497_C>T,2.796091795,1,4,SLC12A5-AS1,ncRNA_intronic
3-end RNA-seq,Myeloid/dendritic,chr20:46016499_C>T,2.795746088,1,4,SLC12A5-AS1,ncRNA_intronic
3-end RNA-seq,Myeloid/dendritic,chr20:46016560_T>C,2.965128183,1,4,SLC12A5-AS1,ncRNA_intronic
3-end RNA-seq,Myeloid/dendritic,chr20:47550432_A>G,1.065205574,1,4,NCOA3,intronic
3-end RNA-seq,Myeloid/dendritic,chr20:49255192_G>A,2.094970942,1,4,ZNFX1,intronic
3-end RNA-seq,Myeloid/dendritic,chr20:58995330_G>T,1.169957638,1,4,CTSZ,UTR3
3-end RNA-seq,Myeloid/dendritic,chr21:25579510_T>A,5.537523746,1,4,MIR155HG;LINC00515,intergenic
3-end RNA-seq,Myeloid/dendritic,chr21:27143137_C>T,1.926693797,1,4,ADAMTS5;LINC00113,intergenic
3-end RNA-seq,Myeloid/dendritic,chr21:41381685_A>G,2.098865747,1,4,MX2,intronic
3-end RNA-seq,Myeloid/dendritic,chr21:44885956_C>T,1.931272149,1,4,ITGB2,UTR3
3-end RNA-seq,Myeloid/dendritic,chr21:46598955_C>T,3.23979044,1,4,S100B,UTR3
3-end RNA-seq,Myeloid/dendritic,chr22:17756488_C>T,2.350096703,1,4,BID,intronic
3-end RNA-seq,Myeloid/dendritic,chr22:17756588_T>C,2.399841547,1,4,BID,intronic
3-end RNA-seq,Myeloid/dendritic,chr22:30262872_A>T,3.672256947,1,4,OSM,UTR3
3-end RNA-seq,Myeloid/dendritic,chr22:30262873_A>C,2.345602751,1,4,OSM,UTR3
3-end RNA-seq,Myeloid/dendritic,chr22:36940406_G>A,1.949573159,1,4,CSF2RB,UTR3
3-end RNA-seq,Myeloid/dendritic,chr22:36940435_T>A,3.287041903,1,4,CSF2RB,UTR3
3-end RNA-seq,Myeloid/dendritic,chr22:37679800_G>A,2.636580706,1,4,LGALS1,UTR3
3-end RNA-seq,Myeloid/dendritic,chr22:46692823_T>G,1.874721408,1,4,CERK,intronic
3-end RNA-seq,Myeloid/dendritic,chr22:50274980_A>G,1.229053378,1,4,PLXNB2,UTR3
3-end RNA-seq,Myeloid/dendritic,chr2:101274798_C>T,2.419571638,1,4,RNF149,downstream
3-end RNA-seq,Myeloid/dendritic,chr2:101275127_T>C,1.751811266,1,4,RNF149,downstream
3-end RNA-seq,Myeloid/dendritic,chr2:102028420_C>A,5.504205704,1,4,IL1R2,UTR3
3-end RNA-seq,Myeloid/dendritic,chr2:112829759_T>A,3.958921432,1,4,IL1B,UTR3
3-end RNA-seq,Myeloid/dendritic,chr2:112829760_C>T,1.942904711,1,4,IL1B,UTR3
3-end RNA-seq,Myeloid/dendritic,chr2:112829764_A>G,3.568096876,1,4,IL1B,UTR3
3-end RNA-seq,Myeloid/dendritic,chr2:112834370_C>T,3.045388699,1,4,IL1B,intronic
3-end RNA-seq,Myeloid/dendritic,chr2:142929008_A>G,2.838684082,1,4,KYNU,intronic
3-end RNA-seq,Myeloid/dendritic,chr2:142942160_G>A,3.140426874,1,4,KYNU,intronic
3-end RNA-seq,Myeloid/dendritic,chr2:144510193_C>T,3.543057203,1,4,ZEB2,intronic
3-end RNA-seq,Myeloid/dendritic,chr2:152378112_G>A,3.355417967,1,4,FMNL2,intronic
3-end RNA-seq,Myeloid/dendritic,chr2:156324439_C>T,3.32414031,1,4,NR4A2,UTR3
3-end RNA-seq,Myeloid/dendritic,chr2:156326583_C>T,2.343227148,1,4,NR4A2,intronic
3-end RNA-seq,Myeloid/dendritic,chr2:159768850_C>T,3.339799643,1,4,CD302;LY75-CD302;MARCHF7,UTR3
3-end RNA-seq,Myeloid/dendritic,chr2:16633573_C>T,2.090306044,1,4,CYRIA,intronic
3-end RNA-seq,Myeloid/dendritic,chr2:169630952_G>A,1.854185462,1,4,PPIG,exonic
3-end RNA-seq,Myeloid/dendritic,chr2:189560592_A>G,4.865831375,1,4,SLC40A1,UTR3
3-end RNA-seq,Myeloid/dendritic,chr2:196156648_T>A,2.620297909,1,4,STK17B,exonic
3-end RNA-seq,Myeloid/dendritic,chr2:234495162_A>T,2.457996368,1,4,ARL4C,UTR3
3-end RNA-seq,Myeloid/dendritic,chr2:237765282_C>A,5.067159176,1,4,LRRFIP1,UTR3
3-end RNA-seq,Myeloid/dendritic,chr2:241701035_G>C,2.008131027,1,4,ING5,intronic
3-end RNA-seq,Myeloid/dendritic,chr2:37007376_T>C,1.457177997,1,4,HEATR5B,intronic
3-end RNA-seq,Myeloid/dendritic,chr2:40214459_C>T,1.080067873,1,4,SLC8A1-AS1,ncRNA_intronic
3-end RNA-seq,Myeloid/dendritic,chr2:45761253_G>A,3.025379419,1,4,PRKCE,intronic
3-end RNA-seq,Myeloid/dendritic,chr2:64102857_A>G,2.301935196,1,4,PELI1,intronic
3-end RNA-seq,Myeloid/dendritic,chr2:84905656_G>T,1.266418457,1,4,TMSB10,UTR5
3-end RNA-seq,Myeloid/dendritic,chr2:85319187_T>C,2.024127007,1,4,TGOLN2,UTR3
3-end RNA-seq,Myeloid/dendritic,chr2:85319188_T>C,1.765794754,1,4,TGOLN2,UTR3
3-end RNA-seq,Myeloid/dendritic,chr3:10172407_A>G,2.868190765,1,4,IRAK2,intronic
3-end RNA-seq,Myeloid/dendritic,chr3:10175810_A>G,3.09406209,1,4,IRAK2,intronic
3-end RNA-seq,Myeloid/dendritic,chr3:10178346_A>G,1.663741708,1,4,IRAK2,intronic
3-end RNA-seq,Myeloid/dendritic,chr3:10178378_A>G,2.330312729,1,4,IRAK2,intronic
3-end RNA-seq,Myeloid/dendritic,chr3:11433289_T>C,4.314748764,1,4,ATG7,intronic
3-end RNA-seq,Myeloid/dendritic,chr3:122055917_G>A,5.496940136,1,4,CD86,intronic
3-end RNA-seq,Myeloid/dendritic,chr3:122059490_A>G,3.147668839,1,4,CD86,intronic
3-end RNA-seq,Myeloid/dendritic,chr3:122118088_G>A,3.590531588,1,4,CD86,exonic
3-end RNA-seq,Myeloid/dendritic,chr3:122718835_G>A,2.550061941,1,4,PARP14,exonic
3-end RNA-seq,Myeloid/dendritic,chr3:13350730_G>A,1.772338867,1,4,NUP210,intronic
3-end RNA-seq,Myeloid/dendritic,chr3:141892572_T>C,1.97029376,1,4,ATP1B3,intronic
3-end RNA-seq,Myeloid/dendritic,chr3:141920535_G>A,3.228441238,1,4,ATP1B3,intronic
3-end RNA-seq,Myeloid/dendritic,chr3:141965548_A>C,1.571671009,1,4,TFDP2,intronic
3-end RNA-seq,Myeloid/dendritic,chr3:141965554_A>C,2.098724365,1,4,TFDP2,intronic
3-end RNA-seq,Myeloid/dendritic,chr3:141965566_A>C,2.170846701,1,4,TFDP2,intronic
3-end RNA-seq,Myeloid/dendritic,chr3:141965578_A>C,1.884000778,1,4,TFDP2,intronic
3-end RNA-seq,Myeloid/dendritic,chr3:141965584_A>C,1.768742561,1,4,TFDP2,intronic
3-end RNA-seq,Myeloid/dendritic,chr3:141965588_A>C,2.548316479,1,4,TFDP2,intronic
3-end RNA-seq,Myeloid/dendritic,chr3:141965595_A>C,1.893430352,1,4,TFDP2,intronic
3-end RNA-seq,Myeloid/dendritic,chr3:141965599_A>C,3.162219048,1,4,TFDP2,intronic
3-end RNA-seq,Myeloid/dendritic,chr3:146529529_T>A,1.70861423,1,4,PLSCR1,intronic
3-end RNA-seq,Myeloid/dendritic,chr3:146529530_T>C,3.598775625,1,4,PLSCR1,intronic
3-end RNA-seq,Myeloid/dendritic,chr3:15297992_A>G,2.221837997,1,4,SH3BP5,intronic
3-end RNA-seq,Myeloid/dendritic,chr3:15302825_C>T,2.363623142,1,4,SH3BP5,intronic
3-end RNA-seq,Myeloid/dendritic,chr3:169772287_A>G,2.187467813,1,4,ACTRT3;MYNN,intergenic
3-end RNA-seq,Myeloid/dendritic,chr3:170359589_T>C,1.841861248,1,4,SKIL,intronic
3-end RNA-seq,Myeloid/dendritic,chr3:172386666_T>C,1.314780474,1,4,FNDC3B,intronic
3-end RNA-seq,Myeloid/dendritic,chr3:180977074_C>T,1.799353719,1,4,FXR1,UTR3
3-end RNA-seq,Myeloid/dendritic,chr3:186987200_G>A,2.34108448,1,4,ST6GAL1,intronic
3-end RNA-seq,Myeloid/dendritic,chr3:190305714_A>G,9.020666122,1,4,CLDN1,UTR3
3-end RNA-seq,Myeloid/dendritic,chr3:190311972_A>G,7.297976494,1,4,CLDN1;CLDN16,intronic
3-end RNA-seq,Myeloid/dendritic,chr3:195715523_G>A,3.122946024,1,4,MIR570HG;MUC20,intergenic
3-end RNA-seq,Myeloid/dendritic,chr3:196353500_A>G,1.764736772,1,4,UBXN7,UTR3
3-end RNA-seq,Myeloid/dendritic,chr3:196661883_A>C,5.29345417,1,4,NRROS,UTR3
3-end RNA-seq,Myeloid/dendritic,chr3:196782829_G>A,2.967482805,1,4,PAK2,exonic
3-end RNA-seq,Myeloid/dendritic,chr3:37098397_C>T,3.71893096,1,4,LRRFIP2,intronic
3-end RNA-seq,Myeloid/dendritic,chr4:102511680_G>A,6.78222084,1,4,NFKB1,intronic
3-end RNA-seq,Myeloid/dendritic,chr4:102539244_A>G,2.032264233,1,4,NFKB1,intronic
3-end RNA-seq,Myeloid/dendritic,chr4:102559940_T>C,2.683419943,1,4,NFKB1,intronic
3-end RNA-seq,Myeloid/dendritic,chr4:102759152_T>C,0.7686674,1,4,MANBA,intronic
3-end RNA-seq,Myeloid/dendritic,chr4:102759153_A>G,2.150882244,1,4,MANBA,intronic
3-end RNA-seq,Myeloid/dendritic,chr4:17486397_C>T,2.061052084,1,4,QDPR,UTR3
3-end RNA-seq,Myeloid/dendritic,chr4:26178540_A>G,4.693902016,1,4,RBPJ,intronic
3-end RNA-seq,Myeloid/dendritic,chr4:26186050_A>T,3.598975182,1,4,RBPJ,intronic
3-end RNA-seq,Myeloid/dendritic,chr4:26191112_A>G,5.666304111,1,4,RBPJ,intronic
3-end RNA-seq,Myeloid/dendritic,chr4:26214499_G>A,1.372356296,1,4,RBPJ,intronic
3-end RNA-seq,Myeloid/dendritic,chr4:26214521_G>A,2.927508831,1,4,RBPJ,intronic
3-end RNA-seq,Myeloid/dendritic,chr4:26214690_G>A,4.185266018,1,4,RBPJ,intronic
3-end RNA-seq,Myeloid/dendritic,chr4:26214699_T>A,1.554874539,1,4,RBPJ,intronic
3-end RNA-seq,Myeloid/dendritic,chr4:26214716_A>G,4.043930054,1,4,RBPJ,intronic
3-end RNA-seq,Myeloid/dendritic,chr4:26214966_G>A,3.29582715,1,4,RBPJ,intronic
3-end RNA-seq,Myeloid/dendritic,chr4:26214970_G>A,2.862032413,1,4,RBPJ,intronic
3-end RNA-seq,Myeloid/dendritic,chr4:26214972_G>A,2.514726639,1,4,RBPJ,intronic
3-end RNA-seq,Myeloid/dendritic,chr4:26215033_G>A,2.232554197,1,4,RBPJ,intronic
3-end RNA-seq,Myeloid/dendritic,chr4:26222407_A>G,3.878734589,1,4,RBPJ,intronic
3-end RNA-seq,Myeloid/dendritic,chr4:26222445_A>G,4.217987061,1,4,RBPJ,intronic
3-end RNA-seq,Myeloid/dendritic,chr4:26223087_A>G,1.612007022,1,4,RBPJ,intronic
3-end RNA-seq,Myeloid/dendritic,chr4:26223104_A>G,4.142445087,1,4,RBPJ,intronic
3-end RNA-seq,Myeloid/dendritic,chr4:26226098_A>G,4.071428299,1,4,RBPJ,intronic
3-end RNA-seq,Myeloid/dendritic,chr4:26226104_A>G,3.332852125,1,4,RBPJ,intronic
3-end RNA-seq,Myeloid/dendritic,chr4:26340765_A>G,3.542039156,1,4,RBPJ,intronic
3-end RNA-seq,Myeloid/dendritic,chr4:40423654_T>C,1.737321734,1,4,RBM47,UTR3
3-end RNA-seq,Myeloid/dendritic,chr4:40532669_A>C,2.152498722,1,4,RBM47,intronic
3-end RNA-seq,Myeloid/dendritic,chr4:40592442_A>G,2.019869804,1,4,RBM47,intronic
3-end RNA-seq,Myeloid/dendritic,chr4:74036597_C>T,1.427969813,1,4,CXCL3,UTR3
3-end RNA-seq,Myeloid/dendritic,chr4:7582652_A>G,1.078441978,1,4,SORCS2,intronic
3-end RNA-seq,Myeloid/dendritic,chr4:76001470_C>T,4.660024643,1,4,SDAD1-AS1,ncRNA_intronic
3-end RNA-seq,Myeloid/dendritic,chr4:76021120_A>G,4.005819321,1,4,CXCL10,UTR3
3-end RNA-seq,Myeloid/dendritic,chr4:81435798_A>G,2.26484561,1,4,RASGEF1B,intronic
3-end RNA-seq,Myeloid/dendritic,chr4:87983326_T>C,7.634176254,1,4,SPP1,UTR3
3-end RNA-seq,Myeloid/dendritic,chr4:87983332_G>A,3.303401947,1,4,SPP1,UTR3
3-end RNA-seq,Myeloid/dendritic,chr4:87983412_T>A,7.634512424,1,4,SPP1,downstream
3-end RNA-seq,Myeloid/dendritic,chr5:119366147_T>A,1.213883281,1,4,TNFAIP8,intronic
3-end RNA-seq,Myeloid/dendritic,chr5:136063811_G>A,2.822455406,1,4,TGFBI,UTR3
3-end RNA-seq,Myeloid/dendritic,chr5:149500198_C>T,1.756277204,1,4,CSNK1A1,intronic
3-end RNA-seq,Myeloid/dendritic,chr5:149542821_A>G,2.165020943,1,4,CSNK1A1,intronic
3-end RNA-seq,Myeloid/dendritic,chr5:150401638_G>T,3.193087816,1,4,CD74,UTR3
3-end RNA-seq,Myeloid/dendritic,chr5:150405783_A>T,2.277868986,1,4,CD74,intronic
3-end RNA-seq,Myeloid/dendritic,chr5:150405789_T>C,3.005248785,1,4,CD74,intronic
3-end RNA-seq,Myeloid/dendritic,chr5:151732043_T>C,2.772162437,1,4,CLMAT3;ATOX1,intergenic
3-end RNA-seq,Myeloid/dendritic,chr5:157099706_C>T,3.043456316,1,4,HAVCR2,intronic
3-end RNA-seq,Myeloid/dendritic,chr5:170289617_T>C,3.251279593,1,4,LCP2,intronic
3-end RNA-seq,Myeloid/dendritic,chr5:170289621_C>T,2.914522886,1,4,LCP2,intronic
3-end RNA-seq,Myeloid/dendritic,chr5:170289687_T>C,1.667025447,1,4,LCP2,intronic
3-end RNA-seq,Myeloid/dendritic,chr5:172333555_G>A,0.982067227,1,4,SH3PXD2B,UTR3
3-end RNA-seq,Myeloid/dendritic,chr5:17276628_G>A,2.944115877,1,4,BASP1,UTR3
3-end RNA-seq,Myeloid/dendritic,chr5:17276740_A>C,2.877989292,1,4,BASP1,UTR3
3-end RNA-seq,Myeloid/dendritic,chr5:17276839_T>A,1.953418255,1,4,BASP1,UTR3
3-end RNA-seq,Myeloid/dendritic,chr5:179726690_G>A,1.118686199,1,4,CANX,exonic
3-end RNA-seq,Myeloid/dendritic,chr5:35876819_G>A,3.015935898,1,4,IL7R,UTR3
3-end RNA-seq,Myeloid/dendritic,chr5:35876823_G>A,0.93118,1,4,IL7R,UTR3
3-end RNA-seq,Myeloid/dendritic,chr5:35876827_G>A,1.642178297,1,4,IL7R,UTR3
3-end RNA-seq,Myeloid/dendritic,chr5:39105254_A>T,2.685581684,1,4,FYB1,UTR3
3-end RNA-seq,Myeloid/dendritic,chr5:39137635_C>T,1.890608311,1,4,FYB1,exonic
3-end RNA-seq,Myeloid/dendritic,chr5:61375387_G>A,3.651324272,1,4,ZSWIM6,intronic
3-end RNA-seq,Myeloid/dendritic,chr5:88823853_C>T,3.152909994,1,4,MEF2C,UTR5
3-end RNA-seq,Myeloid/dendritic,chr6:106092130_G>A,3.960842133,1,4,PRDM1,intronic
3-end RNA-seq,Myeloid/dendritic,chr6:106109091_C>T,2.026051521,1,4,PRDM1,UTR3
3-end RNA-seq,Myeloid/dendritic,chr6:111157905_T>C,5.705507278,1,4,SLC16A10,intronic
3-end RNA-seq,Myeloid/dendritic,chr6:111157906_A>G,4.081003189,1,4,SLC16A10,intronic
3-end RNA-seq,Myeloid/dendritic,chr6:113861098_G>A,1.373955846,1,4,MARCKS,UTR3
3-end RNA-seq,Myeloid/dendritic,chr6:113861143_C>A,2.805876493,1,4,MARCKS,UTR3
3-end RNA-seq,Myeloid/dendritic,chr6:113861153_G>A,2.258936882,1,4,MARCKS,UTR3
3-end RNA-seq,Myeloid/dendritic,chr6:113861802_A>G,2.676805258,1,4,MARCKS,UTR3
3-end RNA-seq,Myeloid/dendritic,chr6:116463722_A>G,0.955331326,1,4,CALHM6,UTR3
3-end RNA-seq,Myeloid/dendritic,chr6:116463723_A>G,2.406240702,1,4,CALHM6,UTR3
3-end RNA-seq,Myeloid/dendritic,chr6:139136267_T>C,1.460487366,1,4,HECA,intronic
3-end RNA-seq,Myeloid/dendritic,chr6:14121243_C>A,3.336239576,1,4,CD83,intronic
3-end RNA-seq,Myeloid/dendritic,chr6:144181593_A>G,3.59474802,1,4,STX11,intronic
3-end RNA-seq,Myeloid/dendritic,chr6:148748914_G>A,2.765171766,1,4,UST,intronic
3-end RNA-seq,Myeloid/dendritic,chr6:159646579_C>T,3.710049629,1,4,LINC02529;SOD2,intergenic
3-end RNA-seq,Myeloid/dendritic,chr6:159679119_G>T,2.169627905,1,4,SOD2,UTR3
3-end RNA-seq,Myeloid/dendritic,chr6:159679120_A>T,2.856459379,1,4,SOD2,UTR3
3-end RNA-seq,Myeloid/dendritic,chr6:159685253_A>G,2.690290213,1,4,SOD2,intronic
3-end RNA-seq,Myeloid/dendritic,chr6:163570142_G>A,1.365974307,1,4,QKI,UTR3
3-end RNA-seq,Myeloid/dendritic,chr6:18392035_T>C,2.208448648,1,4,RNF144B,intronic
3-end RNA-seq,Myeloid/dendritic,chr6:18440644_T>A,4.074894905,1,4,RNF144B,intronic
3-end RNA-seq,Myeloid/dendritic,chr6:2861311_T>C,2.521316051,1,4,SERPINB9P1,ncRNA_intronic
3-end RNA-seq,Myeloid/dendritic,chr6:2887269_A>T,2.081845522,1,4,LOC101927730,ncRNA_intronic
3-end RNA-seq,Myeloid/dendritic,chr6:31830177_C>G,1.887785077,1,4,HSPA1B,UTR3
3-end RNA-seq,Myeloid/dendritic,chr6:32445044_G>A,3.514231205,1,4,HLA-DRA,UTR3
3-end RNA-seq,Myeloid/dendritic,chr6:32517339_A>T,3.692761183,1,4,HLA-DRB5,downstream
3-end RNA-seq,Myeloid/dendritic,chr6:32576282_G>A,1.89572227,1,4,HLA-DRB6;HLA-DRB1,intergenic
3-end RNA-seq,Myeloid/dendritic,chr6:32577883_G>A,1.18268311,1,4,HLA-DRB1,downstream
3-end RNA-seq,Myeloid/dendritic,chr6:32578219_A>C,1.957123637,1,4,HLA-DRB1,downstream
3-end RNA-seq,Myeloid/dendritic,chr6:32578236_G>A,3.064725161,1,4,HLA-DRB1,downstream
3-end RNA-seq,Myeloid/dendritic,chr6:32578617_G>C,3.424998045,1,4,HLA-DRB1,downstream
3-end RNA-seq,Myeloid/dendritic,chr6:32578641_C>A,2.225332737,1,4,HLA-DRB1,downstream
3-end RNA-seq,Myeloid/dendritic,chr6:32578733_A>T,3.086408138,1,4,HLA-DRB1,downstream
3-end RNA-seq,Myeloid/dendritic,chr6:32578981_C>T,2.17956686,1,22,HLA-DRB1,UTR3
3-end RNA-seq,Myeloid/dendritic,chr6:32586609_G>T,3.645918846,1,4,HLA-DRB1,intronic
3-end RNA-seq,Myeloid/dendritic,chr6:32638437_C>T,1.182789326,1,4,HLA-DQA1,intronic
3-end RNA-seq,Myeloid/dendritic,chr6:32638462_G>A,2.476530313,1,4,HLA-DQA1,intronic
3-end RNA-seq,Myeloid/dendritic,chr6:32638469_T>C,2.27840209,1,4,HLA-DQA1,intronic
3-end RNA-seq,Myeloid/dendritic,chr6:32638713_G>A,4.136268139,1,4,HLA-DQA1,intronic
3-end RNA-seq,Myeloid/dendritic,chr6:32638717_G>A,2.42489028,1,4,HLA-DQA1,intronic
3-end RNA-seq,Myeloid/dendritic,chr6:32640339_G>A,6.575240135,1,4,HLA-DQA1,intronic
3-end RNA-seq,Myeloid/dendritic,chr6:32640655_C>T,5.197609901,1,4,HLA-DQA1,intronic
3-end RNA-seq,Myeloid/dendritic,chr6:32640773_A>C,3.832653284,1,4,HLA-DQA1,intronic
3-end RNA-seq,Myeloid/dendritic,chr6:32642992_A>C,3.596254349,1,4,HLA-DQA1,UTR3
3-end RNA-seq,Myeloid/dendritic,chr6:32643080_G>A,3.528383732,1,4,HLA-DQA1,UTR3
3-end RNA-seq,Myeloid/dendritic,chr6:32643148_C>T,2.632105112,1,4,HLA-DQA1,UTR3
3-end RNA-seq,Myeloid/dendritic,chr6:32643226_A>T,2.919346094,1,4,HLA-DQA1,UTR3
3-end RNA-seq,Myeloid/dendritic,chr6:32643235_A>T,2.346425295,1,4,HLA-DQA1,UTR3
3-end RNA-seq,Myeloid/dendritic,chr6:32643492_T>A,1.7459706069999998,2,22;4,HLA-DQA1,UTR3
3-end RNA-seq,Myeloid/dendritic,chr6:32645584_G>A,4.313351631,1,4,HLA-DQA1;HLA-DQB1,intergenic
3-end RNA-seq,Myeloid/dendritic,chr6:32646972_T>A,3.45271349,1,4,HLA-DQA1;HLA-DQB1,intergenic
3-end RNA-seq,Myeloid/dendritic,chr6:32659533_C>T,2.4497475625,2,22;4,HLA-DQB1,UTR3
3-end RNA-seq,Myeloid/dendritic,chr6:32659585_A>C,2.192854643,2,22;4,HLA-DQB1,UTR3
3-end RNA-seq,Myeloid/dendritic,chr6:32659673_G>A,3.915460587,1,4,HLA-DQB1,UTR3
3-end RNA-seq,Myeloid/dendritic,chr6:32662840_A>T,2.987187624,1,4,HLA-DQB1,intronic
3-end RNA-seq,Myeloid/dendritic,chr6:32662945_C>T,3.298877954,1,4,HLA-DQB1,intronic
3-end RNA-seq,Myeloid/dendritic,chr6:32663959_A>T,3.131851196,1,4,HLA-DQB1,intronic
3-end RNA-seq,Myeloid/dendritic,chr6:32755832_A>G,6.022688866,1,4,HLA-DQB2,downstream
3-end RNA-seq,Myeloid/dendritic,chr6:33065147_T>A,2.376762629,1,22,HLA-DPA1,UTR3
3-end RNA-seq,Myeloid/dendritic,chr6:33065150_A>T,2.6493763925,2,22;4,HLA-DPA1,UTR3
3-end RNA-seq,Myeloid/dendritic,chr6:33084605_G>C,2.786930084,1,4,HLA-DPB1,intronic
3-end RNA-seq,Myeloid/dendritic,chr6:33086886_G>A,2.417768002,1,4,HLA-DPB1,UTR3
3-end RNA-seq,Myeloid/dendritic,chr6:34363871_T>C,1.599990487,1,4,NUDT3;RPS10-NUDT3,intronic
3-end RNA-seq,Myeloid/dendritic,chr6:36687337_T>C,1.610626698,1,4,CDKN1A,downstream
3-end RNA-seq,Myeloid/dendritic,chr6:7077663_A>G,2.681357861,1,4,LY86;RREB1,intergenic
3-end RNA-seq,Myeloid/dendritic,chr6:89086140_T>C,3.76102066,1,4,PNRC1,downstream
3-end RNA-seq,Myeloid/dendritic,chr7:106258096_C>T,3.079333544,1,4,NAMPT,intronic
3-end RNA-seq,Myeloid/dendritic,chr7:112101916_T>C,1.493157983,1,4,DOCK4,intronic
3-end RNA-seq,Myeloid/dendritic,chr7:112113778_T>C,1.697141171,1,4,DOCK4,intronic
3-end RNA-seq,Myeloid/dendritic,chr7:112171440_C>T,2.245003939,1,4,DOCK4,intronic
3-end RNA-seq,Myeloid/dendritic,chr7:112171444_A>T,2.079926968,1,4,DOCK4,intronic
3-end RNA-seq,Myeloid/dendritic,chr7:112184533_C>T,3.737951517,1,4,DOCK4,intronic
3-end RNA-seq,Myeloid/dendritic,chr7:112184534_C>T,2.999758244,1,4,DOCK4,intronic
3-end RNA-seq,Myeloid/dendritic,chr7:130957765_T>G,1.21861124,1,4,LINC-PINT,ncRNA_intronic
3-end RNA-seq,Myeloid/dendritic,chr7:143391097_C>A,2.528244495,1,4,ZYX,UTR3
3-end RNA-seq,Myeloid/dendritic,chr7:143391109_G>A,1.67380619,1,4,ZYX,UTR3
3-end RNA-seq,Myeloid/dendritic,chr7:150791290_C>T,3.221745968,1,4,TMEM176B,UTR3
3-end RNA-seq,Myeloid/dendritic,chr7:151109009_T>A,2.929802179,1,4,AGAP3,intronic
3-end RNA-seq,Myeloid/dendritic,chr7:2664713_C>A,1.796998739,1,4,TTYH3,UTR3
3-end RNA-seq,Myeloid/dendritic,chr7:28995638_A>G,2.352377653,1,4,LOC100506497,ncRNA_intronic
3-end RNA-seq,Myeloid/dendritic,chr7:29083947_C>T,3.357196093,1,4,CPVL,intronic
3-end RNA-seq,Myeloid/dendritic,chr8:11844018_A>G,2.813091278,1,4,CTSB,UTR3
3-end RNA-seq,Myeloid/dendritic,chr8:11844425_T>C,1.275531411,1,4,CTSB,UTR3
3-end RNA-seq,Myeloid/dendritic,chr8:11849593_T>A,1.217311025,1,4,CTSB,intronic
3-end RNA-seq,Myeloid/dendritic,chr8:11849594_C>T,2.027392387,1,4,CTSB,intronic
3-end RNA-seq,Myeloid/dendritic,chr8:11849595_C>T,1.885933757,1,4,CTSB,intronic
3-end RNA-seq,Myeloid/dendritic,chr8:122870594_G>A,3.65747571,1,4,ZHX2,intronic
3-end RNA-seq,Myeloid/dendritic,chr8:12570159_C>T,2.817438841,1,4,LOC729732,ncRNA_intronic
3-end RNA-seq,Myeloid/dendritic,chr8:140632921_C>T,1.311451912,1,4,AGO2,intronic
3-end RNA-seq,Myeloid/dendritic,chr8:143551290_A>G,1.525376797,1,4,ZC3H3;GSDMD,intergenic
3-end RNA-seq,Myeloid/dendritic,chr8:143551386_T>C,3.409101963,1,4,ZC3H3;GSDMD,intergenic
3-end RNA-seq,Myeloid/dendritic,chr8:143563058_G>A,1.684764624,1,4,GSDMD,UTR3
3-end RNA-seq,Myeloid/dendritic,chr9:104887895_T>C,3.765702486,1,4,ABCA1,intronic
3-end RNA-seq,Myeloid/dendritic,chr9:104896749_C>T,1.090220451,1,4,ABCA1,intronic
3-end RNA-seq,Myeloid/dendritic,chr9:105351594_A>G,2.095705271,1,4,SLC44A1,intronic
3-end RNA-seq,Myeloid/dendritic,chr9:113203588_C>T,1.29346323,1,4,FKBP15,intronic
3-end RNA-seq,Myeloid/dendritic,chr9:120890297_C>T,4.44320631,1,4,PHF19,intronic
3-end RNA-seq,Myeloid/dendritic,chr9:120896548_T>G,5.297769547,1,4,PHF19;TRAF1,intergenic
3-end RNA-seq,Myeloid/dendritic,chr9:120924453_A>T,5.970173359,1,4,TRAF1,intronic
3-end RNA-seq,Myeloid/dendritic,chr9:121332747_C>A,1.447426558,1,4,GSN,UTR3
3-end RNA-seq,Myeloid/dendritic,chr9:121332788_G>T,1.60237813,1,4,GSN,UTR3
3-end RNA-seq,Myeloid/dendritic,chr9:121332829_C>A,1.093533874,1,4,GSN,UTR3
3-end RNA-seq,Myeloid/dendritic,chr9:121332835_G>T,0.943076849,1,4,GSN,UTR3
3-end RNA-seq,Myeloid/dendritic,chr9:121455072_G>T,4.733068943,1,4,GGTA1,UTR3
3-end RNA-seq,Myeloid/dendritic,chr9:129919014_C>T,1.551045418,1,4,FNBP1,intronic
3-end RNA-seq,Myeloid/dendritic,chr9:129919015_C>T,1.671647787,1,4,FNBP1,intronic
3-end RNA-seq,Myeloid/dendritic,chr9:131605779_A>G,4.257581234,1,4,RAPGEF1,intronic
3-end RNA-seq,Myeloid/dendritic,chr9:131708741_C>T,2.335549831,1,4,RAPGEF1,intronic
3-end RNA-seq,Myeloid/dendritic,chr9:244094_A>G,4.198002338,1,4,DOCK8,intronic
3-end RNA-seq,Myeloid/dendritic,chr9:27555578_A>G,3.578303099,1,4,C9orf72,intronic
3-end RNA-seq,Myeloid/dendritic,chr9:6825124_C>G,2.908081055,1,4,KDM4C,intronic
3-end RNA-seq,Myeloid/dendritic,chr9:76572059_A>G,2.353568316,1,4,GCNT1;PRUNE2,intergenic
3-end RNA-seq,Myeloid/dendritic,chr9:76572064_A>G,1.09318924,1,4,GCNT1;PRUNE2,intergenic
3-end RNA-seq,Myeloid/dendritic,chr9:99862550_A>G,4.035228252,1,4,NR4A3,intronic
3-end RNA-seq,Myeloid/dendritic,chrX:101883478_C>T,3.523610592,1,4,ZMAT1,UTR3
3-end RNA-seq,Myeloid/dendritic,chrX:103683091_C>T,1.27806592,1,4,MORF4L2,intronic
3-end RNA-seq,Myeloid/dendritic,chrX:1269516_A>G,2.65686655,1,4,CSF2RA,intronic
3-end RNA-seq,Myeloid/dendritic,chrX:1277485_A>G,2.991278648,1,4,CSF2RA,intronic
3-end RNA-seq,Myeloid/dendritic,chrX:1277496_A>G,2.222645998,1,4,CSF2RA,intronic
3-end RNA-seq,Myeloid/dendritic,chrX:1277503_A>G,2.198174477,1,4,CSF2RA,intronic
3-end RNA-seq,Myeloid/dendritic,chrX:1277559_A>G,1.929039121,1,4,CSF2RA,intronic
3-end RNA-seq,Myeloid/dendritic,chrX:1277956_A>G,2.00748539,1,4,CSF2RA,intronic
3-end RNA-seq,Myeloid/dendritic,chrX:1280392_A>G,2.29453373,1,4,CSF2RA,intronic
3-end RNA-seq,Myeloid/dendritic,chrX:1282211_G>A,2.248575687,1,4,CSF2RA,intronic
3-end RNA-seq,Myeloid/dendritic,chrX:1285575_A>G,2.228794813,1,4,CSF2RA,intronic
3-end RNA-seq,Myeloid/dendritic,chrX:1285657_A>G,1.384995222,1,4,CSF2RA,intronic
3-end RNA-seq,Myeloid/dendritic,chrX:1285659_A>G,1.421791911,1,4,CSF2RA,intronic
3-end RNA-seq,Myeloid/dendritic,chrX:1311169_A>G,2.038906336,1,4,CSF2RA,intronic
3-end RNA-seq,Myeloid/dendritic,chrX:1311187_G>T,2.540024757,1,4,CSF2RA,intronic
3-end RNA-seq,Myeloid/dendritic,chrX:1361685_A>G,1.784665346,1,4,IL3RA,intronic
3-end RNA-seq,Myeloid/dendritic,chrX:1398221_A>G,1.686896205,1,4,LINC00106,ncRNA_intronic
3-end RNA-seq,Myeloid/dendritic,chrX:1485095_T>C,3.008986712,1,4,P2RY8,intronic
3-end RNA-seq,Myeloid/dendritic,chrX:23784028_G>A,1.502822995,1,4,SAT1,intronic
3-end RNA-seq,Myeloid/dendritic,chrX:23786208_T>C,1.895806551,1,4,SAT1,UTR3
3-end RNA-seq,Myeloid/dendritic,chrX:2707255_A>G,2.645429373,1,4,CD99,intronic
3-end RNA-seq,Myeloid/dendritic,chrX:30671292_A>G,1.600880861,1,4,GK,intronic
3-end RNA-seq,Myeloid/dendritic,chrX:30684666_C>A,2.582729101,1,4,GK,intronic
3-end RNA-seq,Myeloid/dendritic,chrX:30684667_A>T,2.16892314,1,4,GK,intronic
3-end RNA-seq,Myeloid/dendritic,chrX:30688502_A>T,1.839303017,1,4,GK,intronic
3-end RNA-seq,Myeloid/dendritic,chrX:30722069_T>C,1.909092665,1,4,GK,intronic
3-end RNA-seq,Myeloid/dendritic,chrX:37812403_A>G,3.00810647,1,4,CYBB,UTR3
3-end RNA-seq,Myeloid/dendritic,chrX:37812444_G>A,3.155663013,1,4,CYBB,UTR3
3-end RNA-seq,Myeloid/dendritic,chrX:65741932_C>A,1.788309455,1,4,MSN,downstream
3-end RNA-seq,NK cell,chr1:168581208_T>C,3.860604763,1,19,XCL1,exonic
3-end RNA-seq,Other immune,chr14:24630958_C>T,3.768442869,1,18,GZMB,UTR3
3-end RNA-seq,Perivascular smooth muscle,chr10:17237311_G>A,0.558918417,1,11,VIM,UTR3
3-end RNA-seq,Perivascular smooth muscle,chr10:17237314_T>A,1.453438878,1,11,VIM,UTR3
3-end RNA-seq,Perivascular smooth muscle,chr10:32929932_A>T,2.234358072,1,11,ITGB1,exonic
3-end RNA-seq,Perivascular smooth muscle,chr10:86963181_T>A,1.287079692,1,11,SNCG,UTR3
3-end RNA-seq,Perivascular smooth muscle,chr10:86963183_T>A,2.355165243,1,11,SNCG,UTR3
3-end RNA-seq,Perivascular smooth muscle,chr10:88935076_A>G,2.0662997365,2,11;21,ACTA2-AS1,ncRNA_exonic
3-end RNA-seq,Perivascular smooth muscle,chr11:111908624_C>T,2.964707017,2,11;21,CRYAB,UTR3
3-end RNA-seq,Perivascular smooth muscle,chr11:117204761_A>G,5.949326515,1,11,PCSK7;TAGLN,UTR3
3-end RNA-seq,Perivascular smooth muscle,chr11:118658026_G>A,2.351149559,1,11,PHLDB1;TREH,UTR3
3-end RNA-seq,Perivascular smooth muscle,chr11:119308532_C>T,3.268464088,1,11,MCAM,UTR3
3-end RNA-seq,Perivascular smooth muscle,chr11:320772_A>G,0.861449897,1,11,IFITM3,exonic
3-end RNA-seq,Perivascular smooth muscle,chr11:35232394_G>A,2.264953375,1,11,CD44,UTR3
3-end RNA-seq,Perivascular smooth muscle,chr11:6318948_C>T,2.792387962,1,11,CAVIN3,UTR3
3-end RNA-seq,Perivascular smooth muscle,chr11:65499947_G>A,2.208307505,1,11,MALAT1;TALAM1,ncRNA_exonic
3-end RNA-seq,Perivascular smooth muscle,chr11:75572765_T>A,1.362183213,1,11,SERPINH1,UTR3
3-end RNA-seq,Perivascular smooth muscle,chr11:82689907_A>T,3.64895153,1,11,MIR4300HG;FAM181B,intergenic
3-end RNA-seq,Perivascular smooth muscle,chr12:18080885_A>T,4.031638622,1,11,RERGL,UTR3
3-end RNA-seq,Perivascular smooth muscle,chr12:20461236_G>A,3.632365942,1,11,PDE3A,intronic
3-end RNA-seq,Perivascular smooth muscle,chr12:63588764_T>G,4.085010529,1,11,DPY19L2,intronic
3-end RNA-seq,Perivascular smooth muscle,chr12:6770908_T>A,1.696112871,1,11,PTMS,UTR3
3-end RNA-seq,Perivascular smooth muscle,chr12:6770932_T>A,0.42156297,1,11,PTMS,UTR3
3-end RNA-seq,Perivascular smooth muscle,chr12:6770943_C>A,1.078586578,1,11,PTMS,UTR3
3-end RNA-seq,Perivascular smooth muscle,chr12:6945959_A>C,1.147548556,1,11,C12orf57,UTR3
3-end RNA-seq,Perivascular smooth muscle,chr12:7071029_C>T,4.89544487,1,11,C1S,UTR3
3-end RNA-seq,Perivascular smooth muscle,chr12:7923838_A>G,3.400408268,1,11,SLC2A3,intronic
3-end RNA-seq,Perivascular smooth muscle,chr13:110150105_G>A,4.649971008,1,11,COL4A1,UTR3
3-end RNA-seq,Perivascular smooth muscle,chr13:110513024_T>C,1.404222488,1,11,COL4A2,UTR3
3-end RNA-seq,Perivascular smooth muscle,chr13:110513025_A>G,3.679436922,1,11,COL4A2,UTR3
3-end RNA-seq,Perivascular smooth muscle,chr13:37562588_C>T,1.924977303,1,11,POSTN,UTR3
3-end RNA-seq,Perivascular smooth muscle,chr13:37562589_A>G,3.490400791,1,11,POSTN,UTR3
3-end RNA-seq,Perivascular smooth muscle,chr13:48047020_A>C,1.26678741,1,11,NUDT15,UTR3
3-end RNA-seq,Perivascular smooth muscle,chr14:104759655_C>A,0.719388306,1,11,SIVA1,downstream
3-end RNA-seq,Perivascular smooth muscle,chr14:105488785_G>A,3.752928972,1,11,CRIP1,UTR3
3-end RNA-seq,Perivascular smooth muscle,chr14:105488786_A>C,2.932661533,1,11,CRIP1,UTR3
3-end RNA-seq,Perivascular smooth muscle,chr14:49618691_G>A,0.889603734,1,11,RPL36AL,UTR3
3-end RNA-seq,Perivascular smooth muscle,chr14:75282124_C>A,1.779855847,1,11,FOS,UTR3
3-end RNA-seq,Perivascular smooth muscle,chr14:90404785_C>T,0.780194223,1,11,CALM1,UTR3
3-end RNA-seq,Perivascular smooth muscle,chr15:63071912_T>C,0.84777236,1,11,TPM1,UTR3
3-end RNA-seq,Perivascular smooth muscle,chr15:65053339_C>T,4.955804348,1,11,RASL12;SLC51B,UTR3
3-end RNA-seq,Perivascular smooth muscle,chr15:85698817_G>A,1.507890582,1,11,AKAP13,intronic
3-end RNA-seq,Perivascular smooth muscle,chr15:88898685_C>T,1.288583755,1,11,MFGE8,UTR3
3-end RNA-seq,Perivascular smooth muscle,chr15:96338811_T>C,1.023008823,1,11,NR2F2,UTR3
3-end RNA-seq,Perivascular smooth muscle,chr16:15703137_G>T,2.994353175,2,11;21,MYH11,UTR3
3-end RNA-seq,Perivascular smooth muscle,chr16:56627110_T>C,2.915340185,1,11,MT1E,UTR3
3-end RNA-seq,Perivascular smooth muscle,chr17:34257199_C>A,4.257300377,1,11,CCL2,UTR3
3-end RNA-seq,Perivascular smooth muscle,chr17:44473235_T>C,2.715322733,1,11,GPATCH8,intronic
3-end RNA-seq,Perivascular smooth muscle,chr17:50185275_T>C,2.751320124,1,11,COL1A1,UTR3
3-end RNA-seq,Perivascular smooth muscle,chr17:61409076_G>C,5.34774971,1,11,TBX2,UTR3
3-end RNA-seq,Perivascular smooth muscle,chr17:77500594_G>A,2.26341629,1,11,SEPTIN9,UTR3
3-end RNA-seq,Perivascular smooth muscle,chr17:78852981_C>T,0.709962308,1,11,TIMP2,UTR3
3-end RNA-seq,Perivascular smooth muscle,chr18:10488695_T>C,4.647334576,1,11,APCDD1,UTR3
3-end RNA-seq,Perivascular smooth muscle,chr19:1039064_G>A,1.036242604,1,11,CNN2,UTR3
3-end RNA-seq,Perivascular smooth muscle,chr19:11450881_A>C,1.280211926,1,11,PRKCSH,UTR3
3-end RNA-seq,Perivascular smooth muscle,chr19:12793171_T>A,3.456495762,1,11,JUNB,UTR3
3-end RNA-seq,Perivascular smooth muscle,chr19:12793176_T>A,1.092288971,1,11,JUNB,UTR3
3-end RNA-seq,Perivascular smooth muscle,chr19:12793181_T>A,0.60044378,1,11,JUNB,UTR3
3-end RNA-seq,Perivascular smooth muscle,chr19:12793195_T>A,1.739275217,1,11,JUNB,UTR3
3-end RNA-seq,Perivascular smooth muscle,chr19:12793215_T>A,0.952678263,1,11,JUNB,UTR3
3-end RNA-seq,Perivascular smooth muscle,chr19:12793222_C>A,1.489102125,1,11,JUNB,UTR3
3-end RNA-seq,Perivascular smooth muscle,chr19:12793242_C>A,2.407350779,1,11,JUNB,UTR3
3-end RNA-seq,Perivascular smooth muscle,chr19:12793268_C>A,2.667103052,1,11,JUNB,UTR3
3-end RNA-seq,Perivascular smooth muscle,chr19:12793277_G>T,0.852708638,1,11,JUNB,UTR3
3-end RNA-seq,Perivascular smooth muscle,chr19:12793281_C>A,1.508241296,1,11,JUNB,UTR3
3-end RNA-seq,Perivascular smooth muscle,chr19:12793313_T>C,2.14748764,1,11,JUNB,UTR3
3-end RNA-seq,Perivascular smooth muscle,chr19:14471819_A>C,1.529863954,1,11,PKN1,UTR3
3-end RNA-seq,Perivascular smooth muscle,chr19:16327504_A>T,2.263542175,1,11,KLF2,UTR3
3-end RNA-seq,Perivascular smooth muscle,chr19:35143000_G>C,2.303176403,1,11,FXYD1,UTR3
3-end RNA-seq,Perivascular smooth muscle,chr19:38251239_A>T,7.135607719,1,11,PPP1R14A,UTR3
3-end RNA-seq,Perivascular smooth muscle,chr19:38730526_G>A,0.882766068,1,11,ACTN4;CAPN12,UTR3
3-end RNA-seq,Perivascular smooth muscle,chr19:39409405_T>C,2.33647871,1,11,ZFP36,UTR3
3-end RNA-seq,Perivascular smooth muscle,chr19:48330531_A>C,0.498549104,1,11,EMP3,UTR3
3-end RNA-seq,Perivascular smooth muscle,chr19:48330544_T>A,2.804439545,1,11,EMP3,UTR3
3-end RNA-seq,Perivascular smooth muscle,chr1:1014535_G>A,2.26100421,1,11,ISG15,UTR3
3-end RNA-seq,Perivascular smooth muscle,chr1:1056112_T>C,2.020736933,1,11,AGRN,UTR3
3-end RNA-seq,Perivascular smooth muscle,chr1:150308350_G>A,1.847917676,1,11,MRPS21,UTR3
3-end RNA-seq,Perivascular smooth muscle,chr1:150308367_G>C,0.626099288,1,11,MRPS21,UTR3
3-end RNA-seq,Perivascular smooth muscle,chr1:150513529_C>A,1.569088101,1,11,ECM1,UTR3
3-end RNA-seq,Perivascular smooth muscle,chr1:153534610_A>C,0.914614439,1,11,S100A6,UTR3
3-end RNA-seq,Perivascular smooth muscle,chr1:153543620_C>T,3.503815174,1,11,S100A4,downstream
3-end RNA-seq,Perivascular smooth muscle,chr1:153618802_G>T,0.612471759,1,11,S100A13,UTR3
3-end RNA-seq,Perivascular smooth muscle,chr1:163142306_A>T,1.0954597,1,11,RGS5,UTR3
3-end RNA-seq,Perivascular smooth muscle,chr1:163142308_A>G,5.363612652,1,11,RGS5,UTR3
3-end RNA-seq,Perivascular smooth muscle,chr1:163145894_C>T,4.565928459,1,11,RGS5,UTR3
3-end RNA-seq,Perivascular smooth muscle,chr1:163146258_G>A,3.058006048,1,11,RGS5,UTR3
3-end RNA-seq,Perivascular smooth muscle,chr1:163146324_T>C,4.964065552,1,11,RGS5,UTR3
3-end RNA-seq,Perivascular smooth muscle,chr1:182600183_G>A,3.569822073,1,11,RGS16,UTR3
3-end RNA-seq,Perivascular smooth muscle,chr1:201483532_C>T,2.360364914,1,11,CSRP1,UTR3
3-end RNA-seq,Perivascular smooth muscle,chr1:212620772_T>C,3.215627193,1,11,ATF3,UTR3
3-end RNA-seq,Perivascular smooth muscle,chr1:44778053_G>A,2.258528471,1,11,RPS8,exonic
3-end RNA-seq,Perivascular smooth muscle,chr1:56494763_A>G,0.66094631,1,11,PLPP3,UTR3
3-end RNA-seq,Perivascular smooth muscle,chr1:85583703_T>C,3.633409262,1,11,CCN1,UTR3
3-end RNA-seq,Perivascular smooth muscle,chr20:10637973_C>T,3.079650402,1,11,JAG1,UTR3
3-end RNA-seq,Perivascular smooth muscle,chr20:17600816_G>A,2.374084711,1,11,DSTN,exonic
3-end RNA-seq,Perivascular smooth muscle,chr20:31644983_C>A,1.095941663,1,11,COX4I2,UTR3
3-end RNA-seq,Perivascular smooth muscle,chr20:31644989_T>G,2.192377567,1,11,COX4I2,UTR3
3-end RNA-seq,Perivascular smooth muscle,chr20:36890397_T>C,1.583388329,1,11,SAMHD1,UTR3
3-end RNA-seq,Perivascular smooth muscle,chr20:958487_T>A,1.662039399,1,11,RSPO4,UTR3
3-end RNA-seq,Perivascular smooth muscle,chr21:26836338_T>A,1.897736669,1,11,ADAMTS1,UTR3
3-end RNA-seq,Perivascular smooth muscle,chr21:46004062_T>A,2.203149796,1,11,COL6A1,UTR3
3-end RNA-seq,Perivascular smooth muscle,chr21:46132708_G>C,2.67879796,1,11,COL6A2,UTR3
3-end RNA-seq,Perivascular smooth muscle,chr21:46132725_A>C,0.966658533,1,11,COL6A2,UTR3
3-end RNA-seq,Perivascular smooth muscle,chr21:46132726_G>C,0.864740193,1,11,COL6A2,UTR3
3-end RNA-seq,Perivascular smooth muscle,chr22:23784280_T>A,3.824652672,1,11,MMP11,UTR3
3-end RNA-seq,Perivascular smooth muscle,chr22:31104779_A>G,1.956412554,1,11,SELENOM,UTR3
3-end RNA-seq,Perivascular smooth muscle,chr22:32862825_C>G,5.020314217,1,11,TIMP3,UTR3
3-end RNA-seq,Perivascular smooth muscle,chr22:37679800_G>A,3.158011198,1,11,LGALS1,UTR3
3-end RNA-seq,Perivascular smooth muscle,chr22:42618815_A>G,0.975816607,1,11,CYB5R3,UTR3
3-end RNA-seq,Perivascular smooth muscle,chr2:144520209_C>T,1.480620623,1,11,ZEB2-AS1,ncRNA_intronic
3-end RNA-seq,Perivascular smooth muscle,chr2:1633185_A>G,1.019797564,1,11,PXDN,UTR3
3-end RNA-seq,Perivascular smooth muscle,chr2:165203974_T>C,7.108451366,1,11,SCN3A,UTR5
3-end RNA-seq,Perivascular smooth muscle,chr2:180872704_T>C,1.378085732,1,11,SCHLAP1,ncRNA_intronic
3-end RNA-seq,Perivascular smooth muscle,chr2:189012056_C>A,2.724287033,1,11,COL3A1,UTR3
3-end RNA-seq,Perivascular smooth muscle,chr2:20449334_C>A,0.641382098,1,11,RHOB,UTR3
3-end RNA-seq,Perivascular smooth muscle,chr2:20449370_C>A,0.597024202,1,11,RHOB,UTR3
3-end RNA-seq,Perivascular smooth muscle,chr2:20449380_C>A,1.530615211,1,11,RHOB,UTR3
3-end RNA-seq,Perivascular smooth muscle,chr2:216672336_T>A,2.669500113,1,11,IGFBP5,UTR3
3-end RNA-seq,Perivascular smooth muscle,chr2:216672337_C>G,2.018109083,1,11,IGFBP5,UTR3
3-end RNA-seq,Perivascular smooth muscle,chr2:216672395_A>T,0.890133321,1,11,IGFBP5,UTR3
3-end RNA-seq,Perivascular smooth muscle,chr2:216672396_T>C,2.30200839,1,11,IGFBP5,UTR3
3-end RNA-seq,Perivascular smooth muscle,chr2:217799798_C>T,2.133141518,1,11,TNS1,UTR3
3-end RNA-seq,Perivascular smooth muscle,chr2:30259975_A>C,3.737602472,1,11,LBH,UTR3
3-end RNA-seq,Perivascular smooth muscle,chr2:72129401_C>A,3.75171113,1,11,CYP26B1,UTR3
3-end RNA-seq,Perivascular smooth muscle,chr2:84905656_G>T,1.352656603,1,11,TMSB10,UTR5
3-end RNA-seq,Perivascular smooth muscle,chr2:85593389_T>C,0.954714715,1,11,VAMP5,UTR3
3-end RNA-seq,Perivascular smooth muscle,chr3:40462277_C>A,0.879366696,1,11,RPL14,UTR3
3-end RNA-seq,Perivascular smooth muscle,chr3:52833117_C>T,3.537672997,1,11,MUSTN1;STIMATE-MUSTN1,downstream
3-end RNA-seq,Perivascular smooth muscle,chr3:52833123_G>A,7.986620903,1,11,MUSTN1;STIMATE-MUSTN1,UTR3
3-end RNA-seq,Perivascular smooth muscle,chr4:119037440_T>A,4.298380375,1,11,SYNPO2,UTR3
3-end RNA-seq,Perivascular smooth muscle,chr4:119037443_C>A,3.544457912,1,11,SYNPO2,UTR3
3-end RNA-seq,Perivascular smooth muscle,chr4:165498150_C>A,1.671289206,1,11,CPE,UTR3
3-end RNA-seq,Perivascular smooth muscle,chr4:165498306_T>C,1.905247211,1,11,CPE,UTR3
3-end RNA-seq,Perivascular smooth muscle,chr4:168928415_T>A,3.584937572,1,11,PALLD,UTR3
3-end RNA-seq,Perivascular smooth muscle,chr4:24800677_C>A,3.163882971,1,11,SOD3,UTR3
3-end RNA-seq,Perivascular smooth muscle,chr4:24800688_A>C,0.360735148,1,11,SOD3,UTR3
3-end RNA-seq,Perivascular smooth muscle,chr4:24800697_G>C,1.402175426,1,11,SOD3,UTR3
3-end RNA-seq,Perivascular smooth muscle,chr4:87473337_T>C,0.988412797,1,11,SPARCL1,UTR3
3-end RNA-seq,Perivascular smooth muscle,chr4:87473338_G>A,2.308796167,1,11,SPARCL1,UTR3
3-end RNA-seq,Perivascular smooth muscle,chr4:87473338_G>T,0.602117956,1,11,SPARCL1,UTR3
3-end RNA-seq,Perivascular smooth muscle,chr4:87493626_C>T,2.580813646,1,11,SPARCL1,exonic
3-end RNA-seq,Perivascular smooth muscle,chr4:87493638_C>T,2.137283802,1,11,SPARCL1,exonic
3-end RNA-seq,Perivascular smooth muscle,chr4:87493640_C>T,0.917549133,1,11,SPARCL1,exonic
3-end RNA-seq,Perivascular smooth muscle,chr4:87494145_C>T,2.306917429,1,11,SPARCL1,exonic
3-end RNA-seq,Perivascular smooth muscle,chr4:87495031_C>T,1.19849968,1,11,SPARCL1,exonic
3-end RNA-seq,Perivascular smooth muscle,chr5:136063811_G>A,2.536545515,1,11,TGFBI,UTR3
3-end RNA-seq,Perivascular smooth muscle,chr5:149414081_T>C,1.578182578,1,11,CARMN,ncRNA_intronic
3-end RNA-seq,Perivascular smooth muscle,chr5:149500198_C>T,2.461741686,1,11,CSNK1A1,intronic
3-end RNA-seq,Perivascular smooth muscle,chr5:150155321_A>G,3.115771532,1,11,PDGFRB,intronic
3-end RNA-seq,Perivascular smooth muscle,chr5:151661449_T>C,1.455867648,1,11,SPARC,UTR3
3-end RNA-seq,Perivascular smooth muscle,chr5:151661450_G>A,0.653149962,1,11,SPARC,UTR3
3-end RNA-seq,Perivascular smooth muscle,chr5:151661450_G>T,2.840313673,1,11,SPARC,UTR3
3-end RNA-seq,Perivascular smooth muscle,chr5:158695966_G>T,2.110228777,1,11,EBF1,UTR3
3-end RNA-seq,Perivascular smooth muscle,chr5:159099919_G>A,3.483444214,1,11,EBF1;LINC02202,upstream
3-end RNA-seq,Perivascular smooth muscle,chr5:72209521_A>G,2.543280363,1,11,MAP1B,UTR3
3-end RNA-seq,Perivascular smooth muscle,chr5:88823853_C>T,3.75488615,1,11,MEF2C,UTR5
3-end RNA-seq,Perivascular smooth muscle,chr6:113861153_G>A,3.098085642,1,11,MARCKS,UTR3
3-end RNA-seq,Perivascular smooth muscle,chr6:131948179_A>T,1.211049467,2,11;21,CCN2,UTR3
3-end RNA-seq,Perivascular smooth muscle,chr6:31353909_A>C,1.429904222,1,11,HLA-B,UTR3
3-end RNA-seq,Perivascular smooth muscle,chr6:31817940_C>T,1.033431172,1,11,HSPA1A,UTR3
3-end RNA-seq,Perivascular smooth muscle,chr6:31830177_C>G,1.514423728,1,11,HSPA1B,UTR3
3-end RNA-seq,Perivascular smooth muscle,chr7:116561175_T>A,3.934075832,1,11,CAV1,UTR3
3-end RNA-seq,Perivascular smooth muscle,chr7:116561176_T>C,1.109769464,1,11,CAV1,UTR3
3-end RNA-seq,Perivascular smooth muscle,chr7:134970637_C>A,1.268074036,1,11,CALD1,UTR3
3-end RNA-seq,Perivascular smooth muscle,chr7:134970638_A>G,0.874741137,1,11,CALD1,UTR3
3-end RNA-seq,Perivascular smooth muscle,chr7:143391109_G>A,1.828909397,1,11,ZYX,UTR3
3-end RNA-seq,Perivascular smooth muscle,chr7:19115470_C>T,2.619912624,1,11,TWIST1,UTR3
3-end RNA-seq,Perivascular smooth muscle,chr7:94431228_C>A,5.767037392,1,11,COL1A2,downstream
3-end RNA-seq,Perivascular smooth muscle,chr8:74855027_T>C,5.634189606,1,11,PI15,UTR3
3-end RNA-seq,Perivascular smooth muscle,chr9:115051588_A>G,2.001805067,1,11,TNC,intronic
3-end RNA-seq,Perivascular smooth muscle,chr9:121332790_C>A,0.369427145,1,11,GSN,UTR3
3-end RNA-seq,Perivascular smooth muscle,chr9:121332829_C>A,1.181184173,1,11,GSN,UTR3
3-end RNA-seq,Perivascular smooth muscle,chr9:121332835_G>T,1.426481366,1,11,GSN,UTR3
3-end RNA-seq,Perivascular smooth muscle,chr9:134842906_T>A,5.953360558,1,11,LOC101448202,ncRNA_intronic
3-end RNA-seq,Perivascular smooth muscle,chr9:92456209_A>G,5.513060093,1,11,ASPN,UTR3
3-end RNA-seq,Perivascular smooth muscle,chr9:92495317_A>T,3.25601697,1,11,ECM2,UTR3
3-end RNA-seq,Perivascular smooth muscle,chrX:119876649_T>A,0.981930971,1,11,NDUFA1,UTR3
3-end RNA-seq,Perivascular smooth muscle,chrX:81298545_T>A,1.893756628,1,11,SH3BGRL,UTR3
3-end RNA-seq,Perivascular smooth muscle,chrX:81682544_C>A,1.621422291,1,11,SH3BGRL;POU3F4,intergenic
3-end RNA-seq,Plasma cell,chr11:102322777_T>C,46.44394684,1,14,BIRC3,UTR5
3-end RNA-seq,Plasma cell,chr11:82689907_A>T,20.1730175,1,14,MIR4300HG;FAM181B,intergenic
3-end RNA-seq,Plasma cell,chr12:57516653_C>A,16.16561508,1,14,DDIT3,UTR3
3-end RNA-seq,Plasma cell,chr14:105668118_G>T,30.86219215,1,14,MIR8071-1;ELK2AP,intergenic
3-end RNA-seq,Plasma cell,chr14:105668206_G>C,59.07657623,1,14,MIR8071-1;ELK2AP,intergenic
3-end RNA-seq,Plasma cell,chr14:105668240_C>G,60.49356461,1,14,MIR8071-1;ELK2AP,intergenic
3-end RNA-seq,Plasma cell,chr15:88655622_T>C,67.33371735,1,14,ISG20,UTR3
3-end RNA-seq,Plasma cell,chr16:84176210_T>C,29.4591198,1,14,DNAAF1,exonic
3-end RNA-seq,Plasma cell,chr16:84176258_G>C,39.42840195,1,14,DNAAF1,exonic
3-end RNA-seq,Plasma cell,chr17:19188144_G>A,29.69439507,1,14,SNORD3A,ncRNA_exonic
3-end RNA-seq,Plasma cell,chr17:64322727_T>C,57.82574463,1,14,PECAM1,UTR3
3-end RNA-seq,Plasma cell,chr18:59158829_T>C,36.90402603,1,14,SEC11C,UTR3
3-end RNA-seq,Plasma cell,chr19:11450881_A>C,11.56337833,1,14,PRKCSH,UTR3
3-end RNA-seq,Plasma cell,chr19:13154902_T>C,31.24139786,1,14,IER2,UTR3
3-end RNA-seq,Plasma cell,chr19:16103003_C>A,19.1736393,1,14,TPM4,downstream
3-end RNA-seq,Plasma cell,chr19:16327504_A>T,22.17890739,1,14,KLF2,UTR3
3-end RNA-seq,Plasma cell,chr19:18283244_A>G,21.55049324,1,14,MIR3188;LSM4,intergenic
3-end RNA-seq,Plasma cell,chr19:18283873_A>T,37.76193237,1,14,MIR3188;LSM4,intergenic
3-end RNA-seq,Plasma cell,chr19:38328872_A>G,45.13735199,1,14,KCNK6,UTR3
3-end RNA-seq,Plasma cell,chr19:48330544_T>A,63.56357956,1,14,EMP3,UTR3
3-end RNA-seq,Plasma cell,chr1:117624726_G>A,41.21761322,1,14,TENT5C,UTR3
3-end RNA-seq,Plasma cell,chr1:117628368_T>A,29.39542389,1,14,TENT5C,UTR3
3-end RNA-seq,Plasma cell,chr1:160754814_T>A,105.3279037,1,14,SLAMF7,UTR3
3-end RNA-seq,Plasma cell,chr1:160754816_C>A,23.88699532,1,14,SLAMF7,UTR3
3-end RNA-seq,Plasma cell,chr1:192579935_T>A,35.78163528,1,14,RGS1,UTR3
3-end RNA-seq,Plasma cell,chr1:192580022_T>C,26.93468666,1,14,RGS1,UTR3
3-end RNA-seq,Plasma cell,chr1:24844269_T>A,9.407173157,1,14,CLIC4,UTR3
3-end RNA-seq,Plasma cell,chr1:44721839_T>C,21.64628029,1,14,RNU5F-1,ncRNA_exonic
3-end RNA-seq,Plasma cell,chr1:44778053_G>A,42.26980591,1,14,RPS8,exonic
3-end RNA-seq,Plasma cell,chr20:35621009_A>C,168.0863037,1,14,SPAG4,exonic
3-end RNA-seq,Plasma cell,chr20:35621043_G>A,57.01140976,1,14,SPAG4,UTR3
3-end RNA-seq,Plasma cell,chr22:22881454_A>T,95.09580231,1,14,MIR650;MIR5571,intergenic
3-end RNA-seq,Plasma cell,chr22:22881627_C>A,201.9572906,1,14,MIR650;MIR5571,intergenic
3-end RNA-seq,Plasma cell,chr2:111154353_G>A,100.7831802,1,14,BCL2L11,intronic
3-end RNA-seq,Plasma cell,chr2:88599034_T>C,121.2997131,1,14,EIF2AK3,intronic
3-end RNA-seq,Plasma cell,chr2:88599035_T>A,70.18145752,1,14,EIF2AK3,intronic
3-end RNA-seq,Plasma cell,chr2:88599043_C>G,9.831241608,1,14,EIF2AK3,intronic
3-end RNA-seq,Plasma cell,chr3:15741874_T>C,11.88563824,1,14,ANKRD28,intronic
3-end RNA-seq,Plasma cell,chr3:15741875_T>C,21.51333618,1,14,ANKRD28,intronic
3-end RNA-seq,Plasma cell,chr3:169983187_G>A,37.8637619,1,14,SEC62,exonic
3-end RNA-seq,Plasma cell,chr3:172386666_T>C,35.14664841,1,14,FNDC3B,intronic
3-end RNA-seq,Plasma cell,chr3:186987200_G>A,85.28201294,1,14,ST6GAL1,intronic
3-end RNA-seq,Plasma cell,chr3:186997599_T>A,22.39776802,1,14,ST6GAL1,intronic
3-end RNA-seq,Plasma cell,chr3:186998229_G>A,26.43062019,1,14,ST6GAL1,intronic
3-end RNA-seq,Plasma cell,chr3:187007997_G>T,18.32887077,1,14,ST6GAL1,intronic
3-end RNA-seq,Plasma cell,chr3:187008095_A>G,35.25556183,1,14,ST6GAL1,intronic
3-end RNA-seq,Plasma cell,chr4:70656157_G>T,16.71431541,1,14,JCHAIN,UTR3
3-end RNA-seq,Plasma cell,chr4:70656168_G>T,76.01846313,1,14,JCHAIN,UTR3
3-end RNA-seq,Plasma cell,chr4:70656197_G>T,58.29151154,1,14,JCHAIN,UTR3
3-end RNA-seq,Plasma cell,chr4:70656201_G>T,116.8710403,1,14,JCHAIN,UTR3
3-end RNA-seq,Plasma cell,chr6:106109091_C>T,10.92671013,1,14,PRDM1,UTR3
3-end RNA-seq,Plasma cell,chr6:106109934_C>A,12.86043453,1,14,PRDM1,UTR3
3-end RNA-seq,Plasma cell,chr6:31268751_C>T,6.756381989,1,14,HLA-C,UTR3
3-end RNA-seq,Plasma cell,chr6:31353909_A>C,49.42094421,1,14,HLA-B,UTR3
3-end RNA-seq,Plasma cell,chr6:31830177_C>G,71.19033813,1,14,HSPA1B,UTR3
3-end RNA-seq,Plasma cell,chr6:36740779_C>G,18.03427505,1,14,CPNE5,UTR3
3-end RNA-seq,Plasma cell,chr6:36741044_C>A,45.72111893,1,14,CPNE5,UTR3
3-end RNA-seq,Plasma cell,chrX:48913184_C>T,55.09483337,1,14,PIM2,UTR3
3-end RNA-seq,Sebocyte,chr10:100363619_T>C,24.43831635,1,9,SCD,UTR3
3-end RNA-seq,Sebocyte,chr10:110964476_G>A,2.385323763,1,9,SHOC2,exonic
3-end RNA-seq,Sebocyte,chr10:97436232_G>T,8.268206596,1,9,EXOSC1,UTR3
3-end RNA-seq,Sebocyte,chr11:119308532_C>T,4.030901909,1,9,MCAM,UTR3
3-end RNA-seq,Sebocyte,chr11:61844079_T>A,24.49280167,1,9,FADS2,intronic
3-end RNA-seq,Sebocyte,chr11:61850045_T>A,8.286500931,1,9,FADS2,intronic
3-end RNA-seq,Sebocyte,chr11:61864201_T>A,7.946470261,1,9,FADS2,intronic
3-end RNA-seq,Sebocyte,chr11:65116206_A>G,8.865564346,1,9,TM7SF2,UTR3
3-end RNA-seq,Sebocyte,chr11:65425936_T>C,2.924677372,1,9,NEAT1,ncRNA_exonic
3-end RNA-seq,Sebocyte,chr11:65440843_A>T,6.898839951,1,9,NEAT1,ncRNA_exonic
3-end RNA-seq,Sebocyte,chr11:65854819_A>T,1.402880788,1,9,CFL1,UTR3
3-end RNA-seq,Sebocyte,chr11:68691176_C>A,24.3741951,1,9,GAL,downstream
3-end RNA-seq,Sebocyte,chr11:83073512_G>C,3.305238962,1,9,RAB30-DT,ncRNA_exonic
3-end RNA-seq,Sebocyte,chr12:104994717_G>A,4.696133614,1,9,C12orf45,UTR3
3-end RNA-seq,Sebocyte,chr12:122981203_G>A,2.159970284,1,9,ARL6IP4,exonic
3-end RNA-seq,Sebocyte,chr12:122981208_G>A,5.021531105,1,9,ARL6IP4,exonic
3-end RNA-seq,Sebocyte,chr12:122981210_G>A,9.709699631,1,9,ARL6IP4,exonic
3-end RNA-seq,Sebocyte,chr12:127165908_A>T,6.066065788,1,9,LINC02405;LINC02376,intergenic
3-end RNA-seq,Sebocyte,chr12:52821405_C>T,4.928097248,1,9,KRT79,downstream
3-end RNA-seq,Sebocyte,chr12:54858388_T>A,16.68320656,1,9,MUCL1,downstream
3-end RNA-seq,Sebocyte,chr12:6945959_A>C,4.067073822,1,9,C12orf57,UTR3
3-end RNA-seq,Sebocyte,chr12:7355057_T>C,9.477830887,1,9,CD163L1,UTR3
3-end RNA-seq,Sebocyte,chr12:76415341_G>A,3.600267649,1,9,OSBPL8,intronic
3-end RNA-seq,Sebocyte,chr12:92143127_A>G,3.946866274,1,9,BTG1,UTR3
3-end RNA-seq,Sebocyte,chr13:79552924_C>A,17.8230381,1,9,NDFIP2,UTR3
3-end RNA-seq,Sebocyte,chr14:58274015_A>T,5.85671854,1,9,PSMA3-AS1,ncRNA_exonic
3-end RNA-seq,Sebocyte,chr14:66973639_A>G,4.346786499,1,9,GPHN,intronic
3-end RNA-seq,Sebocyte,chr14:73575653_T>C,4.482643127,1,9,ACOT2,UTR3
3-end RNA-seq,Sebocyte,chr14:74057667_C>T,6.321836948,1,9,ALDH6A1,UTR3
3-end RNA-seq,Sebocyte,chr15:63591465_G>A,4.883121014,1,9,USP3-AS1,ncRNA_intronic
3-end RNA-seq,Sebocyte,chr15:64954744_C>T,2.184056759,1,9,ANKDD1A,intronic
3-end RNA-seq,Sebocyte,chr15:89683060_A>T,4.164756298,1,9,PEX11A,UTR3
3-end RNA-seq,Sebocyte,chr16:11547999_C>T,2.312429667,1,9,LITAF,UTR3
3-end RNA-seq,Sebocyte,chr16:11839833_C>T,5.643744469,1,9,RSL1D1,exonic
3-end RNA-seq,Sebocyte,chr16:56684147_C>A,5.017976761,1,9,MT1X,UTR3
3-end RNA-seq,Sebocyte,chr16:57416035_A>C,4.777015686,1,9,CCL17,UTR3
3-end RNA-seq,Sebocyte,chr16:68835534_T>C,7.726790428,1,9,CDH1,UTR3
3-end RNA-seq,Sebocyte,chr16:87403147_A>G,5.678752899,1,9,MAP1LC3B,UTR3
3-end RNA-seq,Sebocyte,chr16:88862542_A>G,13.64576244,1,9,TRAPPC2L,UTR3
3-end RNA-seq,Sebocyte,chr17:19188153_C>T,5.701104641,1,9,SNORD3A,ncRNA_exonic
3-end RNA-seq,Sebocyte,chr17:41619443_A>T,2.87658596,1,9,KRT17,UTR3
3-end RNA-seq,Sebocyte,chr17:4557332_A>G,4.480888367,1,9,GGT6,UTR3
3-end RNA-seq,Sebocyte,chr17:50184098_A>T,2.113109112,1,9,COL1A1,downstream
3-end RNA-seq,Sebocyte,chr17:50185276_T>C,1.015496016,1,9,COL1A1,UTR3
3-end RNA-seq,Sebocyte,chr17:50862237_G>T,1.688384771,1,9,TOB1,UTR3
3-end RNA-seq,Sebocyte,chr17:75945786_G>T,19.34264374,1,9,ACOX1,UTR3
3-end RNA-seq,Sebocyte,chr17:77500594_G>A,4.464546204,1,9,SEPTIN9,UTR3
3-end RNA-seq,Sebocyte,chr17:8049131_C>A,9.980681419,1,9,ALOX15B,UTR3
3-end RNA-seq,Sebocyte,chr17:82078660_T>G,11.48933887,1,9,FASN,UTR3
3-end RNA-seq,Sebocyte,chr18:59158829_T>C,4.060575008,1,9,SEC11C,UTR3
3-end RNA-seq,Sebocyte,chr18:63504965_T>A,11.51396561,1,9,SERPINB5,UTR3
3-end RNA-seq,Sebocyte,chr18:79903863_A>G,7.440589905,1,9,SLC66A2,UTR3
3-end RNA-seq,Sebocyte,chr18:80013074_A>G,1.788844109,1,9,TXNL4A,intronic
3-end RNA-seq,Sebocyte,chr19:11574662_C>T,7.813993931,1,9,ACP5,UTR3
3-end RNA-seq,Sebocyte,chr19:12793171_T>A,4.8282938,1,9,JUNB,UTR3
3-end RNA-seq,Sebocyte,chr19:12793195_T>A,4.789504051,1,9,JUNB,UTR3
3-end RNA-seq,Sebocyte,chr19:12793265_G>T,3.278667688,1,9,JUNB,UTR3
3-end RNA-seq,Sebocyte,chr19:12793268_C>A,5.64377594,1,9,JUNB,UTR3
3-end RNA-seq,Sebocyte,chr19:14566077_G>T,10.0639677,1,9,NDUFB7;TECR,downstream
3-end RNA-seq,Sebocyte,chr19:15058290_G>A,5.119197845,1,9,CASP14,UTR3
3-end RNA-seq,Sebocyte,chr19:16103003_C>A,0.720497727,1,9,TPM4,downstream
3-end RNA-seq,Sebocyte,chr19:16327504_A>T,4.030699253,1,9,KLF2,UTR3
3-end RNA-seq,Sebocyte,chr19:23269888_G>T,9.708703995,1,9,IPO5P1,ncRNA_intronic
3-end RNA-seq,Sebocyte,chr19:24066909_T>A,10.2814045,1,9,ZNF254,intronic
3-end RNA-seq,Sebocyte,chr19:2894226_C>T,20.39157486,1,9,ZNF556;ZNF57,intergenic
3-end RNA-seq,Sebocyte,chr19:4522534_C>T,6.003426075,1,9,PLIN5,UTR3
3-end RNA-seq,Sebocyte,chr19:4675367_T>C,3.723948956,1,9,DPP9,UTR3
3-end RNA-seq,Sebocyte,chr19:46774885_A>G,2.48682189,1,9,SLC1A5,UTR3
3-end RNA-seq,Sebocyte,chr19:8265068_C>T,3.704437017,1,9,CERS4;CD320,intergenic
3-end RNA-seq,Sebocyte,chr1:107681906_G>C,8.047870636,1,9,VAV3,intronic
3-end RNA-seq,Sebocyte,chr1:111243438_T>C,12.44695473,1,9,CHI3L2,UTR3
3-end RNA-seq,Sebocyte,chr1:153534610_A>C,1.065958977,1,9,S100A6,UTR3
3-end RNA-seq,Sebocyte,chr1:153618802_G>T,0.849015594,1,9,S100A13,UTR3
3-end RNA-seq,Sebocyte,chr1:165662574_G>T,4.916613579,1,9,ALDH9A1,UTR3
3-end RNA-seq,Sebocyte,chr1:168055361_A>G,8.373594284,1,9,DCAF6,intronic
3-end RNA-seq,Sebocyte,chr1:179354739_G>A,12.99606133,1,9,SOAT1,UTR3
3-end RNA-seq,Sebocyte,chr1:18942865_G>T,0.955760121,1,9,IFFO2,intronic
3-end RNA-seq,Sebocyte,chr1:19608624_T>A,1.436607003,1,9,RPS14P3,ncRNA_exonic
3-end RNA-seq,Sebocyte,chr1:205719568_C>T,2.866494179,1,9,NUCKS1,exonic
3-end RNA-seq,Sebocyte,chr1:205830926_C>T,11.6267395,1,9,PM20D1,intronic
3-end RNA-seq,Sebocyte,chr1:209704954_G>A,7.344038963,1,9,HSD11B1,exonic
3-end RNA-seq,Sebocyte,chr1:212446142_C>A,5.116999149,1,9,NENF,UTR3
3-end RNA-seq,Sebocyte,chr1:212620772_T>C,4.165445805,1,9,ATF3,UTR3
3-end RNA-seq,Sebocyte,chr1:242210829_C>A,16.9696846,1,9,PLD5,intronic
3-end RNA-seq,Sebocyte,chr1:3481000_C>T,8.419876099,1,9,ARHGEF16,UTR3
3-end RNA-seq,Sebocyte,chr1:58575425_C>T,3.593607187,1,9,TACSTD2,downstream
3-end RNA-seq,Sebocyte,chr1:8975087_T>C,9.613638878,1,9,CA6,UTR3
3-end RNA-seq,Sebocyte,chr20:24963548_G>T,7.882499218,1,9,APMAP,UTR3
3-end RNA-seq,Sebocyte,chr20:32702703_C>T,3.47037077,1,9,COMMD7,UTR3
3-end RNA-seq,Sebocyte,chr20:34927701_G>T,4.182804108,1,9,ACSS2,UTR3
3-end RNA-seq,Sebocyte,chr20:37241423_G>A,3.512560606,1,9,RPN2,UTR3
3-end RNA-seq,Sebocyte,chr21:43985397_T>C,3.838911057,1,9,AGPAT3,UTR3
3-end RNA-seq,Sebocyte,chr21:43987133_G>A,5.870168686,1,9,AGPAT3,UTR3
3-end RNA-seq,Sebocyte,chr22:17590816_A>C,10.70477676,1,9,SLC25A18,UTR3
3-end RNA-seq,Sebocyte,chr22:28669161_A>G,11.84299755,1,9,TTC28,intronic
3-end RNA-seq,Sebocyte,chr22:30488913_G>A,12.822855,1,9,SEC14L4,UTR3
3-end RNA-seq,Sebocyte,chr22:44858203_G>T,20.22953796,1,9,ARHGAP8;PRR5-ARHGAP8,intronic
3-end RNA-seq,Sebocyte,chr22:50274980_A>G,2.844088554,1,9,PLXNB2,UTR3
3-end RNA-seq,Sebocyte,chr2:169630952_G>A,3.939927816,1,9,PPIG,exonic
3-end RNA-seq,Sebocyte,chr2:180872704_T>C,2.110815525,1,9,SCHLAP1,ncRNA_intronic
3-end RNA-seq,Sebocyte,chr2:222701543_A>G,13.08203602,1,9,MOGAT1,intronic
3-end RNA-seq,Sebocyte,chr2:222711367_G>A,11.73976231,1,9,MOGAT1;ACSL3,intergenic
3-end RNA-seq,Sebocyte,chr2:232556470_G>A,6.907917976,1,9,EIF4E2,exonic
3-end RNA-seq,Sebocyte,chr3:12153070_C>T,17.49707222,1,9,TIMP4,UTR3
3-end RNA-seq,Sebocyte,chr3:123612519_G>A,9.241316795,1,9,MYLK-AS1,ncRNA_intronic
3-end RNA-seq,Sebocyte,chr3:131388801_A>T,4.12798214,1,9,NUDT16,UTR3
3-end RNA-seq,Sebocyte,chr3:154271828_T>C,10.82623291,1,9,DHX36,downstream
3-end RNA-seq,Sebocyte,chr3:158697107_A>T,4.310033321,1,9,RARRES1,UTR3
3-end RNA-seq,Sebocyte,chr3:158697110_A>G,3.726166487,1,9,RARRES1,UTR3
3-end RNA-seq,Sebocyte,chr3:158697114_A>G,15.16766262,1,9,RARRES1,UTR3
3-end RNA-seq,Sebocyte,chr3:180977074_C>T,4.758583546,1,9,FXR1,UTR3
3-end RNA-seq,Sebocyte,chr3:197619239_T>G,4.436352253,1,9,LOC220729,ncRNA_intronic
3-end RNA-seq,Sebocyte,chr3:21849628_C>T,15.03745079,1,9,ZNF385D;ZNF385D-AS2,intergenic
3-end RNA-seq,Sebocyte,chr3:21949571_A>G,17.47262001,1,9,ZNF385D;ZNF385D-AS2,intergenic
3-end RNA-seq,Sebocyte,chr3:21964506_C>T,12.98900604,1,9,ZNF385D-AS2,ncRNA_intronic
3-end RNA-seq,Sebocyte,chr3:22036728_A>T,16.33881187,1,9,ZNF385D-AS2;UBE2E2-AS1,intergenic
3-end RNA-seq,Sebocyte,chr3:4985178_G>A,3.328737736,1,9,BHLHE40,UTR3
3-end RNA-seq,Sebocyte,chr3:53228063_C>T,6.652610779,1,9,TKT,exonic
3-end RNA-seq,Sebocyte,chr4:10016529_C>A,11.38337803,1,9,SLC2A9,intronic
3-end RNA-seq,Sebocyte,chr4:139114702_A>G,1.607232928,1,9,ELF2,intronic
3-end RNA-seq,Sebocyte,chr4:157616159_T>C,7.424394608,1,9,LINC02433;GASK1B,intergenic
3-end RNA-seq,Sebocyte,chr4:157803432_A>G,7.861284733,1,9,LINC02433;GASK1B,intergenic
3-end RNA-seq,Sebocyte,chr4:165343245_C>A,20.79441071,1,9,MSMO1,downstream
3-end RNA-seq,Sebocyte,chr4:17486397_C>T,5.384689331,1,9,QDPR,UTR3
3-end RNA-seq,Sebocyte,chr4:189943231_G>A,9.666934013,1,9,FRG1,exonic
3-end RNA-seq,Sebocyte,chr4:7430388_A>C,28.09349442,1,9,PSAPL1,UTR3
3-end RNA-seq,Sebocyte,chr4:7582641_A>G,0.904054761,1,9,SORCS2,intronic
3-end RNA-seq,Sebocyte,chr4:7582652_A>G,3.544182539,1,9,SORCS2,intronic
3-end RNA-seq,Sebocyte,chr4:7582657_A>G,2.867814779,1,9,SORCS2,intronic
3-end RNA-seq,Sebocyte,chr4:75886553_A>G,1.89174068,1,9,PPEF2,intronic
3-end RNA-seq,Sebocyte,chr5:149500198_C>T,4.076729774,1,9,CSNK1A1,intronic
3-end RNA-seq,Sebocyte,chr5:43290751_C>T,10.23225403,1,9,HMGCS1,UTR3
3-end RNA-seq,Sebocyte,chr5:43292387_C>A,5.803589344,1,9,HMGCS1,intronic
3-end RNA-seq,Sebocyte,chr6:113861153_G>A,3.744504452,1,9,MARCKS,UTR3
3-end RNA-seq,Sebocyte,chr6:113861801_T>C,1.828513503,1,9,MARCKS,UTR3
3-end RNA-seq,Sebocyte,chr6:139372258_A>G,4.488271713,1,9,CITED2,UTR3
3-end RNA-seq,Sebocyte,chr6:149818798_A>G,4.544400215,1,9,LRP11,UTR3
3-end RNA-seq,Sebocyte,chr6:31830177_C>G,4.040919781,1,9,HSPA1B,UTR3
3-end RNA-seq,Sebocyte,chr6:36687337_T>C,5.778820992,1,9,CDKN1A,downstream
3-end RNA-seq,Sebocyte,chr6:44155477_T>C,4.233679295,1,9,TMEM63B,UTR3
3-end RNA-seq,Sebocyte,chr6:53294092_A>G,5.664379597,1,9,ELOVL5,UTR3
3-end RNA-seq,Sebocyte,chr6:83210414_A>T,11.70647621,1,9,ME1,UTR3
3-end RNA-seq,Sebocyte,chr7:151556180_A>C,0.938610375,1,9,PRKAG2,UTR3
3-end RNA-seq,Sebocyte,chr7:155308592_C>A,13.65176678,1,9,INSIG1,UTR3
3-end RNA-seq,Sebocyte,chr7:5902219_G>A,2.698712349,1,9,CCZ1,intronic
3-end RNA-seq,Sebocyte,chr7:65241942_T>C,18.37566185,1,9,INTS4P1;ZNF92,intergenic
3-end RNA-seq,Sebocyte,chr7:73682275_G>T,2.583287716,1,9,DNAJC30,UTR3
3-end RNA-seq,Sebocyte,chr7:94431225_G>A,2.203564167,1,9,COL1A2,UTR3
3-end RNA-seq,Sebocyte,chr8:26410980_A>T,3.494591713,1,9,BNIP3L,UTR3
3-end RNA-seq,Sebocyte,chr8:29333164_T>A,3.948822498,1,9,DUSP4,UTR3
3-end RNA-seq,Sebocyte,chr8:56217467_G>A,4.328834057,1,9,CHCHD7,UTR3
3-end RNA-seq,Sebocyte,chr8:67043082_C>T,3.197776318,1,9,COPS5,UTR3
3-end RNA-seq,Sebocyte,chr9:76572040_A>G,1.536081076,1,9,GCNT1;PRUNE2,intergenic
3-end RNA-seq,Sebocyte,chr9:76572064_A>G,1.552134514,1,9,GCNT1;PRUNE2,intergenic
3-end RNA-seq,Sebocyte,chrX:19359846_T>A,4.647674084,1,9,PDHA1,UTR3
3-end RNA-seq,Sebocyte,chrX:23786208_T>C,3.551148415,1,9,SAT1,UTR3
3-end RNA-seq,Sebocyte,chrX:72197543_G>A,7.256345272,1,9,PIN4,UTR3
3-end RNA-seq,T cell,chr10:17687499_C>A,1.273982167,1,10,STAM,intronic
3-end RNA-seq,T cell,chr10:50404328_A>G,1.853762627,1,10,SGMS1,intronic
3-end RNA-seq,T cell,chr10:60395618_T>C,2.702637434,1,1,ANK3,intronic
3-end RNA-seq,T cell,chr10:8074529_G>A,0.726229548,1,10,GATA3,UTR3
3-end RNA-seq,T cell,chr11:117031522_A>T,1.913756371,1,1,SIK3,intronic
3-end RNA-seq,T cell,chr11:122863276_G>A,1.062421203,1,1,CRTAM,intronic
3-end RNA-seq,T cell,chr12:7923838_A>G,0.833417058,1,10,SLC2A3,intronic
3-end RNA-seq,T cell,chr13:42888109_C>T,1.575644851,1,10,EPSTI1,UTR3
3-end RNA-seq,T cell,chr13:46558474_A>G,1.240272939,2,1;10,LRCH1,intronic
3-end RNA-seq,T cell,chr14:102846638_T>C,1.908524156,1,10,TRAF3,intronic
3-end RNA-seq,T cell,chr14:104759655_C>A,0.687927067,1,10,SIVA1,downstream
3-end RNA-seq,T cell,chr14:105063997_G>A,1.4767103195,2,1;10,GPR132,intronic
3-end RNA-seq,T cell,chr14:49618691_G>A,1.400607824,1,1,RPL36AL,UTR3
3-end RNA-seq,T cell,chr15:38881713_A>G,1.579921484,1,10,LINC02694;C15orf54,intergenic
3-end RNA-seq,T cell,chr15:92889496_G>A,1.773232818,1,10,CHASERR,ncRNA_intronic
3-end RNA-seq,T cell,chr16:3069398_A>C,0.9877175095,2,1;10,IL32,UTR3
3-end RNA-seq,T cell,chr16:3069423_T>A,0.9108153880000001,2,1;10,IL32,UTR3
3-end RNA-seq,T cell,chr16:3069457_T>A,1.7260552645,2,1;10,IL32,UTR3
3-end RNA-seq,T cell,chr16:84565600_C>T,1.001258373,1,1,COTL1,UTR3
3-end RNA-seq,T cell,chr17:14329374_G>A,1.560463071,1,10,HS3ST3B1,intronic
3-end RNA-seq,T cell,chr17:35871494_A>T,1.772989631,1,1,CCL5,UTR3
3-end RNA-seq,T cell,chr17:36105606_T>C,1.413203835,1,1,CCL4;CCL4L1;CCL4L2,UTR3
3-end RNA-seq,T cell,chr17:44473235_T>C,1.127278209,1,10,GPATCH8,intronic
3-end RNA-seq,T cell,chr17:48205019_C>T,1.729009271,1,1,SKAP1,intronic
3-end RNA-seq,T cell,chr17:79088593_A>T,0.66309315,1,1,ENGASE,UTR3
3-end RNA-seq,T cell,chr17:7949569_T>G,1.335072875,1,10,CNTROB,UTR3
3-end RNA-seq,T cell,chr18:13479622_A>G,0.621852577,1,10,LDLRAD4,intronic
3-end RNA-seq,T cell,chr18:13479627_G>A,0.943315446,1,10,LDLRAD4,intronic
3-end RNA-seq,T cell,chr19:1039064_G>A,0.781720221,2,1;10,CNN2,UTR3
3-end RNA-seq,T cell,chr19:12793215_T>A,1.145365119,1,1,JUNB,UTR3
3-end RNA-seq,T cell,chr19:12793281_C>A,0.8849820495,2,1;10,JUNB,UTR3
3-end RNA-seq,T cell,chr19:14471819_A>C,0.836053312,1,10,PKN1,UTR3
3-end RNA-seq,T cell,chr19:16327504_A>T,1.3291971685,2,1;10,KLF2,UTR3
3-end RNA-seq,T cell,chr19:16327507_T>A,1.108495355,1,1,KLF2,UTR3
3-end RNA-seq,T cell,chr19:41907372_A>C,1.854187369,1,1,ARHGEF1,UTR3
3-end RNA-seq,T cell,chr19:48330515_T>A,1.112696767,1,1,EMP3,UTR3
3-end RNA-seq,T cell,chr19:48330531_A>C,0.679502904,1,1,EMP3,UTR3
3-end RNA-seq,T cell,chr1:117628368_T>A,1.0060589315,2,1;10,TENT5C,UTR3
3-end RNA-seq,T cell,chr1:158940230_T>C,1.772186756,1,1,PYHIN1,intronic
3-end RNA-seq,T cell,chr1:184955369_G>T,0.875780284,1,1,NIBAN1,intronic
3-end RNA-seq,T cell,chr1:198756596_A>T,1.688861191,2,1;10,PTPRC,UTR3
3-end RNA-seq,T cell,chr1:221701576_G>T,1.552835226,1,10,DUSP10,UTR3
3-end RNA-seq,T cell,chr1:67337901_T>C,2.447621346,1,10,IL12RB2,intronic
3-end RNA-seq,T cell,chr20:24959920_T>C,1.564302444,1,10,CST7,UTR3
3-end RNA-seq,T cell,chr20:36890397_T>C,1.415486455,1,10,SAMHD1,UTR3
3-end RNA-seq,T cell,chr20:44908166_G>A,0.815281212,1,1,YWHAB,UTR3
3-end RNA-seq,T cell,chr20:50840216_A>G,1.914341211,1,1,BCAS4,intronic
3-end RNA-seq,T cell,chr2:143166005_G>A,0.693897486,1,1,ARHGAP15,intronic
3-end RNA-seq,T cell,chr2:143166009_G>A,0.439503253,1,10,ARHGAP15,intronic
3-end RNA-seq,T cell,chr2:144489362_C>T,1.289378285,1,1,ZEB2,intronic
3-end RNA-seq,T cell,chr2:156324434_C>T,0.820271432,1,1,NR4A2,downstream
3-end RNA-seq,T cell,chr2:191067073_C>T,1.912991881,1,1,STAT4,intronic
3-end RNA-seq,T cell,chr2:196143391_T>A,0.959593654,1,10,STK17B,intronic
3-end RNA-seq,T cell,chr2:196156648_T>A,1.2096915845,2,1;10,STK17B,exonic
3-end RNA-seq,T cell,chr2:233141447_A>G,1.031654954,1,10,INPP5D,intronic
3-end RNA-seq,T cell,chr2:47690666_T>C,0.921245575,1,1,KCNK12;MSH6,intergenic
3-end RNA-seq,T cell,chr2:96143168_G>T,0.890919745,2,1;10,DUSP2,downstream
3-end RNA-seq,T cell,chr3:105838099_C>T,1.964873552,1,1,CBLB,intronic
3-end RNA-seq,T cell,chr3:13350730_G>A,0.991202295,1,10,NUP210,intronic
3-end RNA-seq,T cell,chr3:161429073_A>G,1.46748507,1,1,LINC02067,ncRNA_intronic
3-end RNA-seq,T cell,chr3:40462277_C>A,1.367347598,1,1,RPL14,UTR3
3-end RNA-seq,T cell,chr4:77611832_T>C,5.893126011,1,1,CXCL13,UTR3
3-end RNA-seq,T cell,chr5:143391975_C>T,1.067015648,1,1,NR3C1,intronic
3-end RNA-seq,T cell,chr5:149542821_A>G,0.794570267,1,10,CSNK1A1,intronic
3-end RNA-seq,T cell,chr5:150405783_A>T,1.0203295055,2,1;10,CD74,intronic
3-end RNA-seq,T cell,chr5:35876823_G>A,1.4054869415,2,1;10,IL7R,UTR3
3-end RNA-seq,T cell,chr5:35876827_G>A,0.783243775,1,1,IL7R,UTR3
3-end RNA-seq,T cell,chr6:111673642_C>G,1.839301348,1,1,FYN,intronic
3-end RNA-seq,T cell,chr6:111673642_C>T,0.644438207,2,1;10,FYN,intronic
3-end RNA-seq,T cell,chr6:111716853_C>T,1.416755557,1,1,FYN,intronic
3-end RNA-seq,T cell,chr6:111778576_T>G,1.966287971,1,10,FYN,intronic
3-end RNA-seq,T cell,chr6:111778577_G>T,1.0115565955,2,1;10,FYN,intronic
3-end RNA-seq,T cell,chr6:137882866_G>A,0.5524830225,2,1;10,TNFAIP3,UTR3
3-end RNA-seq,T cell,chr6:137883308_G>A,1.3819215895,2,1;10,TNFAIP3,UTR3
3-end RNA-seq,T cell,chr6:143563506_A>G,1.060512662,1,10,PHACTR2-AS1,ncRNA_intronic
3-end RNA-seq,T cell,chr6:143565452_A>G,3.282789469,1,10,PHACTR2-AS1,ncRNA_intronic
3-end RNA-seq,T cell,chr6:143576796_A>G,1.437364459,1,10,PHACTR2-AS1;PHACTR2,intergenic
3-end RNA-seq,T cell,chr6:16694270_A>G,1.3782984615,2,1;10,ATXN1,intronic
3-end RNA-seq,T cell,chr6:29944591_C>T,0.636222839,1,10,HLA-A,exonic
3-end RNA-seq,T cell,chr6:29945079_A>T,0.795380592,2,1;10,HLA-A,exonic
3-end RNA-seq,T cell,chr6:29945770_T>A,0.977643549,1,10,HLA-A,UTR3
3-end RNA-seq,T cell,chr6:31268751_C>T,0.625047654,2,1;10,HLA-C,UTR3
3-end RNA-seq,T cell,chr6:31353909_A>C,0.733520597,2,1;10,HLA-B,UTR3
3-end RNA-seq,T cell,chr6:32579004_T>C,0.760177255,1,1,HLA-DRB1,UTR3
3-end RNA-seq,T cell,chr6:85618865_C>T,0.9568869470000001,2,1;10,SYNCRIP,exonic
3-end RNA-seq,T cell,chr8:100291990_C>T,1.7654958365,2,1;10,RNF19A,intronic
3-end RNA-seq,T cell,chr8:29333164_T>A,0.815236747,1,10,DUSP4,UTR3
3-end RNA-seq,T cell,chr8:29771229_A>G,2.460454226,1,10,LINC02099,ncRNA_intronic
3-end RNA-seq,T cell,chr9:73165526_G>A,1.476939678,1,1,ANXA1,intronic
3-end RNA-seq,T cell,chrX:23786208_T>C,0.83923775,1,10,SAT1,UTR3
Full-length RNA-seq,Adnexal epithelial,chr12:54644610_A>C,39.54321671,1,15,DCD,UTR3
Full-length RNA-seq,Adnexal epithelial,chr14:75278923_C>T,13.25479031,1,15,FOS,UTR5
Full-length RNA-seq,Adnexal epithelial,chr16:68801830_A>C,6.025771618,1,15,CDH1,exonic
Full-length RNA-seq,Adnexal epithelial,chr17:41786667_T>C,6.523019314,1,15,JUP,UTR5
Full-length RNA-seq,Adnexal epithelial,chr17:72121684_C>A,10.54673672,1,15,SOX9,exonic
Full-length RNA-seq,Adnexal epithelial,chr17:81859668_A>T,7.327949047,1,15,P4HB,intronic
Full-length RNA-seq,Adnexal epithelial,chr1:8957198_C>A,29.39544296,1,15,CA6,exonic
Full-length RNA-seq,Adnexal epithelial,chr2:95820960_C>T,18.1540432,1,15,LINC00342,ncRNA_intronic
Full-length RNA-seq,Adnexal epithelial,chr2:95853810_A>T,9.101473808,1,15,ANKRD36C,exonic
Full-length RNA-seq,Adnexal epithelial,chr2:95978132_A>G,20.85982704,1,15,ANKRD36C,exonic
Full-length RNA-seq,Adnexal epithelial,chr3:195569072_G>C,7.510588646,1,15,APOD,exonic
Full-length RNA-seq,Adnexal epithelial,chr3:46443473_G>A,9.655875206,1,15,LTF,exonic
Full-length RNA-seq,Adnexal epithelial,chr6:31533780_G>C,8.765537262,1,15,ATP6V1G2-DDX39B,ncRNA_intronic
Full-length RNA-seq,Adnexal epithelial,chr7:99971757_T>C,48.73288727,1,15,AZGP1,exonic
Full-length RNA-seq,Adnexal epithelial,chr8:143867251_C>T,5.66835165,1,15,EPPK1,exonic
Full-length RNA-seq,Adnexal epithelial,chr8:41264298_G>T,12.90558434,1,15,SFRP1,UTR3
Full-length RNA-seq,Adnexal epithelial,chr9:95083455_C>T,2.697299957,1,15,AOPEP,intronic
Full-length RNA-seq,Adnexal epithelial,chrX:23783828_C>A,13.29116249,1,15,SAT1,exonic
Full-length RNA-seq,B cell,chr11:60462368_G>C,0.736292243,1,12,MS4A1,UTR5
Full-length RNA-seq,B cell,chr11:60464312_G>A,4.20839119,1,12,MS4A1,exonic
Full-length RNA-seq,B cell,chr19:55670501_G>C,0.870547831,1,12,U2AF2,intronic
Full-length RNA-seq,B cell,chr20:47651122_A>G,1.469759583,1,12,NCOA3,exonic
Full-length RNA-seq,B cell,chr3:122605952_T>A,2.226424932,1,12,PARP15,exonic
Full-length RNA-seq,B cell,chr4:101830161_G>C,4.026972294,1,12,BANK1,exonic
Full-length RNA-seq,B cell,chr6:150733767_G>A,2.711604595,1,12,PLEKHG1,exonic
Full-length RNA-seq,B cell,chr6:29942948_C>G,0.675272822,1,12,HLA-A,exonic
Full-length RNA-seq,B cell,chr6:29942953_T>A,0.36306864,1,12,HLA-A,exonic
Full-length RNA-seq,B cell,chr6:31356987_C>A,1.134927034,1,12,HLA-B,intronic
Full-length RNA-seq,B cell,chr6:32664993_A>G,1.607628822,1,12,HLA-DQB1,exonic
Full-length RNA-seq,B cell,chr6:32666233_G>A,1.224892616,1,12,HLA-DQB1,intronic
Full-length RNA-seq,B cell,chr6:32666255_A>G,2.983697653,1,12,HLA-DQB1,intronic
Full-length RNA-seq,B cell,chr6:33081144_A>G,0.70769161,1,12,HLA-DPB1,intronic
Full-length RNA-seq,B cell,chr7:87209753_A>T,1.346910834,1,12,TMEM243,intronic
Full-length RNA-seq,Endothelial,chr10:101798865_A>T,1.5404987335,2,1;8,OGA,exonic
Full-length RNA-seq,Endothelial,chr10:103450008_G>T,1.258264989,2,1;8,CALHM2,UTR5
Full-length RNA-seq,Endothelial,chr10:110507079_T>A,4.213912487,1,1,DUSP5,exonic
Full-length RNA-seq,Endothelial,chr10:110880400_T>C,3.218800068,1,1,PDCD4,intronic
Full-length RNA-seq,Endothelial,chr10:114432065_A>G,5.1620442870000005,2,1;8,ABLIM1,UTR3
Full-length RNA-seq,Endothelial,chr10:114547752_A>C,1.990663528,1,1,ABLIM1,exonic
Full-length RNA-seq,Endothelial,chr10:119207701_A>G,3.173352242,1,1,GRK5,UTR5
Full-length RNA-seq,Endothelial,chr10:22329448_C>A,1.2208606,1,1,BMI1;COMMD3-BMI1,exonic
Full-length RNA-seq,Endothelial,chr10:31469017_A>C,1.401343942,1,8,ZEB1,intronic
Full-length RNA-seq,Endothelial,chr10:33182746_G>T,2.0296889545,2,1;8,NRP1,exonic
Full-length RNA-seq,Endothelial,chr10:33197685_T>G,0.942679763,1,1,NRP1,exonic
Full-length RNA-seq,Endothelial,chr10:3778178_T>G,2.3650404215,2,1;8,KLF6,UTR3
Full-length RNA-seq,Endothelial,chr10:42790366_C>T,3.083468199,2,1;8,BMS1,exonic
Full-length RNA-seq,Endothelial,chr10:44371218_A>T,0.188065469,1,1,CXCL12,UTR3
Full-length RNA-seq,Endothelial,chr10:44378548_C>T,4.58979702,1,8,CXCL12,UTR3
Full-length RNA-seq,Endothelial,chr10:44977450_C>G,5.403296471,1,1,DEPP1,exonic
Full-length RNA-seq,Endothelial,chr10:44977606_C>T,4.212852478,1,1,DEPP1,exonic
Full-length RNA-seq,Endothelial,chr10:45973080_T>C,2.431643724,1,1,TIMM23,intronic
Full-length RNA-seq,Endothelial,chr10:62096508_G>T,0.578306437,1,1,ARID5B,UTR3
Full-length RNA-seq,Endothelial,chr10:63237071_C>G,2.470789671,1,1,JMJD1C,intronic
Full-length RNA-seq,Endothelial,chr10:71818628_C>T,0.08233545,1,8,PSAP,exonic
Full-length RNA-seq,Endothelial,chr10:73167107_A>T,0.807816267,1,1,ECD,intronic
Full-length RNA-seq,Endothelial,chr10:73813148_A>G,1.073647976,1,1,CAMK2G,UTR3
Full-length RNA-seq,Endothelial,chr10:78035565_G>A,4.168239594,1,1,RPS24,exonic
Full-length RNA-seq,Endothelial,chr10:78035654_C>T,3.411467075,1,1,RPS24,exonic
Full-length RNA-seq,Endothelial,chr10:78037234_G>A,4.705383301,1,1,RPS24,exonic
Full-length RNA-seq,Endothelial,chr10:80518439_G>A,2.537961721,1,1,TSPAN14,UTR3
Full-length RNA-seq,Endothelial,chr10:86944386_C>T,4.005196095,1,1,MMRN2,exonic
Full-length RNA-seq,Endothelial,chr10:88947333_C>G,7.081332684,1,8,ACTA2,exonic
Full-length RNA-seq,Endothelial,chr10:93702543_G>C,0.482610464,1,1,FRA10AC1,UTR5
Full-length RNA-seq,Endothelial,chr10:95200621_A>G,1.786547184,1,1,ACSM6,intronic
Full-length RNA-seq,Endothelial,chr10:95432470_G>T,1.204458475,2,1;8,SORBS1,exonic
Full-length RNA-seq,Endothelial,chr10:97358618_T>G,6.058961630000001,2,1;8,RRP12,exonic
Full-length RNA-seq,Endothelial,chr11:102797133_C>G,1.888872862,1,1,MMP1,exonic
Full-length RNA-seq,Endothelial,chr11:10803038_C>T,0.6301960799999999,2,1;8,EIF4G2,exonic
Full-length RNA-seq,Endothelial,chr11:110296033_A>T,0.938528985,2,1;8,RDX,intronic
Full-length RNA-seq,Endothelial,chr11:111602870_G>A,0.578338921,1,1,SIK2,intronic
Full-length RNA-seq,Endothelial,chr11:112085309_T>G,6.79497385,1,1,TIMM8B,exonic
Full-length RNA-seq,Endothelial,chr11:11246935_C>G,0.205676854,1,1,ZBED5-AS1;GALNT18,intergenic
Full-length RNA-seq,Endothelial,chr11:116874268_A>G,6.9394097325,2,1;8,SIK3,intronic
Full-length RNA-seq,Endothelial,chr11:118409064_T>C,0.775108635,1,1,ATP5MG,exonic
Full-length RNA-seq,Endothelial,chr11:118790599_C>T,0.754772246,1,1,DDX6,intronic
Full-length RNA-seq,Endothelial,chr11:119045643_T>G,9.464468002,1,1,HYOU1,exonic
Full-length RNA-seq,Endothelial,chr11:119094059_G>T,2.2495207785,2,1;8,H2AX,UTR3
Full-length RNA-seq,Endothelial,chr11:126265388_C>T,3.204292297,1,1,SRPRA,exonic
Full-length RNA-seq,Endothelial,chr11:126265423_T>G,3.3008963465,2,1;8,SRPRA,exonic
Full-length RNA-seq,Endothelial,chr11:128461388_A>G,0.708186746,1,1,ETS1,UTR3
Full-length RNA-seq,Endothelial,chr11:128702865_G>A,7.101001263,1,1,FLI1,intronic
Full-length RNA-seq,Endothelial,chr11:128716175_T>C,6.397793293,1,1,FLI1,intronic
Full-length RNA-seq,Endothelial,chr11:128718146_A>C,4.961486816,1,1,FLI1,intronic
Full-length RNA-seq,Endothelial,chr11:13419579_A>G,1.26166594,1,1,BTBD10,exonic
Full-length RNA-seq,Endothelial,chr11:13712997_A>G,0.929229558,1,1,FAR1,exonic
Full-length RNA-seq,Endothelial,chr11:17075457_T>G,2.349736452,1,1,RPS13,exonic
Full-length RNA-seq,Endothelial,chr11:18335916_A>C,1.994287968,1,1,GTF2H1,exonic
Full-length RNA-seq,Endothelial,chr11:2699604_A>G,2.361768007,1,1,KCNQ1OT1,ncRNA_exonic
Full-length RNA-seq,Endothelial,chr11:33353224_G>A,0.7553718835000001,2,1;8,HIPK3,exonic
Full-length RNA-seq,Endothelial,chr11:33708100_C>A,2.729197741,1,1,CD59,UTR3
Full-length RNA-seq,Endothelial,chr11:47725602_A>T,8.015059471,1,1,FNBP4,intronic
Full-length RNA-seq,Endothelial,chr11:5698543_C>T,1.119069457,1,1,TRIM22,exonic
Full-length RNA-seq,Endothelial,chr11:5709964_T>C,6.877153397,1,1,TRIM22,UTR3
Full-length RNA-seq,Endothelial,chr11:57606064_G>A,3.5620132685,2,1;8,SERPING1,exonic
Full-length RNA-seq,Endothelial,chr11:57606139_A>G,0.83475709,1,1,SERPING1,exonic
Full-length RNA-seq,Endothelial,chr11:57775350_C>A,5.457363129,1,1,TMX2-CTNND1,ncRNA_intronic
Full-length RNA-seq,Endothelial,chr11:57794049_A>C,2.066211462,1,8,CTNND1,exonic
Full-length RNA-seq,Endothelial,chr11:59182368_A>T,0.774273336,1,1,DTX4,exonic
Full-length RNA-seq,Endothelial,chr11:61878177_C>T,0.710393846,1,1,FADS3,exonic
Full-length RNA-seq,Endothelial,chr11:62529029_C>T,4.502425194,1,1,AHNAK,exonic
Full-length RNA-seq,Endothelial,chr11:64773400_A>G,0.659457028,1,8,SF1,intronic
Full-length RNA-seq,Endothelial,chr11:65330546_A>G,2.992278099,1,1,CDC42EP2;DPF2,intergenic
Full-length RNA-seq,Endothelial,chr11:65506390_T>C,1.640556693,1,1,MALAT1;TALAM1,ncRNA_exonic
Full-length RNA-seq,Endothelial,chr11:65609994_T>G,0.812140346,1,1,MAP3K11,intronic
Full-length RNA-seq,Endothelial,chr11:68775381_A>T,0.516901731,1,1,CPT1A,exonic
Full-length RNA-seq,Endothelial,chr11:73378856_G>A,1.709256887,1,1,RELT,intronic
Full-length RNA-seq,Endothelial,chr11:75399927_G>A,0.680226386,1,1,RPS3,intronic
Full-length RNA-seq,Endothelial,chr11:75562788_G>A,3.304560542,2,1;8,SERPINH1,intronic
Full-length RNA-seq,Endothelial,chr11:76496399_T>A,1.576212525,1,1,EMSY,exonic
Full-length RNA-seq,Endothelial,chr11:85981138_A>T,6.362495899,1,1,PICALM,exonic
Full-length RNA-seq,Endothelial,chr11:8685686_C>T,4.944568634,1,1,RPL27A,exonic
Full-length RNA-seq,Endothelial,chr11:9258408_A>T,1.2113134565,2,1;8,DENND5A,intronic
Full-length RNA-seq,Endothelial,chr11:93734746_A>T,2.794225693,1,1,MIR1304;SNORA40;TAF1D,upstream;downstream
Full-length RNA-seq,Endothelial,chr12:104463109_G>C,2.365538597,1,1,CHST11,intronic
Full-length RNA-seq,Endothelial,chr12:10716640_T>G,4.573945522,1,1,YBX3,intronic
Full-length RNA-seq,Endothelial,chr12:108784242_G>T,3.67133975,1,1,SSH1,UTR3
Full-length RNA-seq,Endothelial,chr12:108817096_C>T,2.015736341,1,1,SSH1,exonic
Full-length RNA-seq,Endothelial,chr12:109907541_G>C,2.88325119,1,1,TCHP,exonic
Full-length RNA-seq,Endothelial,chr12:110435108_G>T,1.1863022745,2,1;8,ARPC3,UTR3
Full-length RNA-seq,Endothelial,chr12:11165099_A>T,0.926314652,1,1,PRH1-PRR4,ncRNA_intronic
Full-length RNA-seq,Endothelial,chr12:113319008_C>T,0.632302165,1,1,SLC8B1,exonic
Full-length RNA-seq,Endothelial,chr12:113390565_A>G,2.1073921915,2,1;8,PLBD2,UTR3
Full-length RNA-seq,Endothelial,chr12:122767557_G>C,0.842763245,1,1,DENR,exonic
Full-length RNA-seq,Endothelial,chr12:124341935_C>T,1.501596451,1,1,NCOR2,exonic
Full-length RNA-seq,Endothelial,chr12:124411275_G>C,2.485127449,1,1,NCOR2,intronic
Full-length RNA-seq,Endothelial,chr12:124439441_C>A,1.4830713865,2,1;8,NCOR2,intronic
Full-length RNA-seq,Endothelial,chr12:124912445_T>G,3.455929995,1,1,UBC,exonic
Full-length RNA-seq,Endothelial,chr12:124913499_A>G,1.955229402,1,8,UBC,exonic
Full-length RNA-seq,Endothelial,chr12:12788761_T>A,2.714109659,2,1;8,APOLD1,UTR3
Full-length RNA-seq,Endothelial,chr12:131977863_G>T,2.369608164,1,1,EP400,intronic
Full-length RNA-seq,Endothelial,chr12:132738179_C>T,6.8547861574999995,2,1;8,ANKLE2,intronic
Full-length RNA-seq,Endothelial,chr12:132754981_C>G,2.367645025,1,8,ANKLE2,exonic
Full-length RNA-seq,Endothelial,chr12:14436221_C>A,0.926201046,1,1,ATF7IP,exonic
Full-length RNA-seq,Endothelial,chr12:27544962_T>C,1.932560325,1,1,PPFIBP1,intronic
Full-length RNA-seq,Endothelial,chr12:31084616_C>T,7.183220863,1,1,DDX11,exonic
Full-length RNA-seq,Endothelial,chr12:31084988_G>C,3.6396626235,2,1;8,DDX11,exonic
Full-length RNA-seq,Endothelial,chr12:31983426_G>C,4.701004982,1,1,RESF1,exonic
Full-length RNA-seq,Endothelial,chr12:45922561_C>T,3.5431945325000003,2,1;8,SCAF11,exonic
Full-length RNA-seq,Endothelial,chr12:46371083_A>G,1.939421475,2,1;8,SLC38A2,intronic
Full-length RNA-seq,Endothelial,chr12:48852978_T>A,5.16813612,1,1,DDX23,upstream
Full-length RNA-seq,Endothelial,chr12:48860996_C>T,0.610457361,1,1,RND1,splicing
Full-length RNA-seq,Endothelial,chr12:49040436_T>A,4.906141281,1,8,KMT2D,exonic
Full-length RNA-seq,Endothelial,chr12:49188988_C>T,2.704090834,1,1,TUBA1A,UTR5
Full-length RNA-seq,Endothelial,chr12:49795419_C>T,0.199045494,1,1,NCKAP5L,exonic
Full-length RNA-seq,Endothelial,chr12:51172762_C>T,6.369530081500001,2,1;8,TFCP2,UTR5
Full-length RNA-seq,Endothelial,chr12:52009321_C>A,7.556295395,1,1,TAMALIN,intronic
Full-length RNA-seq,Endothelial,chr12:52017280_G>A,1.437609076,1,8,TAMALIN;NR4A1,intergenic
Full-length RNA-seq,Endothelial,chr12:52054389_C>A,6.800808907,1,8,NR4A1,exonic
Full-length RNA-seq,Endothelial,chr12:52491141_C>T,2.086185336,2,1;8,KRT6A,exonic
Full-length RNA-seq,Endothelial,chr12:6013543_C>T,0.8710502234999999,2,1;8,VWF,exonic
Full-length RNA-seq,Endothelial,chr12:6013548_G>T,4.9544980525,2,1;8,VWF,exonic
Full-length RNA-seq,Endothelial,chr12:6023667_C>T,2.764587164,1,1,VWF,exonic
Full-length RNA-seq,Endothelial,chr12:6065224_T>G,6.264069557,1,1,VWF,exonic
Full-length RNA-seq,Endothelial,chr12:6072335_T>G,14.60291195,1,1,VWF,exonic
Full-length RNA-seq,Endothelial,chr12:6390848_G>A,2.272913456,1,1,LTBR,exonic
Full-length RNA-seq,Endothelial,chr12:68619359_C>T,0.670488119,1,1,RAP1B,intronic
Full-length RNA-seq,Endothelial,chr12:68871902_C>T,1.019658804,1,8,CPM,exonic
Full-length RNA-seq,Endothelial,chr12:6935620_G>A,1.8651726845,2,1;8,ATN1,exonic
Full-length RNA-seq,Endothelial,chr12:71621123_A>G,0.83123678,1,1,ZFC3H1,intronic
Full-length RNA-seq,Endothelial,chr12:71755247_T>A,2.642217398,1,1,RAB21,exonic
Full-length RNA-seq,Endothelial,chr12:76030967_C>T,2.8651210065,2,1;8,PHLDA1,exonic
Full-length RNA-seq,Endothelial,chr12:7925240_T>C,0.392471462,1,1,SLC2A3,intronic
Full-length RNA-seq,Endothelial,chr12:7925265_C>T,0.578735054,1,1,SLC2A3,intronic
Full-length RNA-seq,Endothelial,chr12:7935210_T>C,4.940494537,1,1,SLC2A3,intronic
Full-length RNA-seq,Endothelial,chr12:79908040_C>T,0.923377931,1,1,PPP1R12A,intronic
Full-length RNA-seq,Endothelial,chr12:88578183_C>T,0.333758533,1,1,KITLG,intronic
Full-length RNA-seq,Endothelial,chr12:9069773_C>T,0.662562191,1,1,A2M,exonic
Full-length RNA-seq,Endothelial,chr12:9070494_C>T,1.844114542,1,1,A2M,exonic
Full-length RNA-seq,Endothelial,chr12:9070495_A>G,0.522467256,1,1,A2M,exonic
Full-length RNA-seq,Endothelial,chr12:9072397_G>C,2.598930359,1,1,A2M,exonic
Full-length RNA-seq,Endothelial,chr12:9077286_G>A,3.314094305,1,1,A2M,intronic
Full-length RNA-seq,Endothelial,chr12:9079679_A>G,0.657159746,1,1,A2M,exonic
Full-length RNA-seq,Endothelial,chr12:9079684_G>A,4.063570023,1,1,A2M,exonic
Full-length RNA-seq,Endothelial,chr12:9095628_A>T,3.489866495,1,1,A2M,exonic
Full-length RNA-seq,Endothelial,chr12:9099454_T>A,0.89970535,1,1,A2M,exonic
Full-length RNA-seq,Endothelial,chr12:9101154_C>T,2.192430973,1,1,A2M,exonic
Full-length RNA-seq,Endothelial,chr12:9106306_C>G,0.266635805,1,1,A2M,exonic
Full-length RNA-seq,Endothelial,chr12:9113457_A>G,3.99233079,1,1,A2M,exonic
Full-length RNA-seq,Endothelial,chr12:96247066_T>A,4.839931488,1,1,ELK3,exonic
Full-length RNA-seq,Endothelial,chr12:96386029_T>G,7.839319706,1,1,CDK17,intronic
Full-length RNA-seq,Endothelial,chr12:98634404_A>T,4.006136894,1,1,IKBIP,exonic
Full-length RNA-seq,Endothelial,chr13:110150187_T>A,1.890625119,2,1;8,COL4A1,UTR3
Full-length RNA-seq,Endothelial,chr13:110175233_C>T,5.7708079815,2,1;8,COL4A1,exonic
Full-length RNA-seq,Endothelial,chr13:110307910_A>G,4.236160278,1,8,COL4A2,exonic
Full-length RNA-seq,Endothelial,chr13:110311170_G>A,0.511155605,1,1,COL4A2,intronic
Full-length RNA-seq,Endothelial,chr13:110424802_G>A,3.236500263,1,1,COL4A2,exonic
Full-length RNA-seq,Endothelial,chr13:110429928_T>A,4.4631676675,2,1;8,COL4A2,exonic
Full-length RNA-seq,Endothelial,chr13:110432352_G>C,4.117099762,2,1;8,COL4A2,exonic
Full-length RNA-seq,Endothelial,chr13:110482597_G>A,7.927696705,1,1,COL4A2,exonic
Full-length RNA-seq,Endothelial,chr13:111277892_G>C,1.364748955,1,1,ARHGEF7,intronic
Full-length RNA-seq,Endothelial,chr13:113774755_A>T,1.529806376,1,1,TMEM255B,intronic
Full-length RNA-seq,Endothelial,chr13:113796451_G>C,6.359652996,1,1,TMEM255B,intronic
Full-length RNA-seq,Endothelial,chr13:114013892_C>T,4.95506978,2,1;8,RASA3,intronic
Full-length RNA-seq,Endothelial,chr13:27073097_G>A,2.1930526495000002,2,1;8,USP12,intronic
Full-length RNA-seq,Endothelial,chr13:28467081_T>G,7.8468637465,2,1;8,FLT1,exonic
Full-length RNA-seq,Endothelial,chr13:28467557_A>C,7.565821171,1,1,FLT1,exonic
Full-length RNA-seq,Endothelial,chr13:28467570_C>T,5.18095541,1,1,FLT1,exonic
Full-length RNA-seq,Endothelial,chr13:28486812_C>T,0.618557453,1,1,FLT1,intronic
Full-length RNA-seq,Endothelial,chr13:28493532_T>C,0.264947295,1,1,FLT1,intronic
Full-length RNA-seq,Endothelial,chr13:31144314_G>A,2.092793226,1,1,HSPH1,intronic
Full-length RNA-seq,Endothelial,chr13:31147593_T>A,1.939265132,1,1,HSPH1,intronic
Full-length RNA-seq,Endothelial,chr13:44307198_G>A,5.861394882,1,1,MIR8079;SERP2,intergenic
Full-length RNA-seq,Endothelial,chr13:48362884_T>C,1.55638361,1,1,RB1,exonic
Full-length RNA-seq,Endothelial,chr13:48412596_T>C,4.996319294,1,1,LPAR6,UTR5
Full-length RNA-seq,Endothelial,chr13:75286833_A>T,2.8157755135,2,1;8,TBC1D4,exonic
Full-length RNA-seq,Endothelial,chr13:76885238_C>T,1.156724572,1,1,KCTD12,exonic
Full-length RNA-seq,Endothelial,chr13:76886276_G>A,2.351288795,1,1,KCTD12,UTR5
Full-length RNA-seq,Endothelial,chr13:77081945_C>G,1.306535244,1,1,MYCBP2,exonic
Full-length RNA-seq,Endothelial,chr13:77205523_A>G,3.370224953,1,1,MYCBP2,exonic
Full-length RNA-seq,Endothelial,chr13:77205527_C>T,1.278457046,1,1,MYCBP2,exonic
Full-length RNA-seq,Endothelial,chr13:95247036_C>G,1.695022464,1,1,ABCC4,exonic
Full-length RNA-seq,Endothelial,chr13:98575404_T>C,1.164307684,2,1;8,STK24,intronic
Full-length RNA-seq,Endothelial,chr13:98839097_G>C,2.584949732,1,1,DOCK9,intronic
Full-length RNA-seq,Endothelial,chr14:101985950_C>A,7.47766304,1,1,DYNC1H1,exonic
Full-length RNA-seq,Endothelial,chr14:102050104_A>G,3.0498661990000002,1,1,DYNC1H1,exonic
Full-length RNA-seq,Endothelial,chr14:102080309_C>T,2.060275316,1,8,HSP90AA1,downstream
Full-length RNA-seq,Endothelial,chr14:102082412_T>A,0.294383377,1,1,HSP90AA1,exonic
Full-length RNA-seq,Endothelial,chr14:104719402_A>C,0.46878472,1,1,INF2,UTR3
Full-length RNA-seq,Endothelial,chr14:21254933_C>A,11.8736248,1,1,HNRNPC,intronic
Full-length RNA-seq,Endothelial,chr14:24164908_C>A,1.794888556,2,1;8,IRF9,exonic
Full-length RNA-seq,Endothelial,chr14:35403637_A>G,6.882601738,1,1,NFKBIA,intronic
Full-length RNA-seq,Endothelial,chr14:39401858_A>T,2.385258198,1,1,FBXO33,exonic
Full-length RNA-seq,Endothelial,chr14:50944191_C>T,1.363357902,1,1,PYGL,exonic
Full-length RNA-seq,Endothelial,chr14:58366942_G>C,5.175200462,1,1,ARID4A,exonic
Full-length RNA-seq,Endothelial,chr14:68885552_T>G,0.32509324,1,1,ACTN1,exonic
Full-length RNA-seq,Endothelial,chr14:68979032_T>G,2.791996002,1,1,ACTN1,exonic
Full-length RNA-seq,Endothelial,chr14:75003567_G>A,1.6228567065000001,2,1;8,EIF2B2,exonic
Full-length RNA-seq,Endothelial,chr14:75258556_C>T,0.922270358,1,1,TMED10;FOS,intergenic
Full-length RNA-seq,Endothelial,chr14:75278923_C>T,2.729819059,1,8,FOS,UTR5
Full-length RNA-seq,Endothelial,chr14:75280103_T>A,6.616832256,1,8,FOS,exonic
Full-length RNA-seq,Endothelial,chr14:75280708_G>A,1.940656304,1,1,FOS,intronic
Full-length RNA-seq,Endothelial,chr14:75281052_G>C,7.593655109,1,8,FOS,exonic
Full-length RNA-seq,Endothelial,chr14:75281489_A>C,4.187945843,1,8,FOS,UTR3
Full-length RNA-seq,Endothelial,chr14:75281943_T>C,3.9711033105,2,1;8,FOS,UTR3
Full-length RNA-seq,Endothelial,chr14:76199882_G>A,2.036529303,1,1,GPATCH2L,exonic
Full-length RNA-seq,Endothelial,chr14:77028081_G>T,3.0354751345,2,1;8,IRF2BPL,UTR5
Full-length RNA-seq,Endothelial,chr14:81219746_A>C,1.877641797,1,1,GTF2A1,intronic
Full-length RNA-seq,Endothelial,chr14:89162440_C>G,2.135549068,1,1,FOXN3,exonic
Full-length RNA-seq,Endothelial,chr14:90312400_A>G,5.6786973475,2,1;8,NRDE2,exonic
Full-length RNA-seq,Endothelial,chr14:90404875_C>G,4.427823067,1,1,CALM1,UTR3
Full-length RNA-seq,Endothelial,chr14:91293153_T>C,3.691818476,1,1,CCDC88C,intronic
Full-length RNA-seq,Endothelial,chr14:91293190_T>C,3.63627696,1,1,CCDC88C,intronic
Full-length RNA-seq,Endothelial,chr14:91293453_T>C,10.41910362,1,1,CCDC88C,intronic
Full-length RNA-seq,Endothelial,chr14:91293558_G>A,2.869555473,1,1,CCDC88C,intronic
Full-length RNA-seq,Endothelial,chr14:91315749_C>G,5.404901028,1,1,CCDC88C,exonic
Full-length RNA-seq,Endothelial,chr14:92004569_A>T,2.6244876384999998,2,1;8,TRIP11,exonic
Full-length RNA-seq,Endothelial,chr14:92071035_T>C,0.939232409,1,8,ATXN3,exonic
Full-length RNA-seq,Endothelial,chr15:101286301_G>A,1.2785192135,2,1;8,SNRPA1,intronic
Full-length RNA-seq,Endothelial,chr15:28202416_A>G,1.147593856,1,1,HERC2,exonic
Full-length RNA-seq,Endothelial,chr15:28218658_A>T,5.295465469,1,1,HERC2,exonic
Full-length RNA-seq,Endothelial,chr15:39581674_C>G,6.149394035,1,1,THBS1,intronic
Full-length RNA-seq,Endothelial,chr15:39581915_C>A,3.31529212,1,8,THBS1,exonic
Full-length RNA-seq,Endothelial,chr15:39582728_G>A,3.050346136,1,1,THBS1,exonic
Full-length RNA-seq,Endothelial,chr15:39589859_G>A,3.972672462,1,1,THBS1,exonic
Full-length RNA-seq,Endothelial,chr15:40036354_T>A,1.90764153,1,1,SRP14,exonic
Full-length RNA-seq,Endothelial,chr15:42496146_T>A,16.78420258,1,1,SNAP23,intronic
Full-length RNA-seq,Endothelial,chr15:42663634_T>A,2.361079216,1,1,STARD9,intronic
Full-length RNA-seq,Endothelial,chr15:58596098_G>A,2.364868641,1,1,ADAM10,UTR3
Full-length RNA-seq,Endothelial,chr15:59272422_A>T,1.914928913,1,1,MYO1E,exonic
Full-length RNA-seq,Endothelial,chr15:59660054_C>G,3.9743402005,2,1;8,BNIP2,UTR3
Full-length RNA-seq,Endothelial,chr15:63617281_A>G,0.268241048,1,1,HERC1,intronic
Full-length RNA-seq,Endothelial,chr15:63636017_C>T,0.520142317,1,1,HERC1,exonic
Full-length RNA-seq,Endothelial,chr15:63774991_T>G,4.364940643,1,1,HERC1,exonic
Full-length RNA-seq,Endothelial,chr15:64842384_C>G,1.730258822,1,1,PLEKHO2,intronic
Full-length RNA-seq,Endothelial,chr15:64874996_C>A,3.395996094,1,1,PLEKHO2;ANKDD1A,intergenic
Full-length RNA-seq,Endothelial,chr15:64951864_T>C,2.0005473495,2,1;8,ANKDD1A,intronic
Full-length RNA-seq,Endothelial,chr15:65650727_G>A,4.130552769,1,1,SLC24A1,exonic
Full-length RNA-seq,Endothelial,chr15:65783332_T>C,2.772761822,1,1,DENND4A,intronic
Full-length RNA-seq,Endothelial,chr15:67096309_G>A,2.851701975,1,1,SMAD3,intronic
Full-length RNA-seq,Endothelial,chr15:67102746_T>G,1.504965067,1,1,SMAD3,intronic
Full-length RNA-seq,Endothelial,chr15:67130662_G>A,4.877415657,1,1,SMAD3,intronic
Full-length RNA-seq,Endothelial,chr15:67191897_G>A,2.621914983,2,1;8,SMAD3,UTR3
Full-length RNA-seq,Endothelial,chr15:70664698_C>T,2.881911874,2,1;8,UACA,exonic
Full-length RNA-seq,Endothelial,chr15:70678159_A>T,0.966796637,1,1,UACA,exonic
Full-length RNA-seq,Endothelial,chr15:74842085_C>T,4.808354378,1,1,ULK3,exonic
Full-length RNA-seq,Endothelial,chr15:77618629_G>A,0.642643824,2,1;8,LINGO1,intronic
Full-length RNA-seq,Endothelial,chr15:78892246_T>C,0.749186277,1,1,MORF4L1,exonic
Full-length RNA-seq,Endothelial,chr15:82536758_T>C,3.645565033,1,1,RPS17,UTR3
Full-length RNA-seq,Endothelial,chr15:85533735_G>A,4.124507427,1,1,AKAP13,exonic
Full-length RNA-seq,Endothelial,chr15:90448727_G>A,1.447594762,2,1;8,IQGAP1,exonic
Full-length RNA-seq,Endothelial,chr15:90894023_T>A,7.5719296935,2,1;8,FES,exonic
Full-length RNA-seq,Endothelial,chr15:92949793_T>A,1.635738134,1,1,CHD2,intronic
Full-length RNA-seq,Endothelial,chr16:11873074_A>T,5.092389107,1,1,GSPT1,UTR3
Full-length RNA-seq,Endothelial,chr16:14246726_G>C,4.894638777,2,1;8,MRTFB,exonic
Full-length RNA-seq,Endothelial,chr16:14246974_C>A,2.672922134,1,1,MRTFB,exonic
Full-length RNA-seq,Endothelial,chr16:14264420_T>A,1.944821835,1,1,MRTFB,UTR3
Full-length RNA-seq,Endothelial,chr16:15703519_C>G,2.554401636,1,8,MYH11,UTR3
Full-length RNA-seq,Endothelial,chr16:15838058_A>G,1.0267399255,2,1;8,MYH11,exonic
Full-length RNA-seq,Endothelial,chr16:18861517_C>T,0.562337101,1,1,SMG1,intronic
Full-length RNA-seq,Endothelial,chr16:18892239_A>T,1.747118354,1,1,SMG1,exonic
Full-length RNA-seq,Endothelial,chr16:1964282_A>G,4.270751476,1,8,RPS2,exonic
Full-length RNA-seq,Endothelial,chr16:19700407_A>C,4.923740387,1,1,VPS35L,exonic
Full-length RNA-seq,Endothelial,chr16:2037971_T>A,3.1331248284999997,2,1;8,SLC9A3R2,exonic
Full-length RNA-seq,Endothelial,chr16:23466600_A>G,0.885467529,1,1,GGA2,UTR3
Full-length RNA-seq,Endothelial,chr16:23486770_C>G,2.599210739,1,1,GGA2,exonic
Full-length RNA-seq,Endothelial,chr16:28919885_C>T,1.438562691,2,1;8,RABEP2,exonic
Full-length RNA-seq,Endothelial,chr16:29963534_G>C,7.851815701,1,1,TMEM219,exonic
Full-length RNA-seq,Endothelial,chr16:30351445_A>G,3.34615159,1,1,CD2BP2,UTR3
Full-length RNA-seq,Endothelial,chr16:30711020_T>C,2.291066408,1,1,SRCAP,exonic
Full-length RNA-seq,Endothelial,chr16:31184311_G>A,0.176639408,1,8,FUS,exonic
Full-length RNA-seq,Endothelial,chr16:3263420_G>T,1.788481593,1,1,LINC00921,upstream
Full-length RNA-seq,Endothelial,chr16:4804543_C>T,4.16926384,1,1,GLYR1,UTR3
Full-length RNA-seq,Endothelial,chr16:50767131_T>A,1.863076329,1,8,CYLD,intronic
Full-length RNA-seq,Endothelial,chr16:56805571_G>A,2.9706897735,2,1;8,NUP93,exonic
Full-length RNA-seq,Endothelial,chr16:57628828_G>A,2.846572399,1,1,ADGRG1,UTR5
Full-length RNA-seq,Endothelial,chr16:57628903_T>A,3.744430304,1,1,ADGRG1,intronic
Full-length RNA-seq,Endothelial,chr16:57628978_G>C,2.329118013,1,1,ADGRG1,intronic
Full-length RNA-seq,Endothelial,chr16:57651289_C>G,5.029628277,1,1,ADGRG1,exonic
Full-length RNA-seq,Endothelial,chr16:58614693_A>G,1.458129406,1,1,CNOT1,intronic
Full-length RNA-seq,Endothelial,chr16:67178101_A>T,0.359901518,1,1,KIAA0895L,exonic
Full-length RNA-seq,Endothelial,chr16:67195926_G>A,2.8472770455000003,2,1;8,E2F4,exonic
Full-length RNA-seq,Endothelial,chr16:67537586_C>G,2.476264715,1,1,RIPOR1,exonic
Full-length RNA-seq,Endothelial,chr16:67540692_T>G,1.460129023,1,1,RIPOR1,exonic
Full-length RNA-seq,Endothelial,chr16:67842893_A>G,4.452673912,1,1,THAP11,exonic
Full-length RNA-seq,Endothelial,chr16:69699852_A>G,5.4206314085,2,1;8,NFAT5,UTR3
Full-length RNA-seq,Endothelial,chr16:74695482_G>C,4.207148075,1,1,MLKL,exonic
Full-length RNA-seq,Endothelial,chr16:81485419_T>A,5.447696209,1,1,CMIP,intronic
Full-length RNA-seq,Endothelial,chr16:81577438_A>C,2.540451288,1,1,CMIP,intronic
Full-length RNA-seq,Endothelial,chr16:81696811_G>A,6.419613361,1,1,CMIP,intronic
Full-length RNA-seq,Endothelial,chr16:84181976_G>T,1.684875965,1,1,TAF1C,exonic
Full-length RNA-seq,Endothelial,chr16:84182423_A>T,0.311965942,1,1,TAF1C,exonic
Full-length RNA-seq,Endothelial,chr16:88722371_C>T,1.109725356,1,8,PIEZO1,exonic
Full-length RNA-seq,Endothelial,chr16:89288319_G>T,4.3512423039999995,2,1;8,ANKRD11,intronic
Full-length RNA-seq,Endothelial,chr16:89908779_T>A,3.428889275,1,1,TCF25,intronic
Full-length RNA-seq,Endothelial,chr16:89973258_G>A,2.2656331065,2,1;8,AFG3L1P,ncRNA_intronic
Full-length RNA-seq,Endothelial,chr17:1006004_A>T,0.34677887,1,1,ABR,UTR3
Full-length RNA-seq,Endothelial,chr17:1050592_A>T,5.1532185075,2,1;8,ABR,exonic
Full-length RNA-seq,Endothelial,chr17:1062834_T>C,3.333436728,1,1,ABR,intronic
Full-length RNA-seq,Endothelial,chr17:1344744_G>A,2.764487505,1,1,YWHAE,UTR3
Full-length RNA-seq,Endothelial,chr17:1345289_T>A,3.674406052,1,1,YWHAE,UTR3
Full-length RNA-seq,Endothelial,chr17:1364780_T>G,4.304522991,1,1,YWHAE,intronic
Full-length RNA-seq,Endothelial,chr17:15258277_C>T,6.909657478,1,8,PMP22,intronic
Full-length RNA-seq,Endothelial,chr17:15651269_A>T,3.277750015,1,8,TRIM16,exonic
Full-length RNA-seq,Endothelial,chr17:15999316_A>T,4.6653757095,2,1;8,ZSWIM7,intronic
Full-length RNA-seq,Endothelial,chr17:16091949_C>T,5.068053246,1,1,NCOR1,exonic
Full-length RNA-seq,Endothelial,chr17:16382653_C>A,5.435417175,1,1,UBB,UTR3
Full-length RNA-seq,Endothelial,chr17:19188111_G>A,0.866046369,1,1,SNORD3A,ncRNA_exonic
Full-length RNA-seq,Endothelial,chr17:28631504_C>T,2.2906917335,2,1;8,KIAA0100,exonic
Full-length RNA-seq,Endothelial,chr17:29286509_A>T,0.701904297,1,1,NUFIP2,exonic
Full-length RNA-seq,Endothelial,chr17:32377914_G>A,5.064932823,1,1,ZNF207,UTR3
Full-length RNA-seq,Endothelial,chr17:34256309_C>A,3.863273859,1,1,CCL2,exonic
Full-length RNA-seq,Endothelial,chr17:35650604_T>A,5.3857812880000004,1,1,AP2B1,exonic
Full-length RNA-seq,Endothelial,chr17:37596344_G>C,2.217266798,1,1,SYNRG,exonic
Full-length RNA-seq,Endothelial,chr17:39204171_C>A,0.703710973,1,1,RPL19,exonic
Full-length RNA-seq,Endothelial,chr17:40349797_G>A,0.667706311,1,1,RARA,exonic
Full-length RNA-seq,Endothelial,chr17:41786667_T>C,1.350928307,1,1,JUP,UTR5
Full-length RNA-seq,Endothelial,chr17:42289269_G>C,4.224150658,1,1,STAT5A,intronic
Full-length RNA-seq,Endothelial,chr17:42343954_T>G,4.516925812,1,1,STAT3,intronic
Full-length RNA-seq,Endothelial,chr17:42577242_C>T,1.252757192,1,1,PSMC3IP,exonic
Full-length RNA-seq,Endothelial,chr17:43246586_T>G,3.502989054,1,1,RNU2-1,upstream
Full-length RNA-seq,Endothelial,chr17:44399947_C>G,2.314895868,1,1,GPATCH8,exonic
Full-length RNA-seq,Endothelial,chr17:45148751_G>A,1.716972947,1,1,HEXIM1,UTR5
Full-length RNA-seq,Endothelial,chr17:4892407_G>A,5.6517105105,2,1;8,MINK1,exonic
Full-length RNA-seq,Endothelial,chr17:48927831_A>G,2.917994738,1,1,UBE2Z,UTR3
Full-length RNA-seq,Endothelial,chr17:50184307_C>T,1.909811974,1,8,COL1A1,UTR3
Full-length RNA-seq,Endothelial,chr17:50995115_C>T,3.45745492,1,1,SPAG9,exonic
Full-length RNA-seq,Endothelial,chr17:56832984_A>T,2.819357634,1,1,C17orf67,UTR5
Full-length RNA-seq,Endothelial,chr17:56895795_C>T,2.58111167,1,1,TRIM25,intronic
Full-length RNA-seq,Endothelial,chr17:56908477_C>T,8.614107133,2,1;8,TRIM25,exonic
Full-length RNA-seq,Endothelial,chr17:59681322_T>A,5.737195492,1,1,CLTC,exonic
Full-length RNA-seq,Endothelial,chr17:59708385_T>C,1.606984138,1,1,VMP1,intronic
Full-length RNA-seq,Endothelial,chr17:64323460_A>G,3.3807621,1,1,PECAM1,UTR3
Full-length RNA-seq,Endothelial,chr17:64323700_T>A,3.568173647,1,1,PECAM1,UTR3
Full-length RNA-seq,Endothelial,chr17:64323816_C>G,1.770121098,1,1,PECAM1,exonic
Full-length RNA-seq,Endothelial,chr17:64356205_A>G,1.445873022,2,1;8,PECAM1,exonic
Full-length RNA-seq,Endothelial,chr17:64360234_G>T,4.783092976,1,1,PECAM1,exonic
Full-length RNA-seq,Endothelial,chr17:64375168_C>G,2.646632195,1,1,PECAM1,exonic
Full-length RNA-seq,Endothelial,chr17:67425201_A>G,4.538601636499999,2,1;8,PITPNC1,intronic
Full-length RNA-seq,Endothelial,chr17:67432969_T>A,0.879597187,1,8,PITPNC1,intronic
Full-length RNA-seq,Endothelial,chr17:6758457_G>A,8.870538712,1,1,XAF1,intronic
Full-length RNA-seq,Endothelial,chr17:67592041_G>C,4.005326867,2,1;8,PITPNC1,intronic
Full-length RNA-seq,Endothelial,chr17:697422_C>T,0.225181788,1,8,VPS53,exonic
Full-length RNA-seq,Endothelial,chr17:7023593_G>A,0.530660272,1,1,BCL6B,intronic
Full-length RNA-seq,Endothelial,chr17:7220422_G>A,6.926359177,1,1,ACADVL,intronic
Full-length RNA-seq,Endothelial,chr17:748823_A>G,1.754840612,1,8,GEMIN4,intronic
Full-length RNA-seq,Endothelial,chr17:748836_C>A,1.9136196375,2,1;8,GEMIN4,intronic
Full-length RNA-seq,Endothelial,chr17:7514031_A>T,4.220160961,1,1,POLR2A,exonic
Full-length RNA-seq,Endothelial,chr17:76718649_C>T,3.4984605315,2,1;8,JMJD6,UTR3
Full-length RNA-seq,Endothelial,chr17:782427_C>T,1.074052811,1,1,MRM3,exonic
Full-length RNA-seq,Endothelial,chr17:78358170_C>G,6.1923685074999995,2,1;8,SOCS3,UTR3
Full-length RNA-seq,Endothelial,chr17:78358301_T>C,3.9221590754999998,2,1;8,SOCS3,UTR3
Full-length RNA-seq,Endothelial,chr17:78358689_A>G,4.62449789,1,1,SOCS3,exonic
Full-length RNA-seq,Endothelial,chr17:78358693_A>G,0.917553693,2,1;8,SOCS3,exonic
Full-length RNA-seq,Endothelial,chr17:7847888_T>G,2.691559076,1,8,KDM6B,exonic
Full-length RNA-seq,Endothelial,chr17:7860608_T>C,1.0877746940000002,2,1;8,CYB5D1,UTR3
Full-length RNA-seq,Endothelial,chr17:78678950_C>G,3.60313201,1,1,CYTH1,intronic
Full-length RNA-seq,Endothelial,chr17:78775809_A>G,1.585090697,2,1;8,CYTH1,intronic
Full-length RNA-seq,Endothelial,chr17:80339915_C>A,3.9217460155,2,1;8,RNF213,exonic
Full-length RNA-seq,Endothelial,chr17:80385119_C>A,1.389588475,1,8,RNF213,exonic
Full-length RNA-seq,Endothelial,chr17:8147140_G>C,4.815192938,2,1;8,PER1,intronic
Full-length RNA-seq,Endothelial,chr17:82463546_G>A,3.320201874,1,1,NARF,intronic
Full-length RNA-seq,Endothelial,chr17:82848814_C>T,1.079562187,1,1,TBCD,intronic
Full-length RNA-seq,Endothelial,chr17:8377573_C>T,0.813385606,1,1,RPL26,exonic
Full-length RNA-seq,Endothelial,chr17:8379913_A>T,4.0675249099999995,2,1;8,RPL26,exonic
Full-length RNA-seq,Endothelial,chr18:23601205_T>G,5.500787735,1,1,ANKRD29,UTR3
Full-length RNA-seq,Endothelial,chr18:347236_G>T,3.046724796,1,8,COLEC12,exonic
Full-length RNA-seq,Endothelial,chr18:35140345_G>A,1.4561463,2,1;8,MAPRE2,exonic
Full-length RNA-seq,Endothelial,chr18:45954623_A>T,1.265734434,1,1,EPG5,exonic
Full-length RNA-seq,Endothelial,chr18:55259996_A>T,1.235307097,1,1,TCF4,exonic
Full-length RNA-seq,Endothelial,chr18:55350908_A>G,2.519285917,1,1,TCF4,exonic
Full-length RNA-seq,Endothelial,chr18:75286560_G>A,3.063848972,1,1,TSHZ1,exonic
Full-length RNA-seq,Endothelial,chr18:79894017_T>G,1.061300755,1,8,KCNG2,intronic
Full-length RNA-seq,Endothelial,chr19:10275008_A>C,4.363260746,1,8,ICAM1,exonic
Full-length RNA-seq,Endothelial,chr19:10284236_G>A,7.875342846,1,8,ICAM1,exonic
Full-length RNA-seq,Endothelial,chr19:10285117_C>A,4.854124069,1,1,ICAM1,exonic
Full-length RNA-seq,Endothelial,chr19:10285230_A>G,8.29331398,1,8,ICAM1,exonic
Full-length RNA-seq,Endothelial,chr19:10565747_G>A,1.579579353,1,1,KRI1,exonic
Full-length RNA-seq,Endothelial,chr19:10691474_A>G,2.082314968,1,1,ILF3,UTR3
Full-length RNA-seq,Endothelial,chr19:11195681_G>C,0.473263562,1,1,KANK2,UTR5
Full-length RNA-seq,Endothelial,chr19:1254927_G>A,1.226472259,1,1,MIDN,exonic
Full-length RNA-seq,Endothelial,chr19:12552025_G>A,0.867999673,1,1,ZNF564,upstream
Full-length RNA-seq,Endothelial,chr19:12791805_G>A,11.36615181,1,8,JUNB,exonic
Full-length RNA-seq,Endothelial,chr19:12791825_G>A,7.533214569,1,8,JUNB,exonic
Full-length RNA-seq,Endothelial,chr19:12791866_A>G,10.31852913,1,8,JUNB,exonic
Full-length RNA-seq,Endothelial,chr19:12792059_C>A,7.656104088,1,8,JUNB,exonic
Full-length RNA-seq,Endothelial,chr19:12792118_G>A,10.68133545,1,8,JUNB,exonic
Full-length RNA-seq,Endothelial,chr19:12947927_C>A,0.260068417,1,1,RAD23A,exonic
Full-length RNA-seq,Endothelial,chr19:13153440_C>A,4.28592968,1,8,IER2,exonic
Full-length RNA-seq,Endothelial,chr19:13153574_G>A,2.171038151,1,1,IER2,exonic
Full-length RNA-seq,Endothelial,chr19:17365296_A>C,5.4928758145,2,1;8,PLVAP,exonic
Full-length RNA-seq,Endothelial,chr19:17365428_A>T,2.588111877,1,1,PLVAP,exonic
Full-length RNA-seq,Endothelial,chr19:17860592_T>C,4.15972805,1,1,RPL18A,intronic
Full-length RNA-seq,Endothelial,chr19:2200865_C>T,6.587464809,1,1,DOT1L,intronic
Full-length RNA-seq,Endothelial,chr19:2210764_G>A,5.729061604,1,1,DOT1L,exonic
Full-length RNA-seq,Endothelial,chr19:2476387_A>G,3.8770594595,2,1;8,GADD45B,exonic
Full-length RNA-seq,Endothelial,chr19:2477136_A>G,6.082947254,1,8,GADD45B,exonic
Full-length RNA-seq,Endothelial,chr19:2478190_A>T,1.550660491,1,1,GADD45B,UTR3
Full-length RNA-seq,Endothelial,chr19:32356671_T>C,5.560293674,1,1,ZNF507,exonic
Full-length RNA-seq,Endothelial,chr19:35167028_C>A,3.1965714695000003,2,1;8,FXYD5,intronic
Full-length RNA-seq,Endothelial,chr19:36175544_T>C,6.217875481,1,1,COX7A1;ZNF565,intergenic
Full-length RNA-seq,Endothelial,chr19:38831359_G>T,3.858776093,1,1,ECH1,exonic
Full-length RNA-seq,Endothelial,chr19:38880827_A>T,1.471093774,1,1,SIRT2,exonic
Full-length RNA-seq,Endothelial,chr19:39388417_G>T,0.8751176,1,1,PAF1,exonic
Full-length RNA-seq,Endothelial,chr19:39407947_G>C,1.459963083,1,1,ZFP36,exonic
Full-length RNA-seq,Endothelial,chr19:39407982_A>C,0.7544973495,2,1;8,ZFP36,exonic
Full-length RNA-seq,Endothelial,chr19:39411180_C>T,3.692920923,1,1,MIR4530;PLEKHG2,intergenic
Full-length RNA-seq,Endothelial,chr19:39411524_C>T,2.838973284,1,1,MIR4530;PLEKHG2,intergenic
Full-length RNA-seq,Endothelial,chr19:39425997_C>G,2.503920317,1,1,PLEKHG2,UTR3
Full-length RNA-seq,Endothelial,chr19:39426113_G>A,1.6464874445,2,1;8,PLEKHG2,UTR3
Full-length RNA-seq,Endothelial,chr19:39839151_C>T,5.806510925,1,1,FBL,exonic
Full-length RNA-seq,Endothelial,chr19:40815210_C>T,0.294286549,1,1,CYP2T1P;CYP2A6,intergenic
Full-length RNA-seq,Endothelial,chr19:41322965_T>G,2.5187647345000004,2,1;8,CCDC97,UTR3
Full-length RNA-seq,Endothelial,chr19:44756924_T>A,7.694003105,1,1,BCL3,intronic
Full-length RNA-seq,Endothelial,chr19:44862475_A>G,2.827314854,1,1,NECTIN2,intronic
Full-length RNA-seq,Endothelial,chr19:44878483_G>A,2.5073953865,2,1;8,NECTIN2,exonic
Full-length RNA-seq,Endothelial,chr19:45013968_T>G,2.859969616,1,1,RELB,intronic
Full-length RNA-seq,Endothelial,chr19:4553424_A>G,5.722453594,1,1,SEMA6B,intronic
Full-length RNA-seq,Endothelial,chr19:4553499_T>G,5.028466701499999,2,1;8,SEMA6B,intronic
Full-length RNA-seq,Endothelial,chr19:4553689_T>A,4.930116653,1,1,SEMA6B,intronic
Full-length RNA-seq,Endothelial,chr19:4553736_G>A,0.73387605,1,1,SEMA6B,intronic
Full-length RNA-seq,Endothelial,chr19:45592536_G>C,5.810678482,1,1,GPR4,UTR5
Full-length RNA-seq,Endothelial,chr19:47781315_A>C,2.12190032,1,1,SELENOW,exonic
Full-length RNA-seq,Endothelial,chr19:47784632_T>C,1.518044114,1,1,SELENOW,UTR3
Full-length RNA-seq,Endothelial,chr19:48873532_C>A,4.571164131,1,8,PPP1R15A,exonic
Full-length RNA-seq,Endothelial,chr19:48873953_T>C,6.522667884500001,2,1;8,PPP1R15A,exonic
Full-length RNA-seq,Endothelial,chr19:48874718_T>A,1.521723151,1,8,PPP1R15A,exonic
Full-length RNA-seq,Endothelial,chr19:48881909_A>G,1.598884463,1,1,TULP2,intronic
Full-length RNA-seq,Endothelial,chr19:48913767_T>C,6.574636459500001,2,1;8,NUCB1-AS1,ncRNA_intronic
Full-length RNA-seq,Endothelial,chr19:49167146_G>A,2.594201803,1,1,TRPM4,intronic
Full-length RNA-seq,Endothelial,chr19:49167223_C>G,1.065491438,1,1,TRPM4,intronic
Full-length RNA-seq,Endothelial,chr19:49490290_A>C,1.543447137,1,8,RPL13A,exonic
Full-length RNA-seq,Endothelial,chr19:49490841_G>A,2.3043500185,2,1;8,RPL13A,exonic
Full-length RNA-seq,Endothelial,chr19:49490845_T>A,1.259197593,1,1,RPL13A,exonic
Full-length RNA-seq,Endothelial,chr19:49491738_A>C,3.0092972515,2,1;8,RPL13A,exonic
Full-length RNA-seq,Endothelial,chr19:49870580_C>T,0.760344863,1,1,AKT1S1,intronic
Full-length RNA-seq,Endothelial,chr19:51968664_G>T,6.296907902,1,1,ZNF350,exonic
Full-length RNA-seq,Endothelial,chr19:55386624_C>A,0.562648177,1,1,RPL28,exonic
Full-length RNA-seq,Endothelial,chr19:55661632_C>T,4.686003685,1,1,U2AF2,intronic
Full-length RNA-seq,Endothelial,chr19:55670501_G>C,0.639232576,1,1,U2AF2,intronic
Full-length RNA-seq,Endothelial,chr19:58558695_C>G,1.883282781,1,1,MZF1-AS1;UBE2M,upstream
Full-length RNA-seq,Endothelial,chr19:5924873_G>T,1.6746987105,2,1;8,RANBP3,exonic
Full-length RNA-seq,Endothelial,chr19:6069998_G>A,1.875766873,1,1,RFX2,intronic
Full-length RNA-seq,Endothelial,chr19:6070019_G>A,1.308231831,1,1,RFX2,intronic
Full-length RNA-seq,Endothelial,chr19:6530645_T>C,0.350044966,1,1,TNFSF9,upstream
Full-length RNA-seq,Endothelial,chr19:6532433_G>T,6.744622707,1,1,TNFSF9,intronic
Full-length RNA-seq,Endothelial,chr19:6532992_A>G,2.212101698,1,1,TNFSF9,intronic
Full-length RNA-seq,Endothelial,chr19:6533011_A>T,2.841971874,1,1,TNFSF9,intronic
Full-length RNA-seq,Endothelial,chr19:7197855_C>A,2.580870152,1,1,INSR,intronic
Full-length RNA-seq,Endothelial,chr19:816502_C>T,2.090224981,2,1;8,PLPPR3,intronic
Full-length RNA-seq,Endothelial,chr1:100723139_A>C,6.615560055,1,1,VCAM1,exonic
Full-length RNA-seq,Endothelial,chr1:100723329_T>A,1.9764649269999999,2,1;8,VCAM1,exonic
Full-length RNA-seq,Endothelial,chr1:111681870_G>C,3.3273913860000004,2,1;8,RAP1A,intronic
Full-length RNA-seq,Endothelial,chr1:11248059_C>T,5.616687298,1,1,MTOR,exonic
Full-length RNA-seq,Endothelial,chr1:112700518_C>A,1.091355205,1,1,MOV10,UTR3
Full-length RNA-seq,Endothelial,chr1:112706431_A>C,1.391187191,1,1,RHOC,intronic
Full-length RNA-seq,Endothelial,chr1:113941221_A>C,7.416257381,1,1,HIPK1,exonic
Full-length RNA-seq,Endothelial,chr1:113956803_T>C,1.888354182,2,1;8,HIPK1,exonic
Full-length RNA-seq,Endothelial,chr1:116398982_T>C,1.080726266,1,1,ATP1A1,exonic
Full-length RNA-seq,Endothelial,chr1:117405613_T>C,9.231380463,1,1,MAN1A2,exonic
Full-length RNA-seq,Endothelial,chr1:145993832_C>T,5.424598694,1,1,TXNIP,UTR3
Full-length RNA-seq,Endothelial,chr1:145994945_T>G,3.228261948,1,1,TXNIP,exonic
Full-length RNA-seq,Endothelial,chr1:145996198_A>C,4.354537964,1,1,TXNIP,exonic
Full-length RNA-seq,Endothelial,chr1:146963201_G>A,4.277945518,1,1,NBPF12,exonic
Full-length RNA-seq,Endothelial,chr1:153952591_T>A,1.20548141,1,1,CRTC2,exonic
Full-length RNA-seq,Endothelial,chr1:153991656_G>A,2.6705162524999997,2,1;8,RPS27,exonic
Full-length RNA-seq,Endothelial,chr1:153992090_C>A,0.6635336279999999,2,1;8,RPS27,exonic
Full-length RNA-seq,Endothelial,chr1:154182842_A>T,4.6739521025,2,1;8,TPM3,intronic
Full-length RNA-seq,Endothelial,chr1:154955268_A>T,11.44246578,2,1;8,PBXIP1,intronic
Full-length RNA-seq,Endothelial,chr1:154963039_A>G,0.8966727255,2,1;8,SHC1,UTR3
Full-length RNA-seq,Endothelial,chr1:156189208_T>A,2.794789076,1,1,SEMA4A;SLC25A44,intergenic
Full-length RNA-seq,Endothelial,chr1:156253526_A>T,2.837773323,1,1,SMG5,intronic
Full-length RNA-seq,Endothelial,chr1:160339771_A>T,2.135257959,1,1,COPA,intronic
Full-length RNA-seq,Endothelial,chr1:161198886_G>T,1.376049519,1,1,ADAMTS4,UTR5
Full-length RNA-seq,Endothelial,chr1:1645163_T>C,8.911590576,1,1,CDK11B,exonic
Full-length RNA-seq,Endothelial,chr1:169722950_T>C,3.130455971,1,1,SELE,UTR3
Full-length RNA-seq,Endothelial,chr1:169723591_A>G,6.965656757,1,1,SELE,UTR3
Full-length RNA-seq,Endothelial,chr1:169724178_C>T,2.7452178,1,1,SELE,UTR3
Full-length RNA-seq,Endothelial,chr1:169724383_A>G,0.666650176,1,8,SELE,UTR3
Full-length RNA-seq,Endothelial,chr1:169724385_G>T,4.8278985025,2,1;8,SELE,UTR3
Full-length RNA-seq,Endothelial,chr1:169724509_T>G,11.74283218,1,1,SELE,UTR3
Full-length RNA-seq,Endothelial,chr1:169725796_C>T,3.43292284,1,1,SELE,exonic
Full-length RNA-seq,Endothelial,chr1:169725932_C>T,1.8006326554999998,2,1;8,SELE,intronic
Full-length RNA-seq,Endothelial,chr1:169727771_C>T,8.19586277,1,1,SELE,exonic
Full-length RNA-seq,Endothelial,chr1:169729661_T>A,3.9020467995,2,1;8,SELE,exonic
Full-length RNA-seq,Endothelial,chr1:169731877_A>T,3.385283947,1,1,SELE,exonic
Full-length RNA-seq,Endothelial,chr1:169732610_C>T,6.344158649,1,1,SELE,intronic
Full-length RNA-seq,Endothelial,chr1:169732611_C>A,2.464148998,1,1,SELE,intronic
Full-length RNA-seq,Endothelial,chr1:169732721_C>T,10.58840466,1,1,SELE,exonic
Full-length RNA-seq,Endothelial,chr1:169732877_T>G,5.093764305,1,1,SELE,exonic
Full-length RNA-seq,Endothelial,chr1:169732962_T>C,4.998641014,1,1,SELE,exonic
Full-length RNA-seq,Endothelial,chr1:1785625_C>T,0.228774637,1,1,GNB1,UTR3
Full-length RNA-seq,Endothelial,chr1:179064634_A>G,4.417537212,1,1,FAM20B,intronic
Full-length RNA-seq,Endothelial,chr1:179082883_C>T,5.012722969,1,1,TOR3A,intronic
Full-length RNA-seq,Endothelial,chr1:179112359_T>A,0.932615161,1,1,ABL2,exonic
Full-length RNA-seq,Endothelial,chr1:179126389_A>T,2.864615202,1,1,ABL2,exonic
Full-length RNA-seq,Endothelial,chr1:179130910_C>T,2.021906018,2,1;8,ABL2,intronic
Full-length RNA-seq,Endothelial,chr1:179293868_G>A,3.9579892160000005,2,1;8,SOAT1,UTR5
Full-length RNA-seq,Endothelial,chr1:180988328_C>T,2.075731754,1,1,STX6,exonic
Full-length RNA-seq,Endothelial,chr1:181089115_G>A,8.107352257,1,1,IER5,exonic
Full-length RNA-seq,Endothelial,chr1:182383343_A>G,2.815618277,1,1,GLUL,UTR3
Full-length RNA-seq,Endothelial,chr1:186675968_T>C,6.8155305385,2,1;8,PTGS2,exonic
Full-length RNA-seq,Endothelial,chr1:1878580_G>A,3.432325244,2,1;8,GNB1,intronic
Full-length RNA-seq,Endothelial,chr1:19150738_A>G,3.7239905595,2,1;8,UBR4,exonic
Full-length RNA-seq,Endothelial,chr1:198253131_G>C,1.6839393975,2,1;8,NEK7,exonic
Full-length RNA-seq,Endothelial,chr1:203306438_A>G,4.052392006,1,1,BTG2,intronic
Full-length RNA-seq,Endothelial,chr1:203309401_A>G,9.728219987500001,2,1;8,BTG2,UTR3
Full-length RNA-seq,Endothelial,chr1:203743868_T>C,8.988239288,1,1,ATP2B4,UTR3
Full-length RNA-seq,Endothelial,chr1:204126802_T>G,1.790435672,1,1,SOX13,UTR3
Full-length RNA-seq,Endothelial,chr1:204366333_T>A,3.93694663,1,1,PLEKHA6;LINC00628,intergenic
Full-length RNA-seq,Endothelial,chr1:204410642_C>T,4.586769104,1,1,PPP1R15B,exonic
Full-length RNA-seq,Endothelial,chr1:205789246_C>T,0.310644567,1,8,SLC41A1,UTR3
Full-length RNA-seq,Endothelial,chr1:207328083_C>T,8.527005196,1,1,CD55,intronic
Full-length RNA-seq,Endothelial,chr1:207899979_T>C,4.417087555,1,1,CD34,exonic
Full-length RNA-seq,Endothelial,chr1:21217796_C>T,1.753656328,2,1;8,ECE1,UTR3
Full-length RNA-seq,Endothelial,chr1:21872216_C>T,7.731388569,1,1,HSPG2,exonic
Full-length RNA-seq,Endothelial,chr1:21878217_A>T,12.30187321,1,1,HSPG2,exonic
Full-length RNA-seq,Endothelial,chr1:223757426_G>A,2.977772474,1,1,CAPN2,intronic
Full-length RNA-seq,Endothelial,chr1:225423959_C>T,0.277417004,1,1,LBR,exonic
Full-length RNA-seq,Endothelial,chr1:226690149_G>T,2.133845806,1,1,ITPKB,intronic
Full-length RNA-seq,Endothelial,chr1:227317879_A>T,0.556854904,1,1,CDC42BPA,UTR5
Full-length RNA-seq,Endothelial,chr1:2281178_G>A,0.7989961505,2,1;8,SKI,intronic
Full-length RNA-seq,Endothelial,chr1:2327189_G>C,4.346953869,1,1,MORN1,intronic
Full-length RNA-seq,Endothelial,chr1:235078290_G>A,4.187712193,1,1,LINC01348;TOMM20,intergenic
Full-length RNA-seq,Endothelial,chr1:23559295_C>G,3.261568785,1,1,ID3,exonic
Full-length RNA-seq,Endothelial,chr1:236269341_C>T,1.7936795355,2,1;8,ERO1B,intronic
Full-length RNA-seq,Endothelial,chr1:23694774_G>A,1.133971214,1,1,RPL11,exonic
Full-length RNA-seq,Endothelial,chr1:244851594_A>G,0.8605524744999999,2,1;8,HNRNPU,UTR3
Full-length RNA-seq,Endothelial,chr1:246626793_C>A,1.98184669,1,1,CNST,intronic
Full-length RNA-seq,Endothelial,chr1:24671563_G>C,1.279014349,1,1,SRRM1,exonic
Full-length RNA-seq,Endothelial,chr1:2563030_C>A,4.819367409,1,1,TNFRSF14,intronic
Full-length RNA-seq,Endothelial,chr1:26772586_C>A,6.766882896,1,1,ARID1A,exonic
Full-length RNA-seq,Endothelial,chr1:27322477_G>A,0.861848772,1,1,TMEM222,intronic
Full-length RNA-seq,Endothelial,chr1:32039850_G>A,0.468124568,1,1,KHDRBS1,intronic
Full-length RNA-seq,Endothelial,chr1:32102438_T>A,2.040084362,1,1,TMEM39B,exonic
Full-length RNA-seq,Endothelial,chr1:32197880_T>G,0.77908206,1,1,TXLNA,UTR3
Full-length RNA-seq,Endothelial,chr1:32326976_C>T,0.453589559,1,1,HDAC1,exonic
Full-length RNA-seq,Endothelial,chr1:35178579_A>G,1.735210061,1,1,ZMYM1;SFPQ,intergenic
Full-length RNA-seq,Endothelial,chr1:39357868_A>C,1.971144319,1,1,MACF1,exonic
Full-length RNA-seq,Endothelial,chr1:42958641_C>T,0.468848884,1,1,SLC2A1,exonic
Full-length RNA-seq,Endothelial,chr1:44776061_G>A,1.119677544,1,1,RPS8,exonic
Full-length RNA-seq,Endothelial,chr1:44776097_A>G,1.037693858,1,1,RPS8,exonic
Full-length RNA-seq,Endothelial,chr1:44776098_G>C,0.184931085,1,1,RPS8,exonic
Full-length RNA-seq,Endothelial,chr1:44777722_C>A,1.597393394,1,1,RPS8,exonic
Full-length RNA-seq,Endothelial,chr1:45521093_C>T,1.5868522525,2,1;8,PRDX1,intronic
Full-length RNA-seq,Endothelial,chr1:45608517_G>A,1.590705991,1,1,NASP,intronic
Full-length RNA-seq,Endothelial,chr1:56496575_C>G,6.216750145,1,8,PLPP3,exonic
Full-length RNA-seq,Endothelial,chr1:56579028_C>T,3.067363262,1,1,PLPP3,UTR5
Full-length RNA-seq,Endothelial,chr1:58781663_G>C,0.91170907,1,1,JUN,UTR3
Full-length RNA-seq,Endothelial,chr1:61925156_C>T,0.976789534,1,1,PATJ,intronic
Full-length RNA-seq,Endothelial,chr1:630215_A>T,0.987580776,1,8,LOC101928626;MIR12136,intergenic
Full-length RNA-seq,Endothelial,chr1:630223_C>T,2.645394325,1,1,LOC101928626;MIR12136,intergenic
Full-length RNA-seq,Endothelial,chr1:630318_A>C,6.057637453,2,1;8,LOC101928626;MIR12136,intergenic
Full-length RNA-seq,Endothelial,chr1:634084_C>A,7.498011589,1,8,MIR12136;OR4F16,intergenic
Full-length RNA-seq,Endothelial,chr1:634112_T>C,1.966736257,2,1;8,MIR12136;OR4F16,intergenic
Full-length RNA-seq,Endothelial,chr1:64825247_T>G,8.273729324,1,1,RAVER2,intronic
Full-length RNA-seq,Endothelial,chr1:70231621_C>T,1.762893915,1,8,SRSF11,intronic
Full-length RNA-seq,Endothelial,chr1:78016406_A>G,0.523663342,1,1,DNAJB4,UTR3
Full-length RNA-seq,Endothelial,chr1:7835900_G>A,2.506916046,1,1,PER3,exonic
Full-length RNA-seq,Endothelial,chr1:85582261_G>A,3.420062065,1,1,CCN1,exonic
Full-length RNA-seq,Endothelial,chr1:89052854_T>G,1.3496955929999999,2,1;8,GBP1,UTR3
Full-length RNA-seq,Endothelial,chr1:89122839_A>G,2.949341774,1,1,GBP2,intronic
Full-length RNA-seq,Endothelial,chr1:89193339_A>T,11.84111881,1,1,GBP4,exonic
Full-length RNA-seq,Endothelial,chr1:93115083_A>G,5.868209362,1,1,MTF2,exonic
Full-length RNA-seq,Endothelial,chr1:93674692_C>T,7.00526619,1,1,BCAR3,exonic
Full-length RNA-seq,Endothelial,chr1:97573865_C>G,1.310471654,1,1,DPYD,exonic
Full-length RNA-seq,Endothelial,chr1:99667687_G>A,8.649285316,1,1,PALMD,exonic
Full-length RNA-seq,Endothelial,chr20:17911534_T>C,1.096339703,1,8,BANF2;SNX5,intergenic
Full-length RNA-seq,Endothelial,chr20:19935572_G>A,5.387048721,1,1,RIN2,intronic
Full-length RNA-seq,Endothelial,chr20:20536672_C>G,6.8365499975,2,1;8,RALGAPA2,exonic
Full-length RNA-seq,Endothelial,chr20:20605323_G>A,3.875776291,1,1,RALGAPA2,exonic
Full-length RNA-seq,Endothelial,chr20:20620466_C>T,9.883005142,1,1,RALGAPA2,exonic
Full-length RNA-seq,Endothelial,chr20:20629569_G>A,1.873259187,1,1,RALGAPA2,exonic
Full-length RNA-seq,Endothelial,chr20:23048256_A>T,0.652429879,1,1,THBD,exonic
Full-length RNA-seq,Endothelial,chr20:31723221_C>G,0.918635666,1,1,ABALON,ncRNA_exonic
Full-length RNA-seq,Endothelial,chr20:32848744_G>C,2.264527321,1,1,MAPRE1,UTR3
Full-length RNA-seq,Endothelial,chr20:41100238_T>C,3.603956223,1,8,TOP1,exonic
Full-length RNA-seq,Endothelial,chr20:43463045_T>C,4.0929020640000005,2,1;8,SRSF6,UTR3
Full-length RNA-seq,Endothelial,chr20:49656102_C>T,3.567550421,1,1,B4GALT5,intronic
Full-length RNA-seq,Endothelial,chr20:50893162_G>A,1.14419806,1,1,ADNP,exonic
Full-length RNA-seq,Endothelial,chr20:50928619_C>T,7.805397749000001,2,1;8,ADNP,intronic
Full-length RNA-seq,Endothelial,chr20:53576452_A>C,0.239146575,1,1,ZNF217,exonic
Full-length RNA-seq,Endothelial,chr20:58892864_G>A,1.560970306,1,1,GNAS,intronic
Full-length RNA-seq,Endothelial,chr20:62316684_C>T,2.754319906,1,1,LAMA5,exonic
Full-length RNA-seq,Endothelial,chr20:62329830_G>A,0.786221921,1,1,LAMA5,exonic
Full-length RNA-seq,Endothelial,chr21:26839930_T>G,0.8708717225,2,1;8,ADAMTS1,exonic
Full-length RNA-seq,Endothelial,chr21:29067657_C>G,5.5784060955,2,1;8,CCT8,exonic
Full-length RNA-seq,Endothelial,chr21:37514763_T>C,11.59559822,1,1,DYRK1A,UTR3
Full-length RNA-seq,Endothelial,chr21:38824221_T>C,4.401482105,1,1,ETS2,UTR3
Full-length RNA-seq,Endothelial,chr21:39197153_A>T,6.358917475,2,1;8,BRWD1,exonic
Full-length RNA-seq,Endothelial,chr21:41185374_A>T,4.333500862,1,1,BACE2,intronic
Full-length RNA-seq,Endothelial,chr21:45980736_G>C,3.841151953,2,1;8,LOC101928796;COL6A1,intergenic
Full-length RNA-seq,Endothelial,chr21:46112317_G>A,11.05184746,1,8,COL6A2,exonic
Full-length RNA-seq,Endothelial,chr21:8254320_G>A,2.071372986,1,1,RNA28SN5,ncRNA_intronic
Full-length RNA-seq,Endothelial,chr21:8254322_A>C,3.200633049,2,1;8,RNA28SN5,ncRNA_intronic
Full-length RNA-seq,Endothelial,chr22:11630445_A>G,7.232352734,2,1;8,FRG1FP;LOC102723769,intergenic
Full-length RNA-seq,Endothelial,chr22:20126311_A>C,1.000122786,1,1,RANBP1,exonic
Full-length RNA-seq,Endothelial,chr22:20714688_G>T,8.095299721,1,1,PI4KA,exonic
Full-length RNA-seq,Endothelial,chr22:35386738_G>C,3.853136778,1,8,HMOX1,exonic
Full-length RNA-seq,Endothelial,chr22:35659440_G>A,4.362689018,1,1,APOL6,exonic
Full-length RNA-seq,Endothelial,chr22:36281995_A>T,0.568963647,1,1,MYH9,UTR3
Full-length RNA-seq,Endothelial,chr22:36305548_C>T,1.304697514,1,1,MYH9,intronic
Full-length RNA-seq,Endothelial,chr22:36334146_C>T,6.87364006,1,1,MYH9,intronic
Full-length RNA-seq,Endothelial,chr22:36385196_T>G,1.0263150035000002,2,1;8,MYH9,intronic
Full-length RNA-seq,Endothelial,chr22:37510372_A>T,5.239100933,1,1,CARD10,exonic
Full-length RNA-seq,Endothelial,chr22:38299943_C>T,1.651080489,1,1,CSNK1E;TPTEP2-CSNK1E,exonic
Full-length RNA-seq,Endothelial,chr22:39318661_C>T,1.848248303,2,1;8,RPL3,intronic
Full-length RNA-seq,Endothelial,chr22:42516842_T>C,0.806527972,2,1;8,RRP7A,intronic
Full-length RNA-seq,Endothelial,chr22:42615668_T>C,0.781498849,1,8,POLDIP3;RNU12,upstream;downstream
Full-length RNA-seq,Endothelial,chr22:45322151_G>A,1.268987536,1,1,FAM118A,UTR5
Full-length RNA-seq,Endothelial,chr22:50284159_C>T,1.402074993,2,1;8,PLXNB2,exonic
Full-length RNA-seq,Endothelial,chr22:50678908_G>A,0.881699204,1,1,SHANK3,exonic
Full-length RNA-seq,Endothelial,chr22:50679332_G>A,2.840323687,1,1,SHANK3,exonic
Full-length RNA-seq,Endothelial,chr22:50683726_G>A,1.081868991,2,1;8,SHANK3,intronic
Full-length RNA-seq,Endothelial,chr22:50698761_T>A,4.665457249,1,1,SHANK3,exonic
Full-length RNA-seq,Endothelial,chr22:50708482_T>G,0.581357896,1,1,SHANK3,intronic
Full-length RNA-seq,Endothelial,chr22:50714124_A>G,2.490761042,1,1,SHANK3,intronic
Full-length RNA-seq,Endothelial,chr22:50722339_G>A,3.075577974,1,1,SHANK3,exonic
Full-length RNA-seq,Endothelial,chr22:50722878_G>T,4.958378315,1,1,SHANK3,intronic
Full-length RNA-seq,Endothelial,chr22:50723469_C>T,3.227967024,1,1,SHANK3,intronic
Full-length RNA-seq,Endothelial,chr22:50727556_T>C,8.115567684,2,1;8,SHANK3,intronic
Full-length RNA-seq,Endothelial,chr2:101869929_G>A,2.723573685,1,1,MAP4K4,intronic
Full-length RNA-seq,Endothelial,chr2:102142119_T>C,7.539710522,1,1,IL1R1,intronic
Full-length RNA-seq,Endothelial,chr2:102153698_C>T,0.10599146,1,1,IL1R1,intronic
Full-length RNA-seq,Endothelial,chr2:10320860_G>C,11.30692387,1,1,HPCAL1,intronic
Full-length RNA-seq,Endothelial,chr2:106164751_T>G,7.354328156,1,1,UXS1,exonic
Full-length RNA-seq,Endothelial,chr2:113957589_G>C,4.138927102,2,1;8,ACTR3,UTR3
Full-length RNA-seq,Endothelial,chr2:121367645_C>T,6.090501308,1,1,CLASP1,exonic
Full-length RNA-seq,Endothelial,chr2:1221340_G>A,3.7160511014999997,2,1;8,SNTG2,intronic
Full-length RNA-seq,Endothelial,chr2:1221473_G>C,6.22416234,2,1;8,SNTG2,intronic
Full-length RNA-seq,Endothelial,chr2:1221479_C>G,2.7262792585,2,1;8,SNTG2,intronic
Full-length RNA-seq,Endothelial,chr2:1222089_C>G,2.3787511585,2,1;8,SNTG2,intronic
Full-length RNA-seq,Endothelial,chr2:135784614_C>A,1.575747848,1,1,UBXN4,UTR3
Full-length RNA-seq,Endothelial,chr2:150475489_T>C,1.154440403,1,8,RND3,intronic
Full-length RNA-seq,Endothelial,chr2:156325961_A>T,3.8757942915,2,1;8,NR4A2,exonic
Full-length RNA-seq,Endothelial,chr2:158500405_T>C,0.423930347,1,1,PKP4,intronic
Full-length RNA-seq,Endothelial,chr2:1648251_A>T,3.25034225,2,1;8,PXDN,exonic
Full-length RNA-seq,Endothelial,chr2:172427953_G>A,3.713090658,1,1,ITGA6,exonic
Full-length RNA-seq,Endothelial,chr2:177213511_G>A,5.234869957,1,1,HNRNPA3,intronic
Full-length RNA-seq,Endothelial,chr2:187554033_A>T,3.1733409165,2,1;8,TFPI,intronic
Full-length RNA-seq,Endothelial,chr2:188994322_G>A,2.45694375,1,8,COL3A1,exonic
Full-length RNA-seq,Endothelial,chr2:191362348_G>A,3.681963563,2,1;8,MYO1B,exonic
Full-length RNA-seq,Endothelial,chr2:197490411_T>G,0.454860508,1,1,HSPD1,intronic
Full-length RNA-seq,Endothelial,chr2:197490415_G>T,3.646819353,1,1,HSPD1,intronic
Full-length RNA-seq,Endothelial,chr2:197495205_A>G,0.532260716,1,1,HSPD1,intronic
Full-length RNA-seq,Endothelial,chr2:201071251_C>T,11.287344932,2,1;8,FAM126B,intronic
Full-length RNA-seq,Endothelial,chr2:201137526_C>A,4.890158653,1,1,CFLAR,UTR3
Full-length RNA-seq,Endothelial,chr2:20350210_A>G,1.884966254,1,1,PUM2,intronic
Full-length RNA-seq,Endothelial,chr2:20447818_A>G,6.331996440999999,2,1;8,RHOB,exonic
Full-length RNA-seq,Endothelial,chr2:216160089_T>A,0.7776793390000001,2,1;8,XRCC5,exonic
Full-length RNA-seq,Endothelial,chr2:216501428_T>G,2.12780571,1,1,RPL37A,UTR3
Full-length RNA-seq,Endothelial,chr2:218277426_A>T,2.378967285,1,1,TMBIM1,exonic
Full-length RNA-seq,Endothelial,chr2:223975842_T>G,2.895537853,1,1,SERPINE2,UTR3
Full-length RNA-seq,Endothelial,chr2:230462497_T>A,0.286974221,1,8,SP100,exonic
Full-length RNA-seq,Endothelial,chr2:237336441_T>C,1.764950633,1,1,COL6A3,exonic
Full-length RNA-seq,Endothelial,chr2:237755116_T>A,1.374149442,1,1,LRRFIP1,intronic
Full-length RNA-seq,Endothelial,chr2:24258957_A>G,5.930191517,1,1,ITSN2,intronic
Full-length RNA-seq,Endothelial,chr2:28924333_G>A,10.24848366,1,1,WDR43,intronic
Full-length RNA-seq,Endothelial,chr2:3575883_G>A,1.162322164,1,1,RPS7,exonic
Full-length RNA-seq,Endothelial,chr2:36358507_T>C,1.8337602615000002,2,1;8,CRIM1,intronic
Full-length RNA-seq,Endothelial,chr2:36504197_C>A,0.782690465,1,1,CRIM1,intronic
Full-length RNA-seq,Endothelial,chr2:36869728_A>G,0.95083189,1,8,STRN,exonic
Full-length RNA-seq,Endothelial,chr2:37126349_T>G,0.371327817,1,1,EIF2AK2,exonic
Full-length RNA-seq,Endothelial,chr2:37133970_A>G,3.885682106,1,1,EIF2AK2,intronic
Full-length RNA-seq,Endothelial,chr2:37156927_G>A,0.615149319,1,1,EIF2AK2,UTR5
Full-length RNA-seq,Endothelial,chr2:38074578_A>T,3.438735247,1,1,CYP1B1,exonic
Full-length RNA-seq,Endothelial,chr2:43223933_T>A,6.202497959,1,1,ZFP36L2,UTR3
Full-length RNA-seq,Endothelial,chr2:43889827_A>T,1.190004945,1,1,LRPPRC,exonic
Full-length RNA-seq,Endothelial,chr2:46297660_T>A,2.134710312,1,1,EPAS1,UTR5
Full-length RNA-seq,Endothelial,chr2:46297914_G>A,1.473689198,1,8,EPAS1,exonic
Full-length RNA-seq,Endothelial,chr2:46298110_T>A,0.655478537,1,1,EPAS1,intronic
Full-length RNA-seq,Endothelial,chr2:46372784_C>T,1.172688723,1,1,EPAS1,intronic
Full-length RNA-seq,Endothelial,chr2:46372804_T>C,2.52153492,1,1,EPAS1,intronic
Full-length RNA-seq,Endothelial,chr2:46373338_G>A,3.238048077,1,1,EPAS1,intronic
Full-length RNA-seq,Endothelial,chr2:46391345_G>C,4.147777081,1,1,LINC01820,downstream
Full-length RNA-seq,Endothelial,chr2:46996130_T>A,1.232265949,1,1,TTC7A,intronic
Full-length RNA-seq,Endothelial,chr2:54456457_G>C,6.754892111,2,1;8,SPTBN1,UTR5
Full-length RNA-seq,Endothelial,chr2:54558568_T>C,4.4840465785,2,1;8,SPTBN1,UTR5
Full-length RNA-seq,Endothelial,chr2:54574998_C>A,7.2379009725,2,1;8,SPTBN1,intronic
Full-length RNA-seq,Endothelial,chr2:54644424_C>A,2.621197939,1,1,SPTBN1,exonic
Full-length RNA-seq,Endothelial,chr2:55235501_T>C,1.01730144,2,1;8,RPS27A,exonic
Full-length RNA-seq,Endothelial,chr2:60922583_G>A,1.5097486975,2,1;8,REL,UTR3
Full-length RNA-seq,Endothelial,chr2:61538200_A>T,3.151833057,1,1,XPO1,UTR5
Full-length RNA-seq,Endothelial,chr2:64106066_A>G,2.4519843459999997,2,1;8,PELI1,intronic
Full-length RNA-seq,Endothelial,chr2:65270650_A>G,5.037580013,1,1,ACTR2,UTR3
Full-length RNA-seq,Endothelial,chr2:68240778_A>C,6.569578171,1,1,PPP3R1,intronic
Full-length RNA-seq,Endothelial,chr2:69902686_G>T,2.393190384,1,1,SNRNP27,intronic
Full-length RNA-seq,Endothelial,chr2:74533139_A>C,11.37394238,1,8,HTRA2;LOXL3,UTR3
Full-length RNA-seq,Endothelial,chr2:84906019_T>C,0.579623759,1,1,TMSB10,exonic
Full-length RNA-seq,Endothelial,chr2:84906021_G>A,0.503349543,1,1,TMSB10,exonic
Full-length RNA-seq,Endothelial,chr2:84906498_T>A,1.419590592,1,1,TMSB10,UTR3
Full-length RNA-seq,Endothelial,chr2:85556054_C>A,3.4354935885,2,1;8,GGCX,intronic
Full-length RNA-seq,Endothelial,chr2:86489620_T>A,1.620229542,2,1;8,KDM3A,exonic
Full-length RNA-seq,Endothelial,chr2:87458384_T>C,6.265589237,1,8,CYTOR,ncRNA_intronic
Full-length RNA-seq,Endothelial,chr2:95820960_C>T,2.417738557,2,1;8,LINC00342,ncRNA_intronic
Full-length RNA-seq,Endothelial,chr2:95853810_A>T,3.9750095605,2,1;8,ANKRD36C,exonic
Full-length RNA-seq,Endothelial,chr2:95978132_A>G,6.0030732155,2,1;8,ANKRD36C,exonic
Full-length RNA-seq,Endothelial,chr2:96543334_C>G,2.312273502,1,1,ARID5A,intronic
Full-length RNA-seq,Endothelial,chr2:97814131_A>T,7.948358536,1,1,TMEM131,exonic
Full-length RNA-seq,Endothelial,chr2:99170638_C>T,1.546831965,1,1,MITD1,exonic
Full-length RNA-seq,Endothelial,chr3:10142853_G>C,0.896079183,1,1,VHL,exonic
Full-length RNA-seq,Endothelial,chr3:105658967_C>T,4.493891716,1,1,CBLB,UTR3
Full-length RNA-seq,Endothelial,chr3:105790584_T>G,0.799871564,1,1,CBLB,intronic
Full-length RNA-seq,Endothelial,chr3:105802241_A>T,3.213015795,1,1,CBLB,intronic
Full-length RNA-seq,Endothelial,chr3:105808487_A>T,1.801326036,1,1,CBLB,intronic
Full-length RNA-seq,Endothelial,chr3:105852676_C>T,3.888817549,1,1,CBLB,intronic
Full-length RNA-seq,Endothelial,chr3:119294843_T>C,4.639901161,1,1,ARHGAP31,UTR5
Full-length RNA-seq,Endothelial,chr3:119295974_T>A,0.997054398,1,1,ARHGAP31,intronic
Full-length RNA-seq,Endothelial,chr3:122537060_A>T,2.9387820365,2,1;8,PARP9,exonic
Full-length RNA-seq,Endothelial,chr3:122555784_C>G,4.352803707,1,1,PARP9,exonic
Full-length RNA-seq,Endothelial,chr3:12587352_A>T,0.983265758,1,1,RAF1,intronic
Full-length RNA-seq,Endothelial,chr3:126454796_A>G,1.496616721,1,1,ZXDC,intronic
Full-length RNA-seq,Endothelial,chr3:128104794_G>T,2.53296423,1,1,RUVBL1,exonic
Full-length RNA-seq,Endothelial,chr3:129571300_A>T,2.215975046,1,1,PLXND1,exonic
Full-length RNA-seq,Endothelial,chr3:133933539_A>T,0.759782135,1,1,SLCO2A1,UTR3
Full-length RNA-seq,Endothelial,chr3:134371367_C>T,0.201907799,1,1,AMOTL2,exonic
Full-length RNA-seq,Endothelial,chr3:141880259_A>G,6.729271412,1,1,ATP1B3,intronic
Full-length RNA-seq,Endothelial,chr3:146521795_A>T,5.209249496,1,1,PLSCR1,intronic
Full-length RNA-seq,Endothelial,chr3:14821170_T>A,1.910488725,1,1,FGD5,exonic
Full-length RNA-seq,Endothelial,chr3:149371691_T>A,4.053053140499999,2,1;8,TM4SF1,exonic
Full-length RNA-seq,Endothelial,chr3:149375512_A>G,3.3246413465,2,1;8,TM4SF1,exonic
Full-length RNA-seq,Endothelial,chr3:149526039_A>T,1.4318534139999999,2,1;8,WWTR1,exonic
Full-length RNA-seq,Endothelial,chr3:149633071_A>G,1.612636089,1,1,WWTR1,intronic
Full-length RNA-seq,Endothelial,chr3:149656785_T>A,7.400766611,2,1;8,WWTR1,intronic
Full-length RNA-seq,Endothelial,chr3:150418048_T>A,3.2108531,1,1,TSC22D2,intronic
Full-length RNA-seq,Endothelial,chr3:150458670_A>C,1.218203902,1,1,TSC22D2,UTR3
Full-length RNA-seq,Endothelial,chr3:152282893_G>A,0.606033325,1,8,MBNL1,intronic
Full-length RNA-seq,Endothelial,chr3:152314761_C>A,4.327429771,1,1,MBNL1,intronic
Full-length RNA-seq,Endothelial,chr3:15797196_C>A,3.0301511285,2,1;8,ANKRD28,UTR5
Full-length RNA-seq,Endothelial,chr3:160425007_T>A,5.040421009,2,1;8,SMC4,exonic
Full-length RNA-seq,Endothelial,chr3:16493826_C>T,0.468958914,1,1,RFTN1,exonic
Full-length RNA-seq,Endothelial,chr3:169966810_C>G,4.670557022,1,1,SEC62,UTR5
Full-length RNA-seq,Endothelial,chr3:182837148_C>A,1.02297689,2,1;8,ATP11B,exonic
Full-length RNA-seq,Endothelial,chr3:184136684_G>C,0.912000358,1,1,EIF2B5,exonic
Full-length RNA-seq,Endothelial,chr3:184140895_G>A,6.2756397725,2,1;8,EIF2B5,intronic
Full-length RNA-seq,Endothelial,chr3:185936676_G>T,2.75449729,1,1,TRA2B,intronic
Full-length RNA-seq,Endothelial,chr3:186930833_G>A,2.399094343,1,1,ST6GAL1,UTR5
Full-length RNA-seq,Endothelial,chr3:194136378_A>G,1.974834561,1,1,HES1,UTR5
Full-length RNA-seq,Endothelial,chr3:194136394_T>A,1.755055785,1,1,HES1,exonic
Full-length RNA-seq,Endothelial,chr3:194137826_T>A,0.743746281,1,1,HES1,exonic
Full-length RNA-seq,Endothelial,chr3:194138136_C>A,1.447787404,1,1,HES1,exonic
Full-length RNA-seq,Endothelial,chr3:194450195_T>A,4.173348427,1,1,ATP13A3,exonic
Full-length RNA-seq,Endothelial,chr3:194470191_T>G,4.738348961,1,1,ATP13A3,intronic
Full-length RNA-seq,Endothelial,chr3:194644619_T>G,7.8885114195,2,1;8,LSG1,exonic
Full-length RNA-seq,Endothelial,chr3:195516877_A>T,3.762418985,1,1,PPP1R2,UTR3
Full-length RNA-seq,Endothelial,chr3:195569072_G>C,2.9157322645,2,1;8,APOD,exonic
Full-length RNA-seq,Endothelial,chr3:195681652_G>A,4.043015003,1,1,SDHAP2,ncRNA_exonic
Full-length RNA-seq,Endothelial,chr3:195692784_A>C,1.763510108,1,1,MIR570HG,ncRNA_intronic
Full-length RNA-seq,Endothelial,chr3:195701111_G>A,1.581744194,1,1,MIR570HG,ncRNA_intronic
Full-length RNA-seq,Endothelial,chr3:197954020_G>A,0.9255871474999999,2,1;8,RPL35A,exonic
Full-length RNA-seq,Endothelial,chr3:21750805_T>C,9.97136879,1,1,ZNF385D,intronic
Full-length RNA-seq,Endothelial,chr3:21750943_G>T,5.829283237,1,1,ZNF385D,UTR5
Full-length RNA-seq,Endothelial,chr3:23826504_G>A,1.774937749,1,1,UBE2E1,intronic
Full-length RNA-seq,Endothelial,chr3:30629556_C>A,1.1877138315,2,1;8,TGFBR2,intronic
Full-length RNA-seq,Endothelial,chr3:30693785_T>A,2.51238513,1,1,TGFBR2,UTR3
Full-length RNA-seq,Endothelial,chr3:33120406_C>T,1.8843556645000001,2,1;8,CRTAP,exonic
Full-length RNA-seq,Endothelial,chr3:37506078_T>A,0.576767683,1,1,ITGA9,exonic
Full-length RNA-seq,Endothelial,chr3:39139943_G>T,3.628220558,1,1,TTC21A;CSRNP1,intergenic
Full-length RNA-seq,Endothelial,chr3:40462234_T>C,3.825120926,1,1,RPL14,UTR3
Full-length RNA-seq,Endothelial,chr3:47005248_G>A,3.899325132,1,1,NBEAL2,exonic
Full-length RNA-seq,Endothelial,chr3:47164038_C>G,0.669988811,1,1,SETD2,UTR5
Full-length RNA-seq,Endothelial,chr3:47841143_C>A,3.654073,1,1,DHX30,exonic
Full-length RNA-seq,Endothelial,chr3:4984213_G>C,2.323482513,1,1,BHLHE40,UTR3
Full-length RNA-seq,Endothelial,chr3:50330440_C>T,8.597021103,1,1,RASSF1,UTR3
Full-length RNA-seq,Endothelial,chr3:52356709_G>C,6.801460266,1,1,DNAH1,exonic
Full-length RNA-seq,Endothelial,chr3:52405893_G>T,9.073406219,1,1,BAP1,exonic
Full-length RNA-seq,Endothelial,chr3:52490735_A>G,1.485506296,1,1,NISCH,exonic
Full-length RNA-seq,Endothelial,chr3:56633220_T>C,6.284794331,1,1,TASOR,exonic
Full-length RNA-seq,Endothelial,chr3:58143532_G>A,0.836483479,1,1,FLNB,exonic
Full-length RNA-seq,Endothelial,chr3:64616039_C>T,5.657357693,1,1,ADAMTS9,exonic
Full-length RNA-seq,Endothelial,chr3:64633493_G>A,6.571495056,1,1,ADAMTS9,exonic
Full-length RNA-seq,Endothelial,chr3:64641869_A>G,3.836452723,1,1,ADAMTS9,exonic
Full-length RNA-seq,Endothelial,chr3:64650168_A>T,3.0028090475,2,1;8,ADAMTS9,intronic
Full-length RNA-seq,Endothelial,chr3:64650585_C>T,4.397414207,1,1,ADAMTS9,intronic
Full-length RNA-seq,Endothelial,chr3:64658629_G>T,2.135226488,1,1,ADAMTS9,exonic
Full-length RNA-seq,Endothelial,chr3:64681248_G>T,2.966945887,1,1,ADAMTS9,exonic
Full-length RNA-seq,Endothelial,chr3:70988014_G>T,2.115426302,1,1,FOXP1,exonic
Full-length RNA-seq,Endothelial,chr3:71130461_C>A,0.659840107,1,1,FOXP1,intronic
Full-length RNA-seq,Endothelial,chr4:100423045_A>T,4.8508019445,2,1;8,EMCN,exonic
Full-length RNA-seq,Endothelial,chr4:100439768_A>G,1.411710858,1,1,EMCN,intronic
Full-length RNA-seq,Endothelial,chr4:102615180_T>A,3.222654104,1,1,NFKB1,intronic
Full-length RNA-seq,Endothelial,chr4:102726621_A>G,1.069094539,1,1,MANBA,exonic
Full-length RNA-seq,Endothelial,chr4:143433693_A>C,0.209018037,1,1,GAB1,exonic
Full-length RNA-seq,Endothelial,chr4:148435619_A>G,1.271857738,1,1,NR3C2,exonic
Full-length RNA-seq,Endothelial,chr4:152535649_C>T,3.416889429,1,1,FBXW7,UTR5
Full-length RNA-seq,Endothelial,chr4:158170770_C>G,2.9875637294999997,2,1;8,GASK1B,exonic
Full-length RNA-seq,Endothelial,chr4:158171021_C>T,4.711294651,1,1,GASK1B,exonic
Full-length RNA-seq,Endothelial,chr4:158171022_C>G,3.65303731,1,1,GASK1B,exonic
Full-length RNA-seq,Endothelial,chr4:168311268_C>T,7.514355659,1,1,DDX60,UTR5
Full-length RNA-seq,Endothelial,chr4:16898663_T>C,2.619473457,1,1,LDB2,UTR5
Full-length RNA-seq,Endothelial,chr4:17909101_A>T,3.4278155565,2,1;8,LCORL,exonic
Full-length RNA-seq,Endothelial,chr4:185310765_C>A,2.006175935,2,1;8,SNX25,exonic
Full-length RNA-seq,Endothelial,chr4:2826412_A>G,0.691433996,2,1;8,SH3BP2,intronic
Full-length RNA-seq,Endothelial,chr4:2834452_G>A,4.772444725,2,1;8,SH3BP2,UTR3
Full-length RNA-seq,Endothelial,chr4:3074930_G>A,0.540400326,1,1,HTT,exonic
Full-length RNA-seq,Endothelial,chr4:3215178_G>A,1.653675795,1,1,HTT,exonic
Full-length RNA-seq,Endothelial,chr4:48851870_C>A,1.754299521,1,1,OCIAD1,exonic
Full-length RNA-seq,Endothelial,chr4:67657668_T>A,2.700107336,1,1,UBA6,intronic
Full-length RNA-seq,Endothelial,chr4:77810904_T>G,2.324661732,1,1,CNOT6L,intronic
Full-length RNA-seq,Endothelial,chr4:87473748_G>T,3.625818729,1,1,SPARCL1,UTR3
Full-length RNA-seq,Endothelial,chr4:87490325_C>T,2.583364248,1,1,SPARCL1,exonic
Full-length RNA-seq,Endothelial,chr4:87494329_G>T,2.775290966,1,1,SPARCL1,exonic
Full-length RNA-seq,Endothelial,chr4:87494543_T>G,0.406857014,1,1,SPARCL1,exonic
Full-length RNA-seq,Endothelial,chr4:87494577_T>G,0.566792428,1,1,SPARCL1,exonic
Full-length RNA-seq,Endothelial,chr4:87495005_G>A,3.314271688,1,1,SPARCL1,exonic
Full-length RNA-seq,Endothelial,chr4:87981679_C>A,1.943110704,1,1,SPP1,exonic
Full-length RNA-seq,Endothelial,chr4:94575659_C>T,4.843540192,1,1,PDLIM5,exonic
Full-length RNA-seq,Endothelial,chr5:1045746_A>T,2.128266573,1,1,NKD2;SLC12A7,intergenic
Full-length RNA-seq,Endothelial,chr5:1047279_G>A,0.35020557,1,1,NKD2;SLC12A7,intergenic
Full-length RNA-seq,Endothelial,chr5:1094204_C>T,6.213995457,1,1,SLC12A7,exonic
Full-length RNA-seq,Endothelial,chr5:123545652_C>A,0.782048225,1,1,CSNK1G3,UTR5
Full-length RNA-seq,Endothelial,chr5:131160322_C>T,6.500632286,1,1,HINT1,intronic
Full-length RNA-seq,Endothelial,chr5:132447828_C>T,2.290928125,1,1,IRF1-AS1,ncRNA_intronic
Full-length RNA-seq,Endothelial,chr5:132471071_A>T,4.247186065,2,1;8,IRF1-AS1,ncRNA_intronic
Full-length RNA-seq,Endothelial,chr5:132485623_A>T,3.480139971,2,1;8,IRF1,intronic
Full-length RNA-seq,Endothelial,chr5:132488245_C>T,10.23683071,1,1,IRF1,intronic
Full-length RNA-seq,Endothelial,chr5:132880005_T>G,1.118862152,1,1,AFF4,UTR3
Full-length RNA-seq,Endothelial,chr5:134224954_T>C,4.49640131,1,1,PPP2CA,intronic
Full-length RNA-seq,Endothelial,chr5:134855195_T>A,1.0943025645,2,1;8,C5orf24,exonic
Full-length RNA-seq,Endothelial,chr5:137985296_C>T,3.3612890245,2,1;8,FAM13B,exonic
Full-length RNA-seq,Endothelial,chr5:138465958_G>A,11.93671322,1,8,EGR1,exonic
Full-length RNA-seq,Endothelial,chr5:138468123_C>G,6.843648911,1,8,EGR1,UTR3
Full-length RNA-seq,Endothelial,chr5:14157434_C>T,0.564062059,1,1,TRIO,intronic
Full-length RNA-seq,Endothelial,chr5:141604393_C>T,2.808203697,1,1,DIAPH1,intronic
Full-length RNA-seq,Endothelial,chr5:14207397_C>T,0.959437072,1,1,TRIO,intronic
Full-length RNA-seq,Endothelial,chr5:149342532_G>A,4.860735893,1,1,AFAP1L1,UTR3
Full-length RNA-seq,Endothelial,chr5:149408099_T>C,15.56973553,1,8,CARMN,ncRNA_intronic
Full-length RNA-seq,Endothelial,chr5:150401682_A>T,1.673130989,1,1,CD74,UTR3
Full-length RNA-seq,Endothelial,chr5:150401779_G>A,2.433747768,1,1,CD74,UTR3
Full-length RNA-seq,Endothelial,chr5:150402154_A>G,2.176834345,1,1,CD74,UTR3
Full-length RNA-seq,Endothelial,chr5:150402171_G>A,0.385270327,1,1,CD74,UTR3
Full-length RNA-seq,Endothelial,chr5:150402172_G>A,0.969579995,1,1,CD74,UTR3
Full-length RNA-seq,Endothelial,chr5:150402188_A>T,0.475201786,1,1,CD74,UTR3
Full-length RNA-seq,Endothelial,chr5:150402189_A>T,3.609659195,1,1,CD74,UTR3
Full-length RNA-seq,Endothelial,chr5:150403276_G>A,2.889328003,1,1,CD74,exonic
Full-length RNA-seq,Endothelial,chr5:150404738_G>C,5.5777301784999995,2,1;8,CD74,exonic
Full-length RNA-seq,Endothelial,chr5:150407231_C>T,1.082390666,1,1,CD74,exonic
Full-length RNA-seq,Endothelial,chr5:151663439_A>C,2.4002954365,2,1;8,SPARC,UTR3
Full-length RNA-seq,Endothelial,chr5:159097726_C>T,4.849264144999999,2,1;8,EBF1,UTR5
Full-length RNA-seq,Endothelial,chr5:172054599_C>G,0.9173057225,2,1;8,STK10,exonic
Full-length RNA-seq,Endothelial,chr5:177466823_C>T,1.033290744,1,8,DBN1,exonic
Full-length RNA-seq,Endothelial,chr5:178214830_G>T,6.916196823,1,1,PHYKPL,exonic
Full-length RNA-seq,Endothelial,chr5:181046679_G>C,0.81137377,1,1,BTNL9,intronic
Full-length RNA-seq,Endothelial,chr5:181046682_C>A,13.18404675,1,1,BTNL9,intronic
Full-length RNA-seq,Endothelial,chr5:181046758_T>A,3.957414627,1,1,BTNL9,intronic
Full-length RNA-seq,Endothelial,chr5:181046761_G>C,12.33306408,1,1,BTNL9,intronic
Full-length RNA-seq,Endothelial,chr5:181239528_T>G,1.115374207,1,1,RACK1,exonic
Full-length RNA-seq,Endothelial,chr5:236502_G>T,1.662012339,1,1,SDHA,exonic
Full-length RNA-seq,Endothelial,chr5:38479573_C>T,3.762235641,1,1,LIFR,UTR3
Full-length RNA-seq,Endothelial,chr5:40696968_A>G,2.8654809,1,1,PTGER4;TTC33,intergenic
Full-length RNA-seq,Endothelial,chr5:40696982_A>G,7.2837963089999995,2,1;8,PTGER4;TTC33,intergenic
Full-length RNA-seq,Endothelial,chr5:43289763_A>G,2.160346746,1,1,HMGCS1,UTR3
Full-length RNA-seq,Endothelial,chr5:54246371_C>G,4.116098404,1,1,ARL15,intronic
Full-length RNA-seq,Endothelial,chr5:61423421_C>A,1.242275476,1,8,ZSWIM6,intronic
Full-length RNA-seq,Endothelial,chr5:64768584_G>C,4.9891171455,2,1;8,SREK1IP1,UTR5
Full-length RNA-seq,Endothelial,chr5:67110110_T>A,1.594178557,1,1,MAST4,exonic
Full-length RNA-seq,Endothelial,chr5:76732320_A>C,3.212081611,2,1;8,F2R,exonic
Full-length RNA-seq,Endothelial,chr5:80651436_C>A,0.734739423,1,1,DHFR,intronic
Full-length RNA-seq,Endothelial,chr5:88798865_T>G,5.219443321,1,1,MEF2C,intronic
Full-length RNA-seq,Endothelial,chr5:94727571_A>G,1.425572634,1,1,MCTP1,intronic
Full-length RNA-seq,Endothelial,chr5:94823094_T>G,2.230559349,1,1,MCTP1,intronic
Full-length RNA-seq,Endothelial,chr5:94863422_G>A,8.974634171,1,1,MCTP1,intronic
Full-length RNA-seq,Endothelial,chr5:94938470_T>C,2.457536697,1,1,MCTP1,intronic
Full-length RNA-seq,Endothelial,chr5:94991500_T>G,2.195519447,1,1,MCTP1,intronic
Full-length RNA-seq,Endothelial,chr5:95072098_T>G,8.794805527,1,1,MCTP1,intronic
Full-length RNA-seq,Endothelial,chr5:95073451_A>G,7.0472579,1,1,MCTP1,intronic
Full-length RNA-seq,Endothelial,chr5:95075967_C>T,10.57080936,1,1,MCTP1,intronic
Full-length RNA-seq,Endothelial,chr5:95076074_A>G,4.843494892,1,1,MCTP1,intronic
Full-length RNA-seq,Endothelial,chr5:95079310_A>T,11.88030243,1,1,MCTP1,intronic
Full-length RNA-seq,Endothelial,chr5:95080787_A>T,3.361418962,1,1,MCTP1,intronic
Full-length RNA-seq,Endothelial,chr5:95081469_C>T,4.834550381,1,1,MCTP1,exonic
Full-length RNA-seq,Endothelial,chr5:95181899_A>G,1.159399986,1,1,MCTP1,intronic
Full-length RNA-seq,Endothelial,chr5:95822437_C>T,1.076638699,1,1,GLRX,intronic
Full-length RNA-seq,Endothelial,chr5:98856716_A>G,1.521601677,1,1,CHD1,exonic
Full-length RNA-seq,Endothelial,chr6:111472114_T>G,1.146586299,1,1,REV3L,UTR5
Full-length RNA-seq,Endothelial,chr6:111842032_C>G,1.715950251,1,1,FYN,intronic
Full-length RNA-seq,Endothelial,chr6:112144801_G>T,3.230998635,2,1;8,LAMA4,exonic
Full-length RNA-seq,Endothelial,chr6:129709902_C>T,14.06203556,1,1,ARHGAP18,intronic
Full-length RNA-seq,Endothelial,chr6:132816970_A>G,4.433449268,1,1,RPS12,exonic
Full-length RNA-seq,Endothelial,chr6:132817497_T>C,2.604450941,1,1,RPS12,exonic
Full-length RNA-seq,Endothelial,chr6:132819166_A>G,4.556044579,1,1,RPS12;LINC00326,intergenic
Full-length RNA-seq,Endothelial,chr6:134172220_T>G,1.49102366,1,1,SGK1,exonic
Full-length RNA-seq,Endothelial,chr6:137869396_C>T,2.6539672615,2,1;8,TNFAIP3,intronic
Full-length RNA-seq,Endothelial,chr6:137877251_C>A,4.277788162,2,1;8,TNFAIP3,exonic
Full-length RNA-seq,Endothelial,chr6:137879555_G>A,1.4217966199999998,2,1;8,TNFAIP3,intronic
Full-length RNA-seq,Endothelial,chr6:149378038_C>T,1.500395775,1,1,TAB2,exonic
Full-length RNA-seq,Endothelial,chr6:149942857_C>A,2.259436607,1,1,ULBP2,intronic
Full-length RNA-seq,Endothelial,chr6:152331601_C>G,1.7272339465,2,1;8,SYNE1,exonic
Full-length RNA-seq,Endothelial,chr6:153002459_C>T,1.2070450485,2,1;8,MTRF1L,exonic
Full-length RNA-seq,Endothelial,chr6:157881585_T>A,3.867470026,1,1,SNX9,intronic
Full-length RNA-seq,Endothelial,chr6:159790604_G>A,4.5745995045,2,1;8,MRPL18,exonic
Full-length RNA-seq,Endothelial,chr6:166614590_C>T,3.6456918715,2,1;8,RPS6KA2,intronic
Full-length RNA-seq,Endothelial,chr6:26104306_A>C,4.830490589,1,1,H4C3,UTR3
Full-length RNA-seq,Endothelial,chr6:29943016_G>C,2.376012087,1,8,HLA-A,exonic
Full-length RNA-seq,Endothelial,chr6:30508158_T>A,1.008605242,1,1,HLA-E;LINC02569,intergenic
Full-length RNA-seq,Endothelial,chr6:30550971_T>G,2.346143961,1,1,GNL1,intronic
Full-length RNA-seq,Endothelial,chr6:30712735_C>T,2.372519493,1,1,MDC1,exonic
Full-length RNA-seq,Endothelial,chr6:31269987_T>G,1.831934452,1,8,HLA-C,exonic
Full-length RNA-seq,Endothelial,chr6:31271273_G>T,0.621803403,1,1,HLA-C,exonic
Full-length RNA-seq,Endothelial,chr6:31271601_T>G,1.651840985,2,1;8,HLA-C,exonic
Full-length RNA-seq,Endothelial,chr6:31271840_G>T,3.345215559,1,8,HLA-C,exonic
Full-length RNA-seq,Endothelial,chr6:31272091_G>C,5.203641653,2,1;8,HLA-C,UTR5
Full-length RNA-seq,Endothelial,chr6:31357070_C>G,3.301132679,1,1,HLA-B,intronic
Full-length RNA-seq,Endothelial,chr6:31463898_G>A,10.780891420500001,2,1;8,HCP5,ncRNA_exonic
Full-length RNA-seq,Endothelial,chr6:31473510_G>A,5.093501568,1,1,HCG26;MICB-DT,intergenic
Full-length RNA-seq,Endothelial,chr6:31533780_G>C,8.137843847,2,1;8,ATP6V1G2-DDX39B,ncRNA_intronic
Full-length RNA-seq,Endothelial,chr6:31641590_C>T,1.219022632,1,1,BAG6,exonic
Full-length RNA-seq,Endothelial,chr6:31815747_G>A,2.595447302,1,8,HSPA1A,UTR5
Full-length RNA-seq,Endothelial,chr6:31815833_T>C,3.032768488,1,8,HSPA1A,exonic
Full-length RNA-seq,Endothelial,chr6:31817850_T>A,2.350402355,2,1;8,HSPA1A,UTR3
Full-length RNA-seq,Endothelial,chr6:31822637_A>C,1.4187941849999999,2,1;8,HSPA1A;HSPA1B,intergenic
Full-length RNA-seq,Endothelial,chr6:31827068_A>T,8.921010017,1,1,HSPA1B,upstream
Full-length RNA-seq,Endothelial,chr6:31828066_C>A,3.027785063,1,8,HSPA1B,exonic
Full-length RNA-seq,Endothelial,chr6:31830187_A>G,4.518573761,2,1;8,HSPA1B,UTR3
Full-length RNA-seq,Endothelial,chr6:32118860_C>T,1.010581136,1,8,ATF6B,exonic
Full-length RNA-seq,Endothelial,chr6:32440671_G>A,4.719505787,1,1,HLA-DRA,intronic
Full-length RNA-seq,Endothelial,chr6:32442633_G>A,3.774101734,1,1,HLA-DRA,exonic
Full-length RNA-seq,Endothelial,chr6:32519584_G>A,1.7258485555,2,1;8,HLA-DRB5,exonic
Full-length RNA-seq,Endothelial,chr6:32521958_G>T,3.808220863,1,1,HLA-DRB5,exonic
Full-length RNA-seq,Endothelial,chr6:32578900_T>A,3.8180892469999996,2,1;8,HLA-DRB1,UTR3
Full-length RNA-seq,Endothelial,chr6:32578927_G>A,1.1078452765,2,1;8,HLA-DRB1,UTR3
Full-length RNA-seq,Endothelial,chr6:32579072_G>A,3.159917355,1,1,HLA-DRB1,UTR3
Full-length RNA-seq,Endothelial,chr6:32581748_C>T,6.0211918355,2,1;8,HLA-DRB1,exonic
Full-length RNA-seq,Endothelial,chr6:32584135_A>C,1.422438622,1,1,HLA-DRB1,exonic
Full-length RNA-seq,Endothelial,chr6:32584283_A>T,5.367280245,2,1;8,HLA-DRB1,exonic
Full-length RNA-seq,Endothelial,chr6:32584495_A>C,1.410414696,1,1,HLA-DRB1,intronic
Full-length RNA-seq,Endothelial,chr6:32584530_A>C,7.998764992,1,1,HLA-DRB1,intronic
Full-length RNA-seq,Endothelial,chr6:32586420_T>G,4.793313026,1,1,HLA-DRB1,intronic
Full-length RNA-seq,Endothelial,chr6:32587783_C>A,4.825954914,1,1,HLA-DRB1,intronic
Full-length RNA-seq,Endothelial,chr6:32588147_A>T,2.180457354,1,1,HLA-DRB1,intronic
Full-length RNA-seq,Endothelial,chr6:32588906_G>A,2.683942318,1,1,HLA-DRB1,intronic
Full-length RNA-seq,Endothelial,chr6:32589659_C>G,5.560693979,2,1;8,HLA-DRB1,exonic
Full-length RNA-seq,Endothelial,chr6:32589710_G>A,0.595975578,1,8,HLA-DRB1,exonic
Full-length RNA-seq,Endothelial,chr6:32637430_C>G,3.315893888,1,1,HLA-DQA1,UTR5
Full-length RNA-seq,Endothelial,chr6:32641317_C>T,8.992784499999999,2,1;8,HLA-DQA1,exonic
Full-length RNA-seq,Endothelial,chr6:32641329_T>C,4.401761532,1,1,HLA-DQA1,exonic
Full-length RNA-seq,Endothelial,chr6:32641500_G>C,2.840934753,1,1,HLA-DQA1,exonic
Full-length RNA-seq,Endothelial,chr6:32641522_A>C,1.9524926545,2,1;8,HLA-DQA1,exonic
Full-length RNA-seq,Endothelial,chr6:32643199_A>C,10.9674511,1,1,HLA-DQA1,UTR3
Full-length RNA-seq,Endothelial,chr6:32652426_A>G,1.790373087,1,1,HLA-DQA1;HLA-DQB1,intergenic
Full-length RNA-seq,Endothelial,chr6:32661416_C>T,4.110768318,1,1,HLA-DQB1,exonic
Full-length RNA-seq,Endothelial,chr6:32662712_T>A,1.376820683,1,1,HLA-DQB1,intronic
Full-length RNA-seq,Endothelial,chr6:32663091_T>C,3.500464916,2,1;8,HLA-DQB1,intronic
Full-length RNA-seq,Endothelial,chr6:32663372_C>T,1.110603452,1,1,HLA-DQB1,intronic
Full-length RNA-seq,Endothelial,chr6:32664972_A>T,3.616405487,1,1,HLA-DQB1,exonic
Full-length RNA-seq,Endothelial,chr6:32665888_C>T,0.774061441,1,1,HLA-DQB1,intronic
Full-length RNA-seq,Endothelial,chr6:32665979_C>G,3.54729414,1,1,HLA-DQB1,intronic
Full-length RNA-seq,Endothelial,chr6:32666247_T>A,3.2732783554999996,2,1;8,HLA-DQB1,intronic
Full-length RNA-seq,Endothelial,chr6:32981027_C>T,2.605037928,1,1,BRD2,UTR3
Full-length RNA-seq,Endothelial,chr6:33065278_A>T,1.367283583,1,8,HLA-DPA1,UTR3
Full-length RNA-seq,Endothelial,chr6:33069128_A>G,4.079446316,1,1,HLA-DPA1,exonic
Full-length RNA-seq,Endothelial,chr6:33069862_G>A,2.896309495,2,1;8,HLA-DPA1,exonic
Full-length RNA-seq,Endothelial,chr6:33081853_G>A,9.354562759,1,1,HLA-DPB1,intronic
Full-length RNA-seq,Endothelial,chr6:33082664_G>A,5.371190071,1,1,HLA-DPB1,intronic
Full-length RNA-seq,Endothelial,chr6:33083785_G>A,7.500905514,1,1,HLA-DPB1,intronic
Full-length RNA-seq,Endothelial,chr6:33086744_T>C,2.769178391,1,1,HLA-DPB1,UTR3
Full-length RNA-seq,Endothelial,chr6:33304379_A>T,1.418717146,2,1;8,TAPBP,exonic
Full-length RNA-seq,Endothelial,chr6:34341888_C>T,3.068481445,1,1,NUDT3;RPS10-NUDT3,exonic
Full-length RNA-seq,Endothelial,chr6:35017879_T>C,3.403832912,1,1,ANKS1A,exonic
Full-length RNA-seq,Endothelial,chr6:36686606_C>T,4.715051174,1,1,CDKN1A,UTR3
Full-length RNA-seq,Endothelial,chr6:36961956_T>A,2.536816359,1,8,PI16,exonic
Full-length RNA-seq,Endothelial,chr6:37892080_C>T,1.647339046,2,1;8,ZFAND3,intronic
Full-length RNA-seq,Endothelial,chr6:42783597_G>C,0.686063051,1,1,LOC401261,ncRNA_exonic
Full-length RNA-seq,Endothelial,chr6:44253649_G>T,0.144414976,1,8,HSP90AB1,UTR3
Full-length RNA-seq,Endothelial,chr6:46863009_G>T,0.760414422,1,1,ADGRF5,exonic
Full-length RNA-seq,Endothelial,chr6:52995725_T>C,3.654369831,1,1,RN7SK,ncRNA_exonic
Full-length RNA-seq,Endothelial,chr6:53310975_T>G,0.520657301,1,1,ELOVL5,intronic
Full-length RNA-seq,Endothelial,chr6:63685752_G>A,1.770993471,2,1;8,PHF3,exonic
Full-length RNA-seq,Endothelial,chr6:89352577_C>T,2.155765057,1,1,UBE2J1,UTR5
Full-length RNA-seq,Endothelial,chr6:89699725_C>T,1.263633132,1,1,MDN1,exonic
Full-length RNA-seq,Endothelial,chr7:100875204_C>T,1.005472183,1,8,SRRT,UTR5
Full-length RNA-seq,Endothelial,chr7:100886313_G>A,3.1107634305,2,1;8,SRRT,exonic
Full-length RNA-seq,Endothelial,chr7:100958270_T>C,3.717652082,1,8,MUC3A,exonic
Full-length RNA-seq,Endothelial,chr7:101097504_G>A,1.8533465265,2,1;8,TRIM56,UTR3
Full-length RNA-seq,Endothelial,chr7:101127205_G>A,5.9127817149999995,2,1;8,SERPINE1,UTR5
Full-length RNA-seq,Endothelial,chr7:101127665_G>A,10.94655323,1,1,SERPINE1,intronic
Full-length RNA-seq,Endothelial,chr7:102347201_A>G,4.8682091235,2,1;8,SPDYE6,UTR3
Full-length RNA-seq,Endothelial,chr7:102569885_A>G,1.027772307,1,1,POLR2J3,exonic
Full-length RNA-seq,Endothelial,chr7:107216333_G>A,8.761642933,2,1;8,COG5,intronic
Full-length RNA-seq,Endothelial,chr7:107744942_T>C,1.113216996,1,1,CBLL1,intronic
Full-length RNA-seq,Endothelial,chr7:111869604_C>T,0.462356091,1,1,DOCK4,exonic
Full-length RNA-seq,Endothelial,chr7:112119050_G>A,0.725594878,1,1,DOCK4,intronic
Full-length RNA-seq,Endothelial,chr7:1159481_G>A,0.400502145,1,1,ZFAND2A,intronic
Full-length RNA-seq,Endothelial,chr7:123709187_C>T,4.602828503,1,1,WASL,exonic
Full-length RNA-seq,Endothelial,chr7:127904759_T>C,3.670195818,1,1,SND1,exonic
Full-length RNA-seq,Endothelial,chr7:130931307_A>G,1.927422404,1,1,LINC00513;LINC-PINT,intergenic
Full-length RNA-seq,Endothelial,chr7:130933271_A>T,0.932112992,1,1,LINC00513;LINC-PINT,intergenic
Full-length RNA-seq,Endothelial,chr7:131095745_T>G,0.907784641,1,1,LINC-PINT,ncRNA_intronic
Full-length RNA-seq,Endothelial,chr7:131502040_C>T,2.566029549,1,1,PODXL,UTR3
Full-length RNA-seq,Endothelial,chr7:131509431_T>A,0.237083659,1,1,PODXL,exonic
Full-length RNA-seq,Endothelial,chr7:131509436_G>A,0.923312306,1,1,PODXL,exonic
Full-length RNA-seq,Endothelial,chr7:135168793_C>T,1.263820291,2,1;8,CYREN,exonic
Full-length RNA-seq,Endothelial,chr7:139080219_A>G,6.9690406325000005,2,1;8,ZC3HAV1,exonic
Full-length RNA-seq,Endothelial,chr7:140922492_G>A,8.915938377,1,1,BRAF,intronic
Full-length RNA-seq,Endothelial,chr7:150520001_G>A,5.4708391425,2,1;8,GIMAP7,exonic
Full-length RNA-seq,Endothelial,chr7:150520160_A>G,5.8457069395,2,1;8,GIMAP7,exonic
Full-length RNA-seq,Endothelial,chr7:150742633_T>C,6.291099072,1,1,GIMAP1-GIMAP5;GIMAP5,exonic
Full-length RNA-seq,Endothelial,chr7:155206072_G>C,5.9887065889999995,2,1;8,HTR5A;INSIG1,intergenic
Full-length RNA-seq,Endothelial,chr7:158717497_C>T,5.540995598,1,1,NCAPG2;ESYT2,intergenic
Full-length RNA-seq,Endothelial,chr7:158782480_T>A,4.106946945,1,1,ESYT2,intronic
Full-length RNA-seq,Endothelial,chr7:17299271_A>T,2.897955894,1,8,AHR,exonic
Full-length RNA-seq,Endothelial,chr7:17307739_T>A,5.805617332,1,1,AHR,intronic
Full-length RNA-seq,Endothelial,chr7:17891552_G>T,1.0798316595,2,1;8,SNX13,exonic
Full-length RNA-seq,Endothelial,chr7:21477209_G>A,6.823787212,1,1,SP4,exonic
Full-length RNA-seq,Endothelial,chr7:22728724_G>A,10.19425964,1,1,IL6,exonic
Full-length RNA-seq,Endothelial,chr7:30922638_C>A,5.1442010405,2,1;8,AQP1,exonic
Full-length RNA-seq,Endothelial,chr7:30923540_C>A,1.785820484,1,1,AQP1,exonic
Full-length RNA-seq,Endothelial,chr7:30924221_T>A,2.890143633,2,1;8,AQP1,UTR3
Full-length RNA-seq,Endothelial,chr7:30924284_G>A,3.151772261,1,1,AQP1,UTR3
Full-length RNA-seq,Endothelial,chr7:30925003_C>T,8.748880386,1,1,AQP1,UTR3
Full-length RNA-seq,Endothelial,chr7:45913638_A>T,0.698908329,1,1,IGFBP3,UTR3
Full-length RNA-seq,Endothelial,chr7:4754559_G>A,1.792629242,1,1,FOXK1,exonic
Full-length RNA-seq,Endothelial,chr7:6392043_T>C,0.845500827,1,1,RAC1,splicing
Full-length RNA-seq,Endothelial,chr7:74711062_T>C,0.362608671,1,1,GTF2I,exonic
Full-length RNA-seq,Endothelial,chr7:75418267_C>T,0.850183606,1,1,POM121C,UTR3
Full-length RNA-seq,Endothelial,chr7:76303817_G>A,2.7655295129999997,2,1;8,HSPB1,exonic
Full-length RNA-seq,Endothelial,chr7:76304141_G>A,5.869561911,2,1;8,HSPB1,exonic
Full-length RNA-seq,Endothelial,chr7:80671102_A>C,22.56093407,1,1,CD36,exonic
Full-length RNA-seq,Endothelial,chr7:87209549_A>T,4.294540882,1,1,TMEM243,intronic
Full-length RNA-seq,Endothelial,chr7:92027731_C>T,0.989557087,1,1,AKAP9,intronic
Full-length RNA-seq,Endothelial,chr7:94395096_G>A,2.403917551,1,8,COL1A2,exonic
Full-length RNA-seq,Endothelial,chr7:98977037_G>A,4.393283844,1,1,TRRAP,exonic
Full-length RNA-seq,Endothelial,chr8:100716689_C>T,2.703093767,1,1,PABPC1,intronic
Full-length RNA-seq,Endothelial,chr8:100922723_A>G,4.168797016,1,1,YWHAZ,intronic
Full-length RNA-seq,Endothelial,chr8:102254346_T>G,1.4593592284999999,2,1;8,UBR5,exonic
Full-length RNA-seq,Endothelial,chr8:102652166_A>T,3.399893284,1,1,KLF10,exonic
Full-length RNA-seq,Endothelial,chr8:130191904_C>G,0.8245830535,2,1;8,ASAP1,intronic
Full-length RNA-seq,Endothelial,chr8:13130478_C>G,5.971231461,1,1,DLC1,intronic
Full-length RNA-seq,Endothelial,chr8:133242133_C>A,1.5006783605,2,1;8,NDRG1,intronic
Full-length RNA-seq,Endothelial,chr8:133242407_T>A,4.776387215,1,1,NDRG1,intronic
Full-length RNA-seq,Endothelial,chr8:133250478_G>T,3.262976646,1,1,NDRG1,exonic
Full-length RNA-seq,Endothelial,chr8:133280239_T>G,3.057807684,1,1,NDRG1,exonic
Full-length RNA-seq,Endothelial,chr8:133296706_C>G,1.997660279,1,1,NDRG1,intronic
Full-length RNA-seq,Endothelial,chr8:141192557_G>A,3.978464365,1,1,DENND3,exonic
Full-length RNA-seq,Endothelial,chr8:144308473_C>T,0.964173436,1,1,HSF1,intronic
Full-length RNA-seq,Endothelial,chr8:17956706_G>C,0.492971927,1,1,PCM1,exonic
Full-length RNA-seq,Endothelial,chr8:1833383_T>G,0.880260944,1,1,ARHGEF10,intronic
Full-length RNA-seq,Endothelial,chr8:19709648_T>G,0.416375875,1,1,CSGALNACT1,intronic
Full-length RNA-seq,Endothelial,chr8:23154929_C>T,3.402318716,1,1,TNFRSF10D,exonic
Full-length RNA-seq,Endothelial,chr8:27604946_G>T,3.5877832174999997,2,1;8,CLU,exonic
Full-length RNA-seq,Endothelial,chr8:27608956_T>G,7.730775356,1,1,CLU,exonic
Full-length RNA-seq,Endothelial,chr8:27608986_C>G,10.93202782,1,1,CLU,exonic
Full-length RNA-seq,Endothelial,chr8:30804285_A>G,1.991017699,1,1,PPP2CB,intronic
Full-length RNA-seq,Endothelial,chr8:33549464_A>C,0.76311934,1,1,RNF122,exonic
Full-length RNA-seq,Endothelial,chr8:33554303_A>G,6.650496006,1,1,RNF122,intronic
Full-length RNA-seq,Endothelial,chr8:40154089_T>A,1.124669313,1,1,TCIM,UTR3
Full-length RNA-seq,Endothelial,chr8:41609661_T>C,1.5403217075,2,1;8,GPAT4,exonic
Full-length RNA-seq,Endothelial,chr8:51833593_C>T,0.791878164,1,1,PCMTD1,exonic
Full-length RNA-seq,Endothelial,chr8:58566819_T>C,1.539959669,1,1,SDCBP,intronic
Full-length RNA-seq,Endothelial,chr8:60621177_G>A,2.497337341,1,1,RAB2A,UTR3
Full-length RNA-seq,Endothelial,chr8:6562589_C>T,1.381075263,1,1,ANGPT2;MCPH1,intronic
Full-length RNA-seq,Endothelial,chr8:6562678_A>C,8.119051933,1,1,ANGPT2,exonic
Full-length RNA-seq,Endothelial,chr8:66634652_T>G,3.104952812,1,1,VCPIP1,exonic
Full-length RNA-seq,Endothelial,chr8:67976644_C>G,3.79718852,1,1,PREX2,intronic
Full-length RNA-seq,Endothelial,chr8:67976654_G>C,8.12347126,1,1,PREX2,intronic
Full-length RNA-seq,Endothelial,chr8:67976682_A>G,7.495168209,1,1,PREX2,intronic
Full-length RNA-seq,Endothelial,chr8:68083349_G>A,3.5254445075,2,1;8,PREX2,exonic
Full-length RNA-seq,Endothelial,chr8:73026960_A>C,0.496360987,1,1,TERF1,exonic
Full-length RNA-seq,Endothelial,chr8:73292358_A>G,2.051653385,1,1,RPL7,exonic
Full-length RNA-seq,Endothelial,chr8:81478767_C>T,21.96251297,1,1,FABP4,UTR3
Full-length RNA-seq,Endothelial,chr8:81478872_C>G,2.0724481345,2,1;8,FABP4,exonic
Full-length RNA-seq,Endothelial,chr8:85474374_G>A,1.698084235,1,1,CA2,exonic
Full-length RNA-seq,Endothelial,chr8:91959553_C>T,3.261328399,2,1;8,RUNX1T1,UTR3
Full-length RNA-seq,Endothelial,chr8:94262069_A>T,3.913663626,1,8,GEM,intronic
Full-length RNA-seq,Endothelial,chr8:99143083_T>C,1.877501845,1,1,VPS13B,exonic
Full-length RNA-seq,Endothelial,chr9:110055886_C>T,1.355571151,1,1,PALM2AKAP2,intronic
Full-length RNA-seq,Endothelial,chr9:110062708_T>C,4.045350552,1,1,PALM2AKAP2,intronic
Full-length RNA-seq,Endothelial,chr9:110171170_A>G,0.174521193,1,1,PALM2AKAP2,UTR3
Full-length RNA-seq,Endothelial,chr9:111934254_A>T,1.929065943,1,1,UGCG,UTR3
Full-length RNA-seq,Endothelial,chr9:114598191_G>A,2.408266544,1,1,ATP6V1G1,UTR3
Full-length RNA-seq,Endothelial,chr9:120903237_C>T,7.031243086,2,1;8,TRAF1,UTR3
Full-length RNA-seq,Endothelial,chr9:124801442_T>A,6.0569095614999995,2,1;8,OLFML2A,exonic
Full-length RNA-seq,Endothelial,chr9:124869914_C>T,3.187024832,1,1,ARPC5L,intronic
Full-length RNA-seq,Endothelial,chr9:127672109_T>A,1.651815414,1,1,STXBP1,exonic
Full-length RNA-seq,Endothelial,chr9:127819903_A>G,3.600249767,1,1,ENG,exonic
Full-length RNA-seq,Endothelial,chr9:128482832_T>A,0.996021926,1,1,ODF2,exonic
Full-length RNA-seq,Endothelial,chr9:131612483_C>T,4.170825958,1,1,RAPGEF1,intronic
Full-length RNA-seq,Endothelial,chr9:131625581_C>T,8.039604902,2,1;8,RAPGEF1,intronic
Full-length RNA-seq,Endothelial,chr9:131628027_G>C,2.741714954,1,1,RAPGEF1,exonic
Full-length RNA-seq,Endothelial,chr9:133123827_C>G,3.742913604,2,1;8,RALGDS,intronic
Full-length RNA-seq,Endothelial,chr9:133123911_C>G,1.857595325,1,1,RALGDS,intronic
Full-length RNA-seq,Endothelial,chr9:133124496_T>C,9.246761322000001,2,1;8,RALGDS,intronic
Full-length RNA-seq,Endothelial,chr9:134701281_T>G,7.043611526,1,8,COL5A1,exonic
Full-length RNA-seq,Endothelial,chr9:136542759_A>T,0.870487869,1,1,NOTCH1,intronic
Full-length RNA-seq,Endothelial,chr9:136663070_G>A,3.389016151,1,1,EGFL7,UTR5
Full-length RNA-seq,Endothelial,chr9:136663105_T>A,9.500511169,1,1,EGFL7,UTR5
Full-length RNA-seq,Endothelial,chr9:136670452_C>T,4.135975838,1,1,EGFL7,intronic
Full-length RNA-seq,Endothelial,chr9:136670453_A>G,0.658795416,1,1,EGFL7,intronic
Full-length RNA-seq,Endothelial,chr9:137040037_C>T,1.844509006,1,1,NPDC1,exonic
Full-length RNA-seq,Endothelial,chr9:137112001_G>T,1.5341665745,2,1;8,DPP7,exonic
Full-length RNA-seq,Endothelial,chr9:137246183_A>C,12.40410614,1,1,FAM166A,intronic
Full-length RNA-seq,Endothelial,chr9:137330075_A>G,0.702060878,1,1,EXD3,intronic
Full-length RNA-seq,Endothelial,chr9:137330118_G>A,5.305379868,1,1,EXD3,intronic
Full-length RNA-seq,Endothelial,chr9:137330140_A>G,0.477436095,1,1,EXD3,intronic
Full-length RNA-seq,Endothelial,chr9:137813512_A>C,3.240993261,1,1,EHMT1,exonic
Full-length RNA-seq,Endothelial,chr9:14300238_A>G,6.4656057355000005,2,1;8,NFIB,UTR5
Full-length RNA-seq,Endothelial,chr9:19116275_G>T,6.771357536,1,1,PLIN2,exonic
Full-length RNA-seq,Endothelial,chr9:19342765_G>A,0.817582011,1,1,DENND4C,exonic
Full-length RNA-seq,Endothelial,chr9:32543818_A>G,0.878786862,1,1,TOPORS,exonic
Full-length RNA-seq,Endothelial,chr9:33028051_G>A,5.088747025,1,1,DNAJA1,intronic
Full-length RNA-seq,Endothelial,chr9:33028206_T>C,4.151051044,1,1,DNAJA1,intronic
Full-length RNA-seq,Endothelial,chr9:34709604_A>T,7.345645905,1,8,CCL21,exonic
Full-length RNA-seq,Endothelial,chr9:3525049_C>T,4.211127043,2,1;8,RFX3,intronic
Full-length RNA-seq,Endothelial,chr9:38068982_C>T,1.391480088,1,1,SHB,UTR5
Full-length RNA-seq,Endothelial,chr9:5438284_C>A,0.80775106,1,1,PLGRKT,upstream
Full-length RNA-seq,Endothelial,chr9:71712419_A>T,0.640307546,1,1,CEMIP2,intronic
Full-length RNA-seq,Endothelial,chr9:71750349_G>C,4.8810367585000005,2,1;8,CEMIP2,exonic
Full-length RNA-seq,Endothelial,chr9:73165602_A>G,5.2961235045,2,1;8,ANXA1,intronic
Full-length RNA-seq,Endothelial,chr9:75891168_G>A,6.988455296,1,1,PCSK5,UTR5
Full-length RNA-seq,Endothelial,chr9:76193422_C>A,0.615692377,1,1,PCSK5,UTR3
Full-length RNA-seq,Endothelial,chr9:83679835_C>T,0.099474482,1,1,UBQLN1,exonic
Full-length RNA-seq,Endothelial,chr9:98997071_C>A,5.076231003,1,1,COL15A1,exonic
Full-length RNA-seq,Endothelial,chr9:99004936_A>C,5.400457859,1,1,COL15A1,exonic
Full-length RNA-seq,Endothelial,chr9:99061990_T>C,3.8387146,1,1,COL15A1,exonic
Full-length RNA-seq,Endothelial,chr9:99067030_A>C,1.479094982,1,1,COL15A1,exonic
Full-length RNA-seq,Endothelial,chr9:99067035_G>A,4.775312424,1,1,COL15A1,exonic
Full-length RNA-seq,Endothelial,chrX:109054215_A>G,2.365330696,1,1,LOC101928358;GUCY2F,intergenic
Full-length RNA-seq,Endothelial,chrX:115622370_G>C,1.4505333304999999,2,1;8,PLS3,exonic
Full-length RNA-seq,Endothelial,chrX:120541626_C>T,1.320978761,1,1,CUL4B,exonic
Full-length RNA-seq,Endothelial,chrX:124037768_G>C,9.882714272,1,1,STAG2,intronic
Full-length RNA-seq,Endothelial,chrX:12976790_G>A,1.794920564,1,1,TMSB4X,exonic
Full-length RNA-seq,Endothelial,chrX:12977129_G>A,6.378806591,1,1,TMSB4X,UTR3
Full-length RNA-seq,Endothelial,chrX:1338172_T>C,3.562664747,1,1,IL3RA,intronic
Full-length RNA-seq,Endothelial,chrX:1347276_T>A,2.133799553,1,1,IL3RA,intronic
Full-length RNA-seq,Endothelial,chrX:1359967_A>C,6.492194176,1,1,IL3RA,intronic
Full-length RNA-seq,Endothelial,chrX:1360919_T>C,2.73818326,1,1,IL3RA,intronic
Full-length RNA-seq,Endothelial,chrX:1361404_G>A,3.353458643,1,1,IL3RA,intronic
Full-length RNA-seq,Endothelial,chrX:1362138_G>T,1.366124868,1,1,IL3RA,intronic
Full-length RNA-seq,Endothelial,chrX:1370265_G>A,1.702094674,1,1,IL3RA,intronic
Full-length RNA-seq,Endothelial,chrX:1393233_T>C,1.705231547,1,1,SLC25A6;LINC00106,intergenic
Full-length RNA-seq,Endothelial,chrX:1394106_G>T,6.236620903,1,1,SLC25A6;LINC00106,intergenic
Full-length RNA-seq,Endothelial,chrX:1424408_T>C,0.659323514,1,1,ASMTL,intronic
Full-length RNA-seq,Endothelial,chrX:1424561_T>C,4.325698376,1,1,ASMTL,intronic
Full-length RNA-seq,Endothelial,chrX:147927149_A>T,2.958894253,1,1,FMR1,intronic
Full-length RNA-seq,Endothelial,chrX:154351080_A>G,4.410686016,1,1,FLNA,intronic
Full-length RNA-seq,Endothelial,chrX:155545118_C>T,3.767245293,1,1,TMLHE,exonic
Full-length RNA-seq,Endothelial,chrX:23783323_C>A,4.065172195500001,2,1;8,SAT1,UTR5
Full-length RNA-seq,Endothelial,chrX:23783828_C>A,3.961067677,1,8,SAT1,exonic
Full-length RNA-seq,Endothelial,chrX:23784002_T>C,3.4882662294999998,2,1;8,SAT1,intronic
Full-length RNA-seq,Endothelial,chrX:45150626_T>C,0.767682493,1,1,DIPK2B,UTR3
Full-length RNA-seq,Endothelial,chrX:45190646_A>G,5.842306614,1,1,DIPK2B,intronic
Full-length RNA-seq,Endothelial,chrX:45191866_C>T,3.5037672520000003,2,1;8,DIPK2B,exonic
Full-length RNA-seq,Endothelial,chrX:53086006_T>C,4.468619347,1,8,TSPYL2,exonic
Full-length RNA-seq,Endothelial,chrX:53192982_A>T,4.847649097,1,8,KDM5C,exonic
Full-length RNA-seq,Endothelial,chrX:53198570_C>T,3.94169569,2,1;8,KDM5C,exonic
Full-length RNA-seq,Endothelial,chrX:53573880_C>T,2.6294786930000003,2,1;8,HUWE1,exonic
Full-length RNA-seq,Endothelial,chrX:54811644_C>T,1.3750938769999999,2,1;8,MAGED2,exonic
Full-length RNA-seq,Endothelial,chrX:71132182_G>A,0.38677308,1,1,MED12,exonic
Full-length RNA-seq,Endothelial,chrX:71547226_A>C,2.498230696,2,1;8,OGT,intronic
Full-length RNA-seq,Endothelial,chrX:74205220_G>T,0.521867573,1,1,FTX,ncRNA_intronic
Full-length RNA-seq,Endothelial,chrX:74271466_A>T,0.686745226,1,1,FTX,ncRNA_intronic
Full-length RNA-seq,Endothelial,chrX:77681597_C>T,2.358558416,1,1,ATRX,exonic
Full-length RNA-seq,Endothelial,chrX:990847_C>G,4.652330399,1,1,SHOX;CRLF2,intergenic
Full-length RNA-seq,Fibroblast,chr10:101798865_A>T,2.616692424,2,0;3,OGA,exonic
Full-length RNA-seq,Fibroblast,chr10:102121053_C>T,0.07831765,1,0,LDB1,upstream
Full-length RNA-seq,Fibroblast,chr10:102157648_G>A,0.132168904,1,0,NOLC1,intronic
Full-length RNA-seq,Fibroblast,chr10:102397678_T>C,2.735593796,1,3,NFKB2,exonic
Full-length RNA-seq,Fibroblast,chr10:102399706_A>G,2.86140871,1,3,NFKB2,exonic
Full-length RNA-seq,Fibroblast,chr10:102400746_G>A,1.204669952,2,0;3,NFKB2,exonic
Full-length RNA-seq,Fibroblast,chr10:103598473_C>T,2.0799519415,2,0;3,SH3PXD2A,UTR3
Full-length RNA-seq,Fibroblast,chr10:103617238_C>T,3.072241545,1,3,SH3PXD2A,exonic
Full-length RNA-seq,Fibroblast,chr10:1048550_C>G,4.163767815,1,3,IDI1,UTR5
Full-length RNA-seq,Fibroblast,chr10:110035536_A>C,2.365175962,1,0,ADD3,intronic
Full-length RNA-seq,Fibroblast,chr10:110507079_T>A,1.722181559,1,0,DUSP5,exonic
Full-length RNA-seq,Fibroblast,chr10:111079716_G>C,0.303958505,1,0,ADRA2A,UTR3
Full-length RNA-seq,Fibroblast,chr10:111079864_C>T,2.0251584645,2,0;3,ADRA2A,UTR3
Full-length RNA-seq,Fibroblast,chr10:11211819_T>A,3.1185477974999998,2,0;3,CELF2,intronic
Full-length RNA-seq,Fibroblast,chr10:11243164_G>A,4.672804832,1,0,CELF2,intronic
Full-length RNA-seq,Fibroblast,chr10:11261897_T>A,4.662808895,1,0,CELF2,intronic
Full-length RNA-seq,Fibroblast,chr10:11319199_C>A,4.7161941525,2,0;3,CELF2-AS1,ncRNA_exonic
Full-length RNA-seq,Fibroblast,chr10:114432065_A>G,3.459335089,1,0,ABLIM1,UTR3
Full-length RNA-seq,Fibroblast,chr10:119037160_C>T,3.30244267,2,0;3,EIF3A,exonic
Full-length RNA-seq,Fibroblast,chr10:119050433_C>G,0.9986535315,2,0;3,EIF3A,intronic
Full-length RNA-seq,Fibroblast,chr10:119207701_A>G,1.4245411755,2,0;3,GRK5,UTR5
Full-length RNA-seq,Fibroblast,chr10:119651800_A>G,3.078510284,1,3,BAG3,exonic
Full-length RNA-seq,Fibroblast,chr10:126118094_G>C,23.71862221,1,3,ADAM12,exonic
Full-length RNA-seq,Fibroblast,chr10:126158452_C>T,2.894171238,1,3,ADAM12,intronic
Full-length RNA-seq,Fibroblast,chr10:126278955_G>T,10.71515656,1,3,ADAM12,exonic
Full-length RNA-seq,Fibroblast,chr10:126388070_A>G,16.80298615,1,3,ADAM12,exonic
Full-length RNA-seq,Fibroblast,chr10:14583702_C>T,1.219659209,1,3,FAM107B,intronic
Full-length RNA-seq,Fibroblast,chr10:14604822_T>G,4.071642876,1,0,FAM107B,intronic
Full-length RNA-seq,Fibroblast,chr10:18668568_G>C,0.45884901299999997,1,0,ARL5B,exonic
Full-length RNA-seq,Fibroblast,chr10:24451467_G>A,5.69205761,1,3,KIAA1217,intronic
Full-length RNA-seq,Fibroblast,chr10:24474015_T>A,6.326967716,1,3,KIAA1217,exonic
Full-length RNA-seq,Fibroblast,chr10:24477807_G>C,0.8436715005,2,0;3,KIAA1217,intronic
Full-length RNA-seq,Fibroblast,chr10:24544184_G>A,2.397022963,1,3,KIAA1217,exonic
Full-length RNA-seq,Fibroblast,chr10:26860909_G>A,1.3688526155,2,0;3,ABI1,UTR5
Full-length RNA-seq,Fibroblast,chr10:27124515_C>T,5.6729688639999996,1,0,YME1L1,intronic
Full-length RNA-seq,Fibroblast,chr10:29467767_C>G,0.7084183395,2,0;3,SVIL,exonic
Full-length RNA-seq,Fibroblast,chr10:29656707_C>T,0.6091555955,2,0;3,SVIL,intronic
Full-length RNA-seq,Fibroblast,chr10:31469017_A>C,0.891129613,1,3,ZEB1,intronic
Full-length RNA-seq,Fibroblast,chr10:33182746_G>T,2.2527077795,2,0;3,NRP1,exonic
Full-length RNA-seq,Fibroblast,chr10:33197685_T>G,1.1121973395,2,0;3,NRP1,exonic
Full-length RNA-seq,Fibroblast,chr10:3778178_T>G,2.002259731,2,0;3,KLF6,UTR3
Full-length RNA-seq,Fibroblast,chr10:3781693_C>G,2.7247112985,2,0;3,KLF6,exonic
Full-length RNA-seq,Fibroblast,chr10:44377703_T>G,5.895931721,1,0,CXCL12,UTR3
Full-length RNA-seq,Fibroblast,chr10:44377725_T>C,2.411306858,1,0,CXCL12,UTR3
Full-length RNA-seq,Fibroblast,chr10:44378336_A>T,5.81621027,1,0,CXCL12,UTR3
Full-length RNA-seq,Fibroblast,chr10:44378345_T>A,0.729075432,1,0,CXCL12,UTR3
Full-length RNA-seq,Fibroblast,chr10:44378548_C>T,3.0362737175000003,2,0;3,CXCL12,UTR3
Full-length RNA-seq,Fibroblast,chr10:44378628_T>A,4.208158016,1,0,CXCL12,UTR3
Full-length RNA-seq,Fibroblast,chr10:44380820_C>G,4.767914772,1,0,CXCL12,exonic
Full-length RNA-seq,Fibroblast,chr10:44977606_C>T,2.358469248,1,0,DEPP1,exonic
Full-length RNA-seq,Fibroblast,chr10:45973080_T>C,2.286781669,2,0;3,TIMM23,intronic
Full-length RNA-seq,Fibroblast,chr10:48318730_T>A,0.152284086,1,0,MAPK8,intronic
Full-length RNA-seq,Fibroblast,chr10:4966043_G>A,1.440449595,1,0,AKR1C1,exonic
Full-length RNA-seq,Fibroblast,chr10:50068003_A>G,2.8960399624999997,2,0;3,WASHC2A,UTR5
Full-length RNA-seq,Fibroblast,chr10:51074559_G>A,2.182707071,1,3,PRKG1,UTR5
Full-length RNA-seq,Fibroblast,chr10:58394936_T>A,1.9982680085000002,2,0;3,TFAM,exonic
Full-length RNA-seq,Fibroblast,chr10:58796499_T>A,0.132185638,1,0,BICC1,exonic
Full-length RNA-seq,Fibroblast,chr10:62056710_T>G,2.332420349,1,0,ARID5B,intronic
Full-length RNA-seq,Fibroblast,chr10:62058325_T>A,1.0796598794999999,2,0;3,ARID5B,intronic
Full-length RNA-seq,Fibroblast,chr10:63209160_G>C,3.188903809,1,0,JMJD1C,exonic
Full-length RNA-seq,Fibroblast,chr10:63215318_A>G,0.369190514,1,0,JMJD1C,exonic
Full-length RNA-seq,Fibroblast,chr10:63237071_C>G,0.692070246,1,3,JMJD1C,intronic
Full-length RNA-seq,Fibroblast,chr10:63268710_A>G,1.92931807,1,0,JMJD1C,UTR5
Full-length RNA-seq,Fibroblast,chr10:63268849_C>T,3.1995484825,2,0;3,JMJD1C,UTR5
Full-length RNA-seq,Fibroblast,chr10:68333702_T>C,0.270476699,1,0,HNRNPH3,intronic
Full-length RNA-seq,Fibroblast,chr10:71816775_C>A,0.963614523,1,0,PSAP,UTR3
Full-length RNA-seq,Fibroblast,chr10:71850188_C>G,6.933156967,1,0,PSAP,intronic
Full-length RNA-seq,Fibroblast,chr10:73095924_A>T,2.837539434,1,0,P4HA1,intronic
Full-length RNA-seq,Fibroblast,chr10:73813148_A>G,1.0148569945,2,0;3,CAMK2G,UTR3
Full-length RNA-seq,Fibroblast,chr10:78035565_G>A,3.800499678,1,0,RPS24,exonic
Full-length RNA-seq,Fibroblast,chr10:78035654_C>T,3.136179209,1,0,RPS24,exonic
Full-length RNA-seq,Fibroblast,chr10:78037234_G>A,4.6253669265,2,0;3,RPS24,exonic
Full-length RNA-seq,Fibroblast,chr10:78037279_A>G,5.272611618,1,0,RPS24,exonic
Full-length RNA-seq,Fibroblast,chr10:79313578_T>C,0.885369182,1,0,ZMIZ1,UTR3
Full-length RNA-seq,Fibroblast,chr10:80171586_C>T,1.734247565,1,3,ANXA11,intronic
Full-length RNA-seq,Fibroblast,chr10:86968481_C>G,0.319457531,1,0,ADIRF,upstream
Full-length RNA-seq,Fibroblast,chr10:86970580_T>C,1.278236508,1,0,ADIRF,exonic
Full-length RNA-seq,Fibroblast,chr10:87051853_G>T,1.270421624,2,0;3,GLUD1,exonic
Full-length RNA-seq,Fibroblast,chr10:87077046_C>G,0.91003412,2,0;3,GLUD1,intronic
Full-length RNA-seq,Fibroblast,chr10:88947333_C>G,3.6157104970000002,2,0;3,ACTA2,exonic
Full-length RNA-seq,Fibroblast,chr10:89010574_C>A,0.228959933,1,0,FAS,exonic
Full-length RNA-seq,Fibroblast,chr10:908627_G>T,0.6332517865,2,0;3,LARP4B,intronic
Full-length RNA-seq,Fibroblast,chr10:95432470_G>T,2.6246596574999996,2,0;3,SORBS1,exonic
Full-length RNA-seq,Fibroblast,chr10:97358618_T>G,3.52895689,2,0;3,RRP12,exonic
Full-length RNA-seq,Fibroblast,chr11:10305996_C>A,9.144989014,1,0,ADM,exonic
Full-length RNA-seq,Fibroblast,chr11:10307376_C>G,0.072808243,1,0,ADM,UTR3
Full-length RNA-seq,Fibroblast,chr11:10509597_G>T,3.437850118,2,0;3,MTRNR2L8,upstream
Full-length RNA-seq,Fibroblast,chr11:10760242_T>A,0.571506619,2,0;3,CTR9,exonic
Full-length RNA-seq,Fibroblast,chr11:111908772_T>G,4.566507816,1,0,CRYAB,exonic
Full-length RNA-seq,Fibroblast,chr11:111910774_G>T,5.71214056,1,0,CRYAB,intronic
Full-length RNA-seq,Fibroblast,chr11:111910890_C>T,8.170386314,1,0,CRYAB,intronic
Full-length RNA-seq,Fibroblast,chr11:112085309_T>G,5.77908206,2,0;3,TIMM8B,exonic
Full-length RNA-seq,Fibroblast,chr11:114298227_C>A,5.290618896,1,0,NNMT,intronic
Full-length RNA-seq,Fibroblast,chr11:114302362_T>G,2.804562569,1,0,NNMT,intronic
Full-length RNA-seq,Fibroblast,chr11:114312503_T>A,2.532625675,1,0,NNMT,UTR3
Full-length RNA-seq,Fibroblast,chr11:116846507_A>G,1.631793141,1,3,SIK3,exonic
Full-length RNA-seq,Fibroblast,chr11:116863690_C>T,1.535790324,1,3,SIK3,exonic
Full-length RNA-seq,Fibroblast,chr11:116870237_C>T,1.807907701,1,3,SIK3,intronic
Full-length RNA-seq,Fibroblast,chr11:116874268_A>G,5.742431879,2,0;3,SIK3,intronic
Full-length RNA-seq,Fibroblast,chr11:117042399_C>T,3.099710107,2,0;3,SIK3,intronic
Full-length RNA-seq,Fibroblast,chr11:117064606_C>T,4.77122581,2,0;3,SIK3,intronic
Full-length RNA-seq,Fibroblast,chr11:117396585_G>C,0.599083126,1,3,CEP164,exonic
Full-length RNA-seq,Fibroblast,chr11:118609171_T>A,5.728053093,1,0,PHLDB1,intronic
Full-length RNA-seq,Fibroblast,chr11:118616153_T>C,2.93319416,1,0,PHLDB1,exonic
Full-length RNA-seq,Fibroblast,chr11:11885987_G>A,6.891797066,1,3,USP47,intronic
Full-length RNA-seq,Fibroblast,chr11:119017975_C>T,0.979505241,2,0;3,RPS25,exonic
Full-length RNA-seq,Fibroblast,chr11:119018036_C>G,2.901494026,1,3,RPS25,exonic
Full-length RNA-seq,Fibroblast,chr11:119018041_C>T,1.5371499655,2,0;3,RPS25,exonic
Full-length RNA-seq,Fibroblast,chr11:119094059_G>T,1.5977762345,2,0;3,H2AX,UTR3
Full-length RNA-seq,Fibroblast,chr11:119420178_G>T,6.04611969,1,0,THY1,exonic
Full-length RNA-seq,Fibroblast,chr11:123059163_C>T,0.14432928,1,0,HSPA8,exonic
Full-length RNA-seq,Fibroblast,chr11:123059330_A>G,5.4595742225,2,0;3,HSPA8,intronic
Full-length RNA-seq,Fibroblast,chr11:123061150_C>T,3.829405546,1,3,HSPA8,exonic
Full-length RNA-seq,Fibroblast,chr11:123194972_C>T,4.485458374,1,3,CLMP,UTR5
Full-length RNA-seq,Fibroblast,chr11:126265388_C>T,5.592346549,2,0;3,SRPRA,exonic
Full-length RNA-seq,Fibroblast,chr11:126265423_T>G,0.970428169,1,0,SRPRA,exonic
Full-length RNA-seq,Fibroblast,chr11:126406997_G>C,1.332865596,2,0;3,ST3GAL4,exonic
Full-length RNA-seq,Fibroblast,chr11:128461388_A>G,0.393701673,1,3,ETS1,UTR3
Full-length RNA-seq,Fibroblast,chr11:17075457_T>G,1.3039030236666667,3,0;10;3,RPS13,exonic
Full-length RNA-seq,Fibroblast,chr11:17075477_T>G,0.611450911,1,0,RPS13,exonic
Full-length RNA-seq,Fibroblast,chr11:1753474_T>G,2.8324563505,2,0;3,CTSD,UTR3
Full-length RNA-seq,Fibroblast,chr11:18335916_A>C,2.3853144645,2,0;3,GTF2H1,exonic
Full-length RNA-seq,Fibroblast,chr11:1869360_A>C,10.94389153,1,0,LSP1,intronic
Full-length RNA-seq,Fibroblast,chr11:1881510_G>A,5.951471329,1,0,LSP1,exonic
Full-length RNA-seq,Fibroblast,chr11:1888716_T>A,10.4762888,1,0,LSP1,intronic
Full-length RNA-seq,Fibroblast,chr11:2130694_C>T,2.832742453,1,3,IGF2,UTR3
Full-length RNA-seq,Fibroblast,chr11:2131592_G>T,0.786729157,1,0,IGF2,UTR3
Full-length RNA-seq,Fibroblast,chr11:2131871_G>C,1.900642872,1,0,IGF2,UTR3
Full-length RNA-seq,Fibroblast,chr11:2131966_G>T,0.72352761,1,0,IGF2,UTR3
Full-length RNA-seq,Fibroblast,chr11:2132031_G>T,5.604474545,1,3,IGF2,UTR3
Full-length RNA-seq,Fibroblast,chr11:2395874_C>T,2.037168026,1,0,CD81,exonic
Full-length RNA-seq,Fibroblast,chr11:2439905_T>C,4.661621571,1,0,TRPM5;KCNQ1,intergenic
Full-length RNA-seq,Fibroblast,chr11:2699604_A>G,0.7431592346666667,3,0;10;3,KCNQ1OT1,ncRNA_exonic
Full-length RNA-seq,Fibroblast,chr11:295162_G>A,2.2453440425,2,0;3,PGGHG,UTR3
Full-length RNA-seq,Fibroblast,chr11:32091443_A>G,4.013203144,1,0,RCN1,exonic
Full-length RNA-seq,Fibroblast,chr11:32602312_G>A,2.650347471,1,0,EIF3M,exonic
Full-length RNA-seq,Fibroblast,chr11:34052513_A>T,2.563327074,1,3,CAPRIN1,exonic
Full-length RNA-seq,Fibroblast,chr11:34259102_T>A,1.562418699,1,0,ABTB2,intronic
Full-length RNA-seq,Fibroblast,chr11:35185155_G>C,1.118531942,2,0;3,CD44,intronic
Full-length RNA-seq,Fibroblast,chr11:35186858_G>A,2.423213005,1,3,CD44,exonic
Full-length RNA-seq,Fibroblast,chr11:35189917_T>A,1.5854256155,2,0;3,CD44,exonic
Full-length RNA-seq,Fibroblast,chr11:35192064_G>C,2.036364555,1,0,CD44,intronic
Full-length RNA-seq,Fibroblast,chr11:35194347_T>G,2.732495308,1,0,CD44,intronic
Full-length RNA-seq,Fibroblast,chr11:35204927_G>A,1.1516447665,2,0;3,CD44,intronic
Full-length RNA-seq,Fibroblast,chr11:35205715_T>C,5.279918194,1,0,CD44,intronic
Full-length RNA-seq,Fibroblast,chr11:35208685_T>A,4.256040573,1,0,CD44,intronic
Full-length RNA-seq,Fibroblast,chr11:35229222_T>A,3.296035051,2,0;3,CD44,exonic
Full-length RNA-seq,Fibroblast,chr11:35230831_A>C,3.8237969874999997,2,0;3,CD44,UTR3
Full-length RNA-seq,Fibroblast,chr11:35230937_G>A,2.976263285,1,0,CD44,UTR3
Full-length RNA-seq,Fibroblast,chr11:3680255_G>T,0.79194355,1,3,NUP98,intronic
Full-length RNA-seq,Fibroblast,chr11:47412365_G>A,0.669530511,1,3,SLC39A13,exonic
Full-length RNA-seq,Fibroblast,chr11:47725602_A>T,6.6432750225,2,0;3,FNBP4,intronic
Full-length RNA-seq,Fibroblast,chr11:5696688_G>C,9.5249180805,2,0;3,TRIM22,intronic
Full-length RNA-seq,Fibroblast,chr11:5709964_T>C,4.009383678,1,0,TRIM22,UTR3
Full-length RNA-seq,Fibroblast,chr11:57421848_A>G,1.90895164,1,0,SLC43A3,intronic
Full-length RNA-seq,Fibroblast,chr11:57600021_T>A,4.349658012,1,0,SERPING1,exonic
Full-length RNA-seq,Fibroblast,chr11:57600087_C>A,6.131095886000001,2,0;3,SERPING1,exonic
Full-length RNA-seq,Fibroblast,chr11:57794049_A>C,1.088380456,1,3,CTNND1,exonic
Full-length RNA-seq,Fibroblast,chr11:61878174_C>T,1.884227037,1,0,FADS3,exonic
Full-length RNA-seq,Fibroblast,chr11:61964755_G>C,0.506112635,1,0,FTH1,exonic
Full-length RNA-seq,Fibroblast,chr11:61964995_C>T,2.730341434,1,3,FTH1,exonic
Full-length RNA-seq,Fibroblast,chr11:61967389_A>T,1.96655643,1,3,FTH1,exonic
Full-length RNA-seq,Fibroblast,chr11:62520147_A>C,1.685644865,1,0,AHNAK,exonic
Full-length RNA-seq,Fibroblast,chr11:62521560_A>C,2.31782341,1,0,AHNAK,exonic
Full-length RNA-seq,Fibroblast,chr11:62526018_G>T,1.373163223,1,0,AHNAK,exonic
Full-length RNA-seq,Fibroblast,chr11:62529029_C>T,3.4748389719999997,2,0;3,AHNAK,exonic
Full-length RNA-seq,Fibroblast,chr11:62546552_T>C,0.820789814,1,3,AHNAK,intronic
Full-length RNA-seq,Fibroblast,chr11:62546553_G>A,3.621741295,2,0;3,AHNAK,intronic
Full-length RNA-seq,Fibroblast,chr11:62796105_G>T,1.6764252185,2,0;3,NXF1,exonic
Full-length RNA-seq,Fibroblast,chr11:62799156_A>C,1.974206924,1,0,NXF1,UTR3
Full-length RNA-seq,Fibroblast,chr11:62841615_G>T,4.184925079,1,0,WDR74,UTR5
Full-length RNA-seq,Fibroblast,chr11:63659237_C>T,0.8423277435000001,2,0;3,ATL3,exonic
Full-length RNA-seq,Fibroblast,chr11:63900676_G>C,0.6656447350000001,2,0;3,MARK2,exonic
Full-length RNA-seq,Fibroblast,chr11:64200014_A>C,1.643212199,1,3,STIP1,exonic
Full-length RNA-seq,Fibroblast,chr11:64765399_T>G,4.914186478,1,3,SF1,exonic
Full-length RNA-seq,Fibroblast,chr11:64773400_A>G,0.938859433,2,0;3,SF1,intronic
Full-length RNA-seq,Fibroblast,chr11:65120700_C>T,4.610622883,1,0,FAU,exonic
Full-length RNA-seq,Fibroblast,chr11:65419417_T>C,2.558080912,1,0,FRMD8;NEAT1,intergenic
Full-length RNA-seq,Fibroblast,chr11:65422796_C>G,1.4975739715,2,0;3,NEAT1,upstream
Full-length RNA-seq,Fibroblast,chr11:65425308_A>G,3.22432518,1,3,NEAT1,ncRNA_exonic
Full-length RNA-seq,Fibroblast,chr11:65499800_T>A,6.3863830565,2,0;3,MALAT1;TALAM1,ncRNA_exonic
Full-length RNA-seq,Fibroblast,chr11:65501937_T>A,4.249946713,2,0;3,MALAT1;TALAM1,ncRNA_exonic
Full-length RNA-seq,Fibroblast,chr11:65573698_G>A,1.435513735,1,0,FAM89B,UTR3
Full-length RNA-seq,Fibroblast,chr11:65625264_G>A,1.857812762,1,3,PCNX3,exonic
Full-length RNA-seq,Fibroblast,chr11:65664044_G>C,0.831119597,1,0,RELA;KAT5,intergenic
Full-length RNA-seq,Fibroblast,chr11:65835014_C>T,3.45519352,1,0,SNX32,intronic
Full-length RNA-seq,Fibroblast,chr11:65893054_G>T,0.240077808,1,0,FOSL1,exonic
Full-length RNA-seq,Fibroblast,chr11:66072937_T>A,3.157045364,1,0,PACS1,intronic
Full-length RNA-seq,Fibroblast,chr11:66097445_C>A,0.485113263,2,0;3,PACS1,intronic
Full-length RNA-seq,Fibroblast,chr11:66277239_A>C,3.17650795,1,0,RAB1B,UTR3
Full-length RNA-seq,Fibroblast,chr11:66314987_G>T,0.992619276,1,0,CD248,exonic
Full-length RNA-seq,Fibroblast,chr11:66315806_G>C,8.809559822,1,0,CD248,exonic
Full-length RNA-seq,Fibroblast,chr11:66316103_G>A,3.509647131,1,0,CD248,exonic
Full-length RNA-seq,Fibroblast,chr11:68042076_T>A,4.005859375,1,3,TCIRG1,intronic
Full-length RNA-seq,Fibroblast,chr11:72003417_C>T,3.050518274,1,0,NUMA1,UTR3
Full-length RNA-seq,Fibroblast,chr11:73357271_C>A,4.9983605145,2,0;3,ARHGEF17,exonic
Full-length RNA-seq,Fibroblast,chr11:73376799_G>A,2.6016328335,2,0;3,RELT,UTR5
Full-length RNA-seq,Fibroblast,chr11:73376924_C>A,0.539461553,1,0,RELT,intronic
Full-length RNA-seq,Fibroblast,chr11:73401525_G>T,3.3020017145000002,2,0;3,FAM168A,UTR3
Full-length RNA-seq,Fibroblast,chr11:75400803_A>C,0.6531494554999999,2,0;3,RPS3,exonic
Full-length RNA-seq,Fibroblast,chr11:75562687_G>A,2.341282487,2,0;3,SERPINH1,intronic
Full-length RNA-seq,Fibroblast,chr11:75562788_G>A,3.6509667635,2,0;3,SERPINH1,intronic
Full-length RNA-seq,Fibroblast,chr11:75563690_C>T,4.728295326,1,0,SERPINH1,intronic
Full-length RNA-seq,Fibroblast,chr11:75569168_G>A,1.483362317,1,0,SERPINH1,exonic
Full-length RNA-seq,Fibroblast,chr11:76496399_T>A,2.064946115,2,0;3,EMSY,exonic
Full-length RNA-seq,Fibroblast,chr11:78221697_C>T,0.353976399,1,0,GAB2,exonic
Full-length RNA-seq,Fibroblast,chr11:810353_A>G,0.767097414,1,0,RPLP2,exonic
Full-length RNA-seq,Fibroblast,chr11:811615_G>A,0.812265396,1,0,RPLP2,exonic
Full-length RNA-seq,Fibroblast,chr11:85959000_C>T,0.079819404,1,0,PICALM,UTR3
Full-length RNA-seq,Fibroblast,chr11:85981138_A>T,6.0028088095,2,0;3,PICALM,exonic
Full-length RNA-seq,Fibroblast,chr11:8684116_T>A,1.044510603,1,0,RPL27A,intronic
Full-length RNA-seq,Fibroblast,chr11:8685686_C>T,2.229644775,1,0,RPL27A,exonic
Full-length RNA-seq,Fibroblast,chr11:9000240_A>G,1.640633583,1,0,NRIP3,intronic
Full-length RNA-seq,Fibroblast,chr11:9258408_A>T,1.3155654074999998,2,0;3,DENND5A,intronic
Full-length RNA-seq,Fibroblast,chr11:93734746_A>T,1.435506344,2,0;3,MIR1304;SNORA40;TAF1D,upstream;downstream
Full-length RNA-seq,Fibroblast,chr11:94971409_A>T,0.315749615,1,0,CWC15,exonic
Full-length RNA-seq,Fibroblast,chr11:95166787_T>G,3.9932398795,2,0;3,SESN3,UTR3
Full-length RNA-seq,Fibroblast,chr11:95197366_C>T,0.606975317,1,3,SESN3,intronic
Full-length RNA-seq,Fibroblast,chr11:95229494_C>G,2.851556301,1,0,SESN3,intronic
Full-length RNA-seq,Fibroblast,chr12:10220854_T>C,0.911191523,1,0,GABARAPL1,UTR3
Full-length RNA-seq,Fibroblast,chr12:103932292_T>A,5.992330551,1,0,HSP90B1,exonic
Full-length RNA-seq,Fibroblast,chr12:104457833_T>G,2.929410934,1,0,CHST11,intronic
Full-length RNA-seq,Fibroblast,chr12:104463109_G>C,2.297305703,2,0;3,CHST11,intronic
Full-length RNA-seq,Fibroblast,chr12:104497365_G>A,5.9720790385,2,0;3,CHST11,intronic
Full-length RNA-seq,Fibroblast,chr12:104670487_T>A,0.067720383,1,0,CHST11,intronic
Full-length RNA-seq,Fibroblast,chr12:104670496_T>C,0.591849089,1,0,CHST11,intronic
Full-length RNA-seq,Fibroblast,chr12:107066790_T>A,2.865079641,1,0,CRY1,intronic
Full-length RNA-seq,Fibroblast,chr12:10716640_T>G,5.694007397,1,0,YBX3,intronic
Full-length RNA-seq,Fibroblast,chr12:108563218_C>A,4.2113153935,2,0;3,ISCU,intronic
Full-length RNA-seq,Fibroblast,chr12:109907541_G>C,1.34256041,1,3,TCHP,exonic
Full-length RNA-seq,Fibroblast,chr12:109938775_G>C,1.257520676,1,0,GIT2,intronic
Full-length RNA-seq,Fibroblast,chr12:11165099_A>T,2.504328728,1,0,PRH1-PRR4,ncRNA_intronic
Full-length RNA-seq,Fibroblast,chr12:112405950_A>T,0.707378566,1,0,RPL6,exonic
Full-length RNA-seq,Fibroblast,chr12:112405952_A>T,1.871513247,1,0,RPL6,exonic
Full-length RNA-seq,Fibroblast,chr12:112408301_A>C,1.33435595,1,0,RPL6,exonic
Full-length RNA-seq,Fibroblast,chr12:113390565_A>G,1.8418551286666667,3,0;10;3,PLBD2,UTR3
Full-length RNA-seq,Fibroblast,chr12:118332639_C>T,10.63431692,2,0;3,TAOK3,intronic
Full-length RNA-seq,Fibroblast,chr12:118372725_C>G,4.223611832,1,3,TAOK3,UTR5
Full-length RNA-seq,Fibroblast,chr12:119767116_T>G,0.668778837,1,0,CIT,exonic
Full-length RNA-seq,Fibroblast,chr12:120198620_A>G,1.519232154,1,0,RPLP0,exonic
Full-length RNA-seq,Fibroblast,chr12:120198694_C>T,0.443545192,1,0,RPLP0,exonic
Full-length RNA-seq,Fibroblast,chr12:120198699_G>T,1.076864719,1,0,RPLP0,exonic
Full-length RNA-seq,Fibroblast,chr12:120199164_G>C,2.496040821,1,0,RPLP0,exonic
Full-length RNA-seq,Fibroblast,chr12:120496472_G>A,1.846427798,1,0,DYNLL1,exonic
Full-length RNA-seq,Fibroblast,chr12:122079092_G>A,5.770471573,1,3,MLXIP,exonic
Full-length RNA-seq,Fibroblast,chr12:122767557_G>C,0.371989101,1,0,DENR,exonic
Full-length RNA-seq,Fibroblast,chr12:124400514_C>T,0.531951666,1,3,NCOR2,exonic
Full-length RNA-seq,Fibroblast,chr12:124411275_G>C,0.789649934,2,0;3,NCOR2,intronic
Full-length RNA-seq,Fibroblast,chr12:124431518_T>A,0.449296474,1,0,NCOR2,intronic
Full-length RNA-seq,Fibroblast,chr12:124439358_C>T,1.638753653,1,0,NCOR2,intronic
Full-length RNA-seq,Fibroblast,chr12:124439441_C>A,0.75672549,1,10,NCOR2,intronic
Full-length RNA-seq,Fibroblast,chr12:124473088_C>G,2.72983706,2,0;3,NCOR2,exonic
Full-length RNA-seq,Fibroblast,chr12:124912059_G>A,3.392166376,1,3,UBC,exonic
Full-length RNA-seq,Fibroblast,chr12:124912543_A>G,4.79140234,1,3,UBC,exonic
Full-length RNA-seq,Fibroblast,chr12:124912971_G>T,2.873478413,1,3,UBC,exonic
Full-length RNA-seq,Fibroblast,chr12:124913349_A>G,0.229154691,1,0,UBC,exonic
Full-length RNA-seq,Fibroblast,chr12:124913499_A>G,2.111102819,1,3,UBC,exonic
Full-length RNA-seq,Fibroblast,chr12:127166025_C>A,1.048794627,1,0,LINC02405;LINC02376,intergenic
Full-length RNA-seq,Fibroblast,chr12:131856450_C>G,0.693678856,1,0,MMP17;ULK1,intergenic
Full-length RNA-seq,Fibroblast,chr12:131977863_G>T,0.543704987,1,0,EP400,intronic
Full-length RNA-seq,Fibroblast,chr12:131982343_G>A,1.053843856,1,3,EP400,exonic
Full-length RNA-seq,Fibroblast,chr12:132018354_G>A,2.7241176365,2,0;3,EP400,exonic
Full-length RNA-seq,Fibroblast,chr12:132554430_A>C,2.47365427,2,0;3,FBRSL1,intronic
Full-length RNA-seq,Fibroblast,chr12:132571579_G>A,5.869389057,1,3,FBRSL1,intronic
Full-length RNA-seq,Fibroblast,chr12:132738179_C>T,4.226120234,2,0;3,ANKLE2,intronic
Full-length RNA-seq,Fibroblast,chr12:132754981_C>G,1.841155052,1,3,ANKLE2,exonic
Full-length RNA-seq,Fibroblast,chr12:14424132_G>A,3.9956190585,2,0;3,ATF7IP,exonic
Full-length RNA-seq,Fibroblast,chr12:14436221_C>A,0.9527857605000001,2,0;3,ATF7IP,exonic
Full-length RNA-seq,Fibroblast,chr12:14791086_A>T,1.380437255,2,0;3,WBP11,intronic
Full-length RNA-seq,Fibroblast,chr12:14882219_G>T,3.271664381,1,0,MGP,exonic
Full-length RNA-seq,Fibroblast,chr12:14883025_A>T,6.713067532,1,0,MGP,exonic
Full-length RNA-seq,Fibroblast,chr12:14885835_G>A,5.433774948,1,0,MGP,UTR5
Full-length RNA-seq,Fibroblast,chr12:20389684_T>C,1.1925850215,2,0;3,PDE3A,intronic
Full-length RNA-seq,Fibroblast,chr12:2255833_A>G,3.2547336815,2,0;3,CACNA1C,intronic
Full-length RNA-seq,Fibroblast,chr12:2256000_C>A,5.697907925,1,0,CACNA1C,intronic
Full-length RNA-seq,Fibroblast,chr12:2268850_G>T,9.416630745,1,0,CACNA1C,intronic
Full-length RNA-seq,Fibroblast,chr12:27380265_T>A,0.842418849,1,0,ARNTL2,exonic
Full-length RNA-seq,Fibroblast,chr12:2796343_C>T,5.884346485,1,0,ITFG2-AS1,ncRNA_intronic
Full-length RNA-seq,Fibroblast,chr12:2800083_G>C,3.393890381,1,3,FKBP4,exonic
Full-length RNA-seq,Fibroblast,chr12:2800099_G>C,1.123132706,1,3,FKBP4,exonic
Full-length RNA-seq,Fibroblast,chr12:29751836_C>T,0.44416381400000005,2,0;3,TMTC1,exonic
Full-length RNA-seq,Fibroblast,chr12:31084988_G>C,2.773308516,1,0,DDX11,exonic
Full-length RNA-seq,Fibroblast,chr12:32337685_G>C,1.2218105795,2,0;3,BICD1,exonic
Full-length RNA-seq,Fibroblast,chr12:389257_T>C,1.9855628015,2,0;3,KDM5A,UTR5
Full-length RNA-seq,Fibroblast,chr12:45922561_C>T,2.4057008625,2,0;3,SCAF11,exonic
Full-length RNA-seq,Fibroblast,chr12:46359890_A>G,1.662307143,1,0,SLC38A2,UTR3
Full-length RNA-seq,Fibroblast,chr12:46360709_T>G,2.935487747,2,0;3,SLC38A2,UTR3
Full-length RNA-seq,Fibroblast,chr12:46362173_G>T,0.12723507,1,0,SLC38A2,intronic
Full-length RNA-seq,Fibroblast,chr12:46362614_A>G,2.392156124,1,0,SLC38A2,exonic
Full-length RNA-seq,Fibroblast,chr12:48918273_A>G,2.173840523,1,0,CCDC65,splicing
Full-length RNA-seq,Fibroblast,chr12:49033443_C>T,0.665086031,1,3,KMT2D,exonic
Full-length RNA-seq,Fibroblast,chr12:49040436_T>A,3.659915209,1,0,KMT2D,exonic
Full-length RNA-seq,Fibroblast,chr12:49185826_A>T,6.910600662,1,0,TUBA1A,exonic
Full-length RNA-seq,Fibroblast,chr12:49188988_C>T,3.9350606200000002,2,0;3,TUBA1A,UTR5
Full-length RNA-seq,Fibroblast,chr12:49560303_A>G,0.731382847,1,3,MCRS1,exonic
Full-length RNA-seq,Fibroblast,chr12:49564810_G>T,2.568988681,2,0;3,MCRS1,exonic
Full-length RNA-seq,Fibroblast,chr12:52017280_G>A,2.440719962,2,0;3,TAMALIN;NR4A1,intergenic
Full-length RNA-seq,Fibroblast,chr12:52032828_C>A,2.282628775,1,0,NR4A1,intronic
Full-length RNA-seq,Fibroblast,chr12:52051666_G>C,3.8582879305000004,2,0;3,NR4A1,intronic
Full-length RNA-seq,Fibroblast,chr12:52054389_C>A,6.204715252,1,3,NR4A1,exonic
Full-length RNA-seq,Fibroblast,chr12:52054607_C>A,9.023418427,1,3,NR4A1,exonic
Full-length RNA-seq,Fibroblast,chr12:52055648_C>A,2.8278324605000003,2,0;3,NR4A1,intronic
Full-length RNA-seq,Fibroblast,chr12:52057478_G>T,0.358865321,1,0,NR4A1,exonic
Full-length RNA-seq,Fibroblast,chr12:52491141_C>T,2.5525093080000003,2,0;3,KRT6A,exonic
Full-length RNA-seq,Fibroblast,chr12:52674952_A>T,2.555789709,1,0,KRT1,UTR3
Full-length RNA-seq,Fibroblast,chr12:53100734_G>C,1.527053237,1,0,IGFBP6,exonic
Full-length RNA-seq,Fibroblast,chr12:53299850_G>A,1.736580849,1,0,MYG1,exonic
Full-length RNA-seq,Fibroblast,chr12:53454557_C>A,5.424007893,1,0,PCBP2,intronic
Full-length RNA-seq,Fibroblast,chr12:53468808_T>C,1.099160194,1,0,PCBP2,exonic
Full-length RNA-seq,Fibroblast,chr12:53468813_A>T,0.733037114,1,0,PCBP2,exonic
Full-length RNA-seq,Fibroblast,chr12:53480597_C>A,4.625104427,1,0,MAP3K12;PCBP2,UTR3
Full-length RNA-seq,Fibroblast,chr12:55725586_A>T,2.5006978515,2,0;3,CD63,exonic
Full-length RNA-seq,Fibroblast,chr12:55727296_A>T,3.658501148,1,3,CD63,exonic
Full-length RNA-seq,Fibroblast,chr12:55753944_T>C,5.735663414,1,0,GDF11,UTR3
Full-length RNA-seq,Fibroblast,chr12:55840820_G>A,1.74426496,1,0,MMP19,exonic
Full-length RNA-seq,Fibroblast,chr12:56712846_C>A,2.774856806,1,0,NACA,exonic
Full-length RNA-seq,Fibroblast,chr12:57128774_G>A,4.636281967,1,3,LRP1,UTR5
Full-length RNA-seq,Fibroblast,chr12:57128926_C>A,4.172023773,1,0,LRP1,UTR5
Full-length RNA-seq,Fibroblast,chr12:57145257_T>C,3.713085413,1,3,LRP1,exonic
Full-length RNA-seq,Fibroblast,chr12:57159934_T>A,1.383388996,1,0,LRP1,exonic
Full-length RNA-seq,Fibroblast,chr12:57161078_G>A,1.460329413,1,0,LRP1,exonic
Full-length RNA-seq,Fibroblast,chr12:57167478_C>A,0.652986288,1,0,LRP1,exonic
Full-length RNA-seq,Fibroblast,chr12:57173270_T>A,1.107274294,1,0,LRP1,exonic
Full-length RNA-seq,Fibroblast,chr12:57178947_T>G,3.206649303,1,0,LRP1,exonic
Full-length RNA-seq,Fibroblast,chr12:57185198_G>A,3.6735228299999996,2,0;3,LRP1,exonic
Full-length RNA-seq,Fibroblast,chr12:57193239_T>A,2.50603056,1,0,LRP1,exonic
Full-length RNA-seq,Fibroblast,chr12:57193962_G>A,1.097450495,1,0,LRP1,exonic
Full-length RNA-seq,Fibroblast,chr12:57198231_G>A,2.236512661,1,0,LRP1,exonic
Full-length RNA-seq,Fibroblast,chr12:57199987_G>A,1.824013352,1,0,LRP1,exonic
Full-length RNA-seq,Fibroblast,chr12:57201616_T>A,3.639064312,1,0,LRP1,exonic
Full-length RNA-seq,Fibroblast,chr12:57202508_G>A,2.268725872,1,0,LRP1,exonic
Full-length RNA-seq,Fibroblast,chr12:57203400_C>A,3.309271812,1,0,LRP1,exonic
Full-length RNA-seq,Fibroblast,chr12:57206661_C>A,2.330005646,1,0,LRP1,exonic
Full-length RNA-seq,Fibroblast,chr12:57209859_C>A,1.353844047,1,0,LRP1,exonic
Full-length RNA-seq,Fibroblast,chr12:57210805_C>A,2.045305967,1,0,LRP1,exonic
Full-length RNA-seq,Fibroblast,chr12:57211572_A>G,3.278905869,1,3,LRP1,exonic
Full-length RNA-seq,Fibroblast,chr12:62109848_A>T,2.546026945,1,0,TAFA2,intronic
Full-length RNA-seq,Fibroblast,chr12:6390848_G>A,2.2340412140000003,2,0;3,LTBR,exonic
Full-length RNA-seq,Fibroblast,chr12:63983972_A>G,7.402962685,1,3,SRGAP1,exonic
Full-length RNA-seq,Fibroblast,chr12:6464497_G>C,0.454519898,1,0,VAMP1,UTR3
Full-length RNA-seq,Fibroblast,chr12:6534834_T>A,0.03451515,1,0,GAPDH,exonic
Full-length RNA-seq,Fibroblast,chr12:6548993_A>C,4.026163101,1,0,IFFO1,intronic
Full-length RNA-seq,Fibroblast,chr12:6868019_A>T,3.448581457,1,0,TPI1,intronic
Full-length RNA-seq,Fibroblast,chr12:6868159_A>G,4.1388299465,2,0;3,TPI1,UTR5
Full-length RNA-seq,Fibroblast,chr12:6868947_T>A,3.8852146865000003,2,0;3,TPI1,exonic
Full-length RNA-seq,Fibroblast,chr12:6870883_G>A,3.742558241,1,0,TPI1,UTR3
Full-length RNA-seq,Fibroblast,chr12:68871902_C>T,0.508625269,1,3,CPM,exonic
Full-length RNA-seq,Fibroblast,chr12:69262609_T>C,5.657473326,2,0;3,CPSF6,intronic
Full-length RNA-seq,Fibroblast,chr12:6935620_G>A,2.0706385375,2,0;3,ATN1,exonic
Full-length RNA-seq,Fibroblast,chr12:6944638_G>A,0.887584984,1,0,C12orf57,exonic
Full-length RNA-seq,Fibroblast,chr12:6982762_G>A,0.300798297,1,0,LPCAT3,exonic
Full-length RNA-seq,Fibroblast,chr12:7061865_C>A,4.607788563,1,3,C1S,UTR5
Full-length RNA-seq,Fibroblast,chr12:7062987_A>G,1.530853033,1,16,C1S,exonic
Full-length RNA-seq,Fibroblast,chr12:7070028_G>A,3.9472095964999996,2,0;3,C1S,exonic
Full-length RNA-seq,Fibroblast,chr12:7070393_C>T,2.351458311,2,0;3,C1S,exonic
Full-length RNA-seq,Fibroblast,chr12:7080673_T>A,2.472480297,1,0,C1R,exonic
Full-length RNA-seq,Fibroblast,chr12:7081134_G>T,1.884842992,1,0,C1R,exonic
Full-length RNA-seq,Fibroblast,chr12:7085868_A>T,4.230297446,2,0;3,C1R,exonic
Full-length RNA-seq,Fibroblast,chr12:7089483_C>T,0.184670538,1,0,C1R,exonic
Full-length RNA-seq,Fibroblast,chr12:7089675_G>T,1.532156587,1,3,C1R,exonic
Full-length RNA-seq,Fibroblast,chr12:7091638_T>G,2.293446541,1,0,C1R,exonic
Full-length RNA-seq,Fibroblast,chr12:7133031_G>C,4.404604912,1,0,CLSTN3,exonic
Full-length RNA-seq,Fibroblast,chr12:7137065_G>A,2.392764807,2,0;3,CLSTN3,exonic
Full-length RNA-seq,Fibroblast,chr12:7149086_A>T,1.870493293,1,0,CLSTN3,exonic
Full-length RNA-seq,Fibroblast,chr12:7149647_G>A,2.060323954,1,0,CLSTN3,exonic
Full-length RNA-seq,Fibroblast,chr12:76030827_C>T,7.707419872,1,3,PHLDA1,exonic
Full-length RNA-seq,Fibroblast,chr12:76030967_C>T,3.5221278665,2,0;3,PHLDA1,exonic
Full-length RNA-seq,Fibroblast,chr12:76031031_C>G,4.062556744,1,3,PHLDA1,exonic
Full-length RNA-seq,Fibroblast,chr12:76032502_T>A,2.129744053,1,0,PHLDA1,upstream
Full-length RNA-seq,Fibroblast,chr12:76515087_T>G,2.308175564,1,3,OSBPL8,intronic
Full-length RNA-seq,Fibroblast,chr12:7925240_T>C,0.4452184735,2,0;3,SLC2A3,intronic
Full-length RNA-seq,Fibroblast,chr12:8648019_A>G,7.649796009,1,0,MFAP5,UTR3
Full-length RNA-seq,Fibroblast,chr12:8648192_G>A,9.885239601,1,0,MFAP5,exonic
Full-length RNA-seq,Fibroblast,chr12:907888_C>A,0.575751245,1,0,WNK1,exonic
Full-length RNA-seq,Fibroblast,chr12:9106306_C>G,0.19128345,1,0,A2M,exonic
Full-length RNA-seq,Fibroblast,chr12:91108554_C>T,3.86463213,1,0,LUM,exonic
Full-length RNA-seq,Fibroblast,chr12:91108704_C>T,3.9753263,1,0,LUM,exonic
Full-length RNA-seq,Fibroblast,chr12:91178488_C>T,5.373804569,1,3,DCN,exonic
Full-length RNA-seq,Fibroblast,chr12:91182682_G>A,5.0121835475,2,0;3,DCN,UTR5
Full-length RNA-seq,Fibroblast,chr12:96386029_T>G,5.7858219145,2,0;3,CDK17,intronic
Full-length RNA-seq,Fibroblast,chr12:98597002_G>C,3.452202559,1,3,SLC25A3,intronic
Full-length RNA-seq,Fibroblast,chr13:106557113_G>T,0.124558933,1,0,ARGLU1,exonic
Full-length RNA-seq,Fibroblast,chr13:110150187_T>A,2.3931176665000002,2,0;3,COL4A1,UTR3
Full-length RNA-seq,Fibroblast,chr13:110175233_C>T,4.302950859,2,0;3,COL4A1,exonic
Full-length RNA-seq,Fibroblast,chr13:110307910_A>G,3.875876784,2,0;3,COL4A2,exonic
Full-length RNA-seq,Fibroblast,chr13:110428525_C>A,5.3833229540000005,2,0;3,COL4A2,exonic
Full-length RNA-seq,Fibroblast,chr13:110429928_T>A,5.221886277,2,0;3,COL4A2,exonic
Full-length RNA-seq,Fibroblast,chr13:110432352_G>C,5.360133648,2,0;3,COL4A2,exonic
Full-length RNA-seq,Fibroblast,chr13:110434403_C>T,2.931803226,1,0,COL4A2,exonic
Full-length RNA-seq,Fibroblast,chr13:110879490_G>T,0.9639395479999999,2,0;3,ANKRD10,UTR3
Full-length RNA-seq,Fibroblast,chr13:110883643_G>C,3.392736197,1,0,ANKRD10,intronic
Full-length RNA-seq,Fibroblast,chr13:113232147_C>T,2.149470091,1,0,CUL4A,intronic
Full-length RNA-seq,Fibroblast,chr13:113796451_G>C,1.574621558,1,0,TMEM255B,intronic
Full-length RNA-seq,Fibroblast,chr13:114013892_C>T,3.7462856770000004,2,0;3,RASA3,intronic
Full-length RNA-seq,Fibroblast,chr13:24297585_T>A,6.5447855,2,0;3,SPATA13,exonic
Full-length RNA-seq,Fibroblast,chr13:27073097_G>A,3.2428199055,2,0;3,USP12,intronic
Full-length RNA-seq,Fibroblast,chr13:29847284_G>T,1.083653808,1,0,UBL3,intronic
Full-length RNA-seq,Fibroblast,chr13:30538711_C>T,6.211853981,1,0,HMGB1,intronic
Full-length RNA-seq,Fibroblast,chr13:30617201_C>T,3.2321416139999997,2,0;3,HMGB1,UTR5
Full-length RNA-seq,Fibroblast,chr13:30617206_C>T,1.006040215,1,3,HMGB1,UTR5
Full-length RNA-seq,Fibroblast,chr13:30617874_G>A,2.334732056,1,0,HMGB1;USPL1,upstream
Full-length RNA-seq,Fibroblast,chr13:30623275_G>A,3.120421886,1,3,USPL1,intronic
Full-length RNA-seq,Fibroblast,chr13:31140218_A>T,2.280475616,1,0,HSPH1,exonic
Full-length RNA-seq,Fibroblast,chr13:31145582_G>T,2.435070992,1,3,HSPH1,exonic
Full-length RNA-seq,Fibroblast,chr13:31147593_T>A,5.658040285,2,0;3,HSPH1,intronic
Full-length RNA-seq,Fibroblast,chr13:31150429_C>T,5.710833073,1,0,HSPH1,intronic
Full-length RNA-seq,Fibroblast,chr13:31154612_G>C,0.93626219,1,0,HSPH1,intronic
Full-length RNA-seq,Fibroblast,chr13:32536323_A>T,0.088633224,1,0,N4BP2L2,exonic
Full-length RNA-seq,Fibroblast,chr13:35871253_C>T,4.349695683,1,0,DCLK1,exonic
Full-length RNA-seq,Fibroblast,chr13:37563236_T>A,15.8159523,1,3,POSTN,UTR3
Full-length RNA-seq,Fibroblast,chr13:37570599_T>C,19.87104034,1,3,POSTN,exonic
Full-length RNA-seq,Fibroblast,chr13:37577754_A>G,4.837316513,1,3,POSTN,exonic
Full-length RNA-seq,Fibroblast,chr13:37584801_A>G,10.234897377500001,2,0;3,POSTN,exonic
Full-length RNA-seq,Fibroblast,chr13:37590468_G>T,12.8605365745,2,0;3,POSTN,exonic
Full-length RNA-seq,Fibroblast,chr13:37590475_G>T,3.2434787755,2,0;3,POSTN,exonic
Full-length RNA-seq,Fibroblast,chr13:39343693_C>T,1.306512952,1,0,LHFPL6,UTR3
Full-length RNA-seq,Fibroblast,chr13:40560205_G>T,0.418744832,1,0,FOXO1,exonic
Full-length RNA-seq,Fibroblast,chr13:40924810_A>G,1.09383893,1,0,SUGT1P3;ELF1,intergenic
Full-length RNA-seq,Fibroblast,chr13:41007782_C>T,1.0752877,1,0,ELF1,intronic
Full-length RNA-seq,Fibroblast,chr13:41060947_T>C,0.829852998,1,3,ELF1,UTR5
Full-length RNA-seq,Fibroblast,chr13:41458443_G>A,2.713053286,2,0;3,RGCC,exonic
Full-length RNA-seq,Fibroblast,chr13:41462669_C>A,4.934546471,1,3,RGCC,intronic
Full-length RNA-seq,Fibroblast,chr13:45338756_C>G,0.321917862,1,0,TPT1,exonic
Full-length RNA-seq,Fibroblast,chr13:48362884_T>C,2.4863667485,2,0;3,RB1,exonic
Full-length RNA-seq,Fibroblast,chr13:49023709_A>C,0.27425468,1,0,FNDC3A,intronic
Full-length RNA-seq,Fibroblast,chr13:49956379_C>T,3.74878931,1,3,SPRYD7;DLEU2,intergenic
Full-length RNA-seq,Fibroblast,chr13:75286833_A>T,1.8599742055,2,0;3,TBC1D4,exonic
Full-length RNA-seq,Fibroblast,chr13:77007129_A>G,0.470301628,1,0,FBXL3,UTR3
Full-length RNA-seq,Fibroblast,chr13:77081945_C>G,1.3082109095,2,0;3,MYCBP2,exonic
Full-length RNA-seq,Fibroblast,chr13:77205523_A>G,3.0735185145,2,0;3,MYCBP2,exonic
Full-length RNA-seq,Fibroblast,chr13:97275685_T>A,5.883272886,2,0;3,MBNL2,UTR5
Full-length RNA-seq,Fibroblast,chr14:100829085_C>T,4.057631731,2,0;3,MEG3,ncRNA_exonic
Full-length RNA-seq,Fibroblast,chr14:100829118_T>G,1.511117697,1,3,MEG3,ncRNA_exonic
Full-length RNA-seq,Fibroblast,chr14:100829476_T>A,5.3931889535,2,0;3,MEG3,ncRNA_exonic
Full-length RNA-seq,Fibroblast,chr14:100830356_C>G,2.987714291,2,0;3,MEG3,ncRNA_intronic
Full-length RNA-seq,Fibroblast,chr14:100836636_T>A,2.0231030585,2,0;3,MEG3,ncRNA_intronic
Full-length RNA-seq,Fibroblast,chr14:100847498_T>C,2.616664886,1,0,MEG3,ncRNA_exonic
Full-length RNA-seq,Fibroblast,chr14:100864212_T>C,3.841095686,1,0,MEG3;MIR493,intergenic
Full-length RNA-seq,Fibroblast,chr14:100872358_G>T,1.051086783,1,0,MIR493;MIR337,intergenic
Full-length RNA-seq,Fibroblast,chr14:100872360_G>C,0.891601086,1,0,MIR493;MIR337,intergenic
Full-length RNA-seq,Fibroblast,chr14:100872389_A>T,2.632141352,1,0,MIR493;MIR337,intergenic
Full-length RNA-seq,Fibroblast,chr14:100872394_C>T,0.55268836,1,0,MIR493;MIR337,intergenic
Full-length RNA-seq,Fibroblast,chr14:100971610_A>C,8.910657646,2,0;3,MEG8,ncRNA_intronic
Full-length RNA-seq,Fibroblast,chr14:101001123_T>C,1.432120442,1,0,MEG8;MIR379,intergenic
Full-length RNA-seq,Fibroblast,chr14:101002946_T>A,2.0401945115,2,0;3,MEG8;MIR379,intergenic
Full-length RNA-seq,Fibroblast,chr14:101985950_C>A,2.093403578,2,0;3,DYNC1H1,exonic
Full-length RNA-seq,Fibroblast,chr14:102050104_A>G,3.2515774965,2,0;3,DYNC1H1,exonic
Full-length RNA-seq,Fibroblast,chr14:102080309_C>T,6.4549541475,2,0;3,HSP90AA1,downstream
Full-length RNA-seq,Fibroblast,chr14:102080468_A>G,2.108414173,2,0;3,HSP90AA1,downstream
Full-length RNA-seq,Fibroblast,chr14:102919934_C>A,0.2956025,1,0,TRAF3;AMN,intergenic
Full-length RNA-seq,Fibroblast,chr14:103124068_C>A,5.24864912,1,0,TNFAIP2,intronic
Full-length RNA-seq,Fibroblast,chr14:103124385_G>C,7.711930275,1,0,TNFAIP2,intronic
Full-length RNA-seq,Fibroblast,chr14:103126462_C>T,8.2328650955,2,0;3,TNFAIP2,exonic
Full-length RNA-seq,Fibroblast,chr14:103126549_A>G,4.496416092,1,0,TNFAIP2,exonic
Full-length RNA-seq,Fibroblast,chr14:103126605_G>A,5.649831295,2,0;3,TNFAIP2,exonic
Full-length RNA-seq,Fibroblast,chr14:103143021_G>A,1.416124225,1,0,TNFAIP2;LINC00605,intergenic
Full-length RNA-seq,Fibroblast,chr14:103386056_G>A,4.42266798,1,3,MARK3,exonic
Full-length RNA-seq,Fibroblast,chr14:104724638_C>G,0.487874866,1,3,ADSS1,intronic
Full-length RNA-seq,Fibroblast,chr14:104953657_T>G,5.997569561,1,0,AHNAK2,exonic
Full-length RNA-seq,Fibroblast,chr14:20469708_G>A,1.828221202,1,0,PNP,intronic
Full-length RNA-seq,Fibroblast,chr14:21219653_C>G,0.072374456,1,0,HNRNPC,intronic
Full-length RNA-seq,Fibroblast,chr14:21254933_C>A,2.6418285370000003,2,0;3,HNRNPC,intronic
Full-length RNA-seq,Fibroblast,chr14:21261216_A>T,0.07281591,1,0,HNRNPC,intronic
Full-length RNA-seq,Fibroblast,chr14:21261217_A>T,0.315533817,1,0,HNRNPC,intronic
Full-length RNA-seq,Fibroblast,chr14:22836909_G>A,5.726436376500001,2,0;3,MMP14,exonic
Full-length RNA-seq,Fibroblast,chr14:23356618_A>T,6.308515072,1,3,EFS,UTR3
Full-length RNA-seq,Fibroblast,chr14:24164908_C>A,0.655151427,1,3,IRF9,exonic
Full-length RNA-seq,Fibroblast,chr14:34603410_C>T,1.8235421775,2,0;3,SNX6,exonic
Full-length RNA-seq,Fibroblast,chr14:35403637_A>G,6.875303745,2,0;3,NFKBIA,intronic
Full-length RNA-seq,Fibroblast,chr14:39401858_A>T,1.071347475,1,0,FBXO33,exonic
Full-length RNA-seq,Fibroblast,chr14:49846218_A>T,2.7279434205,2,0;3,NEMF,exonic
Full-length RNA-seq,Fibroblast,chr14:51652835_A>C,6.909561634,1,0,FRMD6,intronic
Full-length RNA-seq,Fibroblast,chr14:54567603_G>A,3.390252113,1,3,SAMD4A,UTR5
Full-length RNA-seq,Fibroblast,chr14:54574935_A>T,0.693249524,1,0,SAMD4A,intronic
Full-length RNA-seq,Fibroblast,chr14:54582562_G>A,4.0369893315,2,0;3,SAMD4A,intronic
Full-length RNA-seq,Fibroblast,chr14:54684741_G>A,2.894198418,1,0,SAMD4A,intronic
Full-length RNA-seq,Fibroblast,chr14:54770122_A>C,1.125447273,1,0,SAMD4A,exonic
Full-length RNA-seq,Fibroblast,chr14:54776530_C>A,5.957700968,2,0;3,SAMD4A,exonic
Full-length RNA-seq,Fibroblast,chr14:55129540_C>A,1.519714355,1,0,LGALS3,intronic
Full-length RNA-seq,Fibroblast,chr14:55612505_A>C,0.5287635475,2,0;3,KTN1,exonic
Full-length RNA-seq,Fibroblast,chr14:58366942_G>C,4.879914284,1,0,ARID4A,exonic
Full-length RNA-seq,Fibroblast,chr14:64010109_T>C,1.587282181,1,0,SYNE2,exonic
Full-length RNA-seq,Fibroblast,chr14:64056220_T>A,1.748600602,2,0;3,SYNE2,exonic
Full-length RNA-seq,Fibroblast,chr14:68790733_A>T,1.051382184,1,0,ZFP36L1,intronic
Full-length RNA-seq,Fibroblast,chr14:68979032_T>G,3.137029648,1,3,ACTN1,exonic
Full-length RNA-seq,Fibroblast,chr14:69768900_T>A,5.331893444,1,0,SRSF5,intronic
Full-length RNA-seq,Fibroblast,chr14:70977411_G>C,1.848072052,1,3,PCNX1,exonic
Full-length RNA-seq,Fibroblast,chr14:73103283_G>A,3.7037369015,2,0;3,RBM25,exonic
Full-length RNA-seq,Fibroblast,chr14:74500224_C>G,4.384914875,1,0,LTBP2,UTR3
Full-length RNA-seq,Fibroblast,chr14:74503571_C>T,2.279782057,1,0,LTBP2,exonic
Full-length RNA-seq,Fibroblast,chr14:74503572_A>G,2.097668409,1,0,LTBP2,exonic
Full-length RNA-seq,Fibroblast,chr14:74504855_A>T,3.474227667,1,0,LTBP2,exonic
Full-length RNA-seq,Fibroblast,chr14:74525172_C>G,2.884464979,1,0,LTBP2,exonic
Full-length RNA-seq,Fibroblast,chr14:74603671_A>G,3.821995258,1,0,LTBP2,exonic
Full-length RNA-seq,Fibroblast,chr14:74611640_T>A,7.612918377,1,0,LTBP2,exonic
Full-length RNA-seq,Fibroblast,chr14:75003567_G>A,1.447293818,2,0;3,EIF2B2,exonic
Full-length RNA-seq,Fibroblast,chr14:75278923_C>T,3.120090008,1,3,FOS,UTR5
Full-length RNA-seq,Fibroblast,chr14:75279102_G>A,0.31941147150000004,2,0;3,FOS,exonic
Full-length RNA-seq,Fibroblast,chr14:75280669_T>G,2.465364933,1,0,FOS,splicing
Full-length RNA-seq,Fibroblast,chr14:75281489_A>C,4.227286339,1,3,FOS,UTR3
Full-length RNA-seq,Fibroblast,chr14:75281943_T>C,4.2641376255,2,0;3,FOS,UTR3
Full-length RNA-seq,Fibroblast,chr14:77028081_G>T,2.670424342,2,0;3,IRF2BPL,UTR5
Full-length RNA-seq,Fibroblast,chr14:80198325_T>G,2.4224283695000004,2,0;3,DIO2,UTR3
Full-length RNA-seq,Fibroblast,chr14:80202946_C>G,5.93131876,2,0;3,DIO2,exonic
Full-length RNA-seq,Fibroblast,chr14:80211964_T>G,6.687119007,1,0,DIO2-AS1,ncRNA_intronic
Full-length RNA-seq,Fibroblast,chr14:81219746_A>C,0.559695959,1,3,GTF2A1,intronic
Full-length RNA-seq,Fibroblast,chr14:85533754_G>A,0.38153547,1,0,FLRT2,UTR5
Full-length RNA-seq,Fibroblast,chr14:90312400_A>G,10.406638623000001,2,0;3,NRDE2,exonic
Full-length RNA-seq,Fibroblast,chr14:90401361_A>C,0.22208868,1,0,CALM1,exonic
Full-length RNA-seq,Fibroblast,chr14:90404875_C>G,3.960838556,1,0,CALM1,UTR3
Full-length RNA-seq,Fibroblast,chr14:92004569_A>T,1.8845250605000001,2,0;3,TRIP11,exonic
Full-length RNA-seq,Fibroblast,chr14:92071035_T>C,2.4250665905,2,0;3,ATXN3,exonic
Full-length RNA-seq,Fibroblast,chr14:99271511_G>A,4.036411762,1,0,BCL11B,UTR5
Full-length RNA-seq,Fibroblast,chr14:99271514_G>A,3.899213076,1,0,BCL11B,UTR5
Full-length RNA-seq,Fibroblast,chr15:101286301_G>A,1.6407082675,2,0;3,SNRPA1,intronic
Full-length RNA-seq,Fibroblast,chr15:28218658_A>T,2.3823646304999997,2,0;3,HERC2,exonic
Full-length RNA-seq,Fibroblast,chr15:29054230_T>A,2.502310753,1,3,APBA2,exonic
Full-length RNA-seq,Fibroblast,chr15:29718993_G>T,0.58654803,1,0,TJP1,exonic
Full-length RNA-seq,Fibroblast,chr15:31335435_A>G,4.302746415,2,0;3,KLF13,intronic
Full-length RNA-seq,Fibroblast,chr15:31345507_G>A,2.0493186715,2,0;3,KLF13,intronic
Full-length RNA-seq,Fibroblast,chr15:31345514_G>A,0.82390666,1,3,KLF13,intronic
Full-length RNA-seq,Fibroblast,chr15:32730932_T>A,6.917745113,1,3,GREM1,exonic
Full-length RNA-seq,Fibroblast,chr15:32730958_A>C,8.090924263,1,3,GREM1,exonic
Full-length RNA-seq,Fibroblast,chr15:32730962_G>A,1.358074188,1,3,GREM1,exonic
Full-length RNA-seq,Fibroblast,chr15:34379712_C>G,0.861931026,1,0,GOLGA8A,UTR3
Full-length RNA-seq,Fibroblast,chr15:39581127_C>A,4.497295856,1,3,THBS1,UTR5
Full-length RNA-seq,Fibroblast,chr15:39581488_T>A,1.730802894,2,0;3,THBS1,intronic
Full-length RNA-seq,Fibroblast,chr15:39581674_C>G,3.280747056,2,0;3,THBS1,intronic
Full-length RNA-seq,Fibroblast,chr15:39581713_G>A,7.099854231,2,0;3,THBS1,intronic
Full-length RNA-seq,Fibroblast,chr15:39582211_G>A,2.210599184,1,3,THBS1,exonic
Full-length RNA-seq,Fibroblast,chr15:39582728_G>A,3.111295938,1,3,THBS1,exonic
Full-length RNA-seq,Fibroblast,chr15:39583367_G>A,2.055323422,2,0;3,THBS1,intronic
Full-length RNA-seq,Fibroblast,chr15:39585485_T>A,1.9986418485000002,2,0;3,THBS1,exonic
Full-length RNA-seq,Fibroblast,chr15:39586073_T>C,3.61797452,2,0;3,THBS1,intronic
Full-length RNA-seq,Fibroblast,chr15:39587525_G>A,3.13992703,2,0;3,THBS1,intronic
Full-length RNA-seq,Fibroblast,chr15:39588176_G>A,3.349474192,1,3,THBS1,exonic
Full-length RNA-seq,Fibroblast,chr15:39588613_A>G,3.405884981,1,3,THBS1,exonic
Full-length RNA-seq,Fibroblast,chr15:39588920_C>A,2.510684729,1,0,THBS1,intronic
Full-length RNA-seq,Fibroblast,chr15:39591239_G>A,4.130304337,1,3,THBS1,exonic
Full-length RNA-seq,Fibroblast,chr15:39596058_C>T,2.495560408,1,0,THBS1,UTR3
Full-length RNA-seq,Fibroblast,chr15:40036335_A>G,0.9786477883333333,3,0;10;3,SRP14,exonic
Full-length RNA-seq,Fibroblast,chr15:40036354_T>A,1.738737941,1,0,SRP14,exonic
Full-length RNA-seq,Fibroblast,chr15:40036366_T>A,0.542925,1,0,SRP14,exonic
Full-length RNA-seq,Fibroblast,chr15:40407700_G>A,2.1999005675000003,2,0;3,IVD,exonic
Full-length RNA-seq,Fibroblast,chr15:42496146_T>A,14.20566511,2,0;3,SNAP23,intronic
Full-length RNA-seq,Fibroblast,chr15:42663634_T>A,2.087577581,1,0,STARD9,intronic
Full-length RNA-seq,Fibroblast,chr15:43766864_A>G,0.636084497,1,0,PDIA3,exonic
Full-length RNA-seq,Fibroblast,chr15:43793731_G>A,0.387757242,1,0,SERF2,exonic
Full-length RNA-seq,Fibroblast,chr15:43793738_A>C,0.639260054,1,0,SERF2,exonic
Full-length RNA-seq,Fibroblast,chr15:43793909_G>A,0.745143592,1,0,SERF2,exonic
Full-length RNA-seq,Fibroblast,chr15:43801844_T>C,8.886699678500001,2,0;3,SERF2-C15ORF63,ncRNA_exonic
Full-length RNA-seq,Fibroblast,chr15:44715624_T>A,1.362753868,1,3,B2M,exonic
Full-length RNA-seq,Fibroblast,chr15:44716783_C>G,3.338673353,1,0,B2M,intronic
Full-length RNA-seq,Fibroblast,chr15:48412628_A>T,3.254419804,1,0,FBN1,exonic
Full-length RNA-seq,Fibroblast,chr15:48415716_T>C,4.855980396,1,0,FBN1,exonic
Full-length RNA-seq,Fibroblast,chr15:48425459_A>T,7.215515614,1,0,FBN1,exonic
Full-length RNA-seq,Fibroblast,chr15:48430763_T>G,2.457700491,1,0,FBN1,exonic
Full-length RNA-seq,Fibroblast,chr15:48468065_A>C,6.961109638,2,0;3,FBN1,exonic
Full-length RNA-seq,Fibroblast,chr15:48498994_C>T,1.649942577,2,0;3,FBN1,exonic
Full-length RNA-seq,Fibroblast,chr15:48515429_A>T,4.337660789,1,0,FBN1,exonic
Full-length RNA-seq,Fibroblast,chr15:48534131_A>T,2.986031055,1,0,FBN1,exonic
Full-length RNA-seq,Fibroblast,chr15:48600217_G>A,3.228685856,1,3,FBN1,exonic
Full-length RNA-seq,Fibroblast,chr15:48610816_C>G,2.161550522,1,0,FBN1,exonic
Full-length RNA-seq,Fibroblast,chr15:48644868_C>T,3.4140485524999997,2,0;3,FBN1,UTR5
Full-length RNA-seq,Fibroblast,chr15:58901211_A>G,2.53046608,2,0;3,SLTM,intronic
Full-length RNA-seq,Fibroblast,chr15:59272422_A>T,1.304319501,1,3,MYO1E,exonic
Full-length RNA-seq,Fibroblast,chr15:59660054_C>G,2.7879149915,2,0;3,BNIP2,UTR3
Full-length RNA-seq,Fibroblast,chr15:60347510_A>T,0.713788509,1,0,ANXA2,UTR3
Full-length RNA-seq,Fibroblast,chr15:60347579_A>T,0.468606174,1,0,ANXA2,UTR3
Full-length RNA-seq,Fibroblast,chr15:60396048_C>T,4.185745239,1,0,ANXA2,intronic
Full-length RNA-seq,Fibroblast,chr15:60579845_T>G,1.9174109700000002,2,0;3,RORA-AS1,ncRNA_intronic
Full-length RNA-seq,Fibroblast,chr15:63059655_A>T,3.2963463070000003,2,0;3,TPM1,exonic
Full-length RNA-seq,Fibroblast,chr15:63122198_G>C,6.6825425625,2,0;3,LACTB,exonic
Full-length RNA-seq,Fibroblast,chr15:63122683_A>C,1.331688464,2,0;3,LACTB,exonic
Full-length RNA-seq,Fibroblast,chr15:63774991_T>G,3.9382843975,2,0;3,HERC1,exonic
Full-length RNA-seq,Fibroblast,chr15:64951864_T>C,1.88383621,2,0;3,ANKDD1A,intronic
Full-length RNA-seq,Fibroblast,chr15:64952414_C>T,0.775375843,1,3,ANKDD1A,intronic
Full-length RNA-seq,Fibroblast,chr15:64953476_T>C,1.6143805979999999,1,3,ANKDD1A,intronic
Full-length RNA-seq,Fibroblast,chr15:64955047_C>T,2.4302482605,2,0;3,ANKDD1A,intronic
Full-length RNA-seq,Fibroblast,chr15:65197125_A>T,12.73696232,1,0,CILP,exonic
Full-length RNA-seq,Fibroblast,chr15:65198453_C>T,12.1802702,1,0,CILP,exonic
Full-length RNA-seq,Fibroblast,chr15:65206818_A>T,6.954787254,1,0,CILP,exonic
Full-length RNA-seq,Fibroblast,chr15:65650727_G>A,4.018763185,2,0;3,SLC24A1,exonic
Full-length RNA-seq,Fibroblast,chr15:66500099_G>T,1.751349568,1,0,RPL4,exonic
Full-length RNA-seq,Fibroblast,chr15:67165324_C>A,1.203087032,2,0;3,SMAD3,exonic
Full-length RNA-seq,Fibroblast,chr15:67521294_C>T,1.67330122,1,0,C15orf61,exonic
Full-length RNA-seq,Fibroblast,chr15:69455201_T>A,2.342715979,1,0,RPLP1,exonic
Full-length RNA-seq,Fibroblast,chr15:70664698_C>T,2.444539785,1,0,UACA,exonic
Full-length RNA-seq,Fibroblast,chr15:70668595_T>G,0.297981352,1,0,UACA,exonic
Full-length RNA-seq,Fibroblast,chr15:70676555_T>G,0.185165137,1,0,UACA,exonic
Full-length RNA-seq,Fibroblast,chr15:70678159_A>T,1.710312843,2,0;3,UACA,exonic
Full-length RNA-seq,Fibroblast,chr15:72199273_G>T,3.367176294,2,0;3,PKM,UTR3
Full-length RNA-seq,Fibroblast,chr15:73632474_C>T,3.19233489,1,3,NPTN,intronic
Full-length RNA-seq,Fibroblast,chr15:74842085_C>T,5.123132229,1,3,ULK3,exonic
Full-length RNA-seq,Fibroblast,chr15:77618629_G>A,0.383348614,1,3,LINGO1,intronic
Full-length RNA-seq,Fibroblast,chr15:78264663_A>G,0.624982476,1,0,DNAJA4,UTR5
Full-length RNA-seq,Fibroblast,chr15:78265482_G>A,5.123029232,2,0;3,DNAJA4,intronic
Full-length RNA-seq,Fibroblast,chr15:78266230_G>A,3.28725481,1,0,DNAJA4,UTR5
Full-length RNA-seq,Fibroblast,chr15:78274618_A>G,4.197474003,1,0,DNAJA4,intronic
Full-length RNA-seq,Fibroblast,chr15:82536758_T>C,2.486345291,1,0,RPS17,UTR3
Full-length RNA-seq,Fibroblast,chr15:82536763_C>G,1.95154345,1,0,RPS17,UTR3
Full-length RNA-seq,Fibroblast,chr15:82538922_C>T,0.472825378,1,0,RPS17,exonic
Full-length RNA-seq,Fibroblast,chr15:82539982_C>T,2.091269732,1,0,RPS17,exonic
Full-length RNA-seq,Fibroblast,chr15:82539997_G>T,2.547009945,1,0,RPS17,exonic
Full-length RNA-seq,Fibroblast,chr15:90448727_G>A,2.5644683835,2,0;3,IQGAP1,exonic
Full-length RNA-seq,Fibroblast,chr15:90894023_T>A,5.3513498305,2,0;3,FES,exonic
Full-length RNA-seq,Fibroblast,chr16:11252253_G>A,2.214508057,1,0,CLEC16A;SOCS1,intergenic
Full-length RNA-seq,Fibroblast,chr16:11873074_A>T,6.261881112999999,2,0;3,GSPT1,UTR3
Full-length RNA-seq,Fibroblast,chr16:15703519_C>G,1.944904447,1,0,MYH11,UTR3
Full-length RNA-seq,Fibroblast,chr16:15838058_A>G,0.583595395,1,0,MYH11,exonic
Full-length RNA-seq,Fibroblast,chr16:16076344_T>A,0.8350181575,2,0;3,ABCC1,exonic
Full-length RNA-seq,Fibroblast,chr16:17470003_G>A,6.278170586,1,0,XYLT1,intronic
Full-length RNA-seq,Fibroblast,chr16:18845640_A>G,1.0899316965,2,0;3,SMG1,exonic
Full-length RNA-seq,Fibroblast,chr16:18861517_C>T,0.606964111,1,0,SMG1,intronic
Full-length RNA-seq,Fibroblast,chr16:1964282_A>G,3.3442053795,2,0;3,RPS2,exonic
Full-length RNA-seq,Fibroblast,chr16:19700407_A>C,2.4078352450000002,2,0;3,VPS35L,exonic
Full-length RNA-seq,Fibroblast,chr16:2037971_T>A,1.6157196759999999,2,0;3,SLC9A3R2,exonic
Full-length RNA-seq,Fibroblast,chr16:2264824_A>T,7.017868519,2,0;3,RNPS1,intronic
Full-length RNA-seq,Fibroblast,chr16:22838929_G>A,11.08071041,1,0,HS3ST2,intronic
Full-length RNA-seq,Fibroblast,chr16:22850805_A>C,2.398436069,1,0,HS3ST2,intronic
Full-length RNA-seq,Fibroblast,chr16:228969_A>G,1.119792581,1,3,LUC7L,intronic
Full-length RNA-seq,Fibroblast,chr16:23466600_A>G,2.9458118675,2,0;3,GGA2,UTR3
Full-length RNA-seq,Fibroblast,chr16:24777080_C>A,2.644729137,1,0,TNRC6A,exonic
Full-length RNA-seq,Fibroblast,chr16:24919815_G>A,1.105187058,1,0,ARHGAP17,UTR3
Full-length RNA-seq,Fibroblast,chr16:2760426_G>A,1.037799597,1,3,SRRM2,exonic
Full-length RNA-seq,Fibroblast,chr16:2763789_G>C,0.245809287,1,3,SRRM2,exonic
Full-length RNA-seq,Fibroblast,chr16:2770612_G>A,1.0844222305,2,0;3,SRRM2,exonic
Full-length RNA-seq,Fibroblast,chr16:28834519_G>A,3.464230061,1,3,ATXN2L,exonic
Full-length RNA-seq,Fibroblast,chr16:28919885_C>T,2.2232687474999997,2,0;3,RABEP2,exonic
Full-length RNA-seq,Fibroblast,chr16:29963534_G>C,4.249423504,1,0,TMEM219,exonic
Full-length RNA-seq,Fibroblast,chr16:3065783_G>A,6.107061863,1,3,IL32,splicing
Full-length RNA-seq,Fibroblast,chr16:30704301_G>A,3.349488497,1,0,SRCAP,exonic
Full-length RNA-seq,Fibroblast,chr16:30724105_T>A,1.8237804770000001,2,0;3,SRCAP,exonic
Full-length RNA-seq,Fibroblast,chr16:30966304_G>A,0.407547981,1,3,SETD1A,exonic
Full-length RNA-seq,Fibroblast,chr16:31034526_G>A,6.431632519,1,0,STX4,exonic
Full-length RNA-seq,Fibroblast,chr16:31074944_G>C,6.175424099,2,0;3,ZNF646,intronic
Full-length RNA-seq,Fibroblast,chr16:31184357_A>T,2.235807896,1,3,FUS,exonic
Full-length RNA-seq,Fibroblast,chr16:31187506_C>A,1.311390638,1,3,FUS,intronic
Full-length RNA-seq,Fibroblast,chr16:31189550_T>A,3.312133789,1,0,FUS,intronic
Full-length RNA-seq,Fibroblast,chr16:31190098_T>C,2.472064018,1,3,FUS,exonic
Full-length RNA-seq,Fibroblast,chr16:3263420_G>T,0.482884705,1,3,LINC00921,upstream
Full-length RNA-seq,Fibroblast,chr16:3731873_C>T,1.0624174775,2,0;3,CREBBP,exonic
Full-length RNA-seq,Fibroblast,chr16:3735788_T>G,8.583467484,1,3,CREBBP,intronic
Full-length RNA-seq,Fibroblast,chr16:3792914_C>T,0.42133981,1,3,CREBBP,intronic
Full-length RNA-seq,Fibroblast,chr16:4377418_C>G,0.656665444,1,0,CORO7;CORO7-PAM16;VASN,intronic
Full-length RNA-seq,Fibroblast,chr16:4393210_G>C,3.04341507,1,0,CORO7;CORO7-PAM16,intronic
Full-length RNA-seq,Fibroblast,chr16:4804543_C>T,0.963244021,1,3,GLYR1,UTR3
Full-length RNA-seq,Fibroblast,chr16:4891824_C>T,1.508778214,1,0,PPL,exonic
Full-length RNA-seq,Fibroblast,chr16:50767131_T>A,2.2813510893333335,3,0;10;3,CYLD,intronic
Full-length RNA-seq,Fibroblast,chr16:50768870_C>G,5.162929535,2,0;3,CYLD,intronic
Full-length RNA-seq,Fibroblast,chr16:50770048_A>T,3.020447016,1,0,CYLD,intronic
Full-length RNA-seq,Fibroblast,chr16:50779883_C>A,3.9166696075000003,2,0;3,CYLD,exonic
Full-length RNA-seq,Fibroblast,chr16:55479430_G>C,5.42604208,1,0,MMP2,UTR5
Full-length RNA-seq,Fibroblast,chr16:55482946_G>A,6.578413725000001,2,0;3,MMP2,exonic
Full-length RNA-seq,Fibroblast,chr16:55485307_G>A,7.6270270345,2,0;3,MMP2,exonic
Full-length RNA-seq,Fibroblast,chr16:55485623_G>C,4.290194035,1,0,MMP2,exonic
Full-length RNA-seq,Fibroblast,chr16:55489790_T>C,8.172654866,2,0;3,MMP2,exonic
Full-length RNA-seq,Fibroblast,chr16:55491887_C>A,2.281859636,1,0,MMP2,exonic
Full-length RNA-seq,Fibroblast,chr16:55493235_G>T,0.603957295,1,0,MMP2,exonic
Full-length RNA-seq,Fibroblast,chr16:55498409_A>G,2.864489555,1,0,MMP2,exonic
Full-length RNA-seq,Fibroblast,chr16:55505378_T>A,5.828965664,2,0;3,MMP2,exonic
Full-length RNA-seq,Fibroblast,chr16:55505693_T>C,4.044341564,1,0,MMP2,UTR3
Full-length RNA-seq,Fibroblast,chr16:55505797_C>A,7.059594154,1,0,MMP2,UTR3
Full-length RNA-seq,Fibroblast,chr16:56805571_G>A,3.5599637029999998,2,0;3,NUP93,exonic
Full-length RNA-seq,Fibroblast,chr16:64971630_G>T,2.554127693,1,0,CDH11,exonic
Full-length RNA-seq,Fibroblast,chr16:66924993_T>C,5.924848557,1,0,RRAD,exonic
Full-length RNA-seq,Fibroblast,chr16:67036706_G>A,1.316642523,1,3,CBFB,exonic
Full-length RNA-seq,Fibroblast,chr16:671166_G>A,1.544260144,1,3,RHOT2,exonic
Full-length RNA-seq,Fibroblast,chr16:67178101_A>T,0.550565049,2,0;3,KIAA0895L,exonic
Full-length RNA-seq,Fibroblast,chr16:67192541_T>A,2.371107817,1,3,E2F4,intronic
Full-length RNA-seq,Fibroblast,chr16:67195926_G>A,3.665537834,2,0;3,E2F4,exonic
Full-length RNA-seq,Fibroblast,chr16:67435768_C>T,4.113742352,1,0,HSD11B2,exonic
Full-length RNA-seq,Fibroblast,chr16:67541734_T>C,2.9705697300000002,2,0;3,RIPOR1,exonic
Full-length RNA-seq,Fibroblast,chr16:68229245_G>A,7.247485638,1,0,ESRP2;NFATC3,UTR3
Full-length RNA-seq,Fibroblast,chr16:69567822_G>C,3.1180781125,2,0;3,NFAT5,intronic
Full-length RNA-seq,Fibroblast,chr16:69699852_A>G,1.7978345155,2,0;3,NFAT5,UTR3
Full-length RNA-seq,Fibroblast,chr16:84181976_G>T,1.0514443515,2,0;3,TAF1C,exonic
Full-length RNA-seq,Fibroblast,chr16:84838611_A>C,2.3032895325,2,0;3,CRISPLD2,exonic
Full-length RNA-seq,Fibroblast,chr16:8629050_G>C,1.1466305255,2,0;3,METTL22,exonic
Full-length RNA-seq,Fibroblast,chr16:87841558_G>A,1.701663136,1,0,SLC7A5,intronic
Full-length RNA-seq,Fibroblast,chr16:88030154_A>G,2.601949692,1,0,BANP,intronic
Full-length RNA-seq,Fibroblast,chr16:88722371_C>T,1.6698554159999999,2,0;3,PIEZO1,exonic
Full-length RNA-seq,Fibroblast,chr16:88859746_G>A,1.62459749,2,0;3,TRAPPC2L,exonic
Full-length RNA-seq,Fibroblast,chr16:8899721_G>T,1.198074937,2,0;3,USP7,exonic
Full-length RNA-seq,Fibroblast,chr16:89288319_G>T,2.4894077775,2,0;3,ANKRD11,intronic
Full-length RNA-seq,Fibroblast,chr16:89561692_C>A,0.421575099,1,0,RPL13,exonic
Full-length RNA-seq,Fibroblast,chr16:89646928_C>T,1.871773362,1,3,CHMP1A,intronic
Full-length RNA-seq,Fibroblast,chr16:89649365_C>T,0.567784488,1,3,CHMP1A,exonic
Full-length RNA-seq,Fibroblast,chr16:89892714_T>C,3.780101299,1,3,TCF25,intronic
Full-length RNA-seq,Fibroblast,chr17:1050592_A>T,4.0695706605,2,0;3,ABR,exonic
Full-length RNA-seq,Fibroblast,chr17:1062834_T>C,6.410925865,1,0,ABR,intronic
Full-length RNA-seq,Fibroblast,chr17:1345289_T>A,2.076694965,1,0,YWHAE,UTR3
Full-length RNA-seq,Fibroblast,chr17:1364780_T>G,2.425986171,2,0;3,YWHAE,intronic
Full-length RNA-seq,Fibroblast,chr17:14301262_C>A,2.188737869,1,3,HS3ST3B1,UTR5
Full-length RNA-seq,Fibroblast,chr17:15258277_C>T,5.2188723085,2,0;3,PMP22,intronic
Full-length RNA-seq,Fibroblast,chr17:15651269_A>T,2.149004936,1,3,TRIM16,exonic
Full-length RNA-seq,Fibroblast,chr17:15999316_A>T,2.3852207065,2,0;3,ZSWIM7,intronic
Full-length RNA-seq,Fibroblast,chr17:16091949_C>T,2.092828274,1,0,NCOR1,exonic
Full-length RNA-seq,Fibroblast,chr17:16381972_C>G,0.168649092,1,0,UBB,exonic
Full-length RNA-seq,Fibroblast,chr17:16382051_G>A,4.2989522220000005,2,0;3,UBB,exonic
Full-length RNA-seq,Fibroblast,chr17:16382653_C>A,2.071700811,1,3,UBB,UTR3
Full-length RNA-seq,Fibroblast,chr17:17165500_T>A,1.146143913,1,3,MPRIP,exonic
Full-length RNA-seq,Fibroblast,chr17:1734034_G>A,3.760885477,1,0,WDR81,exonic
Full-length RNA-seq,Fibroblast,chr17:17495543_C>T,4.412738323,1,0,RASD1,exonic
Full-length RNA-seq,Fibroblast,chr17:1776671_A>G,2.07928133,1,0,SERPINF1,exonic
Full-length RNA-seq,Fibroblast,chr17:19188110_C>A,2.422212839,1,0,SNORD3A,ncRNA_exonic
Full-length RNA-seq,Fibroblast,chr17:19188204_T>G,1.659031749,2,0;3,SNORD3A,ncRNA_exonic
Full-length RNA-seq,Fibroblast,chr17:19383887_A>T,6.856302738,1,0,MFAP4,UTR3
Full-length RNA-seq,Fibroblast,chr17:19384248_A>T,6.216146946,1,0,MFAP4,UTR3
Full-length RNA-seq,Fibroblast,chr17:19384532_A>C,4.595161438,1,0,MFAP4,exonic
Full-length RNA-seq,Fibroblast,chr17:19384601_C>T,1.135558844,1,0,MFAP4,exonic
Full-length RNA-seq,Fibroblast,chr17:19385269_A>C,3.884094238,1,0,MFAP4,exonic
Full-length RNA-seq,Fibroblast,chr17:21315477_G>A,3.858089924,1,0,MAP2K3,downstream
Full-length RNA-seq,Fibroblast,chr17:2385271_A>T,0.198645964,1,3,MNT,UTR3
Full-length RNA-seq,Fibroblast,chr17:2602271_G>A,1.242404222,1,0,PAFAH1B1,intronic
Full-length RNA-seq,Fibroblast,chr17:27294625_G>A,4.865665674500001,2,0;3,WSB1,intronic
Full-length RNA-seq,Fibroblast,chr17:27315499_G>A,1.315252542,1,0,WSB1,UTR3
Full-length RNA-seq,Fibroblast,chr17:27352770_A>T,1.71472919,1,0,WSB1;TBC1D3P5,intergenic
Full-length RNA-seq,Fibroblast,chr17:28631504_C>T,3.5877768994999997,2,0;3,KIAA0100,exonic
Full-length RNA-seq,Fibroblast,chr17:29543487_G>A,1.893666387,1,0,TAOK1,UTR3
Full-length RNA-seq,Fibroblast,chr17:34256309_C>A,1.269137144,1,0,CCL2,exonic
Full-length RNA-seq,Fibroblast,chr17:34256808_C>A,6.507784843,1,0,CCL2,exonic
Full-length RNA-seq,Fibroblast,chr17:35087822_A>G,5.171010971,1,0,RAD51L3-RFFL,ncRNA_intronic
Full-length RNA-seq,Fibroblast,chr17:37596344_G>C,2.684791327,1,0,SYNRG,exonic
Full-length RNA-seq,Fibroblast,chr17:38853300_A>G,10.84431267,1,3,RPL23,intronic
Full-length RNA-seq,Fibroblast,chr17:39204159_G>A,3.3928369285,2,0;3,RPL19,exonic
Full-length RNA-seq,Fibroblast,chr17:39204163_A>C,1.258961558,1,0,RPL19,exonic
Full-length RNA-seq,Fibroblast,chr17:39204566_G>A,1.485195756,1,0,RPL19,exonic
Full-length RNA-seq,Fibroblast,chr17:39921806_C>T,4.527695298,2,0;3,ORMDL3,UTR3
Full-length RNA-seq,Fibroblast,chr17:40219395_C>T,3.291087985,2,0;3,WIPF2,UTR5
Full-length RNA-seq,Fibroblast,chr17:40454049_T>A,0.976629913,1,3,IGFBP4,exonic
Full-length RNA-seq,Fibroblast,chr17:40457299_C>T,1.525065243,2,0;3,IGFBP4,UTR3
Full-length RNA-seq,Fibroblast,chr17:40457317_G>A,2.064726114,1,3,IGFBP4,UTR3
Full-length RNA-seq,Fibroblast,chr17:41583333_C>T,3.3931645154999996,2,0;3,KRT14,exonic
Full-length RNA-seq,Fibroblast,chr17:41689868_G>A,1.168275535,2,0;3,EIF1,exonic
Full-length RNA-seq,Fibroblast,chr17:41690158_A>T,1.941511154,1,3,EIF1,exonic
Full-length RNA-seq,Fibroblast,chr17:42337761_A>G,1.387281895,1,3,STAT3,splicing
Full-length RNA-seq,Fibroblast,chr17:42343954_T>G,0.634721935,2,0;3,STAT3,intronic
Full-length RNA-seq,Fibroblast,chr17:42577242_C>T,0.258708328,1,0,PSMC3IP,exonic
Full-length RNA-seq,Fibroblast,chr17:43189633_A>C,0.520612717,1,0,NBR1,exonic
Full-length RNA-seq,Fibroblast,chr17:43246586_T>G,1.7213328479999999,2,0;3,RNU2-1,upstream
Full-length RNA-seq,Fibroblast,chr17:43360816_T>C,4.265006065,1,0,RNU2-1;LINC00910,intergenic
Full-length RNA-seq,Fibroblast,chr17:44093701_C>T,3.3054811954999996,2,0;3,HDAC5,exonic
Full-length RNA-seq,Fibroblast,chr17:44399947_C>G,1.374383211,1,3,GPATCH8,exonic
Full-length RNA-seq,Fibroblast,chr17:44405976_C>G,0.619098544,1,0,GPATCH8,exonic
Full-length RNA-seq,Fibroblast,chr17:44494247_C>T,7.090229034,1,0,GPATCH8,intronic
Full-length RNA-seq,Fibroblast,chr17:45148751_G>A,2.4890030625,2,0;3,HEXIM1,UTR5
Full-length RNA-seq,Fibroblast,chr17:45148988_C>T,4.569471836,1,0,HEXIM1,UTR5
Full-length RNA-seq,Fibroblast,chr17:45149625_G>A,2.690039158,1,0,HEXIM1,exonic
Full-length RNA-seq,Fibroblast,chr17:45149749_T>G,4.01268959,1,0,HEXIM1,exonic
Full-length RNA-seq,Fibroblast,chr17:45150315_T>C,0.43772167,1,0,HEXIM1,UTR3
Full-length RNA-seq,Fibroblast,chr17:45151162_G>A,1.261570096,1,3,HEXIM1,UTR3
Full-length RNA-seq,Fibroblast,chr17:47819736_C>T,2.074520826,1,3,OSBPL7,exonic
Full-length RNA-seq,Fibroblast,chr17:48909298_A>G,5.159162521,1,0,UBE2Z,intronic
Full-length RNA-seq,Fibroblast,chr17:4892407_G>A,5.4515891075,2,0;3,MINK1,exonic
Full-length RNA-seq,Fibroblast,chr17:48927831_A>G,2.7452164889999997,2,0;3,UBE2Z,UTR3
Full-length RNA-seq,Fibroblast,chr17:4980594_C>T,0.8744491640000001,2,0;3,CAMTA2,exonic
Full-length RNA-seq,Fibroblast,chr17:50184382_G>A,13.411121845,2,0;3,COL1A1,UTR3
Full-length RNA-seq,Fibroblast,chr17:50184571_A>G,2.691268444,1,3,COL1A1,UTR3
Full-length RNA-seq,Fibroblast,chr17:50184628_A>G,20.359902860000002,2,0;3,COL1A1,UTR3
Full-length RNA-seq,Fibroblast,chr17:50184824_C>T,18.51592255,1,3,COL1A1,UTR3
Full-length RNA-seq,Fibroblast,chr17:50185212_A>G,4.790459156,3,0;10;3,COL1A1,UTR3
Full-length RNA-seq,Fibroblast,chr17:50185412_T>G,7.1790213585,2,0;3,COL1A1,UTR3
Full-length RNA-seq,Fibroblast,chr17:50186861_A>T,13.03331184,1,3,COL1A1,exonic
Full-length RNA-seq,Fibroblast,chr17:50188982_C>G,14.4192338,2,0;3,COL1A1,exonic
Full-length RNA-seq,Fibroblast,chr17:50190340_A>G,9.682011604,1,0,COL1A1,exonic
Full-length RNA-seq,Fibroblast,chr17:50190351_G>A,0.926317394,1,3,COL1A1,exonic
Full-length RNA-seq,Fibroblast,chr17:50191413_T>A,11.073191164,2,0;3,COL1A1,exonic
Full-length RNA-seq,Fibroblast,chr17:50191460_T>C,9.557982445,1,3,COL1A1,exonic
Full-length RNA-seq,Fibroblast,chr17:50194137_C>T,13.662946699999999,1,3,COL1A1,exonic
Full-length RNA-seq,Fibroblast,chr17:50195932_A>T,2.020415545,1,3,COL1A1,exonic
Full-length RNA-seq,Fibroblast,chr17:50195943_G>T,12.14184093,1,3,COL1A1,exonic
Full-length RNA-seq,Fibroblast,chr17:50196164_G>A,15.5117197,1,3,COL1A1,exonic
Full-length RNA-seq,Fibroblast,chr17:50196192_C>G,2.114143372,1,0,COL1A1,exonic
Full-length RNA-seq,Fibroblast,chr17:50196499_T>A,13.8102412205,2,0;3,COL1A1,exonic
Full-length RNA-seq,Fibroblast,chr17:50199227_C>T,10.7583823195,2,0;3,COL1A1,exonic
Full-length RNA-seq,Fibroblast,chr17:50199755_G>T,12.2703228,1,3,COL1A1,exonic
Full-length RNA-seq,Fibroblast,chr17:50199818_G>C,4.452305794,1,3,COL1A1,exonic
Full-length RNA-seq,Fibroblast,chr17:50201633_C>G,16.06986809,1,3,COL1A1,upstream
Full-length RNA-seq,Fibroblast,chr17:50995115_C>T,2.078585863,2,0;3,SPAG9,exonic
Full-length RNA-seq,Fibroblast,chr17:56908477_C>T,4.764978409,1,0,TRIM25,exonic
Full-length RNA-seq,Fibroblast,chr17:58323371_A>T,6.133507729,1,3,TSPOAP1,exonic
Full-length RNA-seq,Fibroblast,chr17:59681322_T>A,4.9407896995,2,0;3,CLTC,exonic
Full-length RNA-seq,Fibroblast,chr17:59838519_A>C,2.711906314,2,0;3,VMP1,intronic
Full-length RNA-seq,Fibroblast,chr17:59840163_C>A,1.8261234759999998,2,0;3,VMP1,UTR3
Full-length RNA-seq,Fibroblast,chr17:59843246_T>G,3.647480726,1,0,VMP1,downstream
Full-length RNA-seq,Fibroblast,chr17:59844019_A>C,4.0559167865,2,0;3,VMP1;TUBD1,intergenic
Full-length RNA-seq,Fibroblast,chr17:61402930_T>G,0.961063385,1,3,TBX2,intronic
Full-length RNA-seq,Fibroblast,chr17:62689962_G>A,3.585556269,1,0,MRC2,exonic
Full-length RNA-seq,Fibroblast,chr17:62692372_G>A,1.699747741,2,0;3,MRC2,exonic
Full-length RNA-seq,Fibroblast,chr17:63074011_C>A,3.715301514,1,3,TANC2,exonic
Full-length RNA-seq,Fibroblast,chr17:63798151_T>C,5.339159966,1,3,DDX42,intronic
Full-length RNA-seq,Fibroblast,chr17:65053543_C>T,0.6127242145,2,0;3,GNA13,exonic
Full-length RNA-seq,Fibroblast,chr17:65056566_C>A,1.958014965,1,0,GNA13,exonic
Full-length RNA-seq,Fibroblast,chr17:67425201_A>G,6.086450577,1,0,PITPNC1,intronic
Full-length RNA-seq,Fibroblast,chr17:6758457_G>A,5.767888069,2,0;3,XAF1,intronic
Full-length RNA-seq,Fibroblast,chr17:68882626_A>C,6.592128277,1,0,ABCA8,exonic
Full-length RNA-seq,Fibroblast,chr17:6999374_A>T,3.824285269,1,0,ALOX12,exonic
Full-length RNA-seq,Fibroblast,chr17:72121684_C>A,1.5896580815,2,0;3,SOX9,exonic
Full-length RNA-seq,Fibroblast,chr17:7220422_G>A,4.521994114,2,0;3,ACADVL,intronic
Full-length RNA-seq,Fibroblast,chr17:7406049_T>C,4.905379295,1,3,TMEM256-PLSCR3;NLGN2,intergenic
Full-length RNA-seq,Fibroblast,chr17:7417023_A>G,0.717038989,1,0,NLGN2,exonic
Full-length RNA-seq,Fibroblast,chr17:7484814_C>A,5.924544334,1,0,POLR2A,exonic
Full-length RNA-seq,Fibroblast,chr17:7487699_T>A,4.511780262,1,0,POLR2A,intronic
Full-length RNA-seq,Fibroblast,chr17:748823_A>G,2.2288639545,2,0;3,GEMIN4,intronic
Full-length RNA-seq,Fibroblast,chr17:7497825_C>T,1.220396042,1,0,POLR2A,exonic
Full-length RNA-seq,Fibroblast,chr17:7513439_A>C,2.08724308,1,0,POLR2A,exonic
Full-length RNA-seq,Fibroblast,chr17:7514031_A>T,5.526480675,1,0,POLR2A,exonic
Full-length RNA-seq,Fibroblast,chr17:76385547_G>A,2.54965806,1,3,SPHK1,exonic
Full-length RNA-seq,Fibroblast,chr17:76386067_G>A,0.865840077,1,3,SPHK1,exonic
Full-length RNA-seq,Fibroblast,chr17:76718649_C>T,2.3032827975,2,0;3,JMJD6,UTR3
Full-length RNA-seq,Fibroblast,chr17:76736975_A>T,1.76583612,1,3,SRSF2,exonic
Full-length RNA-seq,Fibroblast,chr17:7835282_T>C,2.087577343,1,0,DNAH2;KDM6B,intergenic
Full-length RNA-seq,Fibroblast,chr17:7835597_T>C,1.422005296,1,0,DNAH2;KDM6B,intergenic
Full-length RNA-seq,Fibroblast,chr17:7835665_G>A,4.855113029,1,0,DNAH2;KDM6B,intergenic
Full-length RNA-seq,Fibroblast,chr17:78357158_A>C,2.024489641,1,0,SOCS3,UTR3
Full-length RNA-seq,Fibroblast,chr17:78358170_C>G,3.914509773,1,3,SOCS3,UTR3
Full-length RNA-seq,Fibroblast,chr17:78358689_A>G,3.797174692,1,0,SOCS3,exonic
Full-length RNA-seq,Fibroblast,chr17:78359071_C>G,6.943045139,1,3,SOCS3,exonic
Full-length RNA-seq,Fibroblast,chr17:7841444_G>A,2.725629091,1,0,KDM6B,intronic
Full-length RNA-seq,Fibroblast,chr17:7843582_C>A,0.106175721,1,0,KDM6B,intronic
Full-length RNA-seq,Fibroblast,chr17:7844913_G>A,2.868123293,1,0,KDM6B,UTR5
Full-length RNA-seq,Fibroblast,chr17:7845925_A>C,2.11456418,1,0,KDM6B,exonic
Full-length RNA-seq,Fibroblast,chr17:7846934_T>A,3.142865896,1,0,KDM6B,exonic
Full-length RNA-seq,Fibroblast,chr17:7847888_T>G,1.7577870485,2,0;3,KDM6B,exonic
Full-length RNA-seq,Fibroblast,chr17:7848339_A>T,1.763817787,1,0,KDM6B,exonic
Full-length RNA-seq,Fibroblast,chr17:7852216_C>G,2.9040545225,2,0;3,KDM6B,exonic
Full-length RNA-seq,Fibroblast,chr17:7853121_T>A,0.86059612,1,0,KDM6B,exonic
Full-length RNA-seq,Fibroblast,chr17:7853248_T>C,0.540166214,2,0;3,KDM6B,exonic
Full-length RNA-seq,Fibroblast,chr17:7857331_C>A,3.536090851,1,0,NAA38,exonic
Full-length RNA-seq,Fibroblast,chr17:7858895_G>C,1.511502743,1,0,CYB5D1;NAA38,intronic
Full-length RNA-seq,Fibroblast,chr17:7860608_T>C,0.495731056,1,0,CYB5D1,UTR3
Full-length RNA-seq,Fibroblast,chr17:7860907_C>A,3.269248486,1,0,CYB5D1,UTR3
Full-length RNA-seq,Fibroblast,chr17:7861317_A>G,0.466156781,1,0,CYB5D1,UTR3
Full-length RNA-seq,Fibroblast,chr17:7861320_C>A,0.901956916,1,0,CYB5D1,UTR3
Full-length RNA-seq,Fibroblast,chr17:7861321_A>T,1.086841226,1,0,CYB5D1,UTR3
Full-length RNA-seq,Fibroblast,chr17:78807359_C>T,0.344962478,1,3,USP36,exonic
Full-length RNA-seq,Fibroblast,chr17:78830442_A>G,1.060835719,1,0,USP36,intronic
Full-length RNA-seq,Fibroblast,chr17:78906512_A>T,1.017041266,2,0;3,TIMP2,intronic
Full-length RNA-seq,Fibroblast,chr17:78910835_T>C,2.818062305,1,0,TIMP2,intronic
Full-length RNA-seq,Fibroblast,chr17:78916423_A>T,2.167554855,1,0,TIMP2,intronic
Full-length RNA-seq,Fibroblast,chr17:78971520_C>T,0.256949812,1,0,LGALS3BP,UTR3
Full-length RNA-seq,Fibroblast,chr17:7900342_G>C,2.009392202,2,0;3,CHD3,exonic
Full-length RNA-seq,Fibroblast,chr17:79047711_C>T,3.188019753,1,0,C1QTNF1,exonic
Full-length RNA-seq,Fibroblast,chr17:79835267_C>T,4.177624226,1,0,CBX4,exonic
Full-length RNA-seq,Fibroblast,chr17:79936941_C>T,0.821650058,2,0;3,TBC1D16,UTR3
Full-length RNA-seq,Fibroblast,chr17:80144210_T>G,2.276960373,1,0,EIF4A3,exonic
Full-length RNA-seq,Fibroblast,chr17:80146998_T>A,2.9817786215,2,0;3,EIF4A3,UTR5
Full-length RNA-seq,Fibroblast,chr17:80147109_G>C,2.616692543,1,0,EIF4A3,UTR5
Full-length RNA-seq,Fibroblast,chr17:80339915_C>A,2.095156908,2,0;3,RNF213,exonic
Full-length RNA-seq,Fibroblast,chr17:80353930_C>T,1.729082704,1,0,RNF213-AS1,ncRNA_exonic
Full-length RNA-seq,Fibroblast,chr17:81246943_C>T,2.113773942,2,0;3,SLC38A10,exonic
Full-length RNA-seq,Fibroblast,chr17:8147140_G>C,5.6281309125,2,0;3,PER1,intronic
Full-length RNA-seq,Fibroblast,chr17:8150557_A>G,3.22062993,1,3,PER1,exonic
Full-length RNA-seq,Fibroblast,chr17:8150753_A>T,4.3727009295,2,0;3,PER1,UTR5
Full-length RNA-seq,Fibroblast,chr17:81510543_A>T,1.143597901,2,0;3,ACTG1,UTR3
Full-length RNA-seq,Fibroblast,chr17:81511923_T>G,1.993771195,1,0,ACTG1,exonic
Full-length RNA-seq,Fibroblast,chr17:8154092_A>T,6.0428328515,2,0;3,PER1;VAMP2,intergenic
Full-length RNA-seq,Fibroblast,chr17:8154976_C>T,4.299967766,1,0,PER1;VAMP2,intergenic
Full-length RNA-seq,Fibroblast,chr17:81687062_G>C,1.186947346,1,3,HGS,exonic
Full-length RNA-seq,Fibroblast,chr17:81690207_G>C,2.9217602014999997,2,0;3,HGS,exonic
Full-length RNA-seq,Fibroblast,chr17:82239751_C>T,2.511350632,1,0,CSNK1D;SLC16A3,UTR3
Full-length RNA-seq,Fibroblast,chr17:8377573_C>T,1.381255269,1,0,RPL26,exonic
Full-length RNA-seq,Fibroblast,chr17:8379913_A>T,3.225403428,2,0;3,RPL26,exonic
Full-length RNA-seq,Fibroblast,chr18:10488206_G>A,15.04444599,1,3,APCDD1,UTR3
Full-length RNA-seq,Fibroblast,chr18:22968893_G>A,2.0477736,1,0,RBBP8,exonic
Full-length RNA-seq,Fibroblast,chr18:25225500_A>G,0.290628016,2,0;3,ZNF521,exonic
Full-length RNA-seq,Fibroblast,chr18:26226904_G>A,1.379420996,1,0,TAF4B,UTR5
Full-length RNA-seq,Fibroblast,chr18:26244626_G>A,2.9263317585,2,0;3,TAF4B,intronic
Full-length RNA-seq,Fibroblast,chr18:26255220_G>A,2.100500107,1,0,TAF4B,intronic
Full-length RNA-seq,Fibroblast,chr18:2697921_G>A,3.2780866625,2,0;3,SMCHD1,exonic
Full-length RNA-seq,Fibroblast,chr18:2735433_G>C,12.00162506,1,3,SMCHD1,intronic
Full-length RNA-seq,Fibroblast,chr18:347236_G>T,2.169705152333333,3,0;10;3,COLEC12,exonic
Full-length RNA-seq,Fibroblast,chr18:36372700_T>A,6.091435432,1,3,FHOD3,exonic
Full-length RNA-seq,Fibroblast,chr18:45954623_A>T,1.903149903,2,0;3,EPG5,exonic
Full-length RNA-seq,Fibroblast,chr18:47157474_A>T,1.376043141,2,0;3,IER3IP1,exonic
Full-length RNA-seq,Fibroblast,chr18:58578881_C>T,6.483032942,2,0;3,ALPK2,exonic
Full-length RNA-seq,Fibroblast,chr18:63198814_C>G,4.130948544,1,0,BCL2,intronic
Full-length RNA-seq,Fibroblast,chr18:63241456_A>G,7.150542736,1,0,BCL2,intronic
Full-length RNA-seq,Fibroblast,chr18:63259424_C>T,1.700285912,1,0,BCL2,intronic
Full-length RNA-seq,Fibroblast,chr18:67515469_C>T,0.619488895,1,3,DSEL,UTR5
Full-length RNA-seq,Fibroblast,chr18:75286560_G>A,2.716958046,1,0,TSHZ1,exonic
Full-length RNA-seq,Fibroblast,chr18:79424969_C>T,2.050120115,1,0,NFATC1,intronic
Full-length RNA-seq,Fibroblast,chr18:79497852_G>A,4.0002654795,2,0;3,NFATC1,intronic
Full-length RNA-seq,Fibroblast,chr18:79497928_A>C,1.527826428,1,0,NFATC1,intronic
Full-length RNA-seq,Fibroblast,chr18:79498044_A>G,3.149596691,1,0,NFATC1,intronic
Full-length RNA-seq,Fibroblast,chr18:79909553_C>A,3.9364422560000003,2,0;3,SLC66A2,intronic
Full-length RNA-seq,Fibroblast,chr18:9182492_T>A,4.388296604,1,3,ANKRD12,exonic
Full-length RNA-seq,Fibroblast,chr18:9201075_G>A,0.316027761,1,0,ANKRD12,intronic
Full-length RNA-seq,Fibroblast,chr18:9279306_G>C,4.029958725,1,0,ANKRD12,intronic
Full-length RNA-seq,Fibroblast,chr19:10087256_A>C,1.672647953,2,0;3,SHFL,exonic
Full-length RNA-seq,Fibroblast,chr19:10107591_G>A,7.008496761,1,0,PPAN;PPAN-P2RY11,exonic
Full-length RNA-seq,Fibroblast,chr19:10110778_G>A,3.6966810225,2,0;3,PPAN;PPAN-P2RY11,exonic
Full-length RNA-seq,Fibroblast,chr19:1011099_G>T,2.464857459,2,0;3,TMEM259,exonic
Full-length RNA-seq,Fibroblast,chr19:10156430_A>T,0.621688604,1,0,DNMT1,exonic
Full-length RNA-seq,Fibroblast,chr19:10275008_A>C,3.5238671305000002,2,0;3,ICAM1,exonic
Full-length RNA-seq,Fibroblast,chr19:10284046_T>C,1.408349037,1,0,ICAM1,exonic
Full-length RNA-seq,Fibroblast,chr19:10284236_G>A,5.160359621,2,0;3,ICAM1,exonic
Full-length RNA-seq,Fibroblast,chr19:10284622_T>C,3.511614799,1,0,ICAM1,exonic
Full-length RNA-seq,Fibroblast,chr19:10285230_A>G,6.248322964,2,0;3,ICAM1,exonic
Full-length RNA-seq,Fibroblast,chr19:10285522_G>C,4.406478882,2,0;3,ICAM1,UTR3
Full-length RNA-seq,Fibroblast,chr19:10364882_A>T,1.166671395,1,3,TYK2,exonic
Full-length RNA-seq,Fibroblast,chr19:10565747_G>A,1.835134268,1,0,KRI1,exonic
Full-length RNA-seq,Fibroblast,chr19:1248905_C>T,0.493649274,1,0,MIDN,intronic
Full-length RNA-seq,Fibroblast,chr19:1254927_G>A,0.579273582,1,3,MIDN,exonic
Full-length RNA-seq,Fibroblast,chr19:12792059_C>T,0.719314605,2,0;3,JUNB,exonic
Full-length RNA-seq,Fibroblast,chr19:12792331_G>A,0.664852321,1,0,JUNB,exonic
Full-length RNA-seq,Fibroblast,chr19:12792337_C>A,3.035909176,1,0,JUNB,exonic
Full-length RNA-seq,Fibroblast,chr19:13153440_C>A,3.359891653,1,3,IER2,exonic
Full-length RNA-seq,Fibroblast,chr19:13153574_G>A,2.182343483,1,3,IER2,exonic
Full-length RNA-seq,Fibroblast,chr19:1371037_G>A,0.477584839,1,0,PWWP3A,exonic
Full-length RNA-seq,Fibroblast,chr19:13839245_C>G,3.755663633,1,3,LOC284454,ncRNA_exonic
Full-length RNA-seq,Fibroblast,chr19:13841034_C>T,1.069113731,1,0,LOC284454,ncRNA_exonic
Full-length RNA-seq,Fibroblast,chr19:13841290_C>T,3.871653318,1,3,LOC284454,ncRNA_exonic
Full-length RNA-seq,Fibroblast,chr19:1440201_G>A,3.9638979435,2,0;3,RPS15,exonic
Full-length RNA-seq,Fibroblast,chr19:14513825_A>T,4.350038767,2,0;3,DNAJB1,downstream
Full-length RNA-seq,Fibroblast,chr19:14515014_A>G,0.29172352,1,0,DNAJB1,UTR3
Full-length RNA-seq,Fibroblast,chr19:14515106_C>T,0.75987047,1,0,DNAJB1,UTR3
Full-length RNA-seq,Fibroblast,chr19:14516136_A>G,1.877035737,1,0,DNAJB1,exonic
Full-length RNA-seq,Fibroblast,chr19:14516532_C>T,0.751530886,1,0,DNAJB1,exonic
Full-length RNA-seq,Fibroblast,chr19:14516676_T>G,1.865818739,1,3,DNAJB1,exonic
Full-length RNA-seq,Fibroblast,chr19:15160525_T>A,3.840693951,1,0,NOTCH3,UTR3
Full-length RNA-seq,Fibroblast,chr19:15352482_A>G,2.821182966,1,0,AKAP8,downstream
Full-length RNA-seq,Fibroblast,chr19:15778946_G>A,6.392442226,1,0,CYP4F24P,ncRNA_intronic
Full-length RNA-seq,Fibroblast,chr19:15779258_A>G,6.454721451,1,0,CYP4F24P,ncRNA_intronic
Full-length RNA-seq,Fibroblast,chr19:16386575_G>A,0.75387609,1,0,EPS15L1,intronic
Full-length RNA-seq,Fibroblast,chr19:16391176_G>C,0.385202199,1,0,EPS15L1,intronic
Full-length RNA-seq,Fibroblast,chr19:16535479_C>T,2.711051345,2,0;3,CHERP,exonic
Full-length RNA-seq,Fibroblast,chr19:17203022_C>A,2.819420576,1,3,MYO9B,intronic
Full-length RNA-seq,Fibroblast,chr19:17333711_C>T,4.954317093,2,0;3,ANO8,exonic
Full-length RNA-seq,Fibroblast,chr19:17860592_T>C,1.165628314,2,0;3,RPL18A,intronic
Full-length RNA-seq,Fibroblast,chr19:17863174_T>A,2.682007551,1,0,RPL18A,exonic
Full-length RNA-seq,Fibroblast,chr19:17863175_C>G,1.313078284,1,0,RPL18A,exonic
Full-length RNA-seq,Fibroblast,chr19:18006404_C>G,0.929491401,1,3,ARRDC2,intronic
Full-length RNA-seq,Fibroblast,chr19:18266293_C>T,6.296298027,1,0,IQCN,exonic
Full-length RNA-seq,Fibroblast,chr19:18268174_C>G,0.454018444,1,0,IQCN,intronic
Full-length RNA-seq,Fibroblast,chr19:18278975_A>T,5.099892616,1,0,JUND,downstream
Full-length RNA-seq,Fibroblast,chr19:18280623_G>T,2.748407125,1,3,JUND,exonic
Full-length RNA-seq,Fibroblast,chr19:18281360_C>T,0.418100178,1,0,JUND,exonic
Full-length RNA-seq,Fibroblast,chr19:18573681_G>A,1.985271573,1,0,UBA52,exonic
Full-length RNA-seq,Fibroblast,chr19:18575119_A>G,0.56072855,1,0,UBA52,exonic
Full-length RNA-seq,Fibroblast,chr19:18590916_G>A,3.817052603,2,0;3,REX1BD,exonic
Full-length RNA-seq,Fibroblast,chr19:18783149_A>T,0.923380911,1,0,COMP,exonic
Full-length RNA-seq,Fibroblast,chr19:18784328_C>T,8.381817818,1,0,COMP,exonic
Full-length RNA-seq,Fibroblast,chr19:18785516_C>T,0.823090792,1,16,COMP,exonic
Full-length RNA-seq,Fibroblast,chr19:18786131_A>C,11.77801991,1,0,COMP,exonic
Full-length RNA-seq,Fibroblast,chr19:18787603_C>G,6.152925968,1,0,COMP,exonic
Full-length RNA-seq,Fibroblast,chr19:18787621_G>T,1.847231865,1,0,COMP,exonic
Full-length RNA-seq,Fibroblast,chr19:2038881_C>T,4.837826252,1,0,MKNK2,UTR3
Full-length RNA-seq,Fibroblast,chr19:2200865_C>T,7.059679508,1,0,DOT1L,intronic
Full-length RNA-seq,Fibroblast,chr19:2210764_G>A,4.2904388905,2,0;3,DOT1L,exonic
Full-length RNA-seq,Fibroblast,chr19:2476323_C>T,2.765064478,1,0,GADD45B,UTR5
Full-length RNA-seq,Fibroblast,chr19:2476387_A>G,6.458153725,1,3,GADD45B,exonic
Full-length RNA-seq,Fibroblast,chr19:2477136_A>G,6.008946419,1,3,GADD45B,exonic
Full-length RNA-seq,Fibroblast,chr19:2477669_C>A,0.578735232,1,0,GADD45B,UTR3
Full-length RNA-seq,Fibroblast,chr19:2477979_G>A,2.825722694,1,0,GADD45B,UTR3
Full-length RNA-seq,Fibroblast,chr19:2478186_C>A,2.290774107,1,0,GADD45B,UTR3
Full-length RNA-seq,Fibroblast,chr19:34387846_G>C,1.15894711,1,0,GPI,intronic
Full-length RNA-seq,Fibroblast,chr19:35009266_T>A,5.630822182,1,3,GRAMD1A,exonic
Full-length RNA-seq,Fibroblast,chr19:35019227_G>A,3.154327869,1,3,GRAMD1A,exonic
Full-length RNA-seq,Fibroblast,chr19:3530423_C>G,1.038038611,1,0,FZR1,intronic
Full-length RNA-seq,Fibroblast,chr19:35721774_G>A,1.689345837,1,3,KMT2B,exonic
Full-length RNA-seq,Fibroblast,chr19:35723144_G>A,1.8640034795,2,0;3,KMT2B,exonic
Full-length RNA-seq,Fibroblast,chr19:36175544_T>C,4.455822468,1,0,COX7A1;ZNF565,intergenic
Full-length RNA-seq,Fibroblast,chr19:38831359_G>T,4.611644745,1,0,ECH1,exonic
Full-length RNA-seq,Fibroblast,chr19:38880827_A>T,3.3365235325000002,2,0;3,SIRT2,exonic
Full-length RNA-seq,Fibroblast,chr19:39402379_C>A,2.325429916,1,0,MED29;ZFP36,intergenic
Full-length RNA-seq,Fibroblast,chr19:39407941_G>C,5.806215763,1,3,ZFP36,exonic
Full-length RNA-seq,Fibroblast,chr19:39407982_A>C,0.187308475,1,0,ZFP36,exonic
Full-length RNA-seq,Fibroblast,chr19:39410484_T>G,1.950690389,1,0,MIR4530,upstream
Full-length RNA-seq,Fibroblast,chr19:39410941_C>A,5.46511507,1,0,MIR4530;PLEKHG2,intergenic
Full-length RNA-seq,Fibroblast,chr19:39411180_C>T,1.37325263,1,0,MIR4530;PLEKHG2,intergenic
Full-length RNA-seq,Fibroblast,chr19:39411524_C>T,2.157876492,1,0,MIR4530;PLEKHG2,intergenic
Full-length RNA-seq,Fibroblast,chr19:39411724_G>A,2.633688211,1,0,PLEKHG2,upstream
Full-length RNA-seq,Fibroblast,chr19:39416585_T>A,1.182412624,1,0,PLEKHG2,exonic
Full-length RNA-seq,Fibroblast,chr19:39422029_C>A,1.386484146,1,0,PLEKHG2,intronic
Full-length RNA-seq,Fibroblast,chr19:39422269_G>A,2.059626341,1,0,PLEKHG2,exonic
Full-length RNA-seq,Fibroblast,chr19:39424278_A>G,1.787754893,1,0,PLEKHG2,exonic
Full-length RNA-seq,Fibroblast,chr19:39426113_G>A,0.934273094,2,0;10,PLEKHG2,UTR3
Full-length RNA-seq,Fibroblast,chr19:39434714_A>G,3.467600822,1,0,RPS16,intronic
Full-length RNA-seq,Fibroblast,chr19:39839151_C>T,6.65526104,2,0;3,FBL,exonic
Full-length RNA-seq,Fibroblast,chr19:41322965_T>G,1.1542221905,2,0;3,CCDC97,UTR3
Full-length RNA-seq,Fibroblast,chr19:41871354_G>A,1.499215484,1,0,RPS19,exonic
Full-length RNA-seq,Fibroblast,chr19:41892123_G>A,4.916289806,1,3,ARHGEF1,exonic
Full-length RNA-seq,Fibroblast,chr19:41905794_G>A,0.75933066,2,0;3,ARHGEF1,exonic
Full-length RNA-seq,Fibroblast,chr19:43665418_A>T,3.048149824,1,0,PLAUR,exonic
Full-length RNA-seq,Fibroblast,chr19:44747087_C>T,4.045434952,1,0,CEACAM16;BCL3,intergenic
Full-length RNA-seq,Fibroblast,chr19:44748246_G>A,4.248999119,1,0,BCL3,upstream
Full-length RNA-seq,Fibroblast,chr19:44756924_T>A,2.789649725,1,0,BCL3,intronic
Full-length RNA-seq,Fibroblast,chr19:44907815_C>A,6.354795456,1,0,APOE,exonic
Full-length RNA-seq,Fibroblast,chr19:44909316_G>A,5.475307465,1,0,APOE,UTR3
Full-length RNA-seq,Fibroblast,chr19:45011811_A>T,2.0962268115000002,2,0;3,RELB,intronic
Full-length RNA-seq,Fibroblast,chr19:45013968_T>G,3.1910836695,2,0;3,RELB,intronic
Full-length RNA-seq,Fibroblast,chr19:45468791_C>A,3.746981621,1,0,FOSB,intronic
Full-length RNA-seq,Fibroblast,chr19:45470259_G>T,2.205634594,1,0,FOSB,intronic
Full-length RNA-seq,Fibroblast,chr19:45470493_C>G,2.48445493,2,0;3,FOSB,intronic
Full-length RNA-seq,Fibroblast,chr19:45474629_C>T,1.4708635805,2,0;3,FOSB,UTR3
Full-length RNA-seq,Fibroblast,chr19:45474652_G>A,0.469822735,1,0,FOSB,UTR3
Full-length RNA-seq,Fibroblast,chr19:45474683_A>C,5.085961819,1,3,FOSB,UTR3
Full-length RNA-seq,Fibroblast,chr19:46730779_C>T,1.526903749,1,3,STRN4,exonic
Full-length RNA-seq,Fibroblast,chr19:47113704_G>A,1.291636467,1,0,ZC3H4,intronic
Full-length RNA-seq,Fibroblast,chr19:47500281_C>G,1.827970028,1,0,NAPA-AS1,ncRNA_intronic
Full-length RNA-seq,Fibroblast,chr19:47784632_T>C,2.755071878,1,0,SELENOW,UTR3
Full-length RNA-seq,Fibroblast,chr19:48616156_C>G,4.311331749,1,3,RPL18,exonic
Full-length RNA-seq,Fibroblast,chr19:48868299_C>T,6.903314114,1,0,PLEKHA4,UTR5
Full-length RNA-seq,Fibroblast,chr19:48873390_G>A,2.996240616,1,3,PPP1R15A,exonic
Full-length RNA-seq,Fibroblast,chr19:48873532_C>A,4.971612453500001,2,0;3,PPP1R15A,exonic
Full-length RNA-seq,Fibroblast,chr19:48873623_G>A,4.660311699,1,0,PPP1R15A,exonic
Full-length RNA-seq,Fibroblast,chr19:48873719_A>G,5.300087452,2,0;3,PPP1R15A,exonic
Full-length RNA-seq,Fibroblast,chr19:48873883_C>A,1.9062941075,2,0;3,PPP1R15A,exonic
Full-length RNA-seq,Fibroblast,chr19:48873953_T>C,5.1598405839999995,2,0;3,PPP1R15A,exonic
Full-length RNA-seq,Fibroblast,chr19:48874064_A>C,5.562238455,2,0;3,PPP1R15A,exonic
Full-length RNA-seq,Fibroblast,chr19:48874194_G>A,3.379125357,1,3,PPP1R15A,exonic
Full-length RNA-seq,Fibroblast,chr19:48874406_T>A,5.245251894,2,0;3,PPP1R15A,exonic
Full-length RNA-seq,Fibroblast,chr19:48874505_T>A,2.761578798,1,3,PPP1R15A,exonic
Full-length RNA-seq,Fibroblast,chr19:48874895_A>C,0.199426308,1,0,PPP1R15A,exonic
Full-length RNA-seq,Fibroblast,chr19:48875290_C>T,3.8521341085,2,0;3,PPP1R15A,intronic
Full-length RNA-seq,Fibroblast,chr19:48875940_G>A,3.489296436,1,0,PPP1R15A,exonic
Full-length RNA-seq,Fibroblast,chr19:48881909_A>G,1.780404091,1,0,TULP2,intronic
Full-length RNA-seq,Fibroblast,chr19:48913767_T>C,0.8943006095,2,0;3,NUCB1-AS1,ncRNA_intronic
Full-length RNA-seq,Fibroblast,chr19:48921868_G>A,0.124108277,1,0,NUCB1,exonic
Full-length RNA-seq,Fibroblast,chr19:48965556_G>A,3.524728775,2,0;3,FTL,exonic
Full-length RNA-seq,Fibroblast,chr19:48966877_G>A,0.213602722,1,0,FTL,UTR3
Full-length RNA-seq,Fibroblast,chr19:49490290_A>C,1.4727818369999999,2,0;3,RPL13A,exonic
Full-length RNA-seq,Fibroblast,chr19:49490841_G>A,1.400378883,2,0;3,RPL13A,exonic
Full-length RNA-seq,Fibroblast,chr19:49490845_T>A,1.604701936,2,0;3,RPL13A,exonic
Full-length RNA-seq,Fibroblast,chr19:49490860_A>G,1.980076909,1,3,RPL13A,exonic
Full-length RNA-seq,Fibroblast,chr19:49491738_A>C,2.9755926135,2,0;3,RPL13A,exonic
Full-length RNA-seq,Fibroblast,chr19:49860109_G>A,2.6717870240000003,2,0;3,PTOV1,exonic
Full-length RNA-seq,Fibroblast,chr19:51968664_G>T,6.985039711000001,2,0;3,ZNF350,exonic
Full-length RNA-seq,Fibroblast,chr19:53545383_C>A,4.303082466,1,0,ZNF331,intronic
Full-length RNA-seq,Fibroblast,chr19:53868564_G>A,2.657547474,1,0,MYADM,UTR5
Full-length RNA-seq,Fibroblast,chr19:54156808_C>T,0.846383482,2,0;3,LENG1,exonic
Full-length RNA-seq,Fibroblast,chr19:55386624_C>A,0.5436832755000001,2,0;3,RPL28,exonic
Full-length RNA-seq,Fibroblast,chr19:55386657_G>A,0.2050685325,2,0;16,RPL28,exonic
Full-length RNA-seq,Fibroblast,chr19:55387999_G>A,2.5379592779999998,2,0;3,RPL28,exonic
Full-length RNA-seq,Fibroblast,chr19:55661632_C>T,6.216136336,2,0;3,U2AF2,intronic
Full-length RNA-seq,Fibroblast,chr19:5587155_T>G,1.263858348,2,0;3,SAFB2,UTR3
Full-length RNA-seq,Fibroblast,chr19:58558695_C>G,1.012494564,1,0,MZF1-AS1;UBE2M,upstream
Full-length RNA-seq,Fibroblast,chr19:6044199_G>T,3.35243392,1,3,RFX2,exonic
Full-length RNA-seq,Fibroblast,chr19:6069998_G>A,1.6110636,2,0;3,RFX2,intronic
Full-length RNA-seq,Fibroblast,chr19:6530072_C>G,1.980618954,1,0,TNFSF9,upstream
Full-length RNA-seq,Fibroblast,chr19:6530119_C>G,1.192621708,1,0,TNFSF9,upstream
Full-length RNA-seq,Fibroblast,chr19:6530458_G>C,0.742702246,1,0,TNFSF9,upstream
Full-length RNA-seq,Fibroblast,chr19:6530560_C>G,3.409716845,1,0,TNFSF9,upstream
Full-length RNA-seq,Fibroblast,chr19:6532992_A>T,1.212479591,1,0,TNFSF9,intronic
Full-length RNA-seq,Fibroblast,chr19:6589260_T>C,1.873111248,1,0,CD70,intronic
Full-length RNA-seq,Fibroblast,chr19:6678007_C>T,2.737596273,1,0,C3,exonic
Full-length RNA-seq,Fibroblast,chr19:6678235_C>G,3.141444445,1,0,C3,exonic
Full-length RNA-seq,Fibroblast,chr19:6679183_A>G,4.389799118,1,0,C3,exonic
Full-length RNA-seq,Fibroblast,chr19:6685109_T>C,4.560590267,1,0,C3,exonic
Full-length RNA-seq,Fibroblast,chr19:6686746_C>T,3.247848749,1,0,C3,exonic
Full-length RNA-seq,Fibroblast,chr19:6686839_T>G,3.124035597,1,0,C3,exonic
Full-length RNA-seq,Fibroblast,chr19:6693020_T>A,5.042644501,1,0,C3,exonic
Full-length RNA-seq,Fibroblast,chr19:6697675_A>T,5.132377625,1,0,C3,exonic
Full-length RNA-seq,Fibroblast,chr19:6702554_T>A,4.424413681,1,0,C3,exonic
Full-length RNA-seq,Fibroblast,chr19:6707228_A>T,1.984798193,1,0,C3,exonic
Full-length RNA-seq,Fibroblast,chr19:6707494_C>T,2.300655842,1,0,C3,exonic
Full-length RNA-seq,Fibroblast,chr19:6709738_G>A,3.599327087,1,0,C3,exonic
Full-length RNA-seq,Fibroblast,chr19:6711033_C>T,6.010401249,1,0,C3,exonic
Full-length RNA-seq,Fibroblast,chr19:6713451_C>T,4.623472691,1,0,C3,exonic
Full-length RNA-seq,Fibroblast,chr19:6717691_G>C,7.622057915,1,0,C3,intronic
Full-length RNA-seq,Fibroblast,chr19:6718123_C>T,6.21424675,1,0,C3,exonic
Full-length RNA-seq,Fibroblast,chr19:6718409_G>T,6.5427551269999995,2,0;3,C3,exonic
Full-length RNA-seq,Fibroblast,chr19:6719276_C>A,0.185159922,1,0,C3,exonic
Full-length RNA-seq,Fibroblast,chr19:6719306_T>C,0.6729222535,2,0;3,C3,exonic
Full-length RNA-seq,Fibroblast,chr19:6719374_C>T,4.133419514,1,0,C3,exonic
Full-length RNA-seq,Fibroblast,chr19:816502_C>T,2.4494661090000003,2,0;3,PLPPR3,intronic
Full-length RNA-seq,Fibroblast,chr19:860972_C>A,4.182142735,1,0,CFD,exonic
Full-length RNA-seq,Fibroblast,chr19:861702_T>C,1.839537263,1,0,CFD,exonic
Full-length RNA-seq,Fibroblast,chr19:861837_C>A,4.263801575,1,0,CFD,exonic
Full-length RNA-seq,Fibroblast,chr19:863393_T>A,3.643825531,2,0;3,CFD,UTR3
Full-length RNA-seq,Fibroblast,chr19:8824200_C>G,4.1528452635,2,0;3,ZNF558,UTR5
Full-length RNA-seq,Fibroblast,chr1:100723139_A>C,3.444406509,1,0,VCAM1,exonic
Full-length RNA-seq,Fibroblast,chr1:100723329_T>A,0.951118648,1,3,VCAM1,exonic
Full-length RNA-seq,Fibroblast,chr1:10285493_A>C,1.820554256,1,3,KIF1B,intronic
Full-length RNA-seq,Fibroblast,chr1:108157619_C>G,4.448897839,1,0,SLC25A24,exonic
Full-length RNA-seq,Fibroblast,chr1:108699539_A>C,2.115265131,1,3,PRPF38B,exonic
Full-length RNA-seq,Fibroblast,chr1:108699687_A>C,5.53885746,2,0;3,PRPF38B,exonic
Full-length RNA-seq,Fibroblast,chr1:109548802_G>A,0.935933769,1,0,GNAI3,exonic
Full-length RNA-seq,Fibroblast,chr1:109669326_C>T,3.0544419290000002,1,0,GSTM2,exonic
Full-length RNA-seq,Fibroblast,chr1:11074278_T>G,2.957235336,1,0,EXOSC10,exonic
Full-length RNA-seq,Fibroblast,chr1:111681870_G>C,1.3747505245,2,0;3,RAP1A,intronic
Full-length RNA-seq,Fibroblast,chr1:11248059_C>T,1.2945034500000001,1,3,MTOR,exonic
Full-length RNA-seq,Fibroblast,chr1:112700518_C>A,0.7908243239999999,2,0;3,MOV10,UTR3
Full-length RNA-seq,Fibroblast,chr1:112706431_A>C,2.317926824,2,0;3,RHOC,intronic
Full-length RNA-seq,Fibroblast,chr1:113941221_A>C,6.1406474115,2,0;3,HIPK1,exonic
Full-length RNA-seq,Fibroblast,chr1:113956803_T>C,1.9919819239999998,2,0;3,HIPK1,exonic
Full-length RNA-seq,Fibroblast,chr1:113967805_G>A,7.174959183,1,3,HIPK1,exonic
Full-length RNA-seq,Fibroblast,chr1:113975135_T>C,6.30583334,1,0,HIPK1,UTR3
Full-length RNA-seq,Fibroblast,chr1:117405613_T>C,3.8685290815,2,0;3,MAN1A2,exonic
Full-length RNA-seq,Fibroblast,chr1:11909145_T>C,2.363819122,1,0,RNU5E-1,downstream
Full-length RNA-seq,Fibroblast,chr1:12022117_G>A,7.462696552,1,3,MIIP,exonic
Full-length RNA-seq,Fibroblast,chr1:12345477_G>A,0.2544837,1,0,VPS13D,exonic
Full-length RNA-seq,Fibroblast,chr1:1354047_C>T,0.664651811,1,0,MXRA8,exonic
Full-length RNA-seq,Fibroblast,chr1:13781419_G>A,4.4957638975,2,0;3,PRDM2,exonic
Full-length RNA-seq,Fibroblast,chr1:1391042_C>T,6.001786946999999,2,0;3,CCNL2,UTR5
Full-length RNA-seq,Fibroblast,chr1:14530121_C>A,0.932308346,2,0;3,KAZN-AS1;KAZN,intergenic
Full-length RNA-seq,Fibroblast,chr1:145772645_C>T,3.147886038,1,0,RNF115,intronic
Full-length RNA-seq,Fibroblast,chr1:145994945_T>G,4.763253689,1,0,TXNIP,exonic
Full-length RNA-seq,Fibroblast,chr1:145996199_C>T,1.020408481,2,0;3,TXNIP,exonic
Full-length RNA-seq,Fibroblast,chr1:146376990_C>T,5.0856027605000005,2,0;3,RNU1-1;RNU1-2;RNU1-3;RNU1-4;RNVU1-18,downstream
Full-length RNA-seq,Fibroblast,chr1:146963201_G>A,3.641681671,1,0,NBPF12,exonic
Full-length RNA-seq,Fibroblast,chr1:146989691_A>C,0.820760727,1,3,NBPF12,exonic
Full-length RNA-seq,Fibroblast,chr1:148863259_T>A,4.39797163,1,0,PDE4DIP,exonic
Full-length RNA-seq,Fibroblast,chr1:149057754_G>C,0.529907554,2,0;3,NBPF9,intronic
Full-length RNA-seq,Fibroblast,chr1:149390832_A>C,3.5358213185,2,0;3,NOTCH2NLC,exonic
Full-length RNA-seq,Fibroblast,chr1:150799542_A>G,4.5588319305,2,0;3,CTSK,splicing
Full-length RNA-seq,Fibroblast,chr1:150806693_T>C,5.259551048,1,0,CTSK,exonic
Full-length RNA-seq,Fibroblast,chr1:151365636_A>T,2.092222214,1,0,SELENBP1,exonic
Full-length RNA-seq,Fibroblast,chr1:151983010_G>T,3.899717569,1,0,S100A10,UTR3
Full-length RNA-seq,Fibroblast,chr1:152032598_G>A,3.298870802,1,0,S100A11,UTR3
Full-length RNA-seq,Fibroblast,chr1:153534621_A>G,0.141204834,1,0,S100A6,UTR3
Full-length RNA-seq,Fibroblast,chr1:153534622_T>C,0.057990111,1,0,S100A6,UTR3
Full-length RNA-seq,Fibroblast,chr1:153545553_T>G,3.7805851695,2,0;3,S100A4,intronic
Full-length RNA-seq,Fibroblast,chr1:153607119_C>T,0.6515720785000001,2,0;3,S100A16,UTR3
Full-length RNA-seq,Fibroblast,chr1:153950848_G>C,0.165779233,1,0,CRTC2,intronic
Full-length RNA-seq,Fibroblast,chr1:153991656_G>A,2.7151236535,2,0;3,RPS27,exonic
Full-length RNA-seq,Fibroblast,chr1:153992074_T>A,1.890163183,1,0,RPS27,exonic
Full-length RNA-seq,Fibroblast,chr1:153992090_C>A,1.386154771,3,0;10;3,RPS27,exonic
Full-length RNA-seq,Fibroblast,chr1:15410250_G>C,3.472639561,1,0,EFHD2,exonic
Full-length RNA-seq,Fibroblast,chr1:154182842_A>T,3.495521545,2,0;3,TPM3,intronic
Full-length RNA-seq,Fibroblast,chr1:154405873_G>A,4.595128536,1,0,IL6R-AS1,ncRNA_intronic
Full-length RNA-seq,Fibroblast,chr1:154582593_G>T,0.626925051,1,0,ADAR,UTR3
Full-length RNA-seq,Fibroblast,chr1:154955268_A>T,8.008272171,1,0,PBXIP1,intronic
Full-length RNA-seq,Fibroblast,chr1:155481680_A>G,3.961344242,1,3,ASH1L,exonic
Full-length RNA-seq,Fibroblast,chr1:156138501_G>A,1.971614599,1,3,LMNA,exonic
Full-length RNA-seq,Fibroblast,chr1:156140160_T>C,4.872497559,1,0,LMNA,downstream
Full-length RNA-seq,Fibroblast,chr1:156154112_G>C,3.348807812,1,0,SEMA4A,intronic
Full-length RNA-seq,Fibroblast,chr1:156154748_T>C,1.33957231,1,3,SEMA4A,intronic
Full-length RNA-seq,Fibroblast,chr1:156156410_A>C,0.968227625,1,0,SEMA4A,intronic
Full-length RNA-seq,Fibroblast,chr1:156176969_A>G,3.6069771055000004,2,0;3,SEMA4A,exonic
Full-length RNA-seq,Fibroblast,chr1:156178329_C>A,1.79312253,1,0,SEMA4A,downstream
Full-length RNA-seq,Fibroblast,chr1:156178341_T>C,0.373575211,1,0,SEMA4A,downstream
Full-length RNA-seq,Fibroblast,chr1:156178392_C>A,2.161793709,1,0,SEMA4A,downstream
Full-length RNA-seq,Fibroblast,chr1:156178482_A>C,3.283518314,1,0,SEMA4A,downstream
Full-length RNA-seq,Fibroblast,chr1:156189208_T>A,1.692425609,1,0,SEMA4A;SLC25A44,intergenic
Full-length RNA-seq,Fibroblast,chr1:156201535_T>G,2.073156357,1,0,SLC25A44,intronic
Full-length RNA-seq,Fibroblast,chr1:156253526_A>T,0.8427953724999999,2,0;3,SMG5,intronic
Full-length RNA-seq,Fibroblast,chr1:156457169_T>A,0.928122938,1,0,MIR9-1HG;MEF2D,intergenic
Full-length RNA-seq,Fibroblast,chr1:156479726_A>T,3.221264362,1,3,MEF2D,exonic
Full-length RNA-seq,Fibroblast,chr1:156700999_C>T,5.1046910285000004,2,0;3,CRABP2,exonic
Full-length RNA-seq,Fibroblast,chr1:1595868_C>G,4.380832672,1,0,SSU72;FNDC10,intergenic
Full-length RNA-seq,Fibroblast,chr1:160205431_C>T,0.707840919,1,3,LOC729867,ncRNA_exonic
Full-length RNA-seq,Fibroblast,chr1:160339771_A>T,1.049018025,1,0,COPA,intronic
Full-length RNA-seq,Fibroblast,chr1:161198886_G>T,1.520354927,2,0;3,ADAMTS4,UTR5
Full-length RNA-seq,Fibroblast,chr1:161524949_G>C,3.728343725,1,3,HSPA6,exonic
Full-length RNA-seq,Fibroblast,chr1:161524990_G>A,3.8936244249999996,2,0;3,HSPA6,exonic
Full-length RNA-seq,Fibroblast,chr1:161525044_T>A,3.8680448535000003,2,0;3,HSPA6,exonic
Full-length RNA-seq,Fibroblast,chr1:161525134_C>A,3.8140929935,2,0;3,HSPA6,exonic
Full-length RNA-seq,Fibroblast,chr1:161525240_G>C,4.1933430430000005,2,0;3,HSPA6,exonic
Full-length RNA-seq,Fibroblast,chr1:161525364_G>A,3.491917014,2,0;3,HSPA6,exonic
Full-length RNA-seq,Fibroblast,chr1:161525414_G>C,3.191071033,1,3,HSPA6,exonic
Full-length RNA-seq,Fibroblast,chr1:161525548_C>A,4.053792477,1,0,HSPA6,exonic
Full-length RNA-seq,Fibroblast,chr1:161525727_A>T,3.706832528,2,0;3,HSPA6,exonic
Full-length RNA-seq,Fibroblast,chr1:161525740_T>C,4.8724434375,2,0;3,HSPA6,exonic
Full-length RNA-seq,Fibroblast,chr1:161525996_G>C,5.105197906,1,3,HSPA6,exonic
Full-length RNA-seq,Fibroblast,chr1:161526114_G>A,2.5036487575,2,0;3,HSPA6,exonic
Full-length RNA-seq,Fibroblast,chr1:161526140_C>A,2.9481184485,2,0;3,HSPA6,exonic
Full-length RNA-seq,Fibroblast,chr1:161526151_G>C,2.051680326,1,3,HSPA6,exonic
Full-length RNA-seq,Fibroblast,chr1:161526200_G>A,1.9221912025,2,0;3,HSPA6,exonic
Full-length RNA-seq,Fibroblast,chr1:161526327_G>C,2.3351998925,2,0;3,HSPA6,exonic
Full-length RNA-seq,Fibroblast,chr1:161526367_G>A,6.0177435875,2,0;3,HSPA6,exonic
Full-length RNA-seq,Fibroblast,chr1:161526456_G>A,2.044011116,1,3,HSPA6,exonic
Full-length RNA-seq,Fibroblast,chr1:161526526_G>A,8.001994133,1,3,HSPA6,exonic
Full-length RNA-seq,Fibroblast,chr1:161983867_A>G,5.731639862,1,0,OLFML2B,exonic
Full-length RNA-seq,Fibroblast,chr1:1645163_T>C,8.4402718565,2,0;3,CDK11B,exonic
Full-length RNA-seq,Fibroblast,chr1:1648402_G>A,2.496473312,1,0,CDK11B,intronic
Full-length RNA-seq,Fibroblast,chr1:16484323_T>C,0.734303534,1,3,CROCCP3,ncRNA_exonic
Full-length RNA-seq,Fibroblast,chr1:168714235_G>T,8.52700901,1,0,DPT,exonic
Full-length RNA-seq,Fibroblast,chr1:169481432_A>T,0.664640248,1,3,SLC19A2,intronic
Full-length RNA-seq,Fibroblast,chr1:16976740_A>G,8.7243208885,2,0;3,MFAP2,exonic
Full-length RNA-seq,Fibroblast,chr1:16977118_C>T,0.673898846,2,0;3,MFAP2,exonic
Full-length RNA-seq,Fibroblast,chr1:170663454_C>A,2.183063865,2,0;3,PRRX1,upstream
Full-length RNA-seq,Fibroblast,chr1:170670245_T>C,2.644973218,2,0;3,PRRX1,intronic
Full-length RNA-seq,Fibroblast,chr1:170736187_G>A,0.967761397,1,0,PRRX1,UTR3
Full-length RNA-seq,Fibroblast,chr1:170736491_C>A,0.472162217,1,0,PRRX1,UTR3
Full-length RNA-seq,Fibroblast,chr1:171557329_C>A,2.3047329186666667,3,0;10;3,PRRC2C,exonic
Full-length RNA-seq,Fibroblast,chr1:171592444_C>G,4.86350584,1,0,PRRC2C,UTR3
Full-length RNA-seq,Fibroblast,chr1:172545575_G>A,3.428344965,1,3,SUCO,intronic
Full-length RNA-seq,Fibroblast,chr1:175004826_T>C,9.653983118,2,0;3,CACYBP,exonic
Full-length RNA-seq,Fibroblast,chr1:179064634_A>G,8.0404539105,2,0;3,FAM20B,intronic
Full-length RNA-seq,Fibroblast,chr1:179082883_C>T,6.524675846,2,0;3,TOR3A,intronic
Full-length RNA-seq,Fibroblast,chr1:179094741_T>G,6.776163101,1,3,TOR3A,intronic
Full-length RNA-seq,Fibroblast,chr1:179103635_G>T,3.515169621,1,0,ABL2,UTR3
Full-length RNA-seq,Fibroblast,chr1:179121475_A>T,3.4693851469999997,2,0;3,ABL2,intronic
Full-length RNA-seq,Fibroblast,chr1:179126389_A>T,2.164766371,2,0;3,ABL2,exonic
Full-length RNA-seq,Fibroblast,chr1:179130910_C>T,0.805269539,1,3,ABL2,intronic
Full-length RNA-seq,Fibroblast,chr1:179131337_C>T,3.152904749,1,3,ABL2,exonic
Full-length RNA-seq,Fibroblast,chr1:179293868_G>A,2.227735162,2,0;3,SOAT1,UTR5
Full-length RNA-seq,Fibroblast,chr1:181089115_G>A,4.754436493,2,0;3,IER5,exonic
Full-length RNA-seq,Fibroblast,chr1:181090080_T>A,0.531057119,1,3,IER5,UTR3
Full-length RNA-seq,Fibroblast,chr1:182383375_C>T,3.923305035,1,0,GLUL,UTR3
Full-length RNA-seq,Fibroblast,chr1:182388604_C>G,2.564954519,1,0,GLUL,exonic
Full-length RNA-seq,Fibroblast,chr1:182601983_T>A,5.567015648,1,0,RGS16,exonic
Full-length RNA-seq,Fibroblast,chr1:183109594_G>A,1.7119607925,2,0;3,LAMC1,intronic
Full-length RNA-seq,Fibroblast,chr1:183131312_C>A,1.600750327,1,0,LAMC1,exonic
Full-length RNA-seq,Fibroblast,chr1:183133526_C>A,2.045715809,1,0,LAMC1,exonic
Full-length RNA-seq,Fibroblast,chr1:184894144_T>G,2.541912675,2,0;3,NIBAN1,exonic
Full-length RNA-seq,Fibroblast,chr1:185295003_G>T,0.444759578,1,3,SWT1;IVNS1ABP,intergenic
Full-length RNA-seq,Fibroblast,chr1:185300545_T>G,2.197796345,2,0;3,IVNS1ABP,exonic
Full-length RNA-seq,Fibroblast,chr1:185994966_T>C,1.330578208,2,0;3,HMCN1,exonic
Full-length RNA-seq,Fibroblast,chr1:186333279_A>T,1.796693444,2,0;3,TPR,exonic
Full-length RNA-seq,Fibroblast,chr1:186344437_T>G,2.3258770705,2,0;3,TPR,exonic
Full-length RNA-seq,Fibroblast,chr1:186674577_A>T,4.144374371,1,0,PTGS2,exonic
Full-length RNA-seq,Fibroblast,chr1:186675968_T>C,4.7598338125,2,0;3,PTGS2,exonic
Full-length RNA-seq,Fibroblast,chr1:1878580_G>A,3.444762826,2,0;3,GNB1,intronic
Full-length RNA-seq,Fibroblast,chr1:19150738_A>G,3.1462465525,2,0;3,UBR4,exonic
Full-length RNA-seq,Fibroblast,chr1:19210562_G>A,1.78494525,1,0,EMC1-AS1,ncRNA_intronic
Full-length RNA-seq,Fibroblast,chr1:19459506_C>G,1.365408897,1,0,CAPZB,intronic
Full-length RNA-seq,Fibroblast,chr1:19465629_G>T,0.561063588,1,0,CAPZB,intronic
Full-length RNA-seq,Fibroblast,chr1:196673913_G>A,7.742887736,2,0;3,CFH,exonic
Full-length RNA-seq,Fibroblast,chr1:196679740_G>A,6.437656879,1,0,CFH,exonic
Full-length RNA-seq,Fibroblast,chr1:196690178_G>A,4.734726429,1,0,CFH,exonic
Full-length RNA-seq,Fibroblast,chr1:198253131_G>C,5.509646416000001,2,0;3,NEK7,exonic
Full-length RNA-seq,Fibroblast,chr1:19975555_G>T,5.634907722,1,0,PLA2G2A,UTR3
Full-length RNA-seq,Fibroblast,chr1:19975727_A>T,5.19655931,2,0;3,PLA2G2A,exonic
Full-length RNA-seq,Fibroblast,chr1:19975770_C>G,2.692095995,1,0,PLA2G2A,exonic
Full-length RNA-seq,Fibroblast,chr1:19975776_T>G,4.891122341,1,0,PLA2G2A,exonic
Full-length RNA-seq,Fibroblast,chr1:19978461_T>C,1.468119979,1,0,PLA2G2A,exonic
Full-length RNA-seq,Fibroblast,chr1:19978821_C>T,1.382480979,1,0,PLA2G2A,UTR5
Full-length RNA-seq,Fibroblast,chr1:19978827_G>T,6.080256939,1,0,PLA2G2A,UTR5
Full-length RNA-seq,Fibroblast,chr1:203306438_A>G,5.05796814,1,0,BTG2,intronic
Full-length RNA-seq,Fibroblast,chr1:203306743_A>C,4.640330791,1,0,BTG2,intronic
Full-length RNA-seq,Fibroblast,chr1:203309401_A>G,8.979228020999999,2,0;3,BTG2,UTR3
Full-length RNA-seq,Fibroblast,chr1:203483456_G>A,2.546187162,1,0,PRELP,exonic
Full-length RNA-seq,Fibroblast,chr1:203743868_T>C,9.8481822,2,0;3,ATP2B4,UTR3
Full-length RNA-seq,Fibroblast,chr1:204366333_T>A,0.67091018,1,0,PLEKHA6;LINC00628,intergenic
Full-length RNA-seq,Fibroblast,chr1:204410642_C>T,3.762562752,1,0,PPP1R15B,exonic
Full-length RNA-seq,Fibroblast,chr1:20652939_A>G,0.634525836,1,0,DDOST,exonic
Full-length RNA-seq,Fibroblast,chr1:206557774_C>A,6.281363964,1,0,RASSF5,intronic
Full-length RNA-seq,Fibroblast,chr1:206586930_G>A,1.873756766,1,0,RASSF5,exonic
Full-length RNA-seq,Fibroblast,chr1:207322559_T>A,2.520992041,1,0,CD55,exonic
Full-length RNA-seq,Fibroblast,chr1:207328083_C>T,4.577762604,1,0,CD55,intronic
Full-length RNA-seq,Fibroblast,chr1:207899979_T>C,6.061043262,1,0,CD34,exonic
Full-length RNA-seq,Fibroblast,chr1:21176253_G>C,1.513370991,1,0,EIF4G3,UTR5
Full-length RNA-seq,Fibroblast,chr1:21217796_C>T,2.502077699,2,0;3,ECE1,UTR3
Full-length RNA-seq,Fibroblast,chr1:212609351_C>A,2.193834305,1,0,ATF3,intronic
Full-length RNA-seq,Fibroblast,chr1:212619118_G>A,5.816459656,1,0,ATF3,UTR3
Full-length RNA-seq,Fibroblast,chr1:212620316_G>C,0.70752418,1,0,ATF3,UTR3
Full-length RNA-seq,Fibroblast,chr1:218345763_G>A,2.379756212,1,0,TGFB2,UTR5
Full-length RNA-seq,Fibroblast,chr1:21851859_G>T,0.131571621,1,0,HSPG2,exonic
Full-length RNA-seq,Fibroblast,chr1:21872216_C>T,3.164889336,1,0,HSPG2,exonic
Full-length RNA-seq,Fibroblast,chr1:21878217_A>T,5.446836948,1,0,HSPG2,exonic
Full-length RNA-seq,Fibroblast,chr1:222644708_A>C,0.631675363,1,3,MIA3,intronic
Full-length RNA-seq,Fibroblast,chr1:2232144_T>A,0.465008318,1,0,SKI,intronic
Full-length RNA-seq,Fibroblast,chr1:223757426_G>A,4.2000478505,2,0;3,CAPN2,intronic
Full-length RNA-seq,Fibroblast,chr1:2257190_C>T,1.3176984783333334,3,0;10;3,SKI,intronic
Full-length RNA-seq,Fibroblast,chr1:226690149_G>T,0.513538659,1,0,ITPKB,intronic
Full-length RNA-seq,Fibroblast,chr1:2281178_G>A,0.8544098735000001,2,0;3,SKI,intronic
Full-length RNA-seq,Fibroblast,chr1:229610152_G>T,0.105892785,1,0,TAF5L,exonic
Full-length RNA-seq,Fibroblast,chr1:2303348_T>A,0.428844362,1,0,SKI,exonic
Full-length RNA-seq,Fibroblast,chr1:2327189_G>C,2.104951859,1,0,MORN1,intronic
Full-length RNA-seq,Fibroblast,chr1:23311305_A>G,0.3665646165,2,0;3,HNRNPR,exonic
Full-length RNA-seq,Fibroblast,chr1:235078289_T>C,0.09145318,1,0,LINC01348;TOMM20,intergenic
Full-length RNA-seq,Fibroblast,chr1:235078290_G>A,4.7168370490000004,2,0;3,LINC01348;TOMM20,intergenic
Full-length RNA-seq,Fibroblast,chr1:236065022_G>A,2.036421776,1,0,NID1,exonic
Full-length RNA-seq,Fibroblast,chr1:236269341_C>T,2.4868767855,2,0;3,ERO1B,intronic
Full-length RNA-seq,Fibroblast,chr1:236269959_A>G,2.5950078965,2,0;3,ERO1B,exonic
Full-length RNA-seq,Fibroblast,chr1:23692757_A>C,3.625182867,1,0,RPL11,exonic
Full-length RNA-seq,Fibroblast,chr1:23694735_G>A,1.5312929745,2,0;3,RPL11,exonic
Full-length RNA-seq,Fibroblast,chr1:23694774_G>A,1.810607493,2,0;3,RPL11,exonic
Full-length RNA-seq,Fibroblast,chr1:23695847_G>A,2.864370823,1,0,RPL11,exonic
Full-length RNA-seq,Fibroblast,chr1:244851594_A>G,1.0118474365,2,0;3,HNRNPU,UTR3
Full-length RNA-seq,Fibroblast,chr1:244853573_A>G,0.066654846,1,0,HNRNPU,UTR3
Full-length RNA-seq,Fibroblast,chr1:245155180_A>C,6.94647646,1,3,KIF26B,UTR5
Full-length RNA-seq,Fibroblast,chr1:26284193_G>T,2.06888175,1,0,UBXN11,exonic
Full-length RNA-seq,Fibroblast,chr1:26772586_C>A,5.089473248,1,0,ARID1A,exonic
Full-length RNA-seq,Fibroblast,chr1:27138343_G>T,0.468499899,1,0,SLC9A1,intronic
Full-length RNA-seq,Fibroblast,chr1:28669827_G>C,4.673598289,1,0,GMEB1,intronic
Full-length RNA-seq,Fibroblast,chr1:30966129_C>T,0.967250764,1,0,PUM1,exonic
Full-length RNA-seq,Fibroblast,chr1:31658508_G>T,4.449307919,1,3,COL16A1,exonic
Full-length RNA-seq,Fibroblast,chr1:31668839_C>T,1.634965658,2,0;3,COL16A1,exonic
Full-length RNA-seq,Fibroblast,chr1:31696122_C>G,7.115258694,1,0,COL16A1,exonic
Full-length RNA-seq,Fibroblast,chr1:31698536_G>T,4.589479923,1,3,COL16A1,exonic
Full-length RNA-seq,Fibroblast,chr1:31700076_A>T,5.402029276,2,0;3,COL16A1,exonic
Full-length RNA-seq,Fibroblast,chr1:32039850_G>A,0.367901176,1,3,KHDRBS1,intronic
Full-length RNA-seq,Fibroblast,chr1:32102438_T>A,1.5632982255,2,0;3,TMEM39B,exonic
Full-length RNA-seq,Fibroblast,chr1:3489125_C>T,3.995244026,1,3,MEGF6,UTR3
Full-length RNA-seq,Fibroblast,chr1:3489162_A>G,12.4754324,1,3,MEGF6,UTR3
Full-length RNA-seq,Fibroblast,chr1:3515493_G>T,14.29844093,1,3,MEGF6,exonic
Full-length RNA-seq,Fibroblast,chr1:39955500_G>C,0.254989922,1,3,MFSD2A,intronic
Full-length RNA-seq,Fibroblast,chr1:41580909_A>T,9.345005035,1,3,HIVEP3,exonic
Full-length RNA-seq,Fibroblast,chr1:41628757_A>T,0.187495276,1,0,HIVEP3,UTR5
Full-length RNA-seq,Fibroblast,chr1:42929713_C>T,3.41448617,1,3,SLC2A1,exonic
Full-length RNA-seq,Fibroblast,chr1:42929716_A>T,0.605376661,1,3,SLC2A1,exonic
Full-length RNA-seq,Fibroblast,chr1:44776061_G>A,2.9865901470000003,2,0;3,RPS8,exonic
Full-length RNA-seq,Fibroblast,chr1:44776094_A>G,3.732197285,2,0;3,RPS8,exonic
Full-length RNA-seq,Fibroblast,chr1:44776097_A>G,0.693844259,2,0;3,RPS8,exonic
Full-length RNA-seq,Fibroblast,chr1:44777715_G>T,4.346768856,1,0,RPS8,exonic
Full-length RNA-seq,Fibroblast,chr1:44777722_C>A,1.510497689,1,0,RPS8,exonic
Full-length RNA-seq,Fibroblast,chr1:44778586_T>A,3.5479424,1,0,RPS8,exonic
Full-length RNA-seq,Fibroblast,chr1:44800914_G>C,2.6895183325,2,0;3,PLK3,exonic
Full-length RNA-seq,Fibroblast,chr1:44801074_C>A,3.5082683560000003,2,0;3,PLK3,exonic
Full-length RNA-seq,Fibroblast,chr1:45608517_G>A,1.5455136299999999,2,0;3,NASP,intronic
Full-length RNA-seq,Fibroblast,chr1:51356760_C>T,0.570146739,1,0,EPS15,exonic
Full-length RNA-seq,Fibroblast,chr1:51789225_C>T,4.984954357,1,0,NRDC,UTR3
Full-length RNA-seq,Fibroblast,chr1:52475154_G>T,0.89718318,1,0,TUT4,exonic
Full-length RNA-seq,Fibroblast,chr1:53069927_C>T,5.796332836,1,0,PODN,exonic
Full-length RNA-seq,Fibroblast,chr1:53070143_G>A,2.841598272,1,0,PODN,exonic
Full-length RNA-seq,Fibroblast,chr1:53071608_A>C,3.360272646,1,0,PODN,exonic
Full-length RNA-seq,Fibroblast,chr1:53074666_A>G,2.255069017,1,0,PODN,exonic
Full-length RNA-seq,Fibroblast,chr1:53077341_C>A,4.296132565,1,0,PODN,exonic
Full-length RNA-seq,Fibroblast,chr1:53082131_G>A,4.385831356,1,0,PODN,exonic
Full-length RNA-seq,Fibroblast,chr1:55132632_G>T,2.88180089,1,3,USP24,exonic
Full-length RNA-seq,Fibroblast,chr1:56496575_C>G,7.044555187,1,3,PLPP3,exonic
Full-length RNA-seq,Fibroblast,chr1:56572179_A>T,1.046005368,1,0,PLPP3,intronic
Full-length RNA-seq,Fibroblast,chr1:56579230_C>G,3.319258213,1,0,PLPP3,UTR5
Full-length RNA-seq,Fibroblast,chr1:58781663_G>C,0.4993322393333333,3,0;10;3,JUN,UTR3
Full-length RNA-seq,Fibroblast,chr1:61864331_G>C,1.579706907,1,0,PATJ,exonic
Full-length RNA-seq,Fibroblast,chr1:6192978_C>T,4.144693851,1,0,RPL22,exonic
Full-length RNA-seq,Fibroblast,chr1:629212_A>G,1.3208764194999998,2,0;3,LOC101928626,upstream
Full-length RNA-seq,Fibroblast,chr1:630215_A>T,3.2192612885000003,2,0;3,LOC101928626;MIR12136,intergenic
Full-length RNA-seq,Fibroblast,chr1:630318_A>C,2.6032848360000003,2,0;3,LOC101928626;MIR12136,intergenic
Full-length RNA-seq,Fibroblast,chr1:634112_T>C,2.8638346195,2,0;3,MIR12136;OR4F16,intergenic
Full-length RNA-seq,Fibroblast,chr1:64838059_C>T,1.1308241485,2,0;3,JAK1,exonic
Full-length RNA-seq,Fibroblast,chr1:67685489_T>A,2.508270979,1,0,GADD45A,UTR5
Full-length RNA-seq,Fibroblast,chr1:67686069_C>A,2.431735039,1,0,GADD45A,exonic
Full-length RNA-seq,Fibroblast,chr1:67687775_T>C,3.850315809,1,0,GADD45A,UTR3
Full-length RNA-seq,Fibroblast,chr1:67688029_T>C,3.477306366,1,0,GADD45A,UTR3
Full-length RNA-seq,Fibroblast,chr1:7785443_A>G,0.367567539,1,0,PER3,exonic
Full-length RNA-seq,Fibroblast,chr1:7835900_G>A,1.74492079,2,0;3,PER3,exonic
Full-length RNA-seq,Fibroblast,chr1:7985061_G>A,4.9222269055000005,2,0;3,PARK7,UTR3
Full-length RNA-seq,Fibroblast,chr1:8025036_G>A,1.966347456,1,0,ERRFI1,intronic
Full-length RNA-seq,Fibroblast,chr1:85581973_A>G,1.21493423,1,3,CCN1,exonic
Full-length RNA-seq,Fibroblast,chr1:85582261_G>A,2.655678749,1,3,CCN1,exonic
Full-length RNA-seq,Fibroblast,chr1:85582752_T>C,3.694136858,1,3,CCN1,exonic
Full-length RNA-seq,Fibroblast,chr1:85582905_T>A,5.27999711,2,0;3,CCN1,exonic
Full-length RNA-seq,Fibroblast,chr1:89052854_T>G,1.926638603,2,0;3,GBP1,UTR3
Full-length RNA-seq,Fibroblast,chr1:89116880_C>T,2.0985399485,2,0;3,GBP2,intronic
Full-length RNA-seq,Fibroblast,chr1:89272312_C>T,0.404371619,1,3,GBP5,intronic
Full-length RNA-seq,Fibroblast,chr1:92832343_G>A,6.23805809,1,3,RPL5,intronic
Full-length RNA-seq,Fibroblast,chr1:92837508_G>A,3.74076438,1,0,RPL5,exonic
Full-length RNA-seq,Fibroblast,chr1:92837527_T>A,1.171276093,1,0,RPL5,exonic
Full-length RNA-seq,Fibroblast,chr1:92837619_G>A,3.442385435,1,0,RPL5,exonic
Full-length RNA-seq,Fibroblast,chr1:9294149_T>A,3.724812031,1,0,SPSB1,intronic
Full-length RNA-seq,Fibroblast,chr1:9296978_A>G,0.062129825,1,0,SPSB1,intronic
Full-length RNA-seq,Fibroblast,chr1:9303330_C>A,3.931960821,1,0,SPSB1,intronic
Full-length RNA-seq,Fibroblast,chr1:93115083_A>G,5.886326313,1,0,MTF2,exonic
Full-length RNA-seq,Fibroblast,chr1:9717595_G>A,3.024390459,1,3,PIK3CD,exonic
Full-length RNA-seq,Fibroblast,chr1:9729351_C>G,1.636137247,2,0;3,CLSTN1,UTR3
Full-length RNA-seq,Fibroblast,chr1:97573865_C>G,0.726713777,1,3,DPYD,exonic
Full-length RNA-seq,Fibroblast,chr20:17614207_C>T,3.447983742,1,3,RRBP1,exonic
Full-length RNA-seq,Fibroblast,chr20:17911395_G>C,3.047741413,1,0,BANF2;SNX5,intergenic
Full-length RNA-seq,Fibroblast,chr20:17911534_T>C,2.320011556,2,0;3,BANF2;SNX5,intergenic
Full-length RNA-seq,Fibroblast,chr20:19307483_T>A,0.803350866,1,0,SLC24A3,intronic
Full-length RNA-seq,Fibroblast,chr20:23637940_A>C,2.313058138,1,0,CST3,UTR5
Full-length RNA-seq,Fibroblast,chr20:25218551_T>A,1.0881701115,2,0;3,ENTPD6,exonic
Full-length RNA-seq,Fibroblast,chr20:31723221_C>G,0.548297703,1,3,ABALON,ncRNA_exonic
Full-length RNA-seq,Fibroblast,chr20:32195806_T>A,5.00807476,1,0,PLAGL2,UTR3
Full-length RNA-seq,Fibroblast,chr20:32395396_G>A,0.322354287,1,0,ASXL1,intronic
Full-length RNA-seq,Fibroblast,chr20:35710102_A>G,0.18334657,1,0,RBM39,intronic
Full-length RNA-seq,Fibroblast,chr20:36049009_A>G,0.181165457,1,10,NORAD,ncRNA_exonic
Full-length RNA-seq,Fibroblast,chr20:36548133_G>A,2.1987752915,2,0;3,MYL9,exonic
Full-length RNA-seq,Fibroblast,chr20:36890426_T>C,3.432120562,1,0,SAMHD1,UTR3
Full-length RNA-seq,Fibroblast,chr20:36944878_A>C,1.318312943,2,0;3,SAMHD1,intronic
Full-length RNA-seq,Fibroblast,chr20:40688612_G>C,0.877534151,1,3,MAFB,exonic
Full-length RNA-seq,Fibroblast,chr20:40688627_G>T,7.335406303,1,0,MAFB,exonic
Full-length RNA-seq,Fibroblast,chr20:41100238_T>C,2.888289928,1,3,TOP1,exonic
Full-length RNA-seq,Fibroblast,chr20:41421112_A>T,0.352105021,1,0,CHD6,exonic
Full-length RNA-seq,Fibroblast,chr20:43463045_T>C,2.955175519,2,0;3,SRSF6,UTR3
Full-length RNA-seq,Fibroblast,chr20:44905162_T>C,2.056502044,2,0;3,YWHAB,intronic
Full-length RNA-seq,Fibroblast,chr20:45939018_G>A,0.416634083,1,3,PCIF1,exonic
Full-length RNA-seq,Fibroblast,chr20:49286923_A>T,0.814359009,1,0,ZFAS1,ncRNA_intronic
Full-length RNA-seq,Fibroblast,chr20:49656102_C>T,0.596521169,2,0;3,B4GALT5,intronic
Full-length RNA-seq,Fibroblast,chr20:49984056_A>C,4.524465084,1,0,SNAI1,exonic
Full-length RNA-seq,Fibroblast,chr20:50191852_G>A,4.5203566555000005,2,0;3,CEBPB,exonic
Full-length RNA-seq,Fibroblast,chr20:50894047_A>T,0.6010568439999999,2,0;3,ADNP,exonic
Full-length RNA-seq,Fibroblast,chr20:50928619_C>T,7.509840014,2,0;3,ADNP,intronic
Full-length RNA-seq,Fibroblast,chr20:54475973_G>A,2.7526042459999998,2,0;3,DOK5,exonic
Full-length RNA-seq,Fibroblast,chr20:5593400_T>G,1.301436305,2,0;3,GPCPD1,exonic
Full-length RNA-seq,Fibroblast,chr20:57676007_A>G,1.221615732,2,0;3,PMEPA1,intronic
Full-length RNA-seq,Fibroblast,chr20:62808270_T>G,4.061591625,1,0,OGFR,exonic
Full-length RNA-seq,Fibroblast,chr20:63276620_A>G,5.508065224,1,3,ARFGAP1,exonic
Full-length RNA-seq,Fibroblast,chr20:63521941_G>C,1.113697529,1,0,PPDPF,UTR3
Full-length RNA-seq,Fibroblast,chr20:6768140_G>C,3.919475794,1,3,BMP2,UTR5
Full-length RNA-seq,Fibroblast,chr21:25881633_T>C,1.578637242,1,0,APP,UTR3
Full-length RNA-seq,Fibroblast,chr21:26836992_A>C,2.69333148,1,0,ADAMTS1,UTR3
Full-length RNA-seq,Fibroblast,chr21:26841128_C>T,1.97054708,1,0,ADAMTS1,exonic
Full-length RNA-seq,Fibroblast,chr21:26842366_A>G,4.453073025,1,3,ADAMTS1,exonic
Full-length RNA-seq,Fibroblast,chr21:26842604_G>C,3.8934453725,2,0;3,ADAMTS1,exonic
Full-length RNA-seq,Fibroblast,chr21:26844565_A>G,2.7837002275,2,0;3,ADAMTS1,exonic
Full-length RNA-seq,Fibroblast,chr21:26844677_C>T,4.736372708999999,2,0;3,ADAMTS1,exonic
Full-length RNA-seq,Fibroblast,chr21:26965720_C>T,2.9384932519999998,1,0,ADAMTS5,exonic
Full-length RNA-seq,Fibroblast,chr21:26966900_C>G,5.906618118,1,0,ADAMTS5,UTR5
Full-length RNA-seq,Fibroblast,chr21:29067657_C>G,0.833061814,1,3,CCT8,exonic
Full-length RNA-seq,Fibroblast,chr21:31692030_A>T,8.210207224,2,0;3,SCAF4,intronic
Full-length RNA-seq,Fibroblast,chr21:33404042_G>A,3.851630926,1,0,IFNGR2,intronic
Full-length RNA-seq,Fibroblast,chr21:33404233_G>A,2.446926355,1,0,IFNGR2,intronic
Full-length RNA-seq,Fibroblast,chr21:33569159_T>A,0.416100204,1,0,SON,intronic
Full-length RNA-seq,Fibroblast,chr21:34097131_A>C,10.7456646,1,3,SLC5A3,exonic
Full-length RNA-seq,Fibroblast,chr21:34812237_C>T,6.667254686,2,0;3,RUNX1,intronic
Full-length RNA-seq,Fibroblast,chr21:34843328_A>C,4.569764614,1,0,RUNX1,intronic
Full-length RNA-seq,Fibroblast,chr21:34843360_G>A,1.4416307215000002,2,0;3,RUNX1,intronic
Full-length RNA-seq,Fibroblast,chr21:34869199_T>A,2.417482138,1,0,RUNX1,intronic
Full-length RNA-seq,Fibroblast,chr21:34870520_G>T,1.3617523315,2,0;3,RUNX1,intronic
Full-length RNA-seq,Fibroblast,chr21:34887885_T>G,4.04292345,1,3,RUNX1,UTR5
Full-length RNA-seq,Fibroblast,chr21:37514763_T>C,5.2093667985,2,0;3,DYRK1A,UTR3
Full-length RNA-seq,Fibroblast,chr21:39197153_A>T,3.0184561015,2,0;3,BRWD1,exonic
Full-length RNA-seq,Fibroblast,chr21:45184950_A>C,0.298411369,1,0,ADARB1,exonic
Full-length RNA-seq,Fibroblast,chr21:45496568_T>C,8.911934853,1,3,COL18A1,exonic
Full-length RNA-seq,Fibroblast,chr21:45511203_G>A,6.286569118,1,3,COL18A1,exonic
Full-length RNA-seq,Fibroblast,chr21:45980736_G>C,1.0463995929999999,2,0;3,LOC101928796;COL6A1,intergenic
Full-length RNA-seq,Fibroblast,chr21:45980845_C>G,4.046679974,1,0,COL6A1,upstream
Full-length RNA-seq,Fibroblast,chr21:45980885_C>T,2.636292934,1,0,COL6A1,upstream
Full-length RNA-seq,Fibroblast,chr21:45981802_C>T,8.763540268,1,3,COL6A1,UTR5
Full-length RNA-seq,Fibroblast,chr21:45982636_T>A,5.477610111,1,3,COL6A1,exonic
Full-length RNA-seq,Fibroblast,chr21:45982754_T>A,2.387977004,2,0;3,COL6A1,exonic
Full-length RNA-seq,Fibroblast,chr21:45984436_C>A,4.5801628825,2,0;3,COL6A1,exonic
Full-length RNA-seq,Fibroblast,chr21:45987019_C>A,4.3782117365,2,0;3,COL6A1,exonic
Full-length RNA-seq,Fibroblast,chr21:45990285_G>A,4.058505535,1,3,COL6A1,splicing
Full-length RNA-seq,Fibroblast,chr21:45997713_C>A,6.352644444,1,3,COL6A1,exonic
Full-length RNA-seq,Fibroblast,chr21:46001298_C>A,1.983952045,1,3,COL6A1,exonic
Full-length RNA-seq,Fibroblast,chr21:46001329_T>A,4.967452526,1,3,COL6A1,exonic
Full-length RNA-seq,Fibroblast,chr21:46003890_C>A,8.85117054,1,3,COL6A1,exonic
Full-length RNA-seq,Fibroblast,chr21:46004204_T>C,8.724647284500001,2,0;3,COL6A1,UTR3
Full-length RNA-seq,Fibroblast,chr21:46004444_T>A,4.5733845235,2,0;3,COL6A1,UTR3
Full-length RNA-seq,Fibroblast,chr21:46004536_T>C,4.419047356,1,3,COL6A1,UTR3
Full-length RNA-seq,Fibroblast,chr21:46004578_T>A,6.0267796515,2,0;3,COL6A1,UTR3
Full-length RNA-seq,Fibroblast,chr21:46004729_C>A,2.0019568205,2,0;3,COL6A1,UTR3
Full-length RNA-seq,Fibroblast,chr21:46112317_G>A,5.249316216,1,3,COL6A2,exonic
Full-length RNA-seq,Fibroblast,chr21:46132390_G>A,3.3067859410000002,2,0;3,COL6A2,exonic
Full-length RNA-seq,Fibroblast,chr21:46192060_C>T,2.322724104,1,0,LSS,intronic
Full-length RNA-seq,Fibroblast,chr21:8219937_C>T,0.269863397,1,0,LOC100507412;RNA28SN5,ncRNA_intronic
Full-length RNA-seq,Fibroblast,chr21:8228738_C>T,4.312909603,1,0,RNA28SN5,ncRNA_intronic
Full-length RNA-seq,Fibroblast,chr21:8254320_G>C,1.050426483,1,0,RNA28SN5,ncRNA_intronic
Full-length RNA-seq,Fibroblast,chr21:8254322_A>C,2.4221447705,2,0;3,RNA28SN5,ncRNA_intronic
Full-length RNA-seq,Fibroblast,chr21:8420439_G>T,4.167798519,2,0;3,LOC100507412;MIR6724-1,intergenic
Full-length RNA-seq,Fibroblast,chr21:8420458_A>G,0.326886624,1,0,LOC100507412;MIR6724-1,intergenic
Full-length RNA-seq,Fibroblast,chr22:11630445_A>G,3.6989136929999997,2,0;3,FRG1FP;LOC102723769,intergenic
Full-length RNA-seq,Fibroblast,chr22:20126311_A>C,1.3875373005,2,0;3,RANBP1,exonic
Full-length RNA-seq,Fibroblast,chr22:20465368_C>T,0.737284899,1,0,KLHL22,exonic
Full-length RNA-seq,Fibroblast,chr22:20714688_G>T,2.687220633,2,0;3,PI4KA,exonic
Full-length RNA-seq,Fibroblast,chr22:23695269_C>T,3.8223974705000003,2,0;3,GUSBP11,ncRNA_exonic
Full-length RNA-seq,Fibroblast,chr22:23780409_T>C,7.150535107,1,3,MMP11,exonic
Full-length RNA-seq,Fibroblast,chr22:29120253_G>C,3.2919481995,2,0;3,KREMEN1,intronic
Full-length RNA-seq,Fibroblast,chr22:29120254_G>A,0.8950784804999999,2,0;3,KREMEN1,intronic
Full-length RNA-seq,Fibroblast,chr22:30016572_C>G,3.9867748020000002,2,0;3,MTMR3,exonic
Full-length RNA-seq,Fibroblast,chr22:32801956_T>A,6.994556427,2,0;3,TIMP3,UTR5
Full-length RNA-seq,Fibroblast,chr22:32814478_A>C,0.754258037,1,3,SYN3;TIMP3,intronic
Full-length RNA-seq,Fibroblast,chr22:32857291_C>A,4.622848511,1,0,TIMP3,exonic
Full-length RNA-seq,Fibroblast,chr22:32858031_G>A,0.95232427099999994,2,16;3,TIMP3,exonic
Full-length RNA-seq,Fibroblast,chr22:35386738_G>C,4.1593979595,2,0;3,HMOX1,exonic
Full-length RNA-seq,Fibroblast,chr22:35389938_C>A,5.765899181,1,0,HMOX1,exonic
Full-length RNA-seq,Fibroblast,chr22:35389957_G>C,0.599815309,1,3,HMOX1,exonic
Full-length RNA-seq,Fibroblast,chr22:36288901_C>T,1.509855032,1,3,MYH9,exonic
Full-length RNA-seq,Fibroblast,chr22:36294197_C>T,5.040885925,1,3,MYH9,exonic
Full-length RNA-seq,Fibroblast,chr22:36305548_C>T,1.42105186,1,3,MYH9,intronic
Full-length RNA-seq,Fibroblast,chr22:36334146_C>T,9.827665329,1,3,MYH9,intronic
Full-length RNA-seq,Fibroblast,chr22:37188931_A>C,1.736949563,1,0,C1QTNF6,intronic
Full-length RNA-seq,Fibroblast,chr22:37676996_C>A,1.522059381,2,0;3,LGALS1,exonic
Full-length RNA-seq,Fibroblast,chr22:37678577_A>G,6.0204962495,2,0;3,LGALS1,exonic
Full-length RNA-seq,Fibroblast,chr22:37757976_C>A,0.265360236,1,0,TRIOBP,exonic
Full-length RNA-seq,Fibroblast,chr22:38208702_A>C,3.928755522,1,0,MAFF,intronic
Full-length RNA-seq,Fibroblast,chr22:38213881_G>A,3.675287008,1,3,MAFF,exonic
Full-length RNA-seq,Fibroblast,chr22:38216811_A>C,3.319005728,1,0,MAFF,downstream
Full-length RNA-seq,Fibroblast,chr22:38231301_T>C,4.081548214,1,0,TMEM184B,exonic
Full-length RNA-seq,Fibroblast,chr22:38247910_C>T,2.8923192025000004,2,0;3,TMEM184B,exonic
Full-length RNA-seq,Fibroblast,chr22:38299943_C>T,1.008878708,1,3,CSNK1E;TPTEP2-CSNK1E,exonic
Full-length RNA-seq,Fibroblast,chr22:38866327_G>T,5.29225111,1,0,CBX6,exonic
Full-length RNA-seq,Fibroblast,chr22:39318661_C>T,0.8939498365,2,0;3,RPL3,intronic
Full-length RNA-seq,Fibroblast,chr22:39428075_C>A,0.53561914,1,0,TAB1,exonic
Full-length RNA-seq,Fibroblast,chr22:41147904_T>A,0.773623228,1,0,EP300,exonic
Full-length RNA-seq,Fibroblast,chr22:41414500_T>A,5.851127625,1,0,TEF;TOB2,intergenic
Full-length RNA-seq,Fibroblast,chr22:42615668_T>C,1.1707022785,2,10;3,POLDIP3;RNU12,upstream;downstream
Full-length RNA-seq,Fibroblast,chr22:45525570_C>A,1.931893826,1,0,FBLN1,exonic
Full-length RNA-seq,Fibroblast,chr22:45533857_G>A,4.302716732,1,0,FBLN1,exonic
Full-length RNA-seq,Fibroblast,chr22:45541351_G>A,5.270308495,1,0,FBLN1,exonic
Full-length RNA-seq,Fibroblast,chr22:45543515_G>A,6.347685814,1,0,FBLN1,exonic
Full-length RNA-seq,Fibroblast,chr22:45548738_T>A,7.400987625,1,0,FBLN1,exonic
Full-length RNA-seq,Fibroblast,chr22:45577043_T>G,0.314215034,1,0,FBLN1,exonic
Full-length RNA-seq,Fibroblast,chr22:45689722_C>A,2.91057837,2,0;3,ATXN10,exonic
Full-length RNA-seq,Fibroblast,chr22:49991362_A>C,5.0311233995,2,0;3,IL17REL,downstream
Full-length RNA-seq,Fibroblast,chr22:50462340_A>T,7.363157749,1,3,SBF1,exonic
Full-length RNA-seq,Fibroblast,chr22:50467847_A>C,1.50786972,1,3,SBF1,exonic
Full-length RNA-seq,Fibroblast,chr22:50530013_G>C,0.9002185764999999,2,0;3,TYMP,UTR5
Full-length RNA-seq,Fibroblast,chr2:101002749_C>T,0.472003847,1,0,RPL31,exonic
Full-length RNA-seq,Fibroblast,chr2:101005995_A>C,1.900517106,1,0,RPL31,exonic
Full-length RNA-seq,Fibroblast,chr2:101283834_C>T,5.002844334,1,0,RNF149,intronic
Full-length RNA-seq,Fibroblast,chr2:101307951_A>T,2.630014181,1,3,RNF149,intronic
Full-length RNA-seq,Fibroblast,chr2:104854445_G>A,5.689321518,1,0,POU3F3,UTR5
Full-length RNA-seq,Fibroblast,chr2:106164751_T>G,7.573291062999999,2,0;3,UXS1,exonic
Full-length RNA-seq,Fibroblast,chr2:10802561_C>T,1.0247054893333334,3,0;10;3,PDIA6,exonic
Full-length RNA-seq,Fibroblast,chr2:108560246_G>A,5.1057810785,2,0;3,LIMS1,intronic
Full-length RNA-seq,Fibroblast,chr2:111469261_G>T,6.190732956,1,0,MIR4435-2HG,ncRNA_intronic
Full-length RNA-seq,Fibroblast,chr2:111472607_T>C,3.0926620959999997,2,0;3,MIR4435-2HG,ncRNA_intronic
Full-length RNA-seq,Fibroblast,chr2:111472728_T>C,1.019002676,1,3,MIR4435-2HG,ncRNA_intronic
Full-length RNA-seq,Fibroblast,chr2:111474756_T>C,0.835139334,1,3,MIR4435-2HG,ncRNA_intronic
Full-length RNA-seq,Fibroblast,chr2:111481489_G>T,1.3382198810000001,2,0;3,MIR4435-2HG,ncRNA_intronic
Full-length RNA-seq,Fibroblast,chr2:112647483_G>A,2.493704081,1,0,SLC20A1,intronic
Full-length RNA-seq,Fibroblast,chr2:113957589_G>C,4.319686174499999,2,0;3,ACTR3,UTR3
Full-length RNA-seq,Fibroblast,chr2:117821999_A>C,0.880648345,2,0;3,DDX18,exonic
Full-length RNA-seq,Fibroblast,chr2:121367645_C>T,2.4568215605,2,0;3,CLASP1,exonic
Full-length RNA-seq,Fibroblast,chr2:127496115_C>T,2.917993546,1,0,IWS1,exonic
Full-length RNA-seq,Fibroblast,chr2:131049153_A>G,0.379938424,1,0,FAM168B,UTR3
Full-length RNA-seq,Fibroblast,chr2:135784614_C>A,1.172268152,1,0,UBXN4,UTR3
Full-length RNA-seq,Fibroblast,chr2:144389693_C>T,1.973222971,1,0,ZEB2,exonic
Full-length RNA-seq,Fibroblast,chr2:150471709_C>T,0.829731286,1,0,RND3,exonic
Full-length RNA-seq,Fibroblast,chr2:150475489_T>C,1.7126525243333333,3,0;10;3,RND3,intronic
Full-length RNA-seq,Fibroblast,chr2:150486722_T>C,1.688066483,1,0,RND3,exonic
Full-length RNA-seq,Fibroblast,chr2:150486744_C>A,3.7911772724999997,2,0;3,RND3,exonic
Full-length RNA-seq,Fibroblast,chr2:156325961_A>T,1.9209836724999998,2,0;3,NR4A2,exonic
Full-length RNA-seq,Fibroblast,chr2:156329580_T>A,4.658725262,1,0,NR4A2,exonic
Full-length RNA-seq,Fibroblast,chr2:156329872_G>T,0.266070604,1,0,NR4A2,exonic
Full-length RNA-seq,Fibroblast,chr2:156329878_G>T,4.122656345,1,0,NR4A2,exonic
Full-length RNA-seq,Fibroblast,chr2:162073401_C>T,9.210885048,1,3,DPP4;DPP4,exonic;splicing
Full-length RNA-seq,Fibroblast,chr2:162225525_A>T,4.5285789965,2,0;3,FAP,exonic
Full-length RNA-seq,Fibroblast,chr2:1648251_A>T,0.819996893,1,3,PXDN,exonic
Full-length RNA-seq,Fibroblast,chr2:171541756_G>A,4.031283855,1,0,CYBRD1,exonic
Full-length RNA-seq,Fibroblast,chr2:171554542_T>C,1.324601889,1,0,CYBRD1,exonic
Full-length RNA-seq,Fibroblast,chr2:171554636_T>C,2.060962915,1,0,CYBRD1,exonic
Full-length RNA-seq,Fibroblast,chr2:177213511_G>A,5.5862202645,2,0;3,HNRNPA3,intronic
Full-length RNA-seq,Fibroblast,chr2:188984867_G>A,8.7069313505,2,0;3,COL3A1,exonic
Full-length RNA-seq,Fibroblast,chr2:188984909_C>A,10.844002725500001,2,0;3,COL3A1,exonic
Full-length RNA-seq,Fibroblast,chr2:188985705_T>G,5.0861742495,2,0;3,COL3A1,exonic
Full-length RNA-seq,Fibroblast,chr2:188987101_G>A,11.8175358795,2,0;3,COL3A1,exonic
Full-length RNA-seq,Fibroblast,chr2:188988610_A>T,8.076502561,2,0;3,COL3A1,exonic
Full-length RNA-seq,Fibroblast,chr2:188991034_G>A,2.190465987,2,0;3,COL3A1,exonic
Full-length RNA-seq,Fibroblast,chr2:188993408_A>G,10.84953499,1,3,COL3A1,exonic
Full-length RNA-seq,Fibroblast,chr2:188994322_G>A,4.088136673,1,3,COL3A1,exonic
Full-length RNA-seq,Fibroblast,chr2:188994776_A>T,5.1092665195,2,0;3,COL3A1,exonic
Full-length RNA-seq,Fibroblast,chr2:188994823_G>A,9.516141891,1,0,COL3A1,exonic
Full-length RNA-seq,Fibroblast,chr2:188996153_G>C,9.924282791500001,2,0;3,COL3A1,exonic
Full-length RNA-seq,Fibroblast,chr2:188997354_G>A,6.519640922500001,2,0;3,COL3A1,exonic
Full-length RNA-seq,Fibroblast,chr2:188999525_G>A,12.013503072999999,2,0;3,COL3A1,exonic
Full-length RNA-seq,Fibroblast,chr2:189003430_G>A,17.91542864,2,0;3,COL3A1,exonic
Full-length RNA-seq,Fibroblast,chr2:189004064_G>A,1.7609862685,2,0;3,COL3A1,exonic
Full-length RNA-seq,Fibroblast,chr2:189004087_A>C,15.232237815,2,0;3,COL3A1,exonic
Full-length RNA-seq,Fibroblast,chr2:189006414_G>A,1.362512589,1,0,COL3A1,exonic
Full-length RNA-seq,Fibroblast,chr2:189007521_G>A,3.2667099239999997,2,0;3,COL3A1,exonic
Full-length RNA-seq,Fibroblast,chr2:189008126_G>A,8.30768895,2,0;3,COL3A1,exonic
Full-length RNA-seq,Fibroblast,chr2:189010222_A>G,3.507418633,1,3,COL3A1,exonic
Full-length RNA-seq,Fibroblast,chr2:189010662_T>C,6.069704056000001,2,0;3,COL3A1,exonic
Full-length RNA-seq,Fibroblast,chr2:189010692_G>A,1.177694082,1,3,COL3A1,exonic
Full-length RNA-seq,Fibroblast,chr2:189010774_G>A,6.279945850500001,2,0;3,COL3A1,exonic
Full-length RNA-seq,Fibroblast,chr2:189011633_C>G,3.074666381,2,0;3,COL3A1,exonic
Full-length RNA-seq,Fibroblast,chr2:189011909_A>T,2.201393604,1,0,COL3A1,UTR3
Full-length RNA-seq,Fibroblast,chr2:189012093_G>A,10.5847434985,2,0;3,COL3A1,UTR3
Full-length RNA-seq,Fibroblast,chr2:189012649_T>A,16.12767792,1,3,COL3A1,UTR3
Full-length RNA-seq,Fibroblast,chr2:189039415_T>C,0.556593478,1,3,COL5A2,exonic
Full-length RNA-seq,Fibroblast,chr2:189039487_A>T,10.050873518,2,0;3,COL5A2,exonic
Full-length RNA-seq,Fibroblast,chr2:189045811_T>G,4.121656895,1,3,COL5A2,exonic
Full-length RNA-seq,Fibroblast,chr2:189086725_C>G,2.8552232980000003,2,0;3,COL5A2,splicing
Full-length RNA-seq,Fibroblast,chr2:189097300_C>G,5.5833973885,2,0;3,COL5A2,exonic
Full-length RNA-seq,Fibroblast,chr2:189110421_A>T,4.4420096875,2,0;3,COL5A2,exonic
Full-length RNA-seq,Fibroblast,chr2:191009980_C>T,4.9894850255000005,2,0;3,STAT1,exonic
Full-length RNA-seq,Fibroblast,chr2:191276990_T>A,0.654903114,1,3,MYO1B,exonic
Full-length RNA-seq,Fibroblast,chr2:191362348_G>A,3.0506953,2,0;3,MYO1B,exonic
Full-length RNA-seq,Fibroblast,chr2:191400768_G>A,1.8291506169999998,2,0;3,MYO1B,exonic
Full-length RNA-seq,Fibroblast,chr2:191678600_C>A,4.654163361,1,0,NABP1,UTR5
Full-length RNA-seq,Fibroblast,chr2:191679037_G>A,2.062633514,1,0,NABP1,exonic
Full-length RNA-seq,Fibroblast,chr2:191679105_G>A,1.326224327,1,0,NABP1,exonic
Full-length RNA-seq,Fibroblast,chr2:191693413_G>A,4.396857262,1,0,NABP1-OT1,ncRNA_exonic
Full-length RNA-seq,Fibroblast,chr2:196170941_C>T,3.555334806,1,3,STK17B,intronic
Full-length RNA-seq,Fibroblast,chr2:197487863_T>C,4.6421968934999995,2,0;3,HSPD1,exonic
Full-length RNA-seq,Fibroblast,chr2:197490411_T>G,0.700586289,2,0;3,HSPD1,intronic
Full-length RNA-seq,Fibroblast,chr2:197493487_T>G,2.101409674,1,0,HSPD1,exonic
Full-length RNA-seq,Fibroblast,chr2:197494904_T>G,6.172918797,1,3,HSPD1,intronic
Full-length RNA-seq,Fibroblast,chr2:197495292_A>T,3.597860813,1,3,HSPD1,splicing
Full-length RNA-seq,Fibroblast,chr2:197497148_A>T,4.933915615,1,3,HSPD1,exonic
Full-length RNA-seq,Fibroblast,chr2:197501185_G>A,3.884567976,1,0,HSPE1;HSPE1-MOB4,exonic
Full-length RNA-seq,Fibroblast,chr2:197501785_A>T,0.8485106825,2,0;3,HSPE1;HSPE1-MOB4,intronic
Full-length RNA-seq,Fibroblast,chr2:197515016_T>A,5.410072327,1,0,HSPE1-MOB4,intronic
Full-length RNA-seq,Fibroblast,chr2:201071251_C>T,7.65859437,2,0;3,FAM126B,intronic
Full-length RNA-seq,Fibroblast,chr2:201744323_T>G,0.205027759,1,0,ALS2,exonic
Full-length RNA-seq,Fibroblast,chr2:202282152_T>C,0.181285173,1,0,NOP58,intronic
Full-length RNA-seq,Fibroblast,chr2:20350210_A>G,1.186042309,1,3,PUM2,intronic
Full-length RNA-seq,Fibroblast,chr2:20447645_G>A,1.593554974,1,0,RHOB,exonic
Full-length RNA-seq,Fibroblast,chr2:20447818_A>G,3.017620802,1,3,RHOB,exonic
Full-length RNA-seq,Fibroblast,chr2:206162049_A>C,0.577136099,1,0,EEF1B2,exonic
Full-length RNA-seq,Fibroblast,chr2:207166668_G>A,5.867716074,2,0;3,KLF7,intronic
Full-length RNA-seq,Fibroblast,chr2:215375670_T>C,13.09097958,1,3,FN1,exonic
Full-length RNA-seq,Fibroblast,chr2:215379306_G>C,16.62596512,1,3,FN1,exonic
Full-length RNA-seq,Fibroblast,chr2:215380906_A>T,4.057331085,1,3,FN1,exonic
Full-length RNA-seq,Fibroblast,chr2:215384044_G>T,5.8807685375,2,0;3,FN1,exonic
Full-length RNA-seq,Fibroblast,chr2:215384944_C>T,2.9227337835,2,0;3,FN1,exonic
Full-length RNA-seq,Fibroblast,chr2:215404469_G>T,9.017216682,1,3,FN1,exonic
Full-length RNA-seq,Fibroblast,chr2:215406243_G>T,2.403803349,1,3,FN1,exonic
Full-length RNA-seq,Fibroblast,chr2:215409958_T>A,3.871211529,1,3,FN1,exonic
Full-length RNA-seq,Fibroblast,chr2:215411637_C>T,8.064802408,2,0;3,FN1,intronic
Full-length RNA-seq,Fibroblast,chr2:215422096_A>T,3.918377161,1,3,FN1,exonic
Full-length RNA-seq,Fibroblast,chr2:215425202_T>A,5.713732958,2,0;3,FN1,exonic
Full-length RNA-seq,Fibroblast,chr2:215428304_A>G,7.9434821604999994,2,0;3,FN1,exonic
Full-length RNA-seq,Fibroblast,chr2:215434785_T>A,6.752860069,1,3,FN1,exonic
Full-length RNA-seq,Fibroblast,chr2:216138160_T>C,0.383980721,1,0,XRCC5,exonic
Full-length RNA-seq,Fibroblast,chr2:216160089_T>A,2.1753405925,2,0;3,XRCC5,exonic
Full-length RNA-seq,Fibroblast,chr2:216501428_T>G,3.5840123889999997,2,0;3,RPL37A,UTR3
Full-length RNA-seq,Fibroblast,chr2:216672321_G>T,2.704822063,1,0,IGFBP5,UTR3
Full-length RNA-seq,Fibroblast,chr2:216672592_A>T,3.953656197,1,0,IGFBP5,UTR3
Full-length RNA-seq,Fibroblast,chr2:216672639_G>T,1.052465916,1,0,IGFBP5,UTR3
Full-length RNA-seq,Fibroblast,chr2:216672939_G>T,1.573445678,1,0,IGFBP5,UTR3
Full-length RNA-seq,Fibroblast,chr2:216673123_A>G,3.854789972,1,0,IGFBP5,UTR3
Full-length RNA-seq,Fibroblast,chr2:216673892_C>T,3.384252787,1,0,IGFBP5,UTR3
Full-length RNA-seq,Fibroblast,chr2:216674752_C>T,3.95051384,1,0,IGFBP5,UTR3
Full-length RNA-seq,Fibroblast,chr2:216675205_A>T,3.961900473,1,0,IGFBP5,UTR3
Full-length RNA-seq,Fibroblast,chr2:216676420_C>T,3.141317606,1,0,IGFBP5,UTR3
Full-length RNA-seq,Fibroblast,chr2:216676562_C>T,2.682343006,1,0,IGFBP5,UTR3
Full-length RNA-seq,Fibroblast,chr2:216676674_C>G,2.121031284,1,0,IGFBP5,UTR3
Full-length RNA-seq,Fibroblast,chr2:216678854_T>C,3.794399261,1,0,IGFBP5,exonic
Full-length RNA-seq,Fibroblast,chr2:216694456_C>T,2.503300667,1,0,IGFBP5,exonic
Full-length RNA-seq,Fibroblast,chr2:217843780_A>G,1.1560457350000002,2,0;3,TNS1,intronic
Full-length RNA-seq,Fibroblast,chr2:217885817_T>C,0.545800149,1,0,TNS1,exonic
Full-length RNA-seq,Fibroblast,chr2:218249451_T>G,2.246117115,1,0,ARPC2,exonic
Full-length RNA-seq,Fibroblast,chr2:218277426_A>T,1.100943804,1,0,TMBIM1,exonic
Full-length RNA-seq,Fibroblast,chr2:218562249_T>C,4.000513554,1,0,USP37,intronic
Full-length RNA-seq,Fibroblast,chr2:219504341_A>G,0.286582023,1,3,GMPPA,intronic
Full-length RNA-seq,Fibroblast,chr2:223052926_T>C,5.2759609225,2,0;3,KCNE4,exonic
Full-length RNA-seq,Fibroblast,chr2:223945155_C>T,3.32801342,1,3,WDFY1,exonic
Full-length RNA-seq,Fibroblast,chr2:223991882_T>G,6.965377331,1,0,SERPINE2,exonic
Full-length RNA-seq,Fibroblast,chr2:224874339_T>G,3.142236948,1,3,DOCK10,exonic
Full-length RNA-seq,Fibroblast,chr2:230714073_T>C,3.6077815295000004,2,0;3,CAB39,intronic
Full-length RNA-seq,Fibroblast,chr2:230800771_T>C,1.690300107,1,3,CAB39,intronic
Full-length RNA-seq,Fibroblast,chr2:236580515_T>A,4.290545464,1,0,ACKR3,exonic
Full-length RNA-seq,Fibroblast,chr2:236580917_A>C,4.564667225,1,0,ACKR3,exonic
Full-length RNA-seq,Fibroblast,chr2:237334641_C>T,1.968898058,1,3,COL6A3,exonic
Full-length RNA-seq,Fibroblast,chr2:237336276_C>T,1.4059359429999998,2,0;3,COL6A3,exonic
Full-length RNA-seq,Fibroblast,chr2:237336475_C>T,4.0635846855,2,0;3,COL6A3,exonic
Full-length RNA-seq,Fibroblast,chr2:237340476_T>A,3.8918741939999997,2,0;3,COL6A3,exonic
Full-length RNA-seq,Fibroblast,chr2:237340592_C>T,5.692005873,2,0;3,COL6A3,exonic
Full-length RNA-seq,Fibroblast,chr2:237340686_T>A,1.138960481,1,0,COL6A3,exonic
Full-length RNA-seq,Fibroblast,chr2:237341061_C>T,3.450548172,1,0,COL6A3,exonic
Full-length RNA-seq,Fibroblast,chr2:237344383_C>T,4.042443275,2,0;3,COL6A3,exonic
Full-length RNA-seq,Fibroblast,chr2:237344633_T>A,4.386338711,2,0;3,COL6A3,exonic
Full-length RNA-seq,Fibroblast,chr2:237348619_G>T,4.751593113,1,3,COL6A3,exonic
Full-length RNA-seq,Fibroblast,chr2:237348925_T>G,4.0199543235,2,0;3,COL6A3,intronic
Full-length RNA-seq,Fibroblast,chr2:237352570_A>T,4.19634521,2,0;3,COL6A3,exonic
Full-length RNA-seq,Fibroblast,chr2:237357859_C>G,3.688740611,2,0;3,COL6A3,exonic
Full-length RNA-seq,Fibroblast,chr2:237360132_C>T,4.340535164,1,3,COL6A3,exonic
Full-length RNA-seq,Fibroblast,chr2:237361820_G>A,4.075338602,2,0;3,COL6A3,exonic
Full-length RNA-seq,Fibroblast,chr2:237365784_G>T,2.8961509465,2,0;3,COL6A3,exonic
Full-length RNA-seq,Fibroblast,chr2:237366806_G>T,6.167111874,1,0,COL6A3,exonic
Full-length RNA-seq,Fibroblast,chr2:237368728_C>A,3.0413709879999997,2,0;3,COL6A3,exonic
Full-length RNA-seq,Fibroblast,chr2:237368910_T>C,6.189563274,1,3,COL6A3,exonic
Full-length RNA-seq,Fibroblast,chr2:237369087_A>T,2.652565956,2,0;3,COL6A3,exonic
Full-length RNA-seq,Fibroblast,chr2:237371749_G>T,4.569220543,1,0,COL6A3,exonic
Full-length RNA-seq,Fibroblast,chr2:237372090_C>T,6.075980186500001,2,0;3,COL6A3,exonic
Full-length RNA-seq,Fibroblast,chr2:237374437_C>G,3.758580446,1,3,COL6A3,exonic
Full-length RNA-seq,Fibroblast,chr2:237374830_G>T,5.3057734965000005,2,0;3,COL6A3,exonic
Full-length RNA-seq,Fibroblast,chr2:237376775_G>T,1.917118788,1,0,COL6A3,exonic
Full-length RNA-seq,Fibroblast,chr2:237377337_C>T,5.485572815,2,0;3,COL6A3,exonic
Full-length RNA-seq,Fibroblast,chr2:237381333_C>T,3.3971357345,2,0;3,COL6A3,exonic
Full-length RNA-seq,Fibroblast,chr2:237387693_T>C,11.22021008,1,3,COL6A3,exonic
Full-length RNA-seq,Fibroblast,chr2:237396729_G>T,5.425509214,2,0;3,COL6A3,exonic
Full-length RNA-seq,Fibroblast,chr2:237414149_C>T,5.638955831500001,2,0;3,COL6A3,UTR5
Full-length RNA-seq,Fibroblast,chr2:237755116_T>A,2.421583652,1,3,LRRFIP1,intronic
Full-length RNA-seq,Fibroblast,chr2:23867921_C>T,1.3677065370000001,1,0,ATAD2B,exonic
Full-length RNA-seq,Fibroblast,chr2:238848255_A>C,6.195679426,2,0;3,TWIST2,exonic
Full-length RNA-seq,Fibroblast,chr2:238857398_T>A,4.2344942095,2,0;3,TWIST2,intronic
Full-length RNA-seq,Fibroblast,chr2:238870477_C>T,1.799637556,1,0,TWIST2,intronic
Full-length RNA-seq,Fibroblast,chr2:241033775_T>C,4.627937317,1,0,SNED1,exonic
Full-length RNA-seq,Fibroblast,chr2:241049047_G>C,4.609210968,1,0,SNED1,exonic
Full-length RNA-seq,Fibroblast,chr2:241049912_C>T,5.488952637,1,0,SNED1,exonic
Full-length RNA-seq,Fibroblast,chr2:241052082_G>A,5.485547543,1,0,SNED1,exonic
Full-length RNA-seq,Fibroblast,chr2:241054172_C>G,5.730321407,1,0,SNED1,intronic
Full-length RNA-seq,Fibroblast,chr2:241054679_G>A,9.183073044,1,0,SNED1,intronic
Full-length RNA-seq,Fibroblast,chr2:241055433_A>T,8.211780548,1,0,SNED1,intronic
Full-length RNA-seq,Fibroblast,chr2:241057945_T>C,6.481637001,2,0;3,SNED1,intronic
Full-length RNA-seq,Fibroblast,chr2:241072175_T>C,4.109280586,1,0,SNED1,intronic
Full-length RNA-seq,Fibroblast,chr2:241073346_G>T,6.95887661,1,0,SNED1,exonic
Full-length RNA-seq,Fibroblast,chr2:241077704_T>A,10.90470505,1,0,SNED1,intronic
Full-length RNA-seq,Fibroblast,chr2:241080685_T>C,4.306397915,1,0,SNED1,intronic
Full-length RNA-seq,Fibroblast,chr2:241081154_T>A,3.43795085,1,0,SNED1,intronic
Full-length RNA-seq,Fibroblast,chr2:241250645_T>C,1.782953382,1,0,HDLBP,intronic
Full-length RNA-seq,Fibroblast,chr2:241353971_T>A,2.7897210120000002,1,0,SEPTIN2,UTR3
Full-length RNA-seq,Fibroblast,chr2:26201264_A>T,0.32395938,1,0,HADHA,exonic
Full-length RNA-seq,Fibroblast,chr2:28924333_G>A,7.8161427974999995,2,0;3,WDR43,intronic
Full-length RNA-seq,Fibroblast,chr2:33152319_T>A,2.837965965,1,0,LTBP1,intronic
Full-length RNA-seq,Fibroblast,chr2:33186865_A>G,3.2926146985,2,0;3,LTBP1,exonic
Full-length RNA-seq,Fibroblast,chr2:33300473_G>A,3.186151743,1,0,LTBP1,exonic
Full-length RNA-seq,Fibroblast,chr2:33363476_A>C,2.853541136,1,0,LTBP1,exonic
Full-length RNA-seq,Fibroblast,chr2:33397143_T>C,3.845297098,1,0,LTBP1,exonic
Full-length RNA-seq,Fibroblast,chr2:33398534_G>A,3.262172461,1,0,LTBP1,exonic
Full-length RNA-seq,Fibroblast,chr2:3575883_G>A,1.2829051615,2,0;3,RPS7,exonic
Full-length RNA-seq,Fibroblast,chr2:3575885_T>A,1.8487482665,2,0;3,RPS7,exonic
Full-length RNA-seq,Fibroblast,chr2:36358507_T>C,0.99576965,2,0;3,CRIM1,intronic
Full-length RNA-seq,Fibroblast,chr2:37133970_A>G,4.564801216,1,0,EIF2AK2,intronic
Full-length RNA-seq,Fibroblast,chr2:37156927_G>A,0.463981867,1,0,EIF2AK2,UTR5
Full-length RNA-seq,Fibroblast,chr2:38074578_A>T,3.631936312,1,0,CYP1B1,exonic
Full-length RNA-seq,Fibroblast,chr2:42283846_A>T,1.9316360355,2,0;3,EML4,intronic
Full-length RNA-seq,Fibroblast,chr2:42326171_T>A,0.972350478,1,0,EML4,exonic
Full-length RNA-seq,Fibroblast,chr2:42360549_C>T,5.182495117,1,0,COX7A2L,intronic
Full-length RNA-seq,Fibroblast,chr2:43889827_A>T,0.953101873,1,3,LRPPRC,exonic
Full-length RNA-seq,Fibroblast,chr2:46297660_T>A,2.895935535,1,3,EPAS1,UTR5
Full-length RNA-seq,Fibroblast,chr2:46346927_G>C,3.692842484,1,3,EPAS1,exonic
Full-length RNA-seq,Fibroblast,chr2:46372804_T>C,2.830739021,1,0,EPAS1,intronic
Full-length RNA-seq,Fibroblast,chr2:46996130_T>A,1.41110903,2,0;3,TTC7A,intronic
Full-length RNA-seq,Fibroblast,chr2:47005337_G>A,3.2488723994999997,2,0;3,TTC7A,intronic
Full-length RNA-seq,Fibroblast,chr2:54456457_G>C,6.904591799,2,0;3,SPTBN1,UTR5
Full-length RNA-seq,Fibroblast,chr2:54574998_C>A,4.405691624,1,0,SPTBN1,intronic
Full-length RNA-seq,Fibroblast,chr2:54644424_C>A,1.904313684,1,0,SPTBN1,exonic
Full-length RNA-seq,Fibroblast,chr2:54659943_T>G,1.455587029,1,0,SPTBN1,exonic
Full-length RNA-seq,Fibroblast,chr2:54660329_G>A,0.8740426299999999,2,0;3,SPTBN1,UTR3
Full-length RNA-seq,Fibroblast,chr2:55026879_G>A,6.480917931,1,0,RTN4,exonic
Full-length RNA-seq,Fibroblast,chr2:55027145_A>G,4.574869156,1,0,RTN4,exonic
Full-length RNA-seq,Fibroblast,chr2:55234154_G>A,0.574463427,1,0,RPS27A,exonic
Full-length RNA-seq,Fibroblast,chr2:55234159_G>A,0.804710686,1,0,RPS27A,exonic
Full-length RNA-seq,Fibroblast,chr2:55234165_G>A,3.5336112975,2,0;3,RPS27A,exonic
Full-length RNA-seq,Fibroblast,chr2:55235501_T>C,1.8186905979999999,2,0;3,RPS27A,exonic
Full-length RNA-seq,Fibroblast,chr2:55866935_G>C,5.449851513,1,0,EFEMP1,UTR3
Full-length RNA-seq,Fibroblast,chr2:55877772_A>G,5.955555439,1,0,EFEMP1,exonic
Full-length RNA-seq,Fibroblast,chr2:55917763_C>T,2.69508028,1,0,EFEMP1,exonic
Full-length RNA-seq,Fibroblast,chr2:55917918_T>G,4.647964954,1,0,EFEMP1,exonic
Full-length RNA-seq,Fibroblast,chr2:55922428_G>A,4.230829239,1,0,EFEMP1,exonic
Full-length RNA-seq,Fibroblast,chr2:60891791_G>A,0.572175562,1,0,REL,exonic
Full-length RNA-seq,Fibroblast,chr2:68240778_A>C,7.861540079,2,0;3,PPP3R1,intronic
Full-length RNA-seq,Fibroblast,chr2:69386797_G>T,3.804657698,1,3,GFPT1,intronic
Full-length RNA-seq,Fibroblast,chr2:69902686_G>T,4.794269562,1,0,SNRNP27,intronic
Full-length RNA-seq,Fibroblast,chr2:6996941_G>A,2.613990068,1,3,RNF144A,exonic
Full-length RNA-seq,Fibroblast,chr2:71129775_T>C,1.4740394655,2,0;3,MCEE,intronic
Full-length RNA-seq,Fibroblast,chr2:71390440_C>A,0.345537156,1,0,ZNF638,intronic
Full-length RNA-seq,Fibroblast,chr2:74334118_A>T,0.339378476,1,0,SLC4A5,UTR5
Full-length RNA-seq,Fibroblast,chr2:74463329_C>T,1.3923432230000001,2,0;3,MOGS,exonic
Full-length RNA-seq,Fibroblast,chr2:74533139_A>C,0.5872327390000001,2,0;3,HTRA2;LOXL3,UTR3
Full-length RNA-seq,Fibroblast,chr2:84906019_T>C,0.44929871,1,0,TMSB10,exonic
Full-length RNA-seq,Fibroblast,chr2:84906024_G>A,1.142795563,1,3,TMSB10,exonic
Full-length RNA-seq,Fibroblast,chr2:84906498_T>A,2.213821173,1,0,TMSB10,UTR3
Full-length RNA-seq,Fibroblast,chr2:85318767_A>T,1.302253723,1,0,TGOLN2,UTR3
Full-length RNA-seq,Fibroblast,chr2:85543521_C>G,4.893374443,1,0,MAT2A,intronic
Full-length RNA-seq,Fibroblast,chr2:85556054_C>A,2.1756767034999998,2,0;3,GGCX,intronic
Full-length RNA-seq,Fibroblast,chr2:86489620_T>A,1.5532073975,2,0;3,KDM3A,exonic
Full-length RNA-seq,Fibroblast,chr2:8682330_G>C,4.871768236,2,0;3,ID2,exonic
Full-length RNA-seq,Fibroblast,chr2:87458384_T>C,8.1690626125,2,0;3,CYTOR,ncRNA_intronic
Full-length RNA-seq,Fibroblast,chr2:87471420_G>A,7.8893408775000005,2,0;3,CYTOR,ncRNA_intronic
Full-length RNA-seq,Fibroblast,chr2:87477600_A>G,6.218363762,1,3,CYTOR,ncRNA_intronic
Full-length RNA-seq,Fibroblast,chr2:87477626_A>G,1.00880003,1,3,CYTOR,ncRNA_intronic
Full-length RNA-seq,Fibroblast,chr2:88623892_C>G,9.386509895,1,0,EIF2AK3,intronic
Full-length RNA-seq,Fibroblast,chr2:95117873_A>T,1.350969672,1,3,MRPS5,exonic
Full-length RNA-seq,Fibroblast,chr2:95820960_C>T,2.0059928300000003,2,0;3,LINC00342,ncRNA_intronic
Full-length RNA-seq,Fibroblast,chr2:95853810_A>T,1.7492238285,2,0;3,ANKRD36C,exonic
Full-length RNA-seq,Fibroblast,chr2:95978132_A>G,5.5282871725,2,0;3,ANKRD36C,exonic
Full-length RNA-seq,Fibroblast,chr2:96278833_T>G,3.282059908,1,0,SNRNP200,exonic
Full-length RNA-seq,Fibroblast,chr2:96289821_T>C,2.772782087,2,0;3,SNRNP200,exonic
Full-length RNA-seq,Fibroblast,chr2:96297702_C>G,3.3554086685,2,0;3,SNRNP200,exonic
Full-length RNA-seq,Fibroblast,chr2:97814131_A>T,11.5909450065,2,0;3,TMEM131,exonic
Full-length RNA-seq,Fibroblast,chr2:98555680_C>A,5.7013547419999995,2,0;3,INPP4A,exonic
Full-length RNA-seq,Fibroblast,chr2:99170638_C>T,1.647825718,2,0;3,MITD1,exonic
Full-length RNA-seq,Fibroblast,chr3:100778296_G>T,2.636559486,1,0,ABI3BP,exonic
Full-length RNA-seq,Fibroblast,chr3:100813733_G>C,4.135727406,1,0,ABI3BP,exonic
Full-length RNA-seq,Fibroblast,chr3:101576415_A>T,7.902722836,1,0,PCNP,intronic
Full-length RNA-seq,Fibroblast,chr3:105658967_C>T,5.470933676,2,0;3,CBLB,UTR3
Full-length RNA-seq,Fibroblast,chr3:105802241_A>T,2.134115219,1,0,CBLB,intronic
Full-length RNA-seq,Fibroblast,chr3:105843997_A>T,3.435539484,1,0,CBLB,intronic
Full-length RNA-seq,Fibroblast,chr3:105847769_A>T,1.252702475,1,0,CBLB,intronic
Full-length RNA-seq,Fibroblast,chr3:105847771_A>T,1.255284905,1,0,CBLB,intronic
Full-length RNA-seq,Fibroblast,chr3:105852676_C>T,2.069776714,2,0;3,CBLB,intronic
Full-length RNA-seq,Fibroblast,chr3:105867555_C>T,3.5786637070000005,2,0;3,CBLB,exonic
Full-length RNA-seq,Fibroblast,chr3:108219449_A>T,5.177719593,2,0;3,IFT57,exonic
Full-length RNA-seq,Fibroblast,chr3:111869470_A>G,1.1298879385,2,0;3,PHLDB2,intronic
Full-length RNA-seq,Fibroblast,chr3:112616772_C>G,2.401824951,1,0,CCDC80,exonic
Full-length RNA-seq,Fibroblast,chr3:112630258_A>T,3.072509289,1,0,CCDC80,exonic
Full-length RNA-seq,Fibroblast,chr3:112638175_C>G,3.4885467290000003,2,0;3,CCDC80,exonic
Full-length RNA-seq,Fibroblast,chr3:112638633_C>T,2.498191357,1,0,CCDC80,exonic
Full-length RNA-seq,Fibroblast,chr3:112638895_A>T,1.248794913,1,0,CCDC80,exonic
Full-length RNA-seq,Fibroblast,chr3:112639181_A>T,1.4440051315,2,0;3,CCDC80,exonic
Full-length RNA-seq,Fibroblast,chr3:112639454_A>T,6.50736618,1,0,CCDC80,exonic
Full-length RNA-seq,Fibroblast,chr3:112640930_C>T,4.314459324,1,0,CCDC80,UTR5
Full-length RNA-seq,Fibroblast,chr3:116445148_C>G,5.283556461,1,3,LSAMP,UTR5
Full-length RNA-seq,Fibroblast,chr3:117997309_C>G,7.695224762,1,0,LINC02024;LOC105374060,intergenic
Full-length RNA-seq,Fibroblast,chr3:119415129_G>A,1.266479135,1,0,ARHGAP31,exonic
Full-length RNA-seq,Fibroblast,chr3:122537060_A>T,2.2582442165,2,0;3,PARP9,exonic
Full-length RNA-seq,Fibroblast,chr3:122555784_C>G,1.9476618769999998,2,0;3,PARP9,exonic
Full-length RNA-seq,Fibroblast,chr3:124773696_G>T,2.41690135,2,0;3,ITGB5,exonic
Full-length RNA-seq,Fibroblast,chr3:12587352_A>T,0.5627289415,2,0;3,RAF1,intronic
Full-length RNA-seq,Fibroblast,chr3:12618682_C>T,2.167297363,1,3,RAF1,exonic
Full-length RNA-seq,Fibroblast,chr3:126454796_A>G,1.524950624,1,0,ZXDC,intronic
Full-length RNA-seq,Fibroblast,chr3:128071627_T>C,1.528533936,1,3,SEC61A1,UTR3
Full-length RNA-seq,Fibroblast,chr3:128730044_T>C,1.328510165,1,0,RAB7A,intronic
Full-length RNA-seq,Fibroblast,chr3:128807649_T>C,1.825593829,1,0,RAB7A,exonic
Full-length RNA-seq,Fibroblast,chr3:129169592_A>T,1.149570465,1,0,CNBP,UTR3
Full-length RNA-seq,Fibroblast,chr3:129169647_C>G,0.7969906630000001,2,0;3,CNBP,UTR3
Full-length RNA-seq,Fibroblast,chr3:129571300_A>T,0.611268461,1,3,PLXND1,exonic
Full-length RNA-seq,Fibroblast,chr3:130568116_T>A,0.767443538,1,0,COL6A6,exonic
Full-length RNA-seq,Fibroblast,chr3:130592579_T>C,7.052248478,1,0,COL6A6,exonic
Full-length RNA-seq,Fibroblast,chr3:130593099_A>C,10.4063518055,2,0;3,COL6A6,exonic
Full-length RNA-seq,Fibroblast,chr3:130976818_G>A,0.64339596,1,3,ATP2C1,intronic
Full-length RNA-seq,Fibroblast,chr3:133628688_T>G,1.337224007,1,0,TOPBP1,exonic
Full-length RNA-seq,Fibroblast,chr3:13570986_G>A,5.1102781295,2,0;3,FBLN2,exonic
Full-length RNA-seq,Fibroblast,chr3:13571579_G>A,3.844528198,2,0;3,FBLN2,exonic
Full-length RNA-seq,Fibroblast,chr3:13618202_T>C,3.678207636,1,0,FBLN2,exonic
Full-length RNA-seq,Fibroblast,chr3:136195693_G>T,2.760561466,2,0;3,MSL2,UTR5
Full-length RNA-seq,Fibroblast,chr3:13629924_G>A,2.878105164,1,0,FBLN2,exonic
Full-length RNA-seq,Fibroblast,chr3:13630810_G>A,1.260857582,1,0,FBLN2,exonic
Full-length RNA-seq,Fibroblast,chr3:141880259_A>G,4.558752179000001,2,0;3,ATP1B3,intronic
Full-length RNA-seq,Fibroblast,chr3:142556424_C>T,0.915139437,1,0,ATR,exonic
Full-length RNA-seq,Fibroblast,chr3:143991128_T>A,0.7509186066666667,3,0;10;3,DIPK2A,UTR3
Full-length RNA-seq,Fibroblast,chr3:146521795_A>T,3.460066795,1,0,PLSCR1,intronic
Full-length RNA-seq,Fibroblast,chr3:149526039_A>T,0.626764476,2,0;3,WWTR1,exonic
Full-length RNA-seq,Fibroblast,chr3:149633071_A>G,0.347916543,1,0,WWTR1,intronic
Full-length RNA-seq,Fibroblast,chr3:149656785_T>A,5.009528637,3,0;10;3,WWTR1,intronic
Full-length RNA-seq,Fibroblast,chr3:150412933_C>G,1.550604939,1,0,TSC22D2,intronic
Full-length RNA-seq,Fibroblast,chr3:150418048_T>A,7.120171547,2,0;3,TSC22D2,intronic
Full-length RNA-seq,Fibroblast,chr3:150423049_G>C,0.161239401,1,0,TSC22D2,exonic
Full-length RNA-seq,Fibroblast,chr3:150452664_A>G,0.739387453,1,0,TSC22D2,intronic
Full-length RNA-seq,Fibroblast,chr3:150458670_A>C,3.2468556165,2,0;3,TSC22D2,UTR3
Full-length RNA-seq,Fibroblast,chr3:151443411_C>G,4.386816502,1,0,IGSF10,exonic
Full-length RNA-seq,Fibroblast,chr3:153163470_G>A,5.246208549,2,0;3,RAP2B,UTR3
Full-length RNA-seq,Fibroblast,chr3:15331985_T>C,1.058435202,1,0,SH3BP5,intronic
Full-length RNA-seq,Fibroblast,chr3:157148355_C>G,3.413486481,1,3,CCNL1,exonic
Full-length RNA-seq,Fibroblast,chr3:15797196_C>A,1.770675778,1,3,ANKRD28,UTR5
Full-length RNA-seq,Fibroblast,chr3:160425007_T>A,2.957825422,2,0;3,SMC4,exonic
Full-length RNA-seq,Fibroblast,chr3:16303121_A>T,2.6201338769999998,1,0,OXNAD1,intronic
Full-length RNA-seq,Fibroblast,chr3:169966810_C>G,4.6667096615000005,2,0;3,SEC62,UTR5
Full-length RNA-seq,Fibroblast,chr3:170390419_G>A,2.022195339,1,0,SKIL,exonic
Full-length RNA-seq,Fibroblast,chr3:170868101_C>T,2.1513489485,2,0;3,RPL22L1,exonic
Full-length RNA-seq,Fibroblast,chr3:171125932_C>G,10.54631519,1,3,TNIK,exonic
Full-length RNA-seq,Fibroblast,chr3:172251337_A>C,4.866883755,1,3,FNDC3B,exonic
Full-length RNA-seq,Fibroblast,chr3:177024334_C>T,2.283643961,1,0,TBL1XR1,UTR3
Full-length RNA-seq,Fibroblast,chr3:182837148_C>A,1.1174635290000001,2,0;3,ATP11B,exonic
Full-length RNA-seq,Fibroblast,chr3:184140895_G>A,2.4438499215,2,0;3,EIF2B5,intronic
Full-length RNA-seq,Fibroblast,chr3:184155751_G>A,1.017156035,2,0;3,DVL3,exonic
Full-length RNA-seq,Fibroblast,chr3:184582281_C>T,3.9476437564999998,2,0;3,EPHB3,UTR3
Full-length RNA-seq,Fibroblast,chr3:185936676_G>T,0.960755169,1,0,TRA2B,intronic
Full-length RNA-seq,Fibroblast,chr3:194136378_A>G,1.681358814,1,0,HES1,UTR5
Full-length RNA-seq,Fibroblast,chr3:194136394_T>A,2.0276296135,2,0;3,HES1,exonic
Full-length RNA-seq,Fibroblast,chr3:194136475_C>A,3.100142002,1,0,HES1,exonic
Full-length RNA-seq,Fibroblast,chr3:194137830_T>A,7.029169559,1,0,HES1,exonic
Full-length RNA-seq,Fibroblast,chr3:194357519_C>T,8.780895233,1,0,LRRC15,UTR3
Full-length RNA-seq,Fibroblast,chr3:194360354_C>T,10.00736332,1,0,LRRC15,exonic
Full-length RNA-seq,Fibroblast,chr3:194360860_T>A,8.7664833075,2,0;3,LRRC15,exonic
Full-length RNA-seq,Fibroblast,chr3:194408055_C>G,1.429462194,2,0;3,ATP13A3,intronic
Full-length RNA-seq,Fibroblast,chr3:194644619_T>G,8.784578562,2,0;3,LSG1,exonic
Full-length RNA-seq,Fibroblast,chr3:195516877_A>T,2.5096900460000002,2,0;3,PPP1R2,UTR3
Full-length RNA-seq,Fibroblast,chr3:195568908_G>A,6.453766823,1,0,APOD,exonic
Full-length RNA-seq,Fibroblast,chr3:195568997_T>G,4.284478664,1,0,APOD,exonic
Full-length RNA-seq,Fibroblast,chr3:195569076_A>C,0.704734504,1,0,APOD,exonic
Full-length RNA-seq,Fibroblast,chr3:195569080_G>A,5.265744686,1,0,APOD,exonic
Full-length RNA-seq,Fibroblast,chr3:195573948_A>T,7.145389557,1,0,APOD,exonic
Full-length RNA-seq,Fibroblast,chr3:195579413_C>T,1.128979683,1,0,APOD,exonic
Full-length RNA-seq,Fibroblast,chr3:195681652_G>A,4.1064072844999995,2,0;3,SDHAP2,ncRNA_exonic
Full-length RNA-seq,Fibroblast,chr3:195701111_G>A,4.1790648699999995,2,0;3,MIR570HG,ncRNA_intronic
Full-length RNA-seq,Fibroblast,chr3:195713253_T>A,0.738738894,1,0,MIR570HG;MUC20,intergenic
Full-length RNA-seq,Fibroblast,chr3:197954020_G>A,2.837003231,3,0;10;3,RPL35A,exonic
Full-length RNA-seq,Fibroblast,chr3:23826504_G>A,1.3437920805,2,0;3,UBE2E1,intronic
Full-length RNA-seq,Fibroblast,chr3:23919356_A>G,1.966804743,1,0,RPL15,exonic
Full-length RNA-seq,Fibroblast,chr3:23919358_C>A,1.056076765,1,0,RPL15,exonic
Full-length RNA-seq,Fibroblast,chr3:27481484_C>T,5.713040829,1,0,SLC4A7,intronic
Full-length RNA-seq,Fibroblast,chr3:27633239_G>C,3.660357475,1,0,SLC4A7;EOMES,intergenic
Full-length RNA-seq,Fibroblast,chr3:29281674_C>A,2.776442289,1,0,RBMS3,UTR5
Full-length RNA-seq,Fibroblast,chr3:30693785_T>A,3.516242743,1,0,TGFBR2,UTR3
Full-length RNA-seq,Fibroblast,chr3:37244504_G>A,1.2845394615,2,0;3,GOLGA4,intronic
Full-length RNA-seq,Fibroblast,chr3:39139943_G>T,0.918983698,1,0,TTC21A;CSRNP1,intergenic
Full-length RNA-seq,Fibroblast,chr3:39140354_T>A,2.775020838,1,0,TTC21A;CSRNP1,intergenic
Full-length RNA-seq,Fibroblast,chr3:40461465_G>A,1.624367952,1,0,RPL14,exonic
Full-length RNA-seq,Fibroblast,chr3:42636960_G>C,1.857190967,1,0,NKTR,exonic
Full-length RNA-seq,Fibroblast,chr3:45030906_G>A,9.550915718,1,0,CLEC3B,exonic
Full-length RNA-seq,Fibroblast,chr3:45035607_T>A,4.441474438,1,0,CLEC3B,exonic
Full-length RNA-seq,Fibroblast,chr3:46976568_C>G,1.581281841,2,0;3,CCDC12,intronic
Full-length RNA-seq,Fibroblast,chr3:47841143_C>A,4.0929626225,2,0;3,DHX30,exonic
Full-length RNA-seq,Fibroblast,chr3:47854223_C>T,10.61831284,1,0,MAP4,intronic
Full-length RNA-seq,Fibroblast,chr3:47911491_A>G,0.939057946,1,3,MAP4,exonic
Full-length RNA-seq,Fibroblast,chr3:48565475_G>A,0.851892054,1,3,COL7A1,exonic
Full-length RNA-seq,Fibroblast,chr3:48566518_C>T,1.435503721,1,3,COL7A1,exonic
Full-length RNA-seq,Fibroblast,chr3:48566521_C>T,0.578787923,1,3,COL7A1,exonic
Full-length RNA-seq,Fibroblast,chr3:48566533_C>T,5.509310722,1,3,COL7A1,exonic
Full-length RNA-seq,Fibroblast,chr3:48593214_G>T,2.824643135,1,3,COL7A1,exonic
Full-length RNA-seq,Fibroblast,chr3:48594376_A>T,7.1484828,1,3,COL7A1,exonic
Full-length RNA-seq,Fibroblast,chr3:48847377_C>T,3.7085129025,2,0;3,PRKAR2A,exonic
Full-length RNA-seq,Fibroblast,chr3:49015533_T>G,1.084300399,1,0,DALRD3;WDR6,UTR3
Full-length RNA-seq,Fibroblast,chr3:4983108_T>A,4.6010952,1,3,BHLHE40,exonic
Full-length RNA-seq,Fibroblast,chr3:4984213_G>C,3.522603631,2,0;3,BHLHE40,UTR3
Full-length RNA-seq,Fibroblast,chr3:50057806_C>A,3.715629578,1,3,RBM6,exonic
Full-length RNA-seq,Fibroblast,chr3:50236444_C>T,0.665986776,1,0,GNAI2,exonic
Full-length RNA-seq,Fibroblast,chr3:50330440_C>T,5.690270901,1,0,RASSF1,UTR3
Full-length RNA-seq,Fibroblast,chr3:52356709_G>C,4.619042397,1,0,DNAH1,exonic
Full-length RNA-seq,Fibroblast,chr3:52405893_G>T,8.090009689,1,0,BAP1,exonic
Full-length RNA-seq,Fibroblast,chr3:56633220_T>C,1.376194835,1,0,TASOR,exonic
Full-length RNA-seq,Fibroblast,chr3:63990194_T>A,1.4591647985,2,0;3,ATXN7,exonic
Full-length RNA-seq,Fibroblast,chr3:66380832_A>T,0.167308941,1,0,LRIG1,exonic
Full-length RNA-seq,Fibroblast,chr3:66402329_T>C,1.434983253,1,0,LRIG1,intronic
Full-length RNA-seq,Fibroblast,chr3:70988014_G>T,5.235342026,1,0,FOXP1,exonic
Full-length RNA-seq,Fibroblast,chr3:71053666_G>T,2.261151314,1,3,FOXP1,exonic
Full-length RNA-seq,Fibroblast,chr3:71130380_G>A,9.311057091,1,0,FOXP1,intronic
Full-length RNA-seq,Fibroblast,chr3:71130461_C>A,0.424950153,1,0,FOXP1,intronic
Full-length RNA-seq,Fibroblast,chr3:78627538_G>T,0.124014899,1,0,ROBO1,exonic
Full-length RNA-seq,Fibroblast,chr3:81755788_A>C,5.680504799,1,0,GBE1,intronic
Full-length RNA-seq,Fibroblast,chr3:8512586_C>A,0.071453258,1,0,LMCD1,intronic
Full-length RNA-seq,Fibroblast,chr3:88097594_T>A,3.656157732,1,0,CGGBP1;ZNF654,intronic
Full-length RNA-seq,Fibroblast,chr3:93470549_A>T,2.328305483,1,3,NONE;PROS1,intergenic
Full-length RNA-seq,Fibroblast,chr3:9434647_A>G,6.079439163,1,3,SETD5,intronic
Full-length RNA-seq,Fibroblast,chr3:99818038_G>A,4.885839224,2,0;3,CMSS1,exonic
Full-length RNA-seq,Fibroblast,chr4:100423045_A>T,1.518789291,1,0,EMCN,exonic
Full-length RNA-seq,Fibroblast,chr4:102566782_C>G,1.6618133785,2,0;3,NFKB1,intronic
Full-length RNA-seq,Fibroblast,chr4:102609882_T>G,4.489140034,1,0,NFKB1,intronic
Full-length RNA-seq,Fibroblast,chr4:102615180_T>A,5.0837653875,2,0;3,NFKB1,intronic
Full-length RNA-seq,Fibroblast,chr4:103076312_A>C,5.287538528,1,0,SLC9B2,UTR5
Full-length RNA-seq,Fibroblast,chr4:108048543_A>T,1.699802041,1,3,LEF1,UTR3
Full-length RNA-seq,Fibroblast,chr4:109560735_G>A,6.106410027,1,0,MCUB,intronic
Full-length RNA-seq,Fibroblast,chr4:112174616_G>A,0.497682184,1,0,FAM241A,intronic
Full-length RNA-seq,Fibroblast,chr4:113333127_G>A,2.95804143,1,0,ANK2,exonic
Full-length RNA-seq,Fibroblast,chr4:113335955_G>A,0.509121478,1,0,ANK2,exonic
Full-length RNA-seq,Fibroblast,chr4:113336594_T>C,0.983460605,1,0,ANK2,exonic
Full-length RNA-seq,Fibroblast,chr4:148435619_A>G,3.051744223,1,0,NR3C2,exonic
Full-length RNA-seq,Fibroblast,chr4:150487798_A>G,4.27426672,1,0,LRBA,exonic
Full-length RNA-seq,Fibroblast,chr4:151104192_T>G,3.065548658,1,0,RPS3A,exonic
Full-length RNA-seq,Fibroblast,chr4:152535649_C>T,3.048169732,2,0;3,FBXW7,UTR5
Full-length RNA-seq,Fibroblast,chr4:153781239_C>G,1.2613678575,2,0;3,SFRP2,UTR3
Full-length RNA-seq,Fibroblast,chr4:153781243_T>G,4.110978127,1,0,SFRP2,UTR3
Full-length RNA-seq,Fibroblast,chr4:153781511_C>T,4.837005258,2,0;3,SFRP2,exonic
Full-length RNA-seq,Fibroblast,chr4:153781581_A>C,4.870887637,2,0;3,SFRP2,exonic
Full-length RNA-seq,Fibroblast,chr4:153788498_G>T,10.32264614,1,3,SFRP2,exonic
Full-length RNA-seq,Fibroblast,chr4:153788564_G>C,6.428108572999999,2,0;3,SFRP2,exonic
Full-length RNA-seq,Fibroblast,chr4:153788690_A>T,4.049355984,1,3,SFRP2,exonic
Full-length RNA-seq,Fibroblast,chr4:153788715_T>C,11.788475514,2,0;3,SFRP2,exonic
Full-length RNA-seq,Fibroblast,chr4:155696842_G>A,1.4566786884999998,2,0;3,GUCY1A1,UTR5
Full-length RNA-seq,Fibroblast,chr4:158170770_C>G,2.375197172,2,0;3,GASK1B,exonic
Full-length RNA-seq,Fibroblast,chr4:168311268_C>T,3.180693984,2,0;3,DDX60,UTR5
Full-length RNA-seq,Fibroblast,chr4:168926831_T>C,0.259505332,1,0,PALLD,UTR3
Full-length RNA-seq,Fibroblast,chr4:174299124_G>A,6.042566776,2,0;3,CEP44,exonic
Full-length RNA-seq,Fibroblast,chr4:17909101_A>T,3.6237348320000002,2,0;3,LCORL,exonic
Full-length RNA-seq,Fibroblast,chr4:184675151_T>C,0.451202273,1,0,PRIMPOL,intronic
Full-length RNA-seq,Fibroblast,chr4:186606174_C>T,0.291629523,1,0,FAT1,exonic
Full-length RNA-seq,Fibroblast,chr4:189941027_C>T,0.445028454,1,3,FRG1,exonic
Full-length RNA-seq,Fibroblast,chr4:2244005_G>C,3.833916664,1,0,POLN;MXD4,intergenic
Full-length RNA-seq,Fibroblast,chr4:24799690_G>A,7.761353016,1,0,SOD3,exonic
Full-length RNA-seq,Fibroblast,chr4:24799916_A>G,6.532413006,1,0,SOD3,exonic
Full-length RNA-seq,Fibroblast,chr4:24800531_A>T,3.413926125,1,0,SOD3,UTR3
Full-length RNA-seq,Fibroblast,chr4:2834452_G>A,4.0034228565,2,0;3,SH3BP2,UTR3
Full-length RNA-seq,Fibroblast,chr4:3074930_G>A,0.708087593,2,0;3,HTT,exonic
Full-length RNA-seq,Fibroblast,chr4:3074935_A>C,0.594841838,2,0;3,HTT,exonic
Full-length RNA-seq,Fibroblast,chr4:38943787_T>C,0.425564975,1,0,FAM114A1,UTR3
Full-length RNA-seq,Fibroblast,chr4:42039004_T>A,0.854180753,1,0,SLC30A9,exonic
Full-length RNA-seq,Fibroblast,chr4:48851870_C>A,4.2613592145000005,2,0;3,OCIAD1,exonic
Full-length RNA-seq,Fibroblast,chr4:54261348_T>C,1.900892735,1,0,PDGFRA,exonic
Full-length RNA-seq,Fibroblast,chr4:55405181_C>A,2.195171595,1,0,TMEM165,intronic
Full-length RNA-seq,Fibroblast,chr4:5665625_C>T,1.23934257,1,3,EVC2,exonic
Full-length RNA-seq,Fibroblast,chr4:56994716_T>A,0.362863839,1,0,POLR2B,exonic
Full-length RNA-seq,Fibroblast,chr4:73869499_C>A,3.659530878,2,0;3,CXCL1,exonic
Full-length RNA-seq,Fibroblast,chr4:73869770_C>T,4.981822491,1,0,CXCL1,exonic
Full-length RNA-seq,Fibroblast,chr4:74037262_T>G,3.905067205,1,0,CXCL3,exonic
Full-length RNA-seq,Fibroblast,chr4:74038364_C>T,3.884590149,2,0;3,CXCL3,exonic
Full-length RNA-seq,Fibroblast,chr4:74097662_C>T,11.3263628495,2,0;3,CXCL2,UTR3
Full-length RNA-seq,Fibroblast,chr4:74098815_C>T,5.484210014,1,0,CXCL2,exonic
Full-length RNA-seq,Fibroblast,chr4:79906385_C>T,1.923048139,1,0,ANTXR2,UTR3
Full-length RNA-seq,Fibroblast,chr4:82844391_G>T,0.612962514,2,0;3,SEC31A,exonic
Full-length RNA-seq,Fibroblast,chr5:1022682_G>A,0.782433748,1,3,NKD2,intronic
Full-length RNA-seq,Fibroblast,chr5:103028988_G>C,1.819588065,1,0,PAM,exonic
Full-length RNA-seq,Fibroblast,chr5:1045746_A>T,3.306471586,1,3,NKD2;SLC12A7,intergenic
Full-length RNA-seq,Fibroblast,chr5:1053775_C>A,0.440340489,1,3,SLC12A7,intronic
Full-length RNA-seq,Fibroblast,chr5:1064805_G>A,7.988388538,1,3,SLC12A7,intronic
Full-length RNA-seq,Fibroblast,chr5:108748233_G>C,5.609815121,1,0,FER,intronic
Full-length RNA-seq,Fibroblast,chr5:112861583_G>A,0.519760609,1,0,SRP19,intronic
Full-length RNA-seq,Fibroblast,chr5:112861589_G>A,0.300800741,1,0,SRP19,intronic
Full-length RNA-seq,Fibroblast,chr5:115539767_C>G,0.129944563,1,0,FEM1C,intronic
Full-length RNA-seq,Fibroblast,chr5:126908310_C>G,3.967782021,1,0,MARCHF3,intronic
Full-length RNA-seq,Fibroblast,chr5:126957753_A>G,0.967395186,1,0,MARCHF3,intronic
Full-length RNA-seq,Fibroblast,chr5:132447828_C>T,1.2509630325,2,0;3,IRF1-AS1,ncRNA_intronic
Full-length RNA-seq,Fibroblast,chr5:132453016_G>T,1.525059342,1,0,IRF1-AS1,ncRNA_intronic
Full-length RNA-seq,Fibroblast,chr5:132453062_T>C,3.851563692,1,0,IRF1-AS1,ncRNA_intronic
Full-length RNA-seq,Fibroblast,chr5:132480216_C>T,0.5040786859999999,2,0;3,IRF1-AS1;IRF1,intergenic
Full-length RNA-seq,Fibroblast,chr5:132480261_T>C,0.879991651,1,0,IRF1-AS1;IRF1,intergenic
Full-length RNA-seq,Fibroblast,chr5:132485623_A>T,2.2577328085,2,0;3,IRF1,intronic
Full-length RNA-seq,Fibroblast,chr5:132488245_C>T,6.34318161,1,0,IRF1,intronic
Full-length RNA-seq,Fibroblast,chr5:132880005_T>G,2.7947448489999998,2,0;3,AFF4,UTR3
Full-length RNA-seq,Fibroblast,chr5:134131405_T>C,6.661260128,1,3,TCF7,intronic
Full-length RNA-seq,Fibroblast,chr5:134133049_G>T,3.024741173,1,0,TCF7,intronic
Full-length RNA-seq,Fibroblast,chr5:134137484_A>T,15.340765954999998,2,0;3,TCF7,intronic
Full-length RNA-seq,Fibroblast,chr5:134224954_T>C,0.932195127,1,0,PPP2CA,intronic
Full-length RNA-seq,Fibroblast,chr5:134855195_T>A,0.7405143380000001,2,0;3,C5orf24,exonic
Full-length RNA-seq,Fibroblast,chr5:135571013_T>G,2.790911198,1,0,CXCL14,UTR3
Full-length RNA-seq,Fibroblast,chr5:135571017_T>A,1.779344678,1,0,CXCL14,UTR3
Full-length RNA-seq,Fibroblast,chr5:135571069_T>G,4.313076019,1,0,CXCL14,UTR3
Full-length RNA-seq,Fibroblast,chr5:135571462_A>C,4.678562641,1,0,CXCL14,UTR3
Full-length RNA-seq,Fibroblast,chr5:135571838_C>T,1.285788536,1,0,CXCL14,UTR3
Full-length RNA-seq,Fibroblast,chr5:135578487_C>G,4.3471748825,2,0;3,CXCL14,exonic
Full-length RNA-seq,Fibroblast,chr5:135578911_T>A,5.855721951,1,0,CXCL14,UTR5
Full-length RNA-seq,Fibroblast,chr5:135771704_A>G,0.873263896,1,3,SLC25A48,intronic
Full-length RNA-seq,Fibroblast,chr5:137985296_C>T,2.610793829,2,0;3,FAM13B,exonic
Full-length RNA-seq,Fibroblast,chr5:138465961_G>A,4.304271698,1,3,EGR1,exonic
Full-length RNA-seq,Fibroblast,chr5:138466566_C>T,2.304741859,1,0,EGR1,intronic
Full-length RNA-seq,Fibroblast,chr5:138466832_T>A,4.393743038,1,3,EGR1,exonic
Full-length RNA-seq,Fibroblast,chr5:138467062_G>A,2.00090766,1,3,EGR1,exonic
Full-length RNA-seq,Fibroblast,chr5:138467555_A>T,0.369411886,1,0,EGR1,exonic
Full-length RNA-seq,Fibroblast,chr5:138467630_A>G,0.946969628,2,0;3,EGR1,exonic
Full-length RNA-seq,Fibroblast,chr5:138468041_T>C,3.836326003,2,0;3,EGR1,exonic
Full-length RNA-seq,Fibroblast,chr5:138468123_C>G,5.751862049,1,3,EGR1,UTR3
Full-length RNA-seq,Fibroblast,chr5:138468684_C>T,5.650622368,1,0,EGR1,UTR3
Full-length RNA-seq,Fibroblast,chr5:139452413_T>C,2.542308569,1,0,ECSCR,intronic
Full-length RNA-seq,Fibroblast,chr5:139478469_T>C,3.324587345,1,0,STING1,exonic
Full-length RNA-seq,Fibroblast,chr5:139482216_C>T,1.172203302,1,0,STING1,UTR5
Full-length RNA-seq,Fibroblast,chr5:139482231_C>T,3.513898134,1,0,STING1,UTR5
Full-length RNA-seq,Fibroblast,chr5:143399812_T>A,1.349440098,2,0;3,NR3C1,exonic
Full-length RNA-seq,Fibroblast,chr5:14358336_C>A,4.563654423,1,3,TRIO,exonic
Full-length RNA-seq,Fibroblast,chr5:14406608_G>A,5.934374809,1,3,TRIO,exonic
Full-length RNA-seq,Fibroblast,chr5:147509518_G>T,1.945642471,1,3,DPYSL3,exonic
Full-length RNA-seq,Fibroblast,chr5:1489760_C>T,2.233434439,2,0;3,LPCAT1,exonic
Full-length RNA-seq,Fibroblast,chr5:149408099_T>C,10.673415182,2,0;3,CARMN,ncRNA_intronic
Full-length RNA-seq,Fibroblast,chr5:150123116_G>T,6.285460710500001,2,0;3,PDGFRB,exonic
Full-length RNA-seq,Fibroblast,chr5:150124348_C>T,4.787025452,2,0;3,PDGFRB,exonic
Full-length RNA-seq,Fibroblast,chr5:150134913_C>T,3.916804552,1,0,PDGFRB,exonic
Full-length RNA-seq,Fibroblast,chr5:150155688_G>T,7.801557302500001,2,0;3,PDGFRB,UTR5
Full-length RNA-seq,Fibroblast,chr5:150399034_G>A,1.599645972,1,3,TCOF1,exonic
Full-length RNA-seq,Fibroblast,chr5:150401682_A>T,0.876826227,1,0,CD74,UTR3
Full-length RNA-seq,Fibroblast,chr5:150401772_A>T,1.202360034,1,0,CD74,UTR3
Full-length RNA-seq,Fibroblast,chr5:150657434_A>T,3.969109058,1,0,SYNPO,UTR3
Full-length RNA-seq,Fibroblast,chr5:151662343_T>G,4.836128473,2,0;3,SPARC,UTR3
Full-length RNA-seq,Fibroblast,chr5:151663553_A>G,13.70619488,1,3,SPARC,exonic
Full-length RNA-seq,Fibroblast,chr5:151664139_A>G,0.715513945,1,0,SPARC,exonic
Full-length RNA-seq,Fibroblast,chr5:151666437_A>T,9.466164114,2,0;3,SPARC,exonic
Full-length RNA-seq,Fibroblast,chr5:151667479_C>T,0.842213213,1,0,SPARC,exonic
Full-length RNA-seq,Fibroblast,chr5:151686909_G>A,5.196055651,2,0;3,CLMAT3,ncRNA_exonic
Full-length RNA-seq,Fibroblast,chr5:154446744_T>A,3.8456665279999998,2,0;3,SAP30L,exonic
Full-length RNA-seq,Fibroblast,chr5:1581154_T>C,2.820252895,1,0,SDHAP3,ncRNA_intronic
Full-length RNA-seq,Fibroblast,chr5:159096344_A>G,2.243424416,2,0;3,EBF1,exonic
Full-length RNA-seq,Fibroblast,chr5:159097726_C>T,4.5137073995,2,0;3,EBF1,UTR5
Full-length RNA-seq,Fibroblast,chr5:163442501_G>A,0.533978462,1,3,CCNG1,exonic
Full-length RNA-seq,Fibroblast,chr5:16465105_C>T,4.773322582,1,0,ZNF622,exonic
Full-length RNA-seq,Fibroblast,chr5:168663541_C>G,1.605297208,1,0,SLIT3,UTR3
Full-length RNA-seq,Fibroblast,chr5:168696376_A>T,2.6641940475,2,0;3,SLIT3,exonic
Full-length RNA-seq,Fibroblast,chr5:168760926_C>T,4.921970367,1,0,SLIT3,exonic
Full-length RNA-seq,Fibroblast,chr5:168762668_C>T,2.859986067,1,0,SLIT3,exonic
Full-length RNA-seq,Fibroblast,chr5:168915484_T>C,1.400166273,1,0,SLIT3,intronic
Full-length RNA-seq,Fibroblast,chr5:169035067_C>G,4.988790035,1,0,SLIT3-AS1,ncRNA_intronic
Full-length RNA-seq,Fibroblast,chr5:169193532_C>T,4.782337189,1,0,SLIT3,exonic
Full-length RNA-seq,Fibroblast,chr5:17217627_C>G,6.0089707375,2,0;3,BASP1,intronic
Full-length RNA-seq,Fibroblast,chr5:172767898_C>T,1.088574529,1,0,DUSP1,downstream
Full-length RNA-seq,Fibroblast,chr5:172768413_A>T,0.449280083,1,0,DUSP1,UTR3
Full-length RNA-seq,Fibroblast,chr5:178214830_G>T,8.068308115,2,0;3,PHYKPL,exonic
Full-length RNA-seq,Fibroblast,chr5:179342093_A>T,4.778540849500001,2,0;3,ADAMTS2,intronic
Full-length RNA-seq,Fibroblast,chr5:179344067_A>T,1.066275239,1,3,ADAMTS2,exonic
Full-length RNA-seq,Fibroblast,chr5:179836471_A>T,2.606747627,1,3,SQSTM1,exonic
Full-length RNA-seq,Fibroblast,chr5:179836846_T>A,3.217303991,1,3,SQSTM1,UTR3
Full-length RNA-seq,Fibroblast,chr5:179873180_C>T,1.246629834,1,0,TBC1D9B,exonic
Full-length RNA-seq,Fibroblast,chr5:180301127_G>C,7.345188856,2,0;3,GFPT2,UTR3
Full-length RNA-seq,Fibroblast,chr5:180330810_A>T,4.415282011,2,0;3,GFPT2,exonic
Full-length RNA-seq,Fibroblast,chr5:180336525_C>T,1.350787759,1,0,GFPT2,exonic
Full-length RNA-seq,Fibroblast,chr5:180336526_A>T,6.352550983,1,0,GFPT2,exonic
Full-length RNA-seq,Fibroblast,chr5:180345431_G>T,3.547051191,1,0,GFPT2,intronic
Full-length RNA-seq,Fibroblast,chr5:181237652_T>C,1.400199056,1,0,RACK1,exonic
Full-length RNA-seq,Fibroblast,chr5:181237688_A>T,2.051849127,1,0,RACK1,exonic
Full-length RNA-seq,Fibroblast,chr5:181239528_T>G,1.060476661,1,0,RACK1,exonic
Full-length RNA-seq,Fibroblast,chr5:32355841_C>G,1.110572219,1,0,ZFR,exonic
Full-length RNA-seq,Fibroblast,chr5:32355848_T>C,0.84477061,1,0,ZFR,exonic
Full-length RNA-seq,Fibroblast,chr5:34686921_T>G,4.619995594,1,3,RAI14,exonic
Full-length RNA-seq,Fibroblast,chr5:38451415_G>A,5.418331146,1,0,EGFLAM,exonic
Full-length RNA-seq,Fibroblast,chr5:38479573_C>T,2.591124535,1,0,LIFR,UTR3
Full-length RNA-seq,Fibroblast,chr5:40696968_A>G,0.8045336605,2,0;3,PTGER4;TTC33,intergenic
Full-length RNA-seq,Fibroblast,chr5:40696982_A>G,2.5805134770000002,2,0;3,PTGER4;TTC33,intergenic
Full-length RNA-seq,Fibroblast,chr5:42801204_C>T,3.549728632,1,0,SELENOP,exonic
Full-length RNA-seq,Fibroblast,chr5:42807081_C>T,2.565331221,1,0,SELENOP,exonic
Full-length RNA-seq,Fibroblast,chr5:52800564_G>A,1.737444699,2,0;3,PELO,exonic
Full-length RNA-seq,Fibroblast,chr5:55940716_A>C,0.373657405,1,0,IL6ST,UTR3
Full-length RNA-seq,Fibroblast,chr5:61346289_T>C,1.813016057,1,0,ZSWIM6,intronic
Full-length RNA-seq,Fibroblast,chr5:61379210_G>A,1.14868629,1,0,ZSWIM6,intronic
Full-length RNA-seq,Fibroblast,chr5:61423421_C>A,2.21475935,2,0;3,ZSWIM6,intronic
Full-length RNA-seq,Fibroblast,chr5:64768584_G>C,4.0095915795,2,0;3,SREK1IP1,UTR5
Full-length RNA-seq,Fibroblast,chr5:65576892_T>A,1.32914257,1,0,PPWD1,exonic
Full-length RNA-seq,Fibroblast,chr5:68273996_G>T,1.792567015,1,0,PIK3R1,exonic
Full-length RNA-seq,Fibroblast,chr5:71510448_A>C,1.089563727,1,3,BDP1,exonic
Full-length RNA-seq,Fibroblast,chr5:71544425_G>A,0.854963601,1,0,BDP1,exonic
Full-length RNA-seq,Fibroblast,chr5:72107643_T>A,3.450208426,1,3,MAP1B,exonic
Full-length RNA-seq,Fibroblast,chr5:74639846_A>T,2.570242405,1,3,ENC1,intronic
Full-length RNA-seq,Fibroblast,chr5:75705762_A>T,5.082926273,1,0,POC5,exonic
Full-length RNA-seq,Fibroblast,chr5:76732320_A>C,5.46005845075,4,0;10;16;3,F2R,exonic
Full-length RNA-seq,Fibroblast,chr5:80166403_G>T,0.354475975,1,3,SERINC5,exonic
Full-length RNA-seq,Fibroblast,chr5:80651436_C>A,0.835427016,2,0;3,DHFR,intronic
Full-length RNA-seq,Fibroblast,chr5:80651438_G>A,9.205170631,1,0,DHFR,intronic
Full-length RNA-seq,Fibroblast,chr5:83493566_G>A,1.7933376429999999,2,0;3,VCAN,exonic
Full-length RNA-seq,Fibroblast,chr5:83522174_C>A,1.2940688725,2,0;3,VCAN,exonic
Full-length RNA-seq,Fibroblast,chr5:83537391_C>T,6.3388144969999995,2,0;3,VCAN,exonic
Full-length RNA-seq,Fibroblast,chr5:83538672_T>C,0.9036287665,2,0;3,VCAN,exonic
Full-length RNA-seq,Fibroblast,chr5:83538862_G>A,1.224030375,1,0,VCAN,exonic
Full-length RNA-seq,Fibroblast,chr5:83539189_A>T,4.34004426,2,0;3,VCAN,exonic
Full-length RNA-seq,Fibroblast,chr5:83540164_A>T,5.582725048,2,0;3,VCAN,exonic
Full-length RNA-seq,Fibroblast,chr5:83540352_C>A,2.743105888,1,0,VCAN,exonic
Full-length RNA-seq,Fibroblast,chr5:95822437_C>T,0.782896161,1,0,GLRX,intronic
Full-length RNA-seq,Fibroblast,chr5:95894530_C>T,0.552838683,1,0,ELL2,intronic
Full-length RNA-seq,Fibroblast,chr5:95909241_G>T,0.616812408,1,0,ELL2,intronic
Full-length RNA-seq,Fibroblast,chr5:95951879_A>T,1.991536736,1,0,ELL2,intronic
Full-length RNA-seq,Fibroblast,chr5:96741998_C>A,1.4717069865,2,0;3,CAST,intronic
Full-length RNA-seq,Fibroblast,chr6:106097920_C>A,9.94011116,1,3,PRDM1,intronic
Full-length RNA-seq,Fibroblast,chr6:107881219_C>T,0.374360472,1,0,SEC63,exonic
Full-length RNA-seq,Fibroblast,chr6:108565947_A>G,2.319277525,1,0,FOXO3,intronic
Full-length RNA-seq,Fibroblast,chr6:109451674_A>T,2.37116456,2,0;3,MICAL1,exonic
Full-length RNA-seq,Fibroblast,chr6:110701151_C>A,2.871938229,1,0,CDK19,intronic
Full-length RNA-seq,Fibroblast,chr6:110701246_G>A,3.761939645,2,0;3,CDK19,intronic
Full-length RNA-seq,Fibroblast,chr6:110701252_G>A,2.7932957415,2,0;3,CDK19,intronic
Full-length RNA-seq,Fibroblast,chr6:111663608_C>T,3.356406808,2,0;3,FYN,intronic
Full-length RNA-seq,Fibroblast,chr6:111832436_T>G,2.4377745390000003,2,0;3,FYN,intronic
Full-length RNA-seq,Fibroblast,chr6:111857798_C>T,5.5953748225,2,0;3,FYN,intronic
Full-length RNA-seq,Fibroblast,chr6:111866930_C>T,3.747158766,2,0;3,FYN,intronic
Full-length RNA-seq,Fibroblast,chr6:111867598_T>G,3.188770294,1,0,FYN,intronic
Full-length RNA-seq,Fibroblast,chr6:112144801_G>T,1.5107377765,2,0;3,LAMA4,exonic
Full-length RNA-seq,Fibroblast,chr6:112185839_A>G,0.164460421,1,0,LAMA4,intronic
Full-length RNA-seq,Fibroblast,chr6:112253188_T>C,3.27483201,1,0,LAMA4-AS1,ncRNA_intronic
Full-length RNA-seq,Fibroblast,chr6:112254239_T>G,5.703722715,2,0;3,LAMA4-AS1,ncRNA_intronic
Full-length RNA-seq,Fibroblast,chr6:113958722_A>G,6.70497942,1,0,HDAC2,exonic
Full-length RNA-seq,Fibroblast,chr6:121321662_C>T,1.1395846010000001,2,0;3,TBC1D32,exonic
Full-length RNA-seq,Fibroblast,chr6:127330972_A>C,0.327018827,1,3,ECHDC1,exonic
Full-length RNA-seq,Fibroblast,chr6:128883323_G>A,7.3919870855,2,0;3,LAMA2,exonic
Full-length RNA-seq,Fibroblast,chr6:129049970_T>A,4.231074333,2,0;3,LAMA2,exonic
Full-length RNA-seq,Fibroblast,chr6:129050074_G>A,0.3898040355,2,0;16,LAMA2,exonic
Full-length RNA-seq,Fibroblast,chr6:129486609_G>C,1.649240851,1,0,LAMA2,exonic
Full-length RNA-seq,Fibroblast,chr6:129709902_C>T,13.663852689999999,2,0;3,ARHGAP18,intronic
Full-length RNA-seq,Fibroblast,chr6:130869823_G>T,2.144762754,1,3,EPB41L2,exonic
Full-length RNA-seq,Fibroblast,chr6:131949253_A>G,6.157363415,1,3,CCN2,UTR3
Full-length RNA-seq,Fibroblast,chr6:131949437_A>T,3.613932371,1,0,CCN2,exonic
Full-length RNA-seq,Fibroblast,chr6:131950498_C>T,1.1540044845000001,2,0;3,CCN2,exonic
Full-length RNA-seq,Fibroblast,chr6:132814978_T>A,2.718726158,1,0,RPS12,exonic
Full-length RNA-seq,Fibroblast,chr6:132815005_T>A,0.558383793,2,0;3,RPS12,exonic
Full-length RNA-seq,Fibroblast,chr6:132816970_A>G,3.0698107485,2,0;3,RPS12,exonic
Full-length RNA-seq,Fibroblast,chr6:132817493_A>T,2.183331966,1,0,RPS12,exonic
Full-length RNA-seq,Fibroblast,chr6:132817496_C>A,1.997426033,1,0,RPS12,exonic
Full-length RNA-seq,Fibroblast,chr6:132817497_T>C,2.535147429,1,0,RPS12,exonic
Full-length RNA-seq,Fibroblast,chr6:132819166_A>G,1.728183448,2,0;3,RPS12;LINC00326,intergenic
Full-length RNA-seq,Fibroblast,chr6:134172219_T>G,1.223552704,1,0,SGK1,exonic
Full-length RNA-seq,Fibroblast,chr6:134172221_G>T,0.706074953,1,0,SGK1,exonic
Full-length RNA-seq,Fibroblast,chr6:134173340_G>C,3.516141176,1,3,SGK1,exonic
Full-length RNA-seq,Fibroblast,chr6:137868388_C>A,2.957209468,2,0;3,TNFAIP3,intronic
Full-length RNA-seq,Fibroblast,chr6:137869396_C>T,4.463493109,2,0;3,TNFAIP3,intronic
Full-length RNA-seq,Fibroblast,chr6:137871459_G>A,3.2337390185,2,0;3,TNFAIP3,exonic
Full-length RNA-seq,Fibroblast,chr6:137874935_C>A,3.2613658905,2,0;3,TNFAIP3,exonic
Full-length RNA-seq,Fibroblast,chr6:137877104_A>C,0.9620997310000001,2,0;3,TNFAIP3,exonic
Full-length RNA-seq,Fibroblast,chr6:137877251_C>A,4.3055297135,2,0;3,TNFAIP3,exonic
Full-length RNA-seq,Fibroblast,chr6:137878633_G>T,4.355878353,1,0,TNFAIP3,exonic
Full-length RNA-seq,Fibroblast,chr6:137879555_G>A,3.2493059635000003,2,0;3,TNFAIP3,intronic
Full-length RNA-seq,Fibroblast,chr6:137880108_G>A,4.565155506,1,0,TNFAIP3,exonic
Full-length RNA-seq,Fibroblast,chr6:139374518_C>T,3.517286777,1,0,CITED2,UTR5
Full-length RNA-seq,Fibroblast,chr6:14118237_G>C,1.826131701,1,0,CD83,intronic
Full-length RNA-seq,Fibroblast,chr6:142912924_C>T,2.3928782345,2,0;3,HIVEP2,intronic
Full-length RNA-seq,Fibroblast,chr6:142931682_C>T,2.88312912,2,0;3,HIVEP2,intronic
Full-length RNA-seq,Fibroblast,chr6:148957024_G>A,3.7580076455,2,0;3,UST-AS1,ncRNA_intronic
Full-length RNA-seq,Fibroblast,chr6:149378038_C>T,2.010615766,2,0;3,TAB2,exonic
Full-length RNA-seq,Fibroblast,chr6:149942857_C>A,0.56064254,1,0,ULBP2,intronic
Full-length RNA-seq,Fibroblast,chr6:150877643_G>A,5.70422554,1,0,MTHFD1L,exonic
Full-length RNA-seq,Fibroblast,chr6:151349105_A>C,3.297416449,1,0,AKAP12,exonic
Full-length RNA-seq,Fibroblast,chr6:151350305_C>A,1.942055821,1,0,AKAP12,exonic
Full-length RNA-seq,Fibroblast,chr6:151351042_T>A,2.3617063765,2,0;3,AKAP12,exonic
Full-length RNA-seq,Fibroblast,chr6:151352200_A>T,0.648808658,1,0,AKAP12,exonic
Full-length RNA-seq,Fibroblast,chr6:152122113_G>T,7.6755270955,2,0;3,SYNE1,UTR3
Full-length RNA-seq,Fibroblast,chr6:152269185_C>T,1.363529325,1,3,SYNE1,exonic
Full-length RNA-seq,Fibroblast,chr6:152326388_G>T,4.761302471,2,0;3,SYNE1,exonic
Full-length RNA-seq,Fibroblast,chr6:152330393_T>C,5.350068092,1,3,SYNE1,exonic
Full-length RNA-seq,Fibroblast,chr6:152347142_G>T,5.704316616,1,3,SYNE1,exonic
Full-length RNA-seq,Fibroblast,chr6:152350631_C>T,1.641521096,1,3,SYNE1,exonic
Full-length RNA-seq,Fibroblast,chr6:152381018_C>T,3.23874402,1,0,SYNE1,exonic
Full-length RNA-seq,Fibroblast,chr6:157881585_T>A,2.765030146,2,0;3,SNX9,intronic
Full-length RNA-seq,Fibroblast,chr6:159613404_T>G,1.0138175784999999,2,0;3,LINC02529;SOD2,intergenic
Full-length RNA-seq,Fibroblast,chr6:159658336_T>G,4.217989445,1,0,LINC02529;SOD2,intergenic
Full-length RNA-seq,Fibroblast,chr6:159662407_A>T,6.212576151,2,0;3,LINC02529;SOD2,intergenic
Full-length RNA-seq,Fibroblast,chr6:159681900_G>T,5.9823133945,2,0;3,SOD2,UTR3
Full-length RNA-seq,Fibroblast,chr6:159682127_C>A,4.785633564,1,0,SOD2,UTR3
Full-length RNA-seq,Fibroblast,chr6:159682826_A>G,0.156236097,1,0,SOD2,intronic
Full-length RNA-seq,Fibroblast,chr6:159684871_G>A,4.864653111,1,3,SOD2,exonic
Full-length RNA-seq,Fibroblast,chr6:159684922_A>T,4.552213669,1,3,SOD2,exonic
Full-length RNA-seq,Fibroblast,chr6:159789403_A>G,2.977672577,1,3,TCP1,splicing
Full-length RNA-seq,Fibroblast,chr6:159790604_G>A,2.172100981333333,3,0;10;3,MRPL18,exonic
Full-length RNA-seq,Fibroblast,chr6:161034363_C>A,4.681554317,1,3,MAP3K4,exonic
Full-length RNA-seq,Fibroblast,chr6:161079554_G>A,6.227655888,1,3,MAP3K4,intronic
Full-length RNA-seq,Fibroblast,chr6:16140865_G>A,0.6876324115,2,0;3,MYLIP,intronic
Full-length RNA-seq,Fibroblast,chr6:16159858_G>A,3.369334698,1,0,MYLIP;GMPR,intergenic
Full-length RNA-seq,Fibroblast,chr6:166614590_C>T,5.406502247000001,2,0;3,RPS6KA2,intronic
Full-length RNA-seq,Fibroblast,chr6:16759155_C>T,2.3021746875,2,0;3,ATXN1,intronic
Full-length RNA-seq,Fibroblast,chr6:169216803_A>T,2.590983629,1,0,LOC101929523,ncRNA_intronic
Full-length RNA-seq,Fibroblast,chr6:169221514_C>T,4.1295592785,2,0;3,THBS2,exonic
Full-length RNA-seq,Fibroblast,chr6:169225166_G>T,2.697669387,2,0;3,THBS2,exonic
Full-length RNA-seq,Fibroblast,chr6:169225298_C>T,1.657497287,1,3,THBS2,exonic
Full-length RNA-seq,Fibroblast,chr6:169226680_A>G,1.5521460175000001,2,0;3,LOC101929523,ncRNA_intronic
Full-length RNA-seq,Fibroblast,chr6:169229632_C>G,5.180748582,2,0;3,THBS2,exonic
Full-length RNA-seq,Fibroblast,chr6:169231988_A>T,1.071005106,1,0,THBS2,exonic
Full-length RNA-seq,Fibroblast,chr6:169232672_C>T,4.456297874,1,3,THBS2,exonic
Full-length RNA-seq,Fibroblast,chr6:169232771_G>A,3.1806316375,2,0;3,THBS2,exonic
Full-length RNA-seq,Fibroblast,chr6:169234807_A>T,2.4064490794999998,2,0;3,THBS2,exonic
Full-length RNA-seq,Fibroblast,chr6:169236822_C>T,0.4896343945,2,0;3,LOC101929523,ncRNA_intronic
Full-length RNA-seq,Fibroblast,chr6:169237716_C>T,4.396909952,2,0;3,THBS2,exonic
Full-length RNA-seq,Fibroblast,chr6:169244224_T>G,3.5751478675,2,0;3,THBS2,intronic
Full-length RNA-seq,Fibroblast,chr6:169248823_G>C,4.141326904,1,0,THBS2,exonic
Full-length RNA-seq,Fibroblast,chr6:169250795_G>A,3.795846939,2,0;3,THBS2,UTR5
Full-length RNA-seq,Fibroblast,chr6:170569631_G>A,0.86478883,1,0,TBP,exonic
Full-length RNA-seq,Fibroblast,chr6:17642534_A>G,0.773801625,1,0,NUP153,intronic
Full-length RNA-seq,Fibroblast,chr6:19838026_T>C,3.795925856,1,0,ID4,exonic
Full-length RNA-seq,Fibroblast,chr6:26104306_A>C,4.449401855,1,0,H4C3,UTR3
Full-length RNA-seq,Fibroblast,chr6:27132364_C>T,0.893915802,2,0;3,H2BC11,UTR3
Full-length RNA-seq,Fibroblast,chr6:27145555_C>T,0.64076978,1,0,H2BC12,intronic
Full-length RNA-seq,Fibroblast,chr6:2902828_A>G,2.858020306,1,0,SERPINB9,intronic
Full-length RNA-seq,Fibroblast,chr6:29556025_A>G,11.20436764,1,3,UBD,exonic
Full-length RNA-seq,Fibroblast,chr6:2968664_T>G,1.834448338,1,0,SERPINB6,intronic
Full-length RNA-seq,Fibroblast,chr6:29723679_T>A,6.066721439,1,3,HLA-F,exonic
Full-length RNA-seq,Fibroblast,chr6:29723774_G>A,4.759809017,1,3,HLA-F,exonic
Full-length RNA-seq,Fibroblast,chr6:29723917_G>C,0.120930672,1,0,HLA-F,exonic
Full-length RNA-seq,Fibroblast,chr6:29725496_T>G,1.469330847,2,0;3,HLA-F,exonic
Full-length RNA-seq,Fibroblast,chr6:29926505_C>A,2.323025048,2,0;3,HCG4B,ncRNA_exonic
Full-length RNA-seq,Fibroblast,chr6:29927132_G>T,10.14694977,1,3,HCG4B,ncRNA_exonic
Full-length RNA-seq,Fibroblast,chr6:29942850_A>T,2.739824295,2,0;3,HLA-A,exonic
Full-length RNA-seq,Fibroblast,chr6:29943016_G>C,3.5514832734999997,2,0;3,HLA-A,exonic
Full-length RNA-seq,Fibroblast,chr6:29943540_A>G,2.244103432,1,3,HLA-A,exonic
Full-length RNA-seq,Fibroblast,chr6:29945067_G>A,2.43372488,1,0,HLA-A,exonic
Full-length RNA-seq,Fibroblast,chr6:30259883_G>A,3.040462971,1,3,HCG17;HLA-L,ncRNA_intronic
Full-length RNA-seq,Fibroblast,chr6:30493940_T>A,0.173503965,1,0,HLA-E,UTR3
Full-length RNA-seq,Fibroblast,chr6:30550971_T>G,6.6391723155,2,0;3,GNL1,intronic
Full-length RNA-seq,Fibroblast,chr6:30606492_T>G,2.796928167,1,0,PPP1R10,exonic
Full-length RNA-seq,Fibroblast,chr6:30609107_A>T,2.374314547,1,0,PPP1R10,exonic
Full-length RNA-seq,Fibroblast,chr6:30610351_A>T,1.488260627,1,0,PPP1R10,intronic
Full-length RNA-seq,Fibroblast,chr6:30616932_A>T,1.258448124,1,0,PPP1R10,UTR5
Full-length RNA-seq,Fibroblast,chr6:30743605_A>G,2.067041397,1,0,IER3-AS1,ncRNA_exonic
Full-length RNA-seq,Fibroblast,chr6:31269987_T>G,3.0090503689999997,2,0;3,HLA-C,exonic
Full-length RNA-seq,Fibroblast,chr6:31271148_C>T,0.402900368,1,0,HLA-C,exonic
Full-length RNA-seq,Fibroblast,chr6:31271273_G>T,0.380710125,1,0,HLA-C,exonic
Full-length RNA-seq,Fibroblast,chr6:31271394_G>A,7.068205833,1,3,HLA-C,intronic
Full-length RNA-seq,Fibroblast,chr6:31271601_T>G,2.2044460775,2,0;3,HLA-C,exonic
Full-length RNA-seq,Fibroblast,chr6:31271840_G>T,2.619252682,2,0;3,HLA-C,exonic
Full-length RNA-seq,Fibroblast,chr6:31271911_T>G,2.269777477,2,0;3,HLA-C,intronic
Full-length RNA-seq,Fibroblast,chr6:31272091_G>C,3.1248312,2,0;3,HLA-C,UTR5
Full-length RNA-seq,Fibroblast,chr6:31352571_G>A,8.427110672,1,3,LINC02571;HLA-B,intergenic
Full-length RNA-seq,Fibroblast,chr6:31355137_C>T,0.467396319,1,0,HLA-B,exonic
Full-length RNA-seq,Fibroblast,chr6:31355560_T>C,1.1518546344999998,2,0;3,HLA-B,exonic
Full-length RNA-seq,Fibroblast,chr6:31357070_C>G,4.042235374,2,0;3,HLA-B,intronic
Full-length RNA-seq,Fibroblast,chr6:31357075_C>T,0.961698472,1,3,HLA-B,intronic
Full-length RNA-seq,Fibroblast,chr6:31463898_G>A,5.803168297,1,3,HCP5,ncRNA_exonic
Full-length RNA-seq,Fibroblast,chr6:31533780_G>C,5.472349802666667,3,0;10;3,ATP6V1G2-DDX39B,ncRNA_intronic
Full-length RNA-seq,Fibroblast,chr6:31641590_C>T,0.414465934,1,3,BAG6,exonic
Full-length RNA-seq,Fibroblast,chr6:31815554_T>G,3.730315447,1,3,HSPA1A,UTR5
Full-length RNA-seq,Fibroblast,chr6:31815821_A>T,5.782474041,1,3,HSPA1A,exonic
Full-length RNA-seq,Fibroblast,chr6:31816403_T>A,6.194262505,1,3,HSPA1A,exonic
Full-length RNA-seq,Fibroblast,chr6:31817456_A>G,7.244291306,1,3,HSPA1A,exonic
Full-length RNA-seq,Fibroblast,chr6:31817583_A>C,4.51402235,1,3,HSPA1A,exonic
Full-length RNA-seq,Fibroblast,chr6:31818721_A>T,0.562796891,1,0,HSPA1A,downstream
Full-length RNA-seq,Fibroblast,chr6:31822637_A>C,0.496228635,1,0,HSPA1A;HSPA1B,intergenic
Full-length RNA-seq,Fibroblast,chr6:31827068_A>T,3.438708067,1,0,HSPA1B,upstream
Full-length RNA-seq,Fibroblast,chr6:31828056_C>A,3.077691317,1,3,HSPA1B,exonic
Full-length RNA-seq,Fibroblast,chr6:31828066_C>A,4.577378273,1,3,HSPA1B,exonic
Full-length RNA-seq,Fibroblast,chr6:31828071_T>A,2.942465067,1,3,HSPA1B,exonic
Full-length RNA-seq,Fibroblast,chr6:31829543_G>A,2.872356892,1,3,HSPA1B,exonic
Full-length RNA-seq,Fibroblast,chr6:31829727_G>C,3.869142771,1,3,HSPA1B,exonic
Full-length RNA-seq,Fibroblast,chr6:31830062_T>A,3.360864878,1,3,HSPA1B,UTR3
Full-length RNA-seq,Fibroblast,chr6:31830142_G>T,3.668145657,1,0,HSPA1B,UTR3
Full-length RNA-seq,Fibroblast,chr6:31830187_A>G,3.6337683996666668,3,0;10;3,HSPA1B,UTR3
Full-length RNA-seq,Fibroblast,chr6:31859761_C>T,1.037944794,1,0,NEU1,exonic
Full-length RNA-seq,Fibroblast,chr6:31860613_C>T,2.4861273170000002,2,0;3,NEU1,exonic
Full-length RNA-seq,Fibroblast,chr6:31861450_C>T,1.872677565,1,0,NEU1,exonic
Full-length RNA-seq,Fibroblast,chr6:31861862_C>G,7.386525153999999,2,0;3,NEU1,intronic
Full-length RNA-seq,Fibroblast,chr6:31862668_G>A,1.459369063,1,0,NEU1,exonic
Full-length RNA-seq,Fibroblast,chr6:32089001_T>C,1.516733289,1,0,TNXB,exonic
Full-length RNA-seq,Fibroblast,chr6:32578927_G>A,2.743801713,2,0;3,HLA-DRB1,UTR3
Full-length RNA-seq,Fibroblast,chr6:32581748_C>T,3.739436984,2,0;3,HLA-DRB1,exonic
Full-length RNA-seq,Fibroblast,chr6:32584135_A>C,1.005885243,1,0,HLA-DRB1,exonic
Full-length RNA-seq,Fibroblast,chr6:32641317_C>T,4.276111603,1,0,HLA-DQA1,exonic
Full-length RNA-seq,Fibroblast,chr6:32641329_T>C,1.293212533,1,0,HLA-DQA1,exonic
Full-length RNA-seq,Fibroblast,chr6:32641522_A>C,4.927215576,1,0,HLA-DQA1,exonic
Full-length RNA-seq,Fibroblast,chr6:32664972_A>T,4.475204945,1,0,HLA-DQB1,exonic
Full-length RNA-seq,Fibroblast,chr6:32977547_G>A,0.586760342,2,0;3,BRD2,exonic
Full-length RNA-seq,Fibroblast,chr6:32981027_C>T,4.69943285,2,0;3,BRD2,UTR3
Full-length RNA-seq,Fibroblast,chr6:33069862_G>A,1.531204581,1,0,HLA-DPA1,exonic
Full-length RNA-seq,Fibroblast,chr6:33086596_C>T,1.169506907,1,0,HLA-DPB1,UTR3
Full-length RNA-seq,Fibroblast,chr6:33276042_T>A,0.789902985,1,0,RPS18,exonic
Full-length RNA-seq,Fibroblast,chr6:33276051_T>C,1.58677578,1,0,RPS18,exonic
Full-length RNA-seq,Fibroblast,chr6:33304379_A>T,1.5649526715,2,0;3,TAPBP,exonic
Full-length RNA-seq,Fibroblast,chr6:33311683_T>G,0.032404412,1,0,TAPBP,intronic
Full-length RNA-seq,Fibroblast,chr6:33677606_C>T,2.204016685,1,0,ITPR3,exonic
Full-length RNA-seq,Fibroblast,chr6:34341888_C>T,5.290120959,2,0;3,NUDT3;RPS10-NUDT3,exonic
Full-length RNA-seq,Fibroblast,chr6:34425088_A>T,0.9763183,1,0,RPS10;RPS10-NUDT3,exonic
Full-length RNA-seq,Fibroblast,chr6:35017879_T>C,2.35528326,1,0,ANKS1A,exonic
Full-length RNA-seq,Fibroblast,chr6:35474167_C>G,0.723793626,2,0;3,TEAD3,UTR3
Full-length RNA-seq,Fibroblast,chr6:35493584_G>T,0.8541291955,2,0;3,TEAD3,intronic
Full-length RNA-seq,Fibroblast,chr6:36686606_C>T,5.40182066,1,0,CDKN1A,UTR3
Full-length RNA-seq,Fibroblast,chr6:36687276_C>A,3.242177248,1,0,CDKN1A,UTR3
Full-length RNA-seq,Fibroblast,chr6:36959256_G>A,6.245511055,1,0,PI16,exonic
Full-length RNA-seq,Fibroblast,chr6:36961956_T>A,1.523536563,1,3,PI16,exonic
Full-length RNA-seq,Fibroblast,chr6:36963115_C>T,5.436244965,1,0,PI16,exonic
Full-length RNA-seq,Fibroblast,chr6:36963296_A>T,5.645236969,1,0,PI16,exonic
Full-length RNA-seq,Fibroblast,chr6:36963563_C>A,5.652242661,1,0,PI16,exonic
Full-length RNA-seq,Fibroblast,chr6:36964792_A>C,3.883766174,1,0,PI16,UTR3
Full-length RNA-seq,Fibroblast,chr6:36975680_C>G,0.531007886,1,3,MTCH1,exonic
Full-length RNA-seq,Fibroblast,chr6:37170439_G>A,6.552806377,1,0,PIM1,exonic
Full-length RNA-seq,Fibroblast,chr6:3740450_T>C,4.021922588,1,0,PXDC1,intronic
Full-length RNA-seq,Fibroblast,chr6:37892080_C>T,1.818688154,1,0,ZFAND3,intronic
Full-length RNA-seq,Fibroblast,chr6:38022507_C>A,1.708333373,1,0,ZFAND3,intronic
Full-length RNA-seq,Fibroblast,chr6:42658331_T>C,4.770488262,1,3,UBR2,intronic
Full-length RNA-seq,Fibroblast,chr6:43770385_T>A,2.123614788,1,0,VEGFA,UTR5
Full-length RNA-seq,Fibroblast,chr6:44151947_T>C,1.484133363,1,0,TMEM63B,exonic
Full-length RNA-seq,Fibroblast,chr6:44255918_T>A,4.700641632,1,0,SLC35B2,intronic
Full-length RNA-seq,Fibroblast,chr6:45422929_G>A,2.72534132,1,3,RUNX2,exonic
Full-length RNA-seq,Fibroblast,chr6:47309645_C>T,4.48234129,1,3,TNFRSF21,UTR5
Full-length RNA-seq,Fibroblast,chr6:52995725_T>C,3.73405993,2,0;3,RN7SK,ncRNA_exonic
Full-length RNA-seq,Fibroblast,chr6:52995933_G>A,2.1868118645,2,0;3,RN7SK,ncRNA_exonic
Full-length RNA-seq,Fibroblast,chr6:53336943_C>T,0.102667958,1,0,RPS16P5,ncRNA_exonic
Full-length RNA-seq,Fibroblast,chr6:53348361_C>T,1.143384218,1,3,ELOVL5,UTR5
Full-length RNA-seq,Fibroblast,chr6:56604028_T>G,0.086453795,1,0,DST,exonic
Full-length RNA-seq,Fibroblast,chr6:56606193_A>T,1.166068554,1,0,DST,exonic
Full-length RNA-seq,Fibroblast,chr6:56851397_C>T,0.058415607,1,0,DST,exonic
Full-length RNA-seq,Fibroblast,chr6:56900573_C>T,3.094829321,1,3,DST,exonic
Full-length RNA-seq,Fibroblast,chr6:63692016_G>A,0.332920581,1,0,PHF3,exonic
Full-length RNA-seq,Fibroblast,chr6:75085116_C>T,3.657920361,1,3,COL12A1,UTR3
Full-length RNA-seq,Fibroblast,chr6:75106150_A>T,8.0145535465,2,0;3,COL12A1,intronic
Full-length RNA-seq,Fibroblast,chr6:75106440_T>A,5.737510204,1,0,COL12A1,exonic
Full-length RNA-seq,Fibroblast,chr6:75115789_A>G,9.457840919,1,3,COL12A1,exonic
Full-length RNA-seq,Fibroblast,chr6:75117476_T>G,5.418572902499999,2,0;3,COL12A1,exonic
Full-length RNA-seq,Fibroblast,chr6:75133333_A>T,1.953056574,1,3,COL12A1,exonic
Full-length RNA-seq,Fibroblast,chr6:75134835_C>T,6.760884285,1,0,COL12A1,exonic
Full-length RNA-seq,Fibroblast,chr6:75165590_G>T,3.015409708,2,0;3,COL12A1,exonic
Full-length RNA-seq,Fibroblast,chr6:75189768_A>T,6.735853195,1,3,COL12A1,exonic
Full-length RNA-seq,Fibroblast,chr6:75191884_G>T,0.545461297,1,0,COL12A1,intronic
Full-length RNA-seq,Fibroblast,chr6:75192219_T>C,4.552854538,1,0,COL12A1,exonic
Full-length RNA-seq,Fibroblast,chr6:81750135_A>T,2.245880842,1,0,TENT5A,exonic
Full-length RNA-seq,Fibroblast,chr6:82223496_G>T,4.3253136869999995,2,0;3,IBTK,exonic
Full-length RNA-seq,Fibroblast,chr6:82365722_T>A,2.973824739,1,0,TPBG,exonic
Full-length RNA-seq,Fibroblast,chr6:85678429_C>T,5.047059059,1,0,SNHG5,ncRNA_intronic
Full-length RNA-seq,Fibroblast,chr6:89084573_T>G,1.680211902,1,0,PNRC1,UTR3
Full-length RNA-seq,Fibroblast,chr6:89352577_C>T,2.352776766,2,0;3,UBE2J1,UTR5
Full-length RNA-seq,Fibroblast,chr6:90265283_C>G,1.283904195,1,0,BACH2,intronic
Full-length RNA-seq,Fibroblast,chr7:100875204_C>T,1.8244021535,2,0;3,SRRT,UTR5
Full-length RNA-seq,Fibroblast,chr7:100882404_T>A,1.154294372,1,3,SRRT,intronic
Full-length RNA-seq,Fibroblast,chr7:100886313_G>A,1.779149532,1,3,SRRT,exonic
Full-length RNA-seq,Fibroblast,chr7:101097504_G>A,1.2168789505,2,0;3,TRIM56,UTR3
Full-length RNA-seq,Fibroblast,chr7:101127205_G>A,4.48702693,2,0;3,SERPINE1,UTR5
Full-length RNA-seq,Fibroblast,chr7:101127665_G>A,9.572167397,1,0,SERPINE1,intronic
Full-length RNA-seq,Fibroblast,chr7:102347201_A>G,4.304341196999999,2,0;3,SPDYE6,UTR3
Full-length RNA-seq,Fibroblast,chr7:105013216_C>T,2.6433011295,2,0;3,KMT2E-AS1,ncRNA_exonic
Full-length RNA-seq,Fibroblast,chr7:105112541_C>A,2.329088688,1,0,KMT2E,exonic
Full-length RNA-seq,Fibroblast,chr7:106258843_T>C,0.529809177,1,0,NAMPT,intronic
Full-length RNA-seq,Fibroblast,chr7:106270880_T>G,0.067961589,1,0,NAMPT,intronic
Full-length RNA-seq,Fibroblast,chr7:107216333_G>A,4.21796751,1,0,COG5,intronic
Full-length RNA-seq,Fibroblast,chr7:107744942_T>C,1.038227081,1,0,CBLL1,intronic
Full-length RNA-seq,Fibroblast,chr7:112318202_G>A,3.909064054,1,0,ZNF277,exonic
Full-length RNA-seq,Fibroblast,chr7:112450783_G>T,1.86020565,1,3,IFRD1,splicing
Full-length RNA-seq,Fibroblast,chr7:114922293_G>C,2.822873235,2,0;3,MDFIC,UTR5
Full-length RNA-seq,Fibroblast,chr7:1152054_C>T,5.9382910725,2,0;3,ZFAND2A,UTR3
Full-length RNA-seq,Fibroblast,chr7:123709187_C>T,5.2738329175,2,0;3,WASL,exonic
Full-length RNA-seq,Fibroblast,chr7:127904759_T>C,1.784404278,1,3,SND1,exonic
Full-length RNA-seq,Fibroblast,chr7:128830541_G>A,0.87756601,2,0;3,FLNC,UTR5
Full-length RNA-seq,Fibroblast,chr7:128830639_T>A,3.7035660745,2,0;3,FLNC,exonic
Full-length RNA-seq,Fibroblast,chr7:128830648_A>G,1.923627496,1,3,FLNC,exonic
Full-length RNA-seq,Fibroblast,chr7:128830828_T>A,2.055644989,1,3,FLNC,exonic
Full-length RNA-seq,Fibroblast,chr7:129948886_C>G,0.6559412185,2,0;3,UBE2H,intronic
Full-length RNA-seq,Fibroblast,chr7:130882669_T>A,1.216819406,1,0,LINC-PINT,ncRNA_exonic
Full-length RNA-seq,Fibroblast,chr7:130890590_T>G,2.9569599625,2,0;3,LINC-PINT,ncRNA_intronic
Full-length RNA-seq,Fibroblast,chr7:130904792_A>G,2.7892344,1,0,LINC-PINT,ncRNA_intronic
Full-length RNA-seq,Fibroblast,chr7:130910992_T>G,2.319766283,1,0,LINC-PINT,ncRNA_intronic
Full-length RNA-seq,Fibroblast,chr7:130912710_T>C,2.70055151,1,0,LINC-PINT,ncRNA_intronic
Full-length RNA-seq,Fibroblast,chr7:130931307_A>G,3.046415567,1,0,LINC00513;LINC-PINT,intergenic
Full-length RNA-seq,Fibroblast,chr7:130961151_C>A,7.249717712,1,0,LINC-PINT,ncRNA_intronic
Full-length RNA-seq,Fibroblast,chr7:130979891_A>T,5.164798737,1,0,LINC-PINT,ncRNA_intronic
Full-length RNA-seq,Fibroblast,chr7:131039379_T>A,1.832887411,1,0,LINC-PINT,ncRNA_intronic
Full-length RNA-seq,Fibroblast,chr7:131053616_A>T,0.871965528,1,0,LINC-PINT,ncRNA_intronic
Full-length RNA-seq,Fibroblast,chr7:131104156_G>T,2.999418259,1,0,LINC-PINT,ncRNA_intronic
Full-length RNA-seq,Fibroblast,chr7:131107652_T>C,0.852232635,1,0,LINC-PINT,ncRNA_intronic
Full-length RNA-seq,Fibroblast,chr7:134450842_C>T,2.30218482,1,3,AKR1B1,exonic
Full-length RNA-seq,Fibroblast,chr7:134450847_A>T,1.473789454,1,3,AKR1B1,exonic
Full-length RNA-seq,Fibroblast,chr7:134867775_G>A,3.820665359,1,3,CALD1,exonic
Full-length RNA-seq,Fibroblast,chr7:134928832_G>A,5.8495886325,2,0;3,CALD1,exonic
Full-length RNA-seq,Fibroblast,chr7:134933658_G>A,5.2606287,1,3,CALD1,exonic
Full-length RNA-seq,Fibroblast,chr7:134933765_G>A,0.320066929,1,3,CALD1,exonic
Full-length RNA-seq,Fibroblast,chr7:134933810_G>A,9.050430298,1,3,CALD1,exonic
Full-length RNA-seq,Fibroblast,chr7:134947692_G>A,2.863246918,1,3,CALD1,exonic
Full-length RNA-seq,Fibroblast,chr7:135168793_C>T,1.746128261,2,0;3,CYREN,exonic
Full-length RNA-seq,Fibroblast,chr7:135733940_G>T,5.077392101,1,0,FAM180A,UTR3
Full-length RNA-seq,Fibroblast,chr7:135734094_A>T,4.80866909,1,0,FAM180A,exonic
Full-length RNA-seq,Fibroblast,chr7:135737154_A>T,0.42337504,1,0,FAM180A,exonic
Full-length RNA-seq,Fibroblast,chr7:137928222_A>T,1.5817006230000001,2,0;3,CREB3L2,exonic
Full-length RNA-seq,Fibroblast,chr7:139079940_C>T,1.435372829,1,0,ZC3HAV1,exonic
Full-length RNA-seq,Fibroblast,chr7:139080219_A>G,5.0154285430000005,2,0;3,ZC3HAV1,exonic
Full-length RNA-seq,Fibroblast,chr7:139405755_G>C,3.226242781,1,0,FMC1-LUC7L2;LUC7L2,exonic
Full-length RNA-seq,Fibroblast,chr7:139706927_T>G,4.488096952499999,2,0;3,HIPK2,intronic
Full-length RNA-seq,Fibroblast,chr7:140922492_G>A,5.149423599,1,0,BRAF,intronic
Full-length RNA-seq,Fibroblast,chr7:143264591_G>A,1.685010314,1,3,GSTK1,exonic
Full-length RNA-seq,Fibroblast,chr7:143267679_G>A,0.684756815,1,3,GSTK1,exonic
Full-length RNA-seq,Fibroblast,chr7:1458625_C>T,3.480375767,1,3,MICALL2,intronic
Full-length RNA-seq,Fibroblast,chr7:148835872_C>G,3.9845411775,2,0;3,EZH2,intronic
Full-length RNA-seq,Fibroblast,chr7:149250767_A>C,0.609594285,1,3,ZNF212,exonic
Full-length RNA-seq,Fibroblast,chr7:150520160_A>G,1.337556362,1,0,GIMAP7,exonic
Full-length RNA-seq,Fibroblast,chr7:155711244_G>A,1.974265456,1,3,RBM33,exonic
Full-length RNA-seq,Fibroblast,chr7:158717497_C>T,1.1789316235,2,0;3,NCAPG2;ESYT2,intergenic
Full-length RNA-seq,Fibroblast,chr7:158740857_T>G,3.233079672,1,0,ESYT2,intronic
Full-length RNA-seq,Fibroblast,chr7:158782480_T>A,2.202207208,2,0;3,ESYT2,intronic
Full-length RNA-seq,Fibroblast,chr7:17299271_A>T,3.3918387890000004,2,0;3,AHR,exonic
Full-length RNA-seq,Fibroblast,chr7:17307739_T>A,3.8873001335,2,0;3,AHR,intronic
Full-length RNA-seq,Fibroblast,chr7:17334040_T>G,2.4420663119999997,2,0;3,AHR,exonic
Full-length RNA-seq,Fibroblast,chr7:17339303_G>A,3.8454395535000003,2,0;3,AHR,exonic
Full-length RNA-seq,Fibroblast,chr7:17339690_A>T,0.6120146515,2,0;3,AHR,exonic
Full-length RNA-seq,Fibroblast,chr7:17339828_A>T,3.906296253,2,0;3,AHR,exonic
Full-length RNA-seq,Fibroblast,chr7:21477209_G>A,5.04084444,1,0,SP4,exonic
Full-length RNA-seq,Fibroblast,chr7:22728724_G>A,7.06266284,2,0;3,IL6,exonic
Full-length RNA-seq,Fibroblast,chr7:22728734_A>C,6.8644459245,2,0;3,IL6,exonic
Full-length RNA-seq,Fibroblast,chr7:23185221_G>C,6.53788805,2,0;3,NUP42,exonic
Full-length RNA-seq,Fibroblast,chr7:23260546_A>C,9.555929184,1,0,GPNMB,exonic
Full-length RNA-seq,Fibroblast,chr7:26174672_T>G,3.36232996,1,0,NFE2L3,intronic
Full-length RNA-seq,Fibroblast,chr7:26193189_A>T,3.730727434,1,0,HNRNPA2B1,intronic
Full-length RNA-seq,Fibroblast,chr7:30013254_C>T,5.848292828,1,0,FKBP14,UTR3
Full-length RNA-seq,Fibroblast,chr7:30391012_G>C,1.408780098,1,0,LINC01176,ncRNA_exonic
Full-length RNA-seq,Fibroblast,chr7:37914389_A>G,11.25060558,1,0,SFRP4,exonic
Full-length RNA-seq,Fibroblast,chr7:37916389_G>T,6.566621304,1,3,SFRP4,exonic
Full-length RNA-seq,Fibroblast,chr7:39951718_G>C,1.7530894875,2,0;3,CDK13,exonic
Full-length RNA-seq,Fibroblast,chr7:41689978_A>G,1.013911963,1,3,INHBA,exonic
Full-length RNA-seq,Fibroblast,chr7:41690140_T>G,2.686730862,1,3,INHBA,exonic
Full-length RNA-seq,Fibroblast,chr7:44106584_A>C,2.616974354,1,3,AEBP1,exonic
Full-length RNA-seq,Fibroblast,chr7:44109128_G>A,1.33727479,1,3,AEBP1,exonic
Full-length RNA-seq,Fibroblast,chr7:44113342_G>A,2.617316484,1,0,AEBP1,exonic
Full-length RNA-seq,Fibroblast,chr7:44118226_T>C,0.251896799,1,0,POLD2,intronic
Full-length RNA-seq,Fibroblast,chr7:44763332_T>A,1.713738501,2,0;3,ZMIZ2,exonic
Full-length RNA-seq,Fibroblast,chr7:47400793_G>T,0.252942741,1,0,TNS3,exonic
Full-length RNA-seq,Fibroblast,chr7:50751966_T>G,1.809306383,1,0,GRB10,intronic
Full-length RNA-seq,Fibroblast,chr7:5528023_G>T,0.5450689790000001,2,0;3,ACTB,exonic
Full-length RNA-seq,Fibroblast,chr7:5528049_C>T,0.552846372,1,3,ACTB,exonic
Full-length RNA-seq,Fibroblast,chr7:5528474_C>T,2.78678894,1,3,ACTB,exonic
Full-length RNA-seq,Fibroblast,chr7:5529184_C>T,0.9253067374999999,2,0;3,ACTB,exonic
Full-length RNA-seq,Fibroblast,chr7:5529304_C>T,0.343517363,2,0;3,ACTB,exonic
Full-length RNA-seq,Fibroblast,chr7:5529347_C>G,0.809487502,3,0;10;3,ACTB,exonic
Full-length RNA-seq,Fibroblast,chr7:6154458_G>C,0.8632317485000001,2,0;3,USP42,exonic
Full-length RNA-seq,Fibroblast,chr7:6172099_C>T,1.128395915,1,3,CYTH3,UTR5
Full-length RNA-seq,Fibroblast,chr7:6392043_T>C,2.0646278860000002,2,0;3,RAC1,splicing
Full-length RNA-seq,Fibroblast,chr7:66207754_A>T,0.578643918,1,0,TPST1,intronic
Full-length RNA-seq,Fibroblast,chr7:66265692_T>A,1.098751426,1,0,TPST1,intronic
Full-length RNA-seq,Fibroblast,chr7:66554370_T>G,5.416840315,2,0;3,GS1-124K5.11,ncRNA_exonic
Full-length RNA-seq,Fibroblast,chr7:70790592_C>A,0.402539611,1,3,AUTS2,exonic
Full-length RNA-seq,Fibroblast,chr7:73510822_A>G,5.023588657,1,3,BAZ1B,exonic
Full-length RNA-seq,Fibroblast,chr7:74048173_G>A,7.878732681,1,0,ELN,exonic
Full-length RNA-seq,Fibroblast,chr7:74350998_A>G,3.00746727,1,3,CLIP2,intronic
Full-length RNA-seq,Fibroblast,chr7:76302858_G>A,3.849585295,1,3,HSPB1,exonic
Full-length RNA-seq,Fibroblast,chr7:76302885_T>A,2.7545856239999997,2,0;3,HSPB1,exonic
Full-length RNA-seq,Fibroblast,chr7:76303276_C>A,7.572004318,1,3,HSPB1,intronic
Full-length RNA-seq,Fibroblast,chr7:76303817_G>A,3.146973133,2,0;3,HSPB1,exonic
Full-length RNA-seq,Fibroblast,chr7:76304041_A>C,4.7032271625,2,0;3,HSPB1,exonic
Full-length RNA-seq,Fibroblast,chr7:76304141_G>A,6.524840355,2,0;3,HSPB1,exonic
Full-length RNA-seq,Fibroblast,chr7:76502269_G>A,1.737175107,1,0,DTX2,intronic
Full-length RNA-seq,Fibroblast,chr7:77199266_T>A,2.903091431,1,0,FGL2,exonic
Full-length RNA-seq,Fibroblast,chr7:77199541_G>T,5.479677677,1,0,FGL2,exonic
Full-length RNA-seq,Fibroblast,chr7:80745012_C>A,3.825953722,1,0,SEMA3C,exonic
Full-length RNA-seq,Fibroblast,chr7:84194607_C>T,2.378782034,1,0,SEMA3A,UTR5
Full-length RNA-seq,Fibroblast,chr7:84194608_T>C,1.86323905,2,0;3,SEMA3A,UTR5
Full-length RNA-seq,Fibroblast,chr7:87171032_T>A,6.84974432,1,0,DMTF1,exonic
Full-length RNA-seq,Fibroblast,chr7:87209549_A>T,2.846133947,1,0,TMEM243,intronic
Full-length RNA-seq,Fibroblast,chr7:87209673_A>T,5.005218983,1,0,TMEM243,intronic
Full-length RNA-seq,Fibroblast,chr7:87209753_A>T,0.8302890263333333,3,0;10;3,TMEM243,intronic
Full-length RNA-seq,Fibroblast,chr7:905666_A>G,2.910537243,1,0,ADAP1,intronic
Full-length RNA-seq,Fibroblast,chr7:905668_G>A,11.23386574,1,0,ADAP1,intronic
Full-length RNA-seq,Fibroblast,chr7:92000893_G>C,0.9698788825,2,0;3,AKAP9,exonic
Full-length RNA-seq,Fibroblast,chr7:94401577_C>T,7.710057259,1,3,COL1A2,exonic
Full-length RNA-seq,Fibroblast,chr7:94408349_G>A,7.5230348110000005,2,0;3,COL1A2,exonic
Full-length RNA-seq,Fibroblast,chr7:94409342_T>A,8.390794754,1,0,COL1A2,exonic
Full-length RNA-seq,Fibroblast,chr7:94411076_T>A,9.477422714,1,3,COL1A2,exonic
Full-length RNA-seq,Fibroblast,chr7:94416428_G>C,4.175237894,2,0;3,COL1A2,exonic
Full-length RNA-seq,Fibroblast,chr7:94417820_A>C,10.31819248,1,3,COL1A2,exonic
Full-length RNA-seq,Fibroblast,chr7:94418541_G>A,10.8378474725,2,0;3,COL1A2,exonic
Full-length RNA-seq,Fibroblast,chr7:94421047_T>C,11.1842896955,2,0;3,COL1A2,exonic
Full-length RNA-seq,Fibroblast,chr7:94422977_T>C,4.7701842785,2,0;3,COL1A2,exonic
Full-length RNA-seq,Fibroblast,chr7:94423114_C>T,5.633854866,1,3,COL1A2,exonic
Full-length RNA-seq,Fibroblast,chr7:94425172_G>T,3.030881882,1,3,COL1A2,exonic
Full-length RNA-seq,Fibroblast,chr7:94428303_G>C,7.230647087,1,3,COL1A2,exonic
Full-length RNA-seq,Fibroblast,chr7:94428434_A>G,3.0470687745,2,0;3,COL1A2,exonic
Full-length RNA-seq,Fibroblast,chr7:94429305_G>A,4.284916480333333,3,0;10;3,COL1A2,exonic
Full-length RNA-seq,Fibroblast,chr7:94429306_C>G,0.7941125335,2,0;3,COL1A2,exonic
Full-length RNA-seq,Fibroblast,chr7:94430263_G>A,8.1306176185,2,0;3,COL1A2,exonic
Full-length RNA-seq,Fibroblast,chr7:94430638_G>A,12.20673084,1,0,COL1A2,UTR3
Full-length RNA-seq,Fibroblast,chr7:95595117_C>G,6.180974483,1,0,PDK4,exonic
Full-length RNA-seq,Fibroblast,chr7:98977037_G>A,3.1876739265,2,0;3,TRRAP,exonic
Full-length RNA-seq,Fibroblast,chr7:99562077_T>C,3.133205414,2,0;3,ZNF655,intronic
Full-length RNA-seq,Fibroblast,chr8:100706784_A>C,0.196565285,1,0,PABPC1,exonic
Full-length RNA-seq,Fibroblast,chr8:100712806_A>G,2.065421104,1,0,PABPC1,intronic
Full-length RNA-seq,Fibroblast,chr8:100716689_C>T,1.121140242,1,0,PABPC1,intronic
Full-length RNA-seq,Fibroblast,chr8:100922723_A>G,5.035385609,2,0;3,YWHAZ,intronic
Full-length RNA-seq,Fibroblast,chr8:100923989_G>T,0.222640455,1,0,YWHAZ,exonic
Full-length RNA-seq,Fibroblast,chr8:102254346_T>G,1.508874595,2,0;3,UBR5,exonic
Full-length RNA-seq,Fibroblast,chr8:102652166_A>T,6.19790864,2,0;3,KLF10,exonic
Full-length RNA-seq,Fibroblast,chr8:118102846_T>G,1.72601366,1,3,EXT1,intronic
Full-length RNA-seq,Fibroblast,chr8:118110778_G>T,2.136317492,1,3,EXT1,exonic
Full-length RNA-seq,Fibroblast,chr8:120125330_G>T,6.100601196,1,0,COL14A1,UTR5
Full-length RNA-seq,Fibroblast,chr8:121614721_G>T,4.067841411,2,0;3,HAS2,exonic
Full-length RNA-seq,Fibroblast,chr8:122784412_G>T,1.457809925,1,0,ZHX2,intronic
Full-length RNA-seq,Fibroblast,chr8:122785932_T>C,1.8381133674999999,2,0;3,ZHX2,intronic
Full-length RNA-seq,Fibroblast,chr8:122836512_A>G,5.670917511,1,0,ZHX2,intronic
Full-length RNA-seq,Fibroblast,chr8:123534746_T>C,9.1764621730000009,1,3,FBXO32,exonic
Full-length RNA-seq,Fibroblast,chr8:125431142_A>G,2.981359243,1,0,TRIB1,exonic
Full-length RNA-seq,Fibroblast,chr8:125433829_T>C,1.6596042515,2,0;3,TRIB1,intronic
Full-length RNA-seq,Fibroblast,chr8:127740941_C>G,2.1768265964999998,2,0;3,MYC,exonic
Full-length RNA-seq,Fibroblast,chr8:130191904_C>G,1.238972604,2,0;3,ASAP1,intronic
Full-length RNA-seq,Fibroblast,chr8:130323240_C>T,1.200276971,1,0,ASAP1,intronic
Full-length RNA-seq,Fibroblast,chr8:13130478_C>G,11.9050700665,2,0;3,DLC1,intronic
Full-length RNA-seq,Fibroblast,chr8:142613116_C>T,6.795259714,2,0;3,ARC,exonic
Full-length RNA-seq,Fibroblast,chr8:142614056_C>G,1.469335675,1,3,ARC,exonic
Full-length RNA-seq,Fibroblast,chr8:143618037_G>A,4.333249211,2,0;3,GFUS,upstream
Full-length RNA-seq,Fibroblast,chr8:143915161_A>G,0.86149168,1,0,PLEC,UTR3
Full-length RNA-seq,Fibroblast,chr8:143921472_G>T,2.316176176,1,0,PLEC,exonic
Full-length RNA-seq,Fibroblast,chr8:143925078_C>T,4.767581224500001,2,0;3,PLEC,exonic
Full-length RNA-seq,Fibroblast,chr8:144790387_A>T,1.24864912,1,0,RPL8,exonic
Full-length RNA-seq,Fibroblast,chr8:1833383_T>G,1.750289261,2,0;3,ARHGEF10,intronic
Full-length RNA-seq,Fibroblast,chr8:1871135_T>A,2.1170877815,2,0;3,ARHGEF10,intronic
Full-length RNA-seq,Fibroblast,chr8:22165533_A>G,1.491529465,1,3,BMP1,exonic
Full-length RNA-seq,Fibroblast,chr8:22194133_G>A,0.756084204,2,0;3,BMP1,exonic
Full-length RNA-seq,Fibroblast,chr8:22376077_C>T,1.7312542199999998,2,0;3,SLC39A14,intronic
Full-length RNA-seq,Fibroblast,chr8:22570931_C>A,9.78319931,1,0,SORBS3,exonic
Full-length RNA-seq,Fibroblast,chr8:22691404_G>T,0.429567158,1,3,EGR3,exonic
Full-length RNA-seq,Fibroblast,chr8:23154929_C>T,3.141211987,1,0,TNFRSF10D,exonic
Full-length RNA-seq,Fibroblast,chr8:23368264_A>T,7.133331776,1,3,LOXL2,exonic
Full-length RNA-seq,Fibroblast,chr8:27599919_T>C,4.198393345,1,0,CLU,exonic
Full-length RNA-seq,Fibroblast,chr8:27604946_G>T,2.0041971800000002,2,0;3,CLU,exonic
Full-length RNA-seq,Fibroblast,chr8:27605214_A>T,0.205549896,1,0,CLU,exonic
Full-length RNA-seq,Fibroblast,chr8:27608956_T>G,4.411158562,1,0,CLU,exonic
Full-length RNA-seq,Fibroblast,chr8:27608986_C>G,3.455730438,1,0,CLU,exonic
Full-length RNA-seq,Fibroblast,chr8:27613970_T>C,5.055890083,1,0,CLU,intronic
Full-length RNA-seq,Fibroblast,chr8:27614145_A>C,4.744486332,1,0,CLU,intronic
Full-length RNA-seq,Fibroblast,chr8:30596860_C>T,2.604452848,1,0,GTF2E2,intronic
Full-length RNA-seq,Fibroblast,chr8:30612371_G>T,0.6616255639999999,2,0;3,GTF2E2,exonic
Full-length RNA-seq,Fibroblast,chr8:38421075_C>A,3.339246035,1,3,FGFR1,intronic
Full-length RNA-seq,Fibroblast,chr8:38457506_T>C,3.056588888,1,0,FGFR1,exonic
Full-length RNA-seq,Fibroblast,chr8:41264298_G>T,4.082621574,1,0,SFRP1,UTR3
Full-length RNA-seq,Fibroblast,chr8:41609661_T>C,2.4829319715000002,2,0;3,GPAT4,exonic
Full-length RNA-seq,Fibroblast,chr8:42897572_A>C,2.5116151575,2,0;3,HOOK3,intronic
Full-length RNA-seq,Fibroblast,chr8:47737137_C>T,3.832235098,1,0,CEBPD,UTR3
Full-length RNA-seq,Fibroblast,chr8:47737480_C>T,0.677836597,1,0,CEBPD,exonic
Full-length RNA-seq,Fibroblast,chr8:47737482_C>T,2.937815189,1,0,CEBPD,exonic
Full-length RNA-seq,Fibroblast,chr8:48920315_A>T,8.3239355065,2,0;3,SNAI2,exonic
Full-length RNA-seq,Fibroblast,chr8:51898817_C>T,2.251183748,1,3,PCMTD1,intronic
Full-length RNA-seq,Fibroblast,chr8:56073730_G>T,1.313319325,1,0,RPS20,exonic
Full-length RNA-seq,Fibroblast,chr8:56074384_G>T,2.131953239,1,0,RPS20,UTR5
Full-length RNA-seq,Fibroblast,chr8:58075575_T>A,5.213371277,1,0,FAM110B,UTR5
Full-length RNA-seq,Fibroblast,chr8:58635347_A>G,1.651622891,1,0,NSMAF,exonic
Full-length RNA-seq,Fibroblast,chr8:60621177_G>A,0.620262861,1,0,RAB2A,UTR3
Full-length RNA-seq,Fibroblast,chr8:61503370_G>T,0.755781353,1,0,ASPH,exonic
Full-length RNA-seq,Fibroblast,chr8:63169397_G>A,1.6719036699999998,2,0;3,YTHDF3,exonic
Full-length RNA-seq,Fibroblast,chr8:66634652_T>G,4.4714930055,2,0;3,VCPIP1,exonic
Full-length RNA-seq,Fibroblast,chr8:67976644_C>G,0.626439035,1,0,PREX2,intronic
Full-length RNA-seq,Fibroblast,chr8:68083349_G>A,1.598233342,1,0,PREX2,exonic
Full-length RNA-seq,Fibroblast,chr8:69576057_G>A,1.817526996,2,0;3,SULF1,exonic
Full-length RNA-seq,Fibroblast,chr8:73291645_A>T,3.206292152,1,0,RPL7,exonic
Full-length RNA-seq,Fibroblast,chr8:73292356_T>C,0.439663708,1,0,RPL7,exonic
Full-length RNA-seq,Fibroblast,chr8:73292357_G>T,0.69486928,1,0,RPL7,exonic
Full-length RNA-seq,Fibroblast,chr8:73292358_A>G,1.301276088,1,0,RPL7,exonic
Full-length RNA-seq,Fibroblast,chr8:76855345_G>A,0.858685195,1,0,ZFHX4,exonic
Full-length RNA-seq,Fibroblast,chr8:76863734_G>A,4.992133617,1,0,ZFHX4,exonic
Full-length RNA-seq,Fibroblast,chr8:79654906_G>A,7.356948853,1,0,STMN2,exonic
Full-length RNA-seq,Fibroblast,chr8:85474374_G>A,5.003965378,1,0,CA2,exonic
Full-length RNA-seq,Fibroblast,chr8:89757317_C>T,2.5451494455,2,0;3,LOC101929709,ncRNA_exonic
Full-length RNA-seq,Fibroblast,chr8:91959488_G>A,1.1285978555,2,0;3,RUNX1T1,UTR3
Full-length RNA-seq,Fibroblast,chr8:91959553_C>T,1.640277326,2,0;3,RUNX1T1,UTR3
Full-length RNA-seq,Fibroblast,chr8:94250201_A>G,0.396225005,1,0,GEM,UTR3
Full-length RNA-seq,Fibroblast,chr8:94256518_C>T,4.895044804,1,0,GEM,intronic
Full-length RNA-seq,Fibroblast,chr8:94260197_C>T,2.2722321155,2,0;3,GEM,exonic
Full-length RNA-seq,Fibroblast,chr8:94260376_C>T,3.353610039,2,0;3,GEM,exonic
Full-length RNA-seq,Fibroblast,chr8:94262069_A>T,3.489965995,3,0;10;3,GEM,intronic
Full-length RNA-seq,Fibroblast,chr8:9771457_A>G,6.30611515,1,3,TNKS,intronic
Full-length RNA-seq,Fibroblast,chr8:9771463_G>A,5.651207924,1,3,TNKS,intronic
Full-length RNA-seq,Fibroblast,chr8:98041776_G>T,4.919312477,2,0;3,RPL30,UTR3
Full-length RNA-seq,Fibroblast,chr8:98948935_C>A,3.753628969,1,0,OSR2,exonic
Full-length RNA-seq,Fibroblast,chr8:99096360_G>A,2.603757381,1,0,VPS13B,exonic
Full-length RNA-seq,Fibroblast,chr8:99143083_T>C,1.5602900985000001,2,0;3,VPS13B,exonic
Full-length RNA-seq,Fibroblast,chr8:99274264_G>A,3.721518397,2,0;3,VPS13B,exonic
Full-length RNA-seq,Fibroblast,chr9:101557464_G>A,1.126301765,1,0,RNF20,exonic
Full-length RNA-seq,Fibroblast,chr9:104806300_T>G,1.9842250350000001,2,0;3,ABCA1,exonic
Full-length RNA-seq,Fibroblast,chr9:104854612_C>T,0.901519358,2,0;3,ABCA1,intronic
Full-length RNA-seq,Fibroblast,chr9:109011300_A>T,0.01144359,1,0,CTNNAL1,intronic
Full-length RNA-seq,Fibroblast,chr9:110138075_C>A,3.593028069,1,0,PALM2AKAP2,exonic
Full-length RNA-seq,Fibroblast,chr9:110432560_A>G,7.843453407,1,0,SVEP1,exonic
Full-length RNA-seq,Fibroblast,chr9:110513048_C>G,4.219100475,1,0,SVEP1,exonic
Full-length RNA-seq,Fibroblast,chr9:110550001_C>T,4.025329113,1,0,SVEP1,exonic
Full-length RNA-seq,Fibroblast,chr9:111934254_A>T,0.7118709985,2,0;3,UGCG,UTR3
Full-length RNA-seq,Fibroblast,chr9:114505078_G>T,1.463654518,1,3,WHRN,UTR5
Full-length RNA-seq,Fibroblast,chr9:114598191_G>A,3.7228353025,2,0;3,ATP6V1G1,UTR3
Full-length RNA-seq,Fibroblast,chr9:115021091_A>T,6.201789379,1,0,TNC,UTR3
Full-length RNA-seq,Fibroblast,chr9:115029439_T>G,6.784087658,1,0,TNC,exonic
Full-length RNA-seq,Fibroblast,chr9:115035309_A>T,5.7973635195,2,0;3,TNC,exonic
Full-length RNA-seq,Fibroblast,chr9:115046449_C>T,3.163859129,1,0,TNC,exonic
Full-length RNA-seq,Fibroblast,chr9:115046608_C>T,5.6377480030000005,2,0;3,TNC,exonic
Full-length RNA-seq,Fibroblast,chr9:115057194_G>T,1.627734125,2,0;3,TNC,exonic
Full-length RNA-seq,Fibroblast,chr9:115057352_A>T,1.032258391,1,0,TNC,exonic
Full-length RNA-seq,Fibroblast,chr9:115073774_A>T,7.3397784235,2,0;3,TNC,exonic
Full-length RNA-seq,Fibroblast,chr9:115076057_A>G,2.7017486095,2,0;3,TNC,exonic
Full-length RNA-seq,Fibroblast,chr9:115077972_C>G,5.7460668085,2,0;3,TNC,exonic
Full-length RNA-seq,Fibroblast,chr9:115085929_A>T,6.2529959680000005,2,0;3,TNC,exonic
Full-length RNA-seq,Fibroblast,chr9:115086208_C>T,8.679790019999999,2,0;3,TNC,exonic
Full-length RNA-seq,Fibroblast,chr9:115086353_A>T,6.2774276735,2,0;3,TNC,exonic
Full-length RNA-seq,Fibroblast,chr9:115086450_C>G,2.4245646,1,0,TNC,exonic
Full-length RNA-seq,Fibroblast,chr9:115090764_T>G,6.4963412285,2,0;3,TNC,exonic
Full-length RNA-seq,Fibroblast,chr9:115090889_C>G,2.573578119,1,3,TNC,exonic
Full-length RNA-seq,Fibroblast,chr9:115091047_T>A,5.748513699,2,0;3,TNC,UTR5
Full-length RNA-seq,Fibroblast,chr9:115109014_T>G,0.291543961,1,0,TNC,intronic
Full-length RNA-seq,Fibroblast,chr9:115118039_C>T,7.340203285,1,3,TNC,UTR5
Full-length RNA-seq,Fibroblast,chr9:116153923_G>A,3.465223074,1,0,PAPPA,UTR5
Full-length RNA-seq,Fibroblast,chr9:120903237_C>T,5.840019226,2,0;3,TRAF1,UTR3
Full-length RNA-seq,Fibroblast,chr9:120925094_G>A,5.215240002,1,0,TRAF1,intronic
Full-length RNA-seq,Fibroblast,chr9:121302128_A>G,3.944459915,1,0,GSN,exonic
Full-length RNA-seq,Fibroblast,chr9:121302937_G>A,4.89408493,1,0,GSN,exonic
Full-length RNA-seq,Fibroblast,chr9:121302999_C>A,4.611671925,1,0,GSN,exonic
Full-length RNA-seq,Fibroblast,chr9:121312372_C>A,1.678073227,2,0;3,GSN,exonic
Full-length RNA-seq,Fibroblast,chr9:121312378_G>A,6.139930248,1,0,GSN,exonic
Full-length RNA-seq,Fibroblast,chr9:121314005_G>A,4.739450932,1,0,GSN,exonic
Full-length RNA-seq,Fibroblast,chr9:121318419_C>A,2.681774139,1,0,GSN,exonic
Full-length RNA-seq,Fibroblast,chr9:121318773_C>A,3.711110115,1,0,GSN,exonic
Full-length RNA-seq,Fibroblast,chr9:121326624_C>A,6.950518131,1,0,GSN,exonic
Full-length RNA-seq,Fibroblast,chr9:121329274_C>A,6.352632999,1,0,GSN,exonic
Full-length RNA-seq,Fibroblast,chr9:124801442_T>A,5.138775189666666,3,0;16;3,OLFML2A,exonic
Full-length RNA-seq,Fibroblast,chr9:124857887_A>T,0.741376877,1,0,RPL35;WDR38,UTR3
Full-length RNA-seq,Fibroblast,chr9:127121157_A>G,3.271798134,1,0,ANGPTL2;RALGPS1,intronic
Full-length RNA-seq,Fibroblast,chr9:127885343_C>G,2.562137365,1,0,ST6GALNAC6,UTR3
Full-length RNA-seq,Fibroblast,chr9:128220323_G>A,2.294659138,1,0,DNM1,exonic
Full-length RNA-seq,Fibroblast,chr9:128437052_G>A,0.740707338,1,0,MIR1268A,ncRNA_intronic
Full-length RNA-seq,Fibroblast,chr9:128482832_T>A,0.3937585655,2,0;3,ODF2,exonic
Full-length RNA-seq,Fibroblast,chr9:128691901_A>C,0.613946021,1,0,SET,exonic
Full-length RNA-seq,Fibroblast,chr9:129177838_T>A,7.537086964,1,0,IER5L,exonic
Full-length RNA-seq,Fibroblast,chr9:129177873_C>T,6.462940216,1,3,IER5L,exonic
Full-length RNA-seq,Fibroblast,chr9:129177984_G>T,6.583175182,1,3,IER5L,exonic
Full-length RNA-seq,Fibroblast,chr9:129739847_C>T,3.147246361,1,0,PTGES,exonic
Full-length RNA-seq,Fibroblast,chr9:129831007_T>G,1.1866928935,2,0;3,C9orf78,exonic
Full-length RNA-seq,Fibroblast,chr9:130955263_T>C,4.722664356,1,0,FIBCD1;LAMC3,intergenic
Full-length RNA-seq,Fibroblast,chr9:131486164_G>A,0.812745452,1,3,PRRC2B,exonic
Full-length RNA-seq,Fibroblast,chr9:131492210_T>C,0.7743962705,2,0;3,PRRC2B,exonic
Full-length RNA-seq,Fibroblast,chr9:132662642_C>T,3.3498075005,2,0;3,DDX31,exonic
Full-length RNA-seq,Fibroblast,chr9:133101544_A>G,0.8788025675,2,0;3,RALGDS,exonic
Full-length RNA-seq,Fibroblast,chr9:133124496_T>C,3.758315802,1,0,RALGDS,intronic
Full-length RNA-seq,Fibroblast,chr9:133349913_T>A,3.981020093,2,0;3,RPL7A,exonic
Full-length RNA-seq,Fibroblast,chr9:133349956_A>C,1.0053621136666666,3,0;10;3,RPL7A,exonic
Full-length RNA-seq,Fibroblast,chr9:133349959_C>A,0.804963529,1,0,RPL7A,exonic
Full-length RNA-seq,Fibroblast,chr9:133350005_C>A,2.3413288,2,0;3,RPL7A,exonic
Full-length RNA-seq,Fibroblast,chr9:133351330_G>A,0.827010512,1,0,RPL7A,exonic
Full-length RNA-seq,Fibroblast,chr9:134690923_G>A,26.047947885,2,0;3,COL5A1,exonic
Full-length RNA-seq,Fibroblast,chr9:134691032_T>A,21.56532478,1,3,COL5A1,exonic
Full-length RNA-seq,Fibroblast,chr9:134701281_T>G,6.189742088,3,0;10;3,COL5A1,exonic
Full-length RNA-seq,Fibroblast,chr9:134761972_A>C,16.67421246,2,0;3,COL5A1,exonic
Full-length RNA-seq,Fibroblast,chr9:134761976_A>G,1.255004048,1,3,COL5A1,exonic
Full-length RNA-seq,Fibroblast,chr9:134786028_C>A,6.500507355,1,3,COL5A1,exonic
Full-length RNA-seq,Fibroblast,chr9:134798417_G>A,19.98038864,1,3,COL5A1,exonic
Full-length RNA-seq,Fibroblast,chr9:134806282_G>C,14.942890644999999,2,0;3,COL5A1,exonic
Full-length RNA-seq,Fibroblast,chr9:134825862_C>A,25.04443932,1,3,COL5A1,exonic
Full-length RNA-seq,Fibroblast,chr9:136404693_T>G,0.9980425239999999,2,0;3,ENTR1,exonic
Full-length RNA-seq,Fibroblast,chr9:136542759_A>T,0.446932018,1,3,NOTCH1,intronic
Full-length RNA-seq,Fibroblast,chr9:136977572_C>T,6.641819954,2,0;3,PTGDS,UTR5
Full-length RNA-seq,Fibroblast,chr9:136979129_T>A,8.1831567285,2,0;3,PTGDS,exonic
Full-length RNA-seq,Fibroblast,chr9:136980014_C>A,3.2285311224999997,2,0;3,PTGDS,exonic
Full-length RNA-seq,Fibroblast,chr9:136980188_A>C,10.497768877999999,2,0;3,PTGDS,exonic
Full-length RNA-seq,Fibroblast,chr9:136981719_A>G,3.921762466666667,3,0;10;3,PTGDS,UTR3
Full-length RNA-seq,Fibroblast,chr9:137242673_T>A,7.1083424090000005,2,0;3,TUBB4B,exonic
Full-length RNA-seq,Fibroblast,chr9:137243333_C>A,5.528983593,1,0,TUBB4B,exonic
Full-length RNA-seq,Fibroblast,chr9:137246183_A>C,3.651289463,1,0,FAM166A,intronic
Full-length RNA-seq,Fibroblast,chr9:137330118_G>A,3.96844244,1,0,EXD3,intronic
Full-length RNA-seq,Fibroblast,chr9:137716812_T>C,2.5520870685,2,0;3,EHMT1,exonic
Full-length RNA-seq,Fibroblast,chr9:137813512_A>C,1.2479308245,2,0;3,EHMT1,exonic
Full-length RNA-seq,Fibroblast,chr9:14300238_A>G,2.879631162,2,0;3,NFIB,UTR5
Full-length RNA-seq,Fibroblast,chr9:18041_T>A,2.7378499505000002,2,0;3,WASHC1,exonic
Full-length RNA-seq,Fibroblast,chr9:19116275_G>T,3.405771732,1,0,PLIN2,exonic
Full-length RNA-seq,Fibroblast,chr9:19378450_A>T,0.793670148,2,0;3,RPS6,exonic
Full-length RNA-seq,Fibroblast,chr9:19378812_G>C,2.905838251,1,0,RPS6,exonic
Full-length RNA-seq,Fibroblast,chr9:2045275_T>C,1.252059698,2,0;3,SMARCA2,intronic
Full-length RNA-seq,Fibroblast,chr9:32522545_C>T,0.906701207,1,0,DDX58,intronic
Full-length RNA-seq,Fibroblast,chr9:32540789_A>G,0.34397178899999997,1,0,TOPORS,UTR3
Full-length RNA-seq,Fibroblast,chr9:33028051_G>A,2.833030224,2,0;3,DNAJA1,intronic
Full-length RNA-seq,Fibroblast,chr9:33028206_T>C,1.722211838,2,0;3,DNAJA1,intronic
Full-length RNA-seq,Fibroblast,chr9:33029901_T>G,4.195753574,1,3,DNAJA1,exonic
Full-length RNA-seq,Fibroblast,chr9:33158510_G>T,0.719950914,1,0,B4GALT1,intronic
Full-length RNA-seq,Fibroblast,chr9:33167160_G>C,3.760343075,1,0,B4GALT1,exonic
Full-length RNA-seq,Fibroblast,chr9:33925397_G>A,2.591725588,2,0;3,UBAP2,intronic
Full-length RNA-seq,Fibroblast,chr9:35062129_C>T,1.551819444,1,3,VCP,exonic
Full-length RNA-seq,Fibroblast,chr9:35108665_A>T,0.442130953,1,0,FAM214B,UTR5
Full-length RNA-seq,Fibroblast,chr9:3525049_C>T,0.508347631,1,0,RFX3,intronic
Full-length RNA-seq,Fibroblast,chr9:35689260_C>T,8.526494026,1,3,TPM2,exonic
Full-length RNA-seq,Fibroblast,chr9:35697901_C>G,0.491127104,1,0,TLN1,exonic
Full-length RNA-seq,Fibroblast,chr9:4299846_G>T,3.468312025,2,0;3,GLIS3,UTR5
Full-length RNA-seq,Fibroblast,chr9:5690512_T>C,0.244219318,1,0,RIC1,intronic
Full-length RNA-seq,Fibroblast,chr9:69216362_T>A,3.7422540185,2,0;3,TJP2,exonic
Full-length RNA-seq,Fibroblast,chr9:70413078_C>A,1.144255757,1,3,KLF9,exonic
Full-length RNA-seq,Fibroblast,chr9:70414190_A>G,3.644796133,1,0,KLF9,UTR5
Full-length RNA-seq,Fibroblast,chr9:71750349_G>C,2.994145274,2,0;3,CEMIP2,exonic
Full-length RNA-seq,Fibroblast,chr9:71910906_A>T,2.3283038135,2,0;3,ABHD17B,UTR5
Full-length RNA-seq,Fibroblast,chr9:73168494_G>A,3.032938361,2,0;3,ANXA1,intronic
Full-length RNA-seq,Fibroblast,chr9:73168495_T>G,1.292582273,1,3,ANXA1,intronic
Full-length RNA-seq,Fibroblast,chr9:75891168_G>A,5.0777106285,2,0;3,PCSK5,UTR5
Full-length RNA-seq,Fibroblast,chr9:76096074_G>A,5.88775444,1,0,PCSK5,exonic
Full-length RNA-seq,Fibroblast,chr9:76193565_G>A,1.461956024,1,0,PCSK5,UTR3
Full-length RNA-seq,Fibroblast,chr9:79578805_T>C,3.4468442205,2,0;3,TLE4,intronic
Full-length RNA-seq,Fibroblast,chr9:83661147_G>T,0.6367067095,2,0;3,UBQLN1,UTR3
Full-length RNA-seq,Fibroblast,chr9:83973921_T>A,2.311691523,1,0,HNRNPK,exonic
Full-length RNA-seq,Fibroblast,chr9:84670887_G>A,6.302344799,1,0,NTRK2,exonic
Full-length RNA-seq,Fibroblast,chr9:86027124_T>G,2.977895975,1,0,GOLM1,UTR3
Full-length RNA-seq,Fibroblast,chr9:86354062_C>T,2.462816715,1,3,TUT7,intronic
Full-length RNA-seq,Fibroblast,chr9:91424323_A>T,0.822312951,1,0,NFIL3,UTR5
Full-length RNA-seq,Fibroblast,chr9:95083455_C>T,1.405011773,1,10,AOPEP,intronic
Full-length RNA-seq,Fibroblast,chr9:95083545_C>T,6.793787003,1,3,AOPEP,intronic
Full-length RNA-seq,Fibroblast,chr9:96645924_A>T,0.457939535,1,0,PRXL2C,exonic
Full-length RNA-seq,Fibroblast,chr9:98997071_C>A,5.260311604,1,0,COL15A1,exonic
Full-length RNA-seq,Fibroblast,chr9:99061990_T>C,5.696157455,1,0,COL15A1,exonic
Full-length RNA-seq,Fibroblast,chr9:99067035_G>A,5.926516056,1,0,COL15A1,exonic
Full-length RNA-seq,Fibroblast,chr9:99822071_A>T,4.964202404,1,0,NR4A3,UTR5
Full-length RNA-seq,Fibroblast,chr9:99822253_G>A,5.201118945999999,2,0;3,NR4A3,UTR5
Full-length RNA-seq,Fibroblast,chrX:101391774_G>C,1.1191888749999999,2,0;3,RPL36A;RPL36A-HNRNPH2,exonic
Full-length RNA-seq,Fibroblast,chrX:101401795_T>C,3.34543395,1,0,GLA,exonic
Full-length RNA-seq,Fibroblast,chrX:101408272_A>G,2.048691511,1,0,HNRNPH2,UTR5
Full-length RNA-seq,Fibroblast,chrX:103357639_A>C,8.407214165,1,0,TCEAL9,UTR5
Full-length RNA-seq,Fibroblast,chrX:109054215_A>G,1.161809444,1,3,LOC101928358;GUCY2F,intergenic
Full-length RNA-seq,Fibroblast,chrX:110676325_A>T,6.360815525,1,0,CHRDL1,exonic
Full-length RNA-seq,Fibroblast,chrX:110694215_T>G,4.140871525,1,0,CHRDL1,exonic
Full-length RNA-seq,Fibroblast,chrX:110700678_G>T,4.228473186,1,0,CHRDL1,exonic
Full-length RNA-seq,Fibroblast,chrX:110721420_G>T,4.2467298509999996,1,0,CHRDL1,exonic
Full-length RNA-seq,Fibroblast,chrX:110792191_T>A,2.683495998,1,0,CHRDL1,UTR5
Full-length RNA-seq,Fibroblast,chrX:115634041_G>C,3.0783171654999997,2,0;3,PLS3,exonic
Full-length RNA-seq,Fibroblast,chrX:118394093_G>A,5.563507557,1,3,WDR44,exonic
Full-length RNA-seq,Fibroblast,chrX:118975074_G>A,3.721523762,1,0,LONRF3,exonic
Full-length RNA-seq,Fibroblast,chrX:124037768_G>C,8.7411911505,2,0;3,STAG2,intronic
Full-length RNA-seq,Fibroblast,chrX:12976788_G>C,0.631768227,1,0,TMSB4X,exonic
Full-length RNA-seq,Fibroblast,chrX:12976790_G>A,1.54493022,1,0,TMSB4X,exonic
Full-length RNA-seq,Fibroblast,chrX:12977129_G>A,6.6182029245,2,0;3,TMSB4X,UTR3
Full-length RNA-seq,Fibroblast,chrX:136210225_G>A,5.078953743,1,0,FHL1,UTR3
Full-length RNA-seq,Fibroblast,chrX:1393233_T>C,0.8804380300000001,2,0;3,SLC25A6;LINC00106,intergenic
Full-length RNA-seq,Fibroblast,chrX:1394106_G>T,1.087237716,1,0,SLC25A6;LINC00106,intergenic
Full-length RNA-seq,Fibroblast,chrX:1448239_A>G,5.007071495,1,0,ASMTL,intronic
Full-length RNA-seq,Fibroblast,chrX:1448492_A>G,5.875993252000001,2,0;3,ASMTL,intronic
Full-length RNA-seq,Fibroblast,chrX:147927149_A>T,2.907023668,1,0,FMR1,intronic
Full-length RNA-seq,Fibroblast,chrX:150403995_A>G,4.004018784,1,0,MAMLD1,intronic
Full-length RNA-seq,Fibroblast,chrX:153506869_A>G,1.23530668,2,0;3,BGN,exonic
Full-length RNA-seq,Fibroblast,chrX:153943907_C>T,7.0525527,1,0,RENBP,exonic
Full-length RNA-seq,Fibroblast,chrX:154022513_G>T,5.016411304,1,0,MECP2,UTR3
Full-length RNA-seq,Fibroblast,chrX:154349370_C>T,3.072760105,1,0,FLNA,exonic
Full-length RNA-seq,Fibroblast,chrX:154351080_A>G,2.5415582655,2,0;3,FLNA,intronic
Full-length RNA-seq,Fibroblast,chrX:154362137_C>T,1.810957193,1,3,FLNA,exonic
Full-length RNA-seq,Fibroblast,chrX:154368080_G>T,2.578106165,1,3,FLNA,exonic
Full-length RNA-seq,Fibroblast,chrX:154399578_G>A,0.435890168,1,3,RPL10,exonic
Full-length RNA-seq,Fibroblast,chrX:154399851_G>A,0.25613004,2,0;3,RPL10,exonic
Full-length RNA-seq,Fibroblast,chrX:154400560_G>A,1.1008368135,2,0;3,RPL10,exonic
Full-length RNA-seq,Fibroblast,chrX:154400565_A>G,0.141646013,1,0,RPL10,exonic
Full-length RNA-seq,Fibroblast,chrX:155545118_C>T,2.724942565,2,0;3,TMLHE,exonic
Full-length RNA-seq,Fibroblast,chrX:19549388_A>T,3.547587156,1,0,SH3KBP1,intronic
Full-length RNA-seq,Fibroblast,chrX:19836201_A>T,4.052216053,1,3,SH3KBP1,exonic
Full-length RNA-seq,Fibroblast,chrX:21374630_A>C,4.397175312,1,0,CNKSR2,UTR5
Full-length RNA-seq,Fibroblast,chrX:23783323_C>A,2.410242796,1,3,SAT1,UTR5
Full-length RNA-seq,Fibroblast,chrX:23783828_C>A,2.861757517,1,3,SAT1,exonic
Full-length RNA-seq,Fibroblast,chrX:2773569_A>G,5.5581440925,2,0;3,XGY2,ncRNA_intronic
Full-length RNA-seq,Fibroblast,chrX:3309909_A>C,5.528102875,1,0,MXRA5,exonic
Full-length RNA-seq,Fibroblast,chrX:3320805_T>G,6.112614632,1,0,MXRA5,exonic
Full-length RNA-seq,Fibroblast,chrX:3322055_A>T,1.780356288,1,0,MXRA5,exonic
Full-length RNA-seq,Fibroblast,chrX:3322315_C>T,3.614777803,1,0,MXRA5,exonic
Full-length RNA-seq,Fibroblast,chrX:3322849_C>T,1.7299875025000002,2,0;3,MXRA5,exonic
Full-length RNA-seq,Fibroblast,chrX:3323366_C>T,0.235286325,1,3,MXRA5,exonic
Full-length RNA-seq,Fibroblast,chrX:3323496_G>T,1.218453884,1,0,MXRA5,exonic
Full-length RNA-seq,Fibroblast,chrX:3343727_G>T,4.7790770535,2,0;3,MXRA5,exonic
Full-length RNA-seq,Fibroblast,chrX:38164838_T>C,1.244905472,1,0,SRPX,exonic
Full-length RNA-seq,Fibroblast,chrX:38171974_A>T,2.973534107,1,0,SRPX,exonic
Full-length RNA-seq,Fibroblast,chrX:40172937_G>A,3.094544411,1,0,BCOR,intronic
Full-length RNA-seq,Fibroblast,chrX:41337463_G>A,2.027203083,2,0;3,DDX3X,exonic
Full-length RNA-seq,Fibroblast,chrX:41346927_G>T,1.050102949,1,0,DDX3X,exonic
Full-length RNA-seq,Fibroblast,chrX:45769830_C>T,3.965990305,1,3,MIR222;LINC02595,intergenic
Full-length RNA-seq,Fibroblast,chrX:47584965_G>A,4.2570467,1,0,TIMP1,exonic
Full-length RNA-seq,Fibroblast,chrX:47846224_T>A,0.51130306700000006,1,0,ZNF81,UTR5
Full-length RNA-seq,Fibroblast,chrX:53082838_A>G,8.539059639,1,3,TSPYL2,exonic
Full-length RNA-seq,Fibroblast,chrX:53083041_G>C,6.431722164,1,3,TSPYL2,exonic
Full-length RNA-seq,Fibroblast,chrX:53085194_G>T,4.025573254,1,0,TSPYL2,intronic
Full-length RNA-seq,Fibroblast,chrX:53085301_G>A,3.5736113785,2,0;3,TSPYL2,exonic
Full-length RNA-seq,Fibroblast,chrX:53085338_C>T,2.807974815,1,0,TSPYL2,intronic
Full-length RNA-seq,Fibroblast,chrX:53085807_T>G,3.282471418,1,3,TSPYL2,exonic
Full-length RNA-seq,Fibroblast,chrX:53086006_T>C,4.723648071,1,3,TSPYL2,exonic
Full-length RNA-seq,Fibroblast,chrX:53086160_G>A,4.236293793,1,3,TSPYL2,exonic
Full-length RNA-seq,Fibroblast,chrX:53086297_G>C,5.237885475,1,3,TSPYL2,exonic
Full-length RNA-seq,Fibroblast,chrX:53192982_A>T,2.940829754,1,3,KDM5C,exonic
Full-length RNA-seq,Fibroblast,chrX:53198570_C>T,3.1027448174999996,2,0;3,KDM5C,exonic
Full-length RNA-seq,Fibroblast,chrX:54811644_C>T,1.4942741395,2,0;3,MAGED2,exonic
Full-length RNA-seq,Fibroblast,chrX:65741225_C>G,0.182722688,1,0,MSN,UTR3
Full-length RNA-seq,Fibroblast,chrX:72275612_C>T,0.461318702,1,0,RPS4X,exonic
Full-length RNA-seq,Fibroblast,chrX:73842785_C>A,0.100477941,1,0,XIST,ncRNA_exonic
Full-length RNA-seq,Fibroblast,chrX:73846650_C>T,0.264501929,1,3,XIST,ncRNA_exonic
Full-length RNA-seq,Fibroblast,chrX:73847732_A>G,0.170965865,1,0,XIST,ncRNA_exonic
Full-length RNA-seq,Fibroblast,chrX:74243362_G>T,3.768666744,1,0,FTX,ncRNA_intronic
Full-length RNA-seq,Fibroblast,chrX:74256353_C>T,1.577744842,1,0,FTX,ncRNA_intronic
Full-length RNA-seq,Fibroblast,chrX:990647_T>C,0.699088514,2,0;3,SHOX;CRLF2,intergenic
Full-length RNA-seq,Fibroblast,chrX:990744_C>G,2.386942387,1,0,SHOX;CRLF2,intergenic
Full-length RNA-seq,Fibroblast,chrX:990909_A>G,1.144241214,1,0,SHOX;CRLF2,intergenic
Full-length RNA-seq,Keratinocyte,chr10:104033949_C>T,13.83133793,1,5,COL17A1,exonic
Full-length RNA-seq,Keratinocyte,chr10:104055918_A>G,15.64898205,1,5,COL17A1,exonic
Full-length RNA-seq,Keratinocyte,chr10:104058165_C>G,14.56118965,1,5,COL17A1,exonic
Full-length RNA-seq,Keratinocyte,chr10:104060246_C>T,15.4889946,1,5,COL17A1,exonic
Full-length RNA-seq,Keratinocyte,chr10:104064494_T>C,1.518833876,1,5,COL17A1,exonic
Full-length RNA-seq,Keratinocyte,chr10:104070561_A>T,14.46846581,1,5,COL17A1,exonic
Full-length RNA-seq,Keratinocyte,chr10:104072054_C>T,1.12222302,1,5,COL17A1,exonic
Full-length RNA-seq,Keratinocyte,chr10:104073213_G>C,5.703477859,1,5,COL17A1,exonic
Full-length RNA-seq,Keratinocyte,chr10:110880400_T>C,2.719400883,1,5,PDCD4,intronic
Full-length RNA-seq,Keratinocyte,chr10:114432065_A>G,3.623840809,1,5,ABLIM1,UTR3
Full-length RNA-seq,Keratinocyte,chr10:114526782_A>G,8.149755478,1,5,ABLIM1,UTR5
Full-length RNA-seq,Keratinocyte,chr10:119050433_C>G,6.249236107,1,5,EIF3A,intronic
Full-length RNA-seq,Keratinocyte,chr10:119676878_T>A,6.507901192,1,5,BAG3,exonic
Full-length RNA-seq,Keratinocyte,chr10:128047639_C>T,1.170500159,1,7,PTPRE,UTR5
Full-length RNA-seq,Keratinocyte,chr10:24477807_G>C,1.444675565,1,5,KIAA1217,intronic
Full-length RNA-seq,Keratinocyte,chr10:24544184_G>A,9.438025475,1,5,KIAA1217,exonic
Full-length RNA-seq,Keratinocyte,chr10:26802798_G>A,1.320991039,1,5,ABI1,intronic
Full-length RNA-seq,Keratinocyte,chr10:3778002_T>C,1.837227583,1,5,KLF6,UTR3
Full-length RNA-seq,Keratinocyte,chr10:42790366_C>T,2.479520798,1,5,BMS1,exonic
Full-length RNA-seq,Keratinocyte,chr10:44378548_C>T,2.527086496,1,7,CXCL12,UTR3
Full-length RNA-seq,Keratinocyte,chr10:45973080_T>C,2.570729733,1,5,TIMM23,intronic
Full-length RNA-seq,Keratinocyte,chr10:58394936_T>A,7.002344608,1,5,TFAM,exonic
Full-length RNA-seq,Keratinocyte,chr10:73167107_A>T,0.333550781,1,5,ECD,intronic
Full-length RNA-seq,Keratinocyte,chr10:78037234_G>A,6.696992874,1,5,RPS24,exonic
Full-length RNA-seq,Keratinocyte,chr10:78037279_A>G,9.344522476,1,5,RPS24,exonic
Full-length RNA-seq,Keratinocyte,chr10:86499764_T>G,3.374503851,1,5,WAPL,exonic
Full-length RNA-seq,Keratinocyte,chr10:908627_G>T,0.996352494,1,5,LARP4B,intronic
Full-length RNA-seq,Keratinocyte,chr10:917106_A>T,10.24168873,1,5,LARP4B,intronic
Full-length RNA-seq,Keratinocyte,chr10:97358618_T>G,5.808458924,2,5;7,RRP12,exonic
Full-length RNA-seq,Keratinocyte,chr11:10760242_T>A,1.180294633,1,5,CTR9,exonic
Full-length RNA-seq,Keratinocyte,chr11:112085309_T>G,12.61886787,1,5,TIMM8B,exonic
Full-length RNA-seq,Keratinocyte,chr11:116874268_A>G,9.509995461,1,5,SIK3,intronic
Full-length RNA-seq,Keratinocyte,chr11:119045643_T>G,6.351134777,1,5,HYOU1,exonic
Full-length RNA-seq,Keratinocyte,chr11:119094059_G>T,1.000573397,1,5,H2AX,UTR3
Full-length RNA-seq,Keratinocyte,chr11:120111552_G>T,7.876728058,1,5,TRIM29,UTR3
Full-length RNA-seq,Keratinocyte,chr11:120127356_C>T,5.468277931,1,5,TRIM29,exonic
Full-length RNA-seq,Keratinocyte,chr11:123059330_A>G,4.939721584,1,5,HSPA8,intronic
Full-length RNA-seq,Keratinocyte,chr11:123061323_A>T,2.857406616,1,5,HSPA8,exonic
Full-length RNA-seq,Keratinocyte,chr11:126265423_T>G,5.463275909,1,5,SRPRA,exonic
Full-length RNA-seq,Keratinocyte,chr11:130188162_G>A,6.7983431815,2,11;5,ST14,exonic
Full-length RNA-seq,Keratinocyte,chr11:13419579_A>G,13.30482578,1,5,BTBD10,exonic
Full-length RNA-seq,Keratinocyte,chr11:17075457_T>G,0.667887449,1,7,RPS13,exonic
Full-length RNA-seq,Keratinocyte,chr11:18335916_A>C,3.009976387,1,5,GTF2H1,exonic
Full-length RNA-seq,Keratinocyte,chr11:2699604_A>G,2.357969999,1,5,KCNQ1OT1,ncRNA_exonic
Full-length RNA-seq,Keratinocyte,chr11:2928925_G>T,9.781904221,1,5,PHLDA2,exonic
Full-length RNA-seq,Keratinocyte,chr11:2929022_C>G,3.495535135,1,5,PHLDA2,exonic
Full-length RNA-seq,Keratinocyte,chr11:34642712_T>A,3.796012402,1,5,EHF,exonic
Full-length RNA-seq,Keratinocyte,chr11:35153321_T>C,2.314176798,1,5,CD44,intronic
Full-length RNA-seq,Keratinocyte,chr11:35185155_G>C,3.321620464,1,5,CD44,intronic
Full-length RNA-seq,Keratinocyte,chr11:35197145_G>A,1.8144346475000002,2,11;5,CD44,intronic
Full-length RNA-seq,Keratinocyte,chr11:35200683_C>A,0.637765944,1,7,CD44,intronic
Full-length RNA-seq,Keratinocyte,chr11:35230831_A>C,1.62541163,1,5,CD44,UTR3
Full-length RNA-seq,Keratinocyte,chr11:47725602_A>T,10.66955853,1,5,FNBP4,intronic
Full-length RNA-seq,Keratinocyte,chr11:57775350_C>A,3.779989481,1,5,TMX2-CTNND1,ncRNA_intronic
Full-length RNA-seq,Keratinocyte,chr11:57794049_A>C,3.3823252325,2,5;7,CTNND1,exonic
Full-length RNA-seq,Keratinocyte,chr11:62529029_C>T,9.671369553,1,5,AHNAK,exonic
Full-length RNA-seq,Keratinocyte,chr11:64773400_A>G,2.264667988,1,5,SF1,intronic
Full-length RNA-seq,Keratinocyte,chr11:65120700_C>T,9.668236732,1,5,FAU,exonic
Full-length RNA-seq,Keratinocyte,chr11:65625264_G>A,1.691145182,1,5,PCNX3,exonic
Full-length RNA-seq,Keratinocyte,chr11:65787458_G>A,26.97668457,1,5,OVOL1,exonic
Full-length RNA-seq,Keratinocyte,chr11:65794147_G>A,4.304738522,1,5,OVOL1,exonic
Full-length RNA-seq,Keratinocyte,chr11:65794147_G>C,3.733439207,1,5,OVOL1,exonic
Full-length RNA-seq,Keratinocyte,chr11:65893228_C>T,6.108407974,1,5,FOSL1,exonic
Full-length RNA-seq,Keratinocyte,chr11:65900261_C>T,10.42935658,1,5,FOSL1,exonic
Full-length RNA-seq,Keratinocyte,chr11:73378856_G>A,1.578109503,1,5,RELT,intronic
Full-length RNA-seq,Keratinocyte,chr11:76496399_T>A,1.402838349,1,5,EMSY,exonic
Full-length RNA-seq,Keratinocyte,chr11:810302_T>G,6.122054577,1,5,RPLP2,exonic
Full-length RNA-seq,Keratinocyte,chr11:85981138_A>T,6.505652428,1,5,PICALM,exonic
Full-length RNA-seq,Keratinocyte,chr11:95166787_T>G,3.645667553,1,5,SESN3,UTR3
Full-length RNA-seq,Keratinocyte,chr12:104287258_G>C,6.856532097,1,5,TXNRD1,UTR5
Full-length RNA-seq,Keratinocyte,chr12:104287415_A>G,4.962391376,1,5,TXNRD1,UTR5
Full-length RNA-seq,Keratinocyte,chr12:104289009_G>A,6.574353695,1,5,TXNRD1,exonic
Full-length RNA-seq,Keratinocyte,chr12:104295592_G>A,7.169319153,1,5,TXNRD1,intronic
Full-length RNA-seq,Keratinocyte,chr12:104313892_T>C,9.951992035,1,5,TXNRD1,intronic
Full-length RNA-seq,Keratinocyte,chr12:104315826_G>A,5.122941017,1,5,TXNRD1,exonic
Full-length RNA-seq,Keratinocyte,chr12:104319051_T>A,8.871882439,1,5,TXNRD1,exonic
Full-length RNA-seq,Keratinocyte,chr12:104326381_G>C,6.123259544,1,5,TXNRD1,exonic
Full-length RNA-seq,Keratinocyte,chr12:104343042_G>A,8.284056664,1,5,TXNRD1,intronic
Full-length RNA-seq,Keratinocyte,chr12:109907541_G>C,7.502158642,1,5,TCHP,exonic
Full-length RNA-seq,Keratinocyte,chr12:110435108_G>T,0.298092872,1,7,ARPC3,UTR3
Full-length RNA-seq,Keratinocyte,chr12:110582939_G>A,0.696437657,1,5,PPTC7,exonic
Full-length RNA-seq,Keratinocyte,chr12:112193625_A>T,0.938832462,1,5,HECTD4,exonic
Full-length RNA-seq,Keratinocyte,chr12:113390565_A>G,2.635297298,1,5,PLBD2,UTR3
Full-length RNA-seq,Keratinocyte,chr12:116506963_A>T,0.869114578,1,5,MIR4472-2;LINC00173,intergenic
Full-length RNA-seq,Keratinocyte,chr12:116506964_A>G,11.99009609,1,5,MIR4472-2;LINC00173,intergenic
Full-length RNA-seq,Keratinocyte,chr12:118145074_T>C,1.292557597,1,5,PEBP1,UTR3
Full-length RNA-seq,Keratinocyte,chr12:120198699_G>T,1.854079247,1,5,RPLP0,exonic
Full-length RNA-seq,Keratinocyte,chr12:124439441_C>A,3.314164877,1,5,NCOR2,intronic
Full-length RNA-seq,Keratinocyte,chr12:124912059_G>A,3.688540936,1,5,UBC,exonic
Full-length RNA-seq,Keratinocyte,chr12:124912678_A>C,6.956293583,1,5,UBC,exonic
Full-length RNA-seq,Keratinocyte,chr12:124912971_G>T,3.568065882,1,5,UBC,exonic
Full-length RNA-seq,Keratinocyte,chr12:131977863_G>T,2.377411127,1,5,EP400,intronic
Full-length RNA-seq,Keratinocyte,chr12:131982343_G>A,9.397151947,1,5,EP400,exonic
Full-length RNA-seq,Keratinocyte,chr12:132549763_C>A,4.501717091,1,5,FBRSL1,intronic
Full-length RNA-seq,Keratinocyte,chr12:132554430_A>C,7.331802368,1,5,FBRSL1,intronic
Full-length RNA-seq,Keratinocyte,chr12:132571579_G>A,13.28689575,1,5,FBRSL1,intronic
Full-length RNA-seq,Keratinocyte,chr12:132738179_C>T,6.558650096333333,3,11;5;7,ANKLE2,intronic
Full-length RNA-seq,Keratinocyte,chr12:132754981_C>G,3.674796581,1,5,ANKLE2,exonic
Full-length RNA-seq,Keratinocyte,chr12:31084616_C>T,7.739647865,1,5,DDX11,exonic
Full-length RNA-seq,Keratinocyte,chr12:31084988_G>C,5.571681023,1,5,DDX11,exonic
Full-length RNA-seq,Keratinocyte,chr12:389257_T>C,5.71010828,1,5,KDM5A,UTR5
Full-length RNA-seq,Keratinocyte,chr12:45308426_A>C,1.427081466,1,5,ANO6,intronic
Full-length RNA-seq,Keratinocyte,chr12:45922561_C>T,8.911231041,1,5,SCAF11,exonic
Full-length RNA-seq,Keratinocyte,chr12:46359025_T>G,2.338502645,1,5,SLC38A2,UTR3
Full-length RNA-seq,Keratinocyte,chr12:46360709_T>G,2.889753819,1,5,SLC38A2,UTR3
Full-length RNA-seq,Keratinocyte,chr12:46371083_A>G,1.221565366,1,5,SLC38A2,intronic
Full-length RNA-seq,Keratinocyte,chr12:49040436_T>A,7.021352768,1,5,KMT2D,exonic
Full-length RNA-seq,Keratinocyte,chr12:51172762_C>T,5.696122169,1,5,TFCP2,UTR5
Full-length RNA-seq,Keratinocyte,chr12:52447563_C>T,4.9279959205,2,11;5,KRT6B,exonic
Full-length RNA-seq,Keratinocyte,chr12:52449819_A>T,2.551185369,1,5,KRT6B,exonic
Full-length RNA-seq,Keratinocyte,chr12:52450050_G>T,3.158828259,1,5,KRT6B,exonic
Full-length RNA-seq,Keratinocyte,chr12:52450051_C>G,12.53738117,1,5,KRT6B,exonic
Full-length RNA-seq,Keratinocyte,chr12:52450565_T>A,11.68859959,1,5,KRT6B,exonic
Full-length RNA-seq,Keratinocyte,chr12:52451630_A>T,5.309445381,1,5,KRT6B,exonic
Full-length RNA-seq,Keratinocyte,chr12:52487829_G>T,16.28967285,1,5,KRT6A,exonic
Full-length RNA-seq,Keratinocyte,chr12:52488507_A>T,12.37168026,1,5,KRT6A,exonic
Full-length RNA-seq,Keratinocyte,chr12:52488513_C>T,7.626178741,1,5,KRT6A,exonic
Full-length RNA-seq,Keratinocyte,chr12:52490012_C>T,2.185857296,1,5,KRT6A,exonic
Full-length RNA-seq,Keratinocyte,chr12:52491141_C>T,2.253538668,3,11;5;7,KRT6A,exonic
Full-length RNA-seq,Keratinocyte,chr12:52491151_C>G,11.49561405,1,5,KRT6A,exonic
Full-length RNA-seq,Keratinocyte,chr12:52492721_G>T,12.44966888,1,5,KRT6A,exonic
Full-length RNA-seq,Keratinocyte,chr12:52493151_C>T,8.406711578,1,5,KRT6A,exonic
Full-length RNA-seq,Keratinocyte,chr12:52493154_C>T,17.51011848,1,5,KRT6A,exonic
Full-length RNA-seq,Keratinocyte,chr12:52514666_A>T,5.412631989,1,5,KRT5,UTR3
Full-length RNA-seq,Keratinocyte,chr12:52514815_C>T,4.788252354,1,5,KRT5,UTR3
Full-length RNA-seq,Keratinocyte,chr12:52514904_G>T,5.793606281,1,5,KRT5,UTR3
Full-length RNA-seq,Keratinocyte,chr12:52514933_A>T,1.574122429,1,5,KRT5,UTR3
Full-length RNA-seq,Keratinocyte,chr12:52515016_T>A,8.15402317,1,5,KRT5,exonic
Full-length RNA-seq,Keratinocyte,chr12:52515154_C>T,8.80743885,1,5,KRT5,exonic
Full-length RNA-seq,Keratinocyte,chr12:52516759_C>T,5.842941284,1,5,KRT5,exonic
Full-length RNA-seq,Keratinocyte,chr12:52517087_C>G,6.934446812,1,5,KRT5,intronic
Full-length RNA-seq,Keratinocyte,chr12:52517627_C>T,4.584196568,1,5,KRT5,exonic
Full-length RNA-seq,Keratinocyte,chr12:52517972_C>G,1.343049526,1,5,KRT5,exonic
Full-length RNA-seq,Keratinocyte,chr12:52518971_C>T,8.219473839,1,5,KRT5,exonic
Full-length RNA-seq,Keratinocyte,chr12:52519874_T>C,0.257101715,1,5,KRT5,exonic
Full-length RNA-seq,Keratinocyte,chr12:52520045_C>G,11.67672062,1,5,KRT5,exonic
Full-length RNA-seq,Keratinocyte,chr12:52674905_G>T,40.73396683,1,5,KRT1,UTR3
Full-length RNA-seq,Keratinocyte,chr12:52674952_A>T,5.689959705,2,5;7,KRT1,UTR3
Full-length RNA-seq,Keratinocyte,chr12:52675156_G>T,14.75705242,1,5,KRT1,UTR3
Full-length RNA-seq,Keratinocyte,chr12:52675383_C>T,3.468245864,2,5;7,KRT1,exonic
Full-length RNA-seq,Keratinocyte,chr12:52675575_C>T,46.16986847,1,5,KRT1,exonic
Full-length RNA-seq,Keratinocyte,chr12:52676454_A>T,35.66491318,1,5,KRT1,exonic
Full-length RNA-seq,Keratinocyte,chr12:52677160_C>T,22.6747551,1,5,KRT1,exonic
Full-length RNA-seq,Keratinocyte,chr12:54856849_T>A,0.527828157,1,7,MUCL1,exonic
Full-length RNA-seq,Keratinocyte,chr12:56248782_C>T,1.100806952,1,5,ANKRD52,exonic
Full-length RNA-seq,Keratinocyte,chr12:68645959_T>C,2.237265587,1,5,RAP1B,intronic
Full-length RNA-seq,Keratinocyte,chr12:6868159_A>G,5.701955318,1,5,TPI1,UTR5
Full-length RNA-seq,Keratinocyte,chr12:6868947_T>A,8.221627235,1,5,TPI1,exonic
Full-length RNA-seq,Keratinocyte,chr12:6870883_G>A,4.50117445,1,5,TPI1,UTR3
Full-length RNA-seq,Keratinocyte,chr12:68871902_C>T,1.618433237,1,5,CPM,exonic
Full-length RNA-seq,Keratinocyte,chr12:7070529_G>A,2.091330394,2,5;7,C1S,exonic
Full-length RNA-seq,Keratinocyte,chr12:7081114_T>G,0.652792305,2,5;7,C1R,exonic
Full-length RNA-seq,Keratinocyte,chr12:71663301_A>T,1.056342006,1,5,ZFC3H1,exonic
Full-length RNA-seq,Keratinocyte,chr12:76030967_C>T,2.44168973,1,5,PHLDA1,exonic
Full-length RNA-seq,Keratinocyte,chr12:92144420_T>G,2.786598206,1,5,BTG1,exonic
Full-length RNA-seq,Keratinocyte,chr13:109785427_C>G,1.300973773,1,5,IRS2,exonic
Full-length RNA-seq,Keratinocyte,chr13:112873188_C>T,1.609956384,1,5,ATP11A,intronic
Full-length RNA-seq,Keratinocyte,chr13:20843787_A>T,9.331744194,1,5,XPO4,exonic
Full-length RNA-seq,Keratinocyte,chr13:41060947_T>C,4.06481123,1,5,ELF1,UTR5
Full-length RNA-seq,Keratinocyte,chr13:75286833_A>T,6.867625713,1,5,TBC1D4,exonic
Full-length RNA-seq,Keratinocyte,chr13:77205523_A>G,2.874363422,1,5,MYCBP2,exonic
Full-length RNA-seq,Keratinocyte,chr13:98015597_A>C,2.955759525,1,5,IPO5,exonic
Full-length RNA-seq,Keratinocyte,chr14:101985950_C>A,7.728161812,1,5,DYNC1H1,exonic
Full-length RNA-seq,Keratinocyte,chr14:102050104_A>G,2.896571159,1,5,DYNC1H1,exonic
Full-length RNA-seq,Keratinocyte,chr14:102195099_T>C,1.225051999,1,5,WDR20,exonic
Full-length RNA-seq,Keratinocyte,chr14:103491905_G>A,1.947880745,1,5,MARK3,exonic
Full-length RNA-seq,Keratinocyte,chr14:104724638_C>G,0.804328501,1,5,ADSS1,intronic
Full-length RNA-seq,Keratinocyte,chr14:104724639_A>C,0.528876781,1,5,ADSS1,intronic
Full-length RNA-seq,Keratinocyte,chr14:21254933_C>A,17.35722923,1,5,HNRNPC,intronic
Full-length RNA-seq,Keratinocyte,chr14:21263671_A>C,1.465216637,1,5,HNRNPC,intronic
Full-length RNA-seq,Keratinocyte,chr14:24164908_C>A,2.187256336,1,5,IRF9,exonic
Full-length RNA-seq,Keratinocyte,chr14:39401858_A>T,3.260961533,1,5,FBXO33,exonic
Full-length RNA-seq,Keratinocyte,chr14:64542643_G>A,6.372434616,1,5,HSPA2,exonic
Full-length RNA-seq,Keratinocyte,chr14:64542643_G>C,2.222524643,1,5,HSPA2,exonic
Full-length RNA-seq,Keratinocyte,chr14:70800675_G>T,4.565786839,1,5,MAP3K9,exonic
Full-length RNA-seq,Keratinocyte,chr14:75003567_G>A,1.309552431,1,5,EIF2B2,exonic
Full-length RNA-seq,Keratinocyte,chr14:75278923_C>T,7.760230064,1,5,FOS,UTR5
Full-length RNA-seq,Keratinocyte,chr14:75279102_G>A,0.451313615,1,5,FOS,exonic
Full-length RNA-seq,Keratinocyte,chr14:75281943_T>C,3.853232861,1,5,FOS,UTR3
Full-length RNA-seq,Keratinocyte,chr14:76199882_G>A,1.768206954,1,5,GPATCH2L,exonic
Full-length RNA-seq,Keratinocyte,chr14:77028081_G>T,2.872081995,1,5,IRF2BPL,UTR5
Full-length RNA-seq,Keratinocyte,chr14:80198325_T>G,1.69245255,1,7,DIO2,UTR3
Full-length RNA-seq,Keratinocyte,chr14:81219746_A>C,2.42975235,1,5,GTF2A1,intronic
Full-length RNA-seq,Keratinocyte,chr14:89162440_C>G,1.271181464,1,5,FOXN3,exonic
Full-length RNA-seq,Keratinocyte,chr14:90312400_A>G,12.11788273,1,5,NRDE2,exonic
Full-length RNA-seq,Keratinocyte,chr14:90404875_C>G,1.611389041,1,5,CALM1,UTR3
Full-length RNA-seq,Keratinocyte,chr14:91315749_C>G,16.00587845,1,5,CCDC88C,exonic
Full-length RNA-seq,Keratinocyte,chr14:92004569_A>T,5.360278606,1,5,TRIP11,exonic
Full-length RNA-seq,Keratinocyte,chr14:99271511_G>A,3.6605196,1,5,BCL11B,UTR5
Full-length RNA-seq,Keratinocyte,chr14:99271514_G>A,8.873092651,1,5,BCL11B,UTR5
Full-length RNA-seq,Keratinocyte,chr15:101286301_G>A,1.242617488,1,5,SNRPA1,intronic
Full-length RNA-seq,Keratinocyte,chr15:28218658_A>T,13.24267673,1,5,HERC2,exonic
Full-length RNA-seq,Keratinocyte,chr15:34400741_T>C,0.30474475,1,7,GOLGA8A,UTR5
Full-length RNA-seq,Keratinocyte,chr15:39581915_C>A,5.6260259155,2,11;5,THBS1,exonic
Full-length RNA-seq,Keratinocyte,chr15:41812644_G>A,2.464402914,1,5,MAPKBP1,exonic
Full-length RNA-seq,Keratinocyte,chr15:56098246_C>T,1.59083128,1,5,RFX7,exonic
Full-length RNA-seq,Keratinocyte,chr15:58596098_G>A,1.095369697,1,5,ADAM10,UTR3
Full-length RNA-seq,Keratinocyte,chr15:58901211_A>G,11.52954006,1,5,SLTM,intronic
Full-length RNA-seq,Keratinocyte,chr15:60396048_C>T,6.64068985,1,5,ANXA2,intronic
Full-length RNA-seq,Keratinocyte,chr15:60579845_T>G,4.966855526,1,5,RORA-AS1,ncRNA_intronic
Full-length RNA-seq,Keratinocyte,chr15:63774991_T>G,7.308108807,1,5,HERC1,exonic
Full-length RNA-seq,Keratinocyte,chr15:65650727_G>A,3.383352041,1,5,SLC24A1,exonic
Full-length RNA-seq,Keratinocyte,chr15:67096309_G>A,3.142797232,1,5,SMAD3,intronic
Full-length RNA-seq,Keratinocyte,chr15:67165324_C>A,1.566100717,1,5,SMAD3,exonic
Full-length RNA-seq,Keratinocyte,chr15:74842085_C>T,7.259487629,1,5,ULK3,exonic
Full-length RNA-seq,Keratinocyte,chr15:77618629_G>A,3.077275276,1,5,LINGO1,intronic
Full-length RNA-seq,Keratinocyte,chr15:78264663_A>G,6.004178524,1,5,DNAJA4,UTR5
Full-length RNA-seq,Keratinocyte,chr15:82539982_C>T,1.355000019,1,5,RPS17,exonic
Full-length RNA-seq,Keratinocyte,chr15:82539997_G>T,2.89915514,1,5,RPS17,exonic
Full-length RNA-seq,Keratinocyte,chr15:84799189_T>C,3.220318556,1,5,ZNF592,exonic
Full-length RNA-seq,Keratinocyte,chr15:85533735_G>A,4.447907448,1,5,AKAP13,exonic
Full-length RNA-seq,Keratinocyte,chr15:90894023_T>A,7.052208424,1,5,FES,exonic
Full-length RNA-seq,Keratinocyte,chr15:92949793_T>A,2.203384876,1,5,CHD2,intronic
Full-length RNA-seq,Keratinocyte,chr16:15703519_C>G,6.230214596,1,11,MYH11,UTR3
Full-length RNA-seq,Keratinocyte,chr16:15838058_A>G,2.0708819629999997,2,11;5,MYH11,exonic
Full-length RNA-seq,Keratinocyte,chr16:18892239_A>T,4.1316246985,2,11;5,SMG1,exonic
Full-length RNA-seq,Keratinocyte,chr16:2264824_A>T,6.160634041,1,5,RNPS1,intronic
Full-length RNA-seq,Keratinocyte,chr16:24777080_C>A,7.561535358,1,5,TNRC6A,exonic
Full-length RNA-seq,Keratinocyte,chr16:28834519_G>A,3.766429186,1,5,ATXN2L,exonic
Full-length RNA-seq,Keratinocyte,chr16:28919885_C>T,4.334898472,1,5,RABEP2,exonic
Full-length RNA-seq,Keratinocyte,chr16:30070404_T>G,8.133296967,1,5,ALDOA;LOC112694756,UTR3
Full-length RNA-seq,Keratinocyte,chr16:30351445_A>G,1.431205153,1,5,CD2BP2,UTR3
Full-length RNA-seq,Keratinocyte,chr16:30711020_T>C,2.429072618,1,5,SRCAP,exonic
Full-length RNA-seq,Keratinocyte,chr16:30724105_T>A,2.112082481,1,5,SRCAP,exonic
Full-length RNA-seq,Keratinocyte,chr16:30729196_G>A,1.233119488,1,5,SRCAP,exonic
Full-length RNA-seq,Keratinocyte,chr16:31187410_T>A,4.404747009,1,5,FUS,intronic
Full-length RNA-seq,Keratinocyte,chr16:31187506_C>A,1.198473811,1,7,FUS,intronic
Full-length RNA-seq,Keratinocyte,chr16:50767131_T>A,4.66625452,1,5,CYLD,intronic
Full-length RNA-seq,Keratinocyte,chr16:56805571_G>A,2.791343212,1,5,NUP93,exonic
Full-length RNA-seq,Keratinocyte,chr16:58614693_A>G,2.716470003,1,5,CNOT1,intronic
Full-length RNA-seq,Keratinocyte,chr16:67036706_G>A,2.886314154,1,5,CBFB,exonic
Full-length RNA-seq,Keratinocyte,chr16:671166_G>A,6.475464344,1,5,RHOT2,exonic
Full-length RNA-seq,Keratinocyte,chr16:67195926_G>A,5.169130802,1,5,E2F4,exonic
Full-length RNA-seq,Keratinocyte,chr16:68801830_A>C,1.4622390866666666,3,11;5;7,CDH1,exonic
Full-length RNA-seq,Keratinocyte,chr16:68808714_G>A,2.985953569,1,5,CDH1,exonic
Full-length RNA-seq,Keratinocyte,chr16:69699852_A>G,5.024179935,1,5,NFAT5,UTR3
Full-length RNA-seq,Keratinocyte,chr16:81485419_T>A,13.59440422,1,5,CMIP,intronic
Full-length RNA-seq,Keratinocyte,chr16:81491509_T>A,1.206643105,1,5,CMIP,intronic
Full-length RNA-seq,Keratinocyte,chr16:81577438_A>C,0.839658976,1,5,CMIP,intronic
Full-length RNA-seq,Keratinocyte,chr16:863617_T>G,1.31394732,1,5,LMF1,intronic
Full-length RNA-seq,Keratinocyte,chr16:88609026_A>C,1.533564091,1,5,ZC3H18,exonic
Full-length RNA-seq,Keratinocyte,chr16:8899721_G>T,1.213940978,1,5,USP7,exonic
Full-length RNA-seq,Keratinocyte,chr16:89288319_G>T,6.418502331,1,5,ANKRD11,intronic
Full-length RNA-seq,Keratinocyte,chr16:89302786_A>G,1.777029037,1,5,ANKRD11,intronic
Full-length RNA-seq,Keratinocyte,chr16:89908779_T>A,8.566029549,1,5,TCF25,intronic
Full-length RNA-seq,Keratinocyte,chr16:89973258_G>A,4.741971016,1,5,AFG3L1P,ncRNA_intronic
Full-length RNA-seq,Keratinocyte,chr16:90111428_C>T,11.75526619,1,5,FAM157C,ncRNA_exonic
Full-length RNA-seq,Keratinocyte,chr17:1050592_A>T,8.157135963,1,5,ABR,exonic
Full-length RNA-seq,Keratinocyte,chr17:1344744_G>A,3.116410017,1,5,YWHAE,UTR3
Full-length RNA-seq,Keratinocyte,chr17:1345289_T>A,2.283866882,1,5,YWHAE,UTR3
Full-length RNA-seq,Keratinocyte,chr17:1364780_T>G,5.233003616,1,5,YWHAE,intronic
Full-length RNA-seq,Keratinocyte,chr17:15651269_A>T,6.431881348666667,3,11;5;7,TRIM16,exonic
Full-length RNA-seq,Keratinocyte,chr17:15999316_A>T,11.74671745,1,5,ZSWIM7,intronic
Full-length RNA-seq,Keratinocyte,chr17:16091949_C>T,5.034710407,1,5,NCOR1,exonic
Full-length RNA-seq,Keratinocyte,chr17:16382653_C>A,13.16954708,1,5,UBB,UTR3
Full-length RNA-seq,Keratinocyte,chr17:16818190_A>G,11.23034382,1,5,USP32P1;KRT16P2,intergenic
Full-length RNA-seq,Keratinocyte,chr17:16819508_C>T,20.31646729,1,5,USP32P1;KRT16P2,intergenic
Full-length RNA-seq,Keratinocyte,chr17:16819519_T>C,33.21177673,1,5,USP32P1;KRT16P2,intergenic
Full-length RNA-seq,Keratinocyte,chr17:16819527_G>T,2.101347923,1,5,USP32P1;KRT16P2,intergenic
Full-length RNA-seq,Keratinocyte,chr17:16820005_C>G,27.8566761,1,5,USP32P1;KRT16P2,intergenic
Full-length RNA-seq,Keratinocyte,chr17:16822288_A>C,17.39761925,1,5,USP32P1;KRT16P2,intergenic
Full-length RNA-seq,Keratinocyte,chr17:29482242_T>C,1.583361626,1,5,TAOK1,exonic
Full-length RNA-seq,Keratinocyte,chr17:32377914_G>A,7.877332687,1,5,ZNF207,UTR3
Full-length RNA-seq,Keratinocyte,chr17:32876413_C>T,1.389337063,1,5,MYO1D,intronic
Full-length RNA-seq,Keratinocyte,chr17:39204159_G>A,3.995288134,1,5,RPL19,exonic
Full-length RNA-seq,Keratinocyte,chr17:40487242_C>T,3.890885115,1,5,TNS4,exonic
Full-length RNA-seq,Keratinocyte,chr17:40496218_G>C,1.525887609,1,5,TNS4,exonic
Full-length RNA-seq,Keratinocyte,chr17:40496220_G>C,16.40225792,1,5,TNS4,exonic
Full-length RNA-seq,Keratinocyte,chr17:40818895_G>C,18.12050247,1,5,KRT10,exonic
Full-length RNA-seq,Keratinocyte,chr17:40818965_C>T,23.21185684,1,5,KRT10,exonic
Full-length RNA-seq,Keratinocyte,chr17:40819076_G>C,14.57811546,1,5,KRT10,exonic
Full-length RNA-seq,Keratinocyte,chr17:40820083_G>T,2.201725721,1,5,KRT10,exonic
Full-length RNA-seq,Keratinocyte,chr17:40820128_G>T,23.76924515,1,5,KRT10,exonic
Full-length RNA-seq,Keratinocyte,chr17:40820334_A>G,2.825200319,1,5,KRT10,exonic
Full-length RNA-seq,Keratinocyte,chr17:40820516_C>T,13.25553417,1,5,KRT10,exonic
Full-length RNA-seq,Keratinocyte,chr17:40820518_T>C,4.854465008,1,5,KRT10,exonic
Full-length RNA-seq,Keratinocyte,chr17:40820666_A>C,1.625638008,1,5,KRT10,exonic
Full-length RNA-seq,Keratinocyte,chr17:40822030_C>T,9.014626503,1,5,KRT10,exonic
Full-length RNA-seq,Keratinocyte,chr17:40822210_C>T,22.45773697,1,5,KRT10,exonic
Full-length RNA-seq,Keratinocyte,chr17:40822381_C>T,19.3681488,1,5,KRT10,exonic
Full-length RNA-seq,Keratinocyte,chr17:40822543_G>T,17.86006737,1,5,KRT10,exonic
Full-length RNA-seq,Keratinocyte,chr17:41582342_C>T,12.22988796,1,5,KRT14,UTR3
Full-length RNA-seq,Keratinocyte,chr17:41586376_C>T,1.081191301,1,5,KRT14,exonic
Full-length RNA-seq,Keratinocyte,chr17:41586470_A>C,8.044857979,1,5,KRT14,exonic
Full-length RNA-seq,Keratinocyte,chr17:41611108_C>T,16.55332184,1,5,KRT16,exonic
Full-length RNA-seq,Keratinocyte,chr17:41611113_C>T,6.882022858,1,5,KRT16,exonic
Full-length RNA-seq,Keratinocyte,chr17:41611500_A>C,15.93864536,1,5,KRT16,exonic
Full-length RNA-seq,Keratinocyte,chr17:41612314_A>G,7.949230194,1,5,KRT16,exonic
Full-length RNA-seq,Keratinocyte,chr17:41612345_C>T,14.3069849,1,5,KRT16,exonic
Full-length RNA-seq,Keratinocyte,chr17:41612469_T>A,4.351089001,1,5,KRT16,exonic
Full-length RNA-seq,Keratinocyte,chr17:41621653_G>T,12.60473633,1,5,KRT17,exonic
Full-length RNA-seq,Keratinocyte,chr17:41624111_C>G,1.373486042,1,5,KRT17,exonic
Full-length RNA-seq,Keratinocyte,chr17:41624134_C>T,9.072816849,1,5,KRT17,exonic
Full-length RNA-seq,Keratinocyte,chr17:41624238_A>C,5.216011524,1,5,KRT17,exonic
Full-length RNA-seq,Keratinocyte,chr17:41624246_C>T,7.362838268,1,5,KRT17,exonic
Full-length RNA-seq,Keratinocyte,chr17:41624340_T>C,0.922950685,1,5,KRT17,exonic
Full-length RNA-seq,Keratinocyte,chr17:41757480_G>T,3.824680328,1,5,JUP,exonic
Full-length RNA-seq,Keratinocyte,chr17:41769433_G>T,5.078734398,1,5,JUP,exonic
Full-length RNA-seq,Keratinocyte,chr17:41769648_C>T,8.149650574,1,5,JUP,exonic
Full-length RNA-seq,Keratinocyte,chr17:41785841_G>A,15.85677624,1,5,JUP,intronic
Full-length RNA-seq,Keratinocyte,chr17:41786667_T>C,1.3463534913333333,3,11;5;7,JUP,UTR5
Full-length RNA-seq,Keratinocyte,chr17:44399947_C>G,4.362540722,1,5,GPATCH8,exonic
Full-length RNA-seq,Keratinocyte,chr17:45148751_G>A,1.273756742,1,5,HEXIM1,UTR5
Full-length RNA-seq,Keratinocyte,chr17:45148988_C>T,8.677442551,1,5,HEXIM1,UTR5
Full-length RNA-seq,Keratinocyte,chr17:4892407_G>A,7.64350462,1,5,MINK1,exonic
Full-length RNA-seq,Keratinocyte,chr17:48927831_A>G,3.81306386,1,5,UBE2Z,UTR3
Full-length RNA-seq,Keratinocyte,chr17:50184307_C>T,1.117046118,1,7,COL1A1,UTR3
Full-length RNA-seq,Keratinocyte,chr17:50189238_C>A,1.421416283,1,7,COL1A1,exonic
Full-length RNA-seq,Keratinocyte,chr17:50195081_C>T,0.393365294,1,7,COL1A1,exonic
Full-length RNA-seq,Keratinocyte,chr17:50995115_C>T,2.136337042,1,5,SPAG9,exonic
Full-length RNA-seq,Keratinocyte,chr17:57979249_C>T,1.682970881,1,5,VEZF1,exonic
Full-length RNA-seq,Keratinocyte,chr17:58323371_A>T,6.542192936,1,5,TSPOAP1,exonic
Full-length RNA-seq,Keratinocyte,chr17:59681322_T>A,7.961441517,1,5,CLTC,exonic
Full-length RNA-seq,Keratinocyte,chr17:63798151_T>C,9.386198044,1,5,DDX42,intronic
Full-length RNA-seq,Keratinocyte,chr17:642964_T>C,1.587150335,1,5,VPS53,intronic
Full-length RNA-seq,Keratinocyte,chr17:6758457_G>A,14.30050278,1,5,XAF1,intronic
Full-length RNA-seq,Keratinocyte,chr17:72121684_C>A,1.863217493,3,11;5;7,SOX9,exonic
Full-length RNA-seq,Keratinocyte,chr17:7487699_T>A,10.12691402,1,5,POLR2A,intronic
Full-length RNA-seq,Keratinocyte,chr17:748823_A>G,4.6594269275,2,11;5,GEMIN4,intronic
Full-length RNA-seq,Keratinocyte,chr17:748836_C>A,3.435410738,2,11;5,GEMIN4,intronic
Full-length RNA-seq,Keratinocyte,chr17:749415_A>G,5.152420918000001,3,11;5;7,GEMIN4,intronic
Full-length RNA-seq,Keratinocyte,chr17:7514031_A>T,10.58565331,1,5,POLR2A,exonic
Full-length RNA-seq,Keratinocyte,chr17:76718649_C>T,7.674029827,1,5,JMJD6,UTR3
Full-length RNA-seq,Keratinocyte,chr17:783097_T>C,7.02543211,1,5,MRM3,exonic
Full-length RNA-seq,Keratinocyte,chr17:7847888_T>G,3.807121038,1,5,KDM6B,exonic
Full-length RNA-seq,Keratinocyte,chr17:7860608_T>C,1.268793464,2,5;7,CYB5D1,UTR3
Full-length RNA-seq,Keratinocyte,chr17:78775809_A>G,1.846660972,1,5,CYTH1,intronic
Full-length RNA-seq,Keratinocyte,chr17:7900342_G>C,2.979430437,1,5,CHD3,exonic
Full-length RNA-seq,Keratinocyte,chr17:80339915_C>A,5.567782402,1,5,RNF213,exonic
Full-length RNA-seq,Keratinocyte,chr17:80385119_C>A,2.429035425,1,5,RNF213,exonic
Full-length RNA-seq,Keratinocyte,chr17:8150557_A>G,5.658725739,1,5,PER1,exonic
Full-length RNA-seq,Keratinocyte,chr17:81510816_C>G,8.59055233,1,5,ACTG1,exonic
Full-length RNA-seq,Keratinocyte,chr17:8154092_A>T,7.182835579,1,5,PER1;VAMP2,intergenic
Full-length RNA-seq,Keratinocyte,chr17:81690207_G>C,8.867320061,1,5,HGS,exonic
Full-length RNA-seq,Keratinocyte,chr17:81859668_A>T,2.0927877226666665,3,11;5;7,P4HB,intronic
Full-length RNA-seq,Keratinocyte,chr17:8486168_G>A,2.359596252,1,5,MYH10,intronic
Full-length RNA-seq,Keratinocyte,chr18:13008509_T>A,0.456659257,1,5,CEP192,exonic
Full-length RNA-seq,Keratinocyte,chr18:26244626_G>A,8.206296921,1,5,TAF4B,intronic
Full-length RNA-seq,Keratinocyte,chr18:2697921_G>A,0.562093616,1,7,SMCHD1,exonic
Full-length RNA-seq,Keratinocyte,chr18:31001671_C>T,4.600831509,1,5,DSC3,exonic
Full-length RNA-seq,Keratinocyte,chr18:31004358_C>T,6.438213825,1,5,DSC3,exonic
Full-length RNA-seq,Keratinocyte,chr18:31012545_A>T,20.78256989,1,5,DSC3,intronic
Full-length RNA-seq,Keratinocyte,chr18:31022425_A>G,11.38505936,1,5,DSC3,exonic
Full-length RNA-seq,Keratinocyte,chr18:31024413_A>G,1.235068917,1,5,DSC3,exonic
Full-length RNA-seq,Keratinocyte,chr18:31032213_C>T,1.184067249,1,5,DSC3,exonic
Full-length RNA-seq,Keratinocyte,chr18:31457028_G>A,13.48141289,1,5,DSG3,exonic
Full-length RNA-seq,Keratinocyte,chr18:45954623_A>T,1.056864381,1,5,EPG5,exonic
Full-length RNA-seq,Keratinocyte,chr18:49562364_C>T,9.441669464,1,5,LIPG,exonic
Full-length RNA-seq,Keratinocyte,chr18:49565433_C>A,1.079081297,1,5,LIPG,exonic
Full-length RNA-seq,Keratinocyte,chr18:50269085_T>G,12.27759171,1,5,MBD1,UTR3
Full-length RNA-seq,Keratinocyte,chr18:55403509_T>G,0.25427115,1,7,TCF4,exonic
Full-length RNA-seq,Keratinocyte,chr18:58248905_A>C,4.80412817,1,5,NEDD4L,exonic
Full-length RNA-seq,Keratinocyte,chr18:58341050_T>C,1.489127278,1,5,NEDD4L,exonic
Full-length RNA-seq,Keratinocyte,chr18:59900342_G>A,1.903022647,1,5,PMAIP1,exonic
Full-length RNA-seq,Keratinocyte,chr18:63492984_T>C,9.457634926,1,5,SERPINB5,exonic
Full-length RNA-seq,Keratinocyte,chr18:63902932_A>G,1.704324126,1,5,SERPINB2,exonic
Full-length RNA-seq,Keratinocyte,chr18:77104546_G>C,2.42035079,1,5,MBP,intronic
Full-length RNA-seq,Keratinocyte,chr18:79425201_C>G,0.686271429,1,5,NFATC1,intronic
Full-length RNA-seq,Keratinocyte,chr18:79887062_A>G,0.71568346,1,7,KCNG2,intronic
Full-length RNA-seq,Keratinocyte,chr18:79887078_G>A,3.684812069,1,5,KCNG2,intronic
Full-length RNA-seq,Keratinocyte,chr18:79894017_T>G,2.312061787,1,5,KCNG2,intronic
Full-length RNA-seq,Keratinocyte,chr18:79896998_C>T,1.2335540054999998,2,11;5,KCNG2,intronic
Full-length RNA-seq,Keratinocyte,chr18:9563014_C>T,1.660997629,1,5,PPP4R1,intronic
Full-length RNA-seq,Keratinocyte,chr19:10087256_A>C,3.868385792,1,5,SHFL,exonic
Full-length RNA-seq,Keratinocyte,chr19:10107591_G>A,7.524552822,1,5,PPAN;PPAN-P2RY11,exonic
Full-length RNA-seq,Keratinocyte,chr19:11940494_G>A,11.10027313,1,5,ZNF700,intronic
Full-length RNA-seq,Keratinocyte,chr19:12891965_C>A,3.504059076,1,5,GCDH,exonic
Full-length RNA-seq,Keratinocyte,chr19:12940104_A>G,2.243745804,1,5,CALR,exonic
Full-length RNA-seq,Keratinocyte,chr19:13153574_G>A,3.609291315,1,5,IER2,exonic
Full-length RNA-seq,Keratinocyte,chr19:1440201_G>A,5.671930313,1,5,RPS15,exonic
Full-length RNA-seq,Keratinocyte,chr19:14564214_T>G,1.27950573,1,5,TECR,exonic
Full-length RNA-seq,Keratinocyte,chr19:15187316_A>G,7.820801735,1,5,NOTCH3,exonic
Full-length RNA-seq,Keratinocyte,chr19:15933925_G>C,0.529494822,1,5,CYP4F11,intronic
Full-length RNA-seq,Keratinocyte,chr19:16525393_C>T,0.419495791,1,5,CHERP,exonic
Full-length RNA-seq,Keratinocyte,chr19:17860592_T>C,6.191628456,1,5,RPL18A,intronic
Full-length RNA-seq,Keratinocyte,chr19:17863174_T>A,7.064136982,1,5,RPL18A,exonic
Full-length RNA-seq,Keratinocyte,chr19:18280686_C>T,6.953397274,1,5,JUND,exonic
Full-length RNA-seq,Keratinocyte,chr19:2038881_C>T,11.57430649,1,5,MKNK2,UTR3
Full-length RNA-seq,Keratinocyte,chr19:2200865_C>T,6.884815693,1,5,DOT1L,intronic
Full-length RNA-seq,Keratinocyte,chr19:2200977_T>G,5.575350285,1,5,DOT1L,intronic
Full-length RNA-seq,Keratinocyte,chr19:2210764_G>A,13.33532238,1,5,DOT1L,exonic
Full-length RNA-seq,Keratinocyte,chr19:2477136_A>G,9.629220009,1,5,GADD45B,exonic
Full-length RNA-seq,Keratinocyte,chr19:2477593_G>C,5.187878132,1,5,GADD45B,exonic
Full-length RNA-seq,Keratinocyte,chr19:3148769_G>C,10.90641689,1,5,GNA15,exonic
Full-length RNA-seq,Keratinocyte,chr19:3156205_A>C,0.739066064,1,5,GNA15,intronic
Full-length RNA-seq,Keratinocyte,chr19:3529644_A>G,18.65808868,1,5,FZR1,intronic
Full-length RNA-seq,Keratinocyte,chr19:3530423_C>G,1.487280011,1,5,FZR1,intronic
Full-length RNA-seq,Keratinocyte,chr19:3530638_A>G,11.12565231,1,5,FZR1,intronic
Full-length RNA-seq,Keratinocyte,chr19:35527135_C>T,29.24450302,1,5,SBSN,exonic
Full-length RNA-seq,Keratinocyte,chr19:35527475_A>G,39.14743423,1,5,SBSN,exonic
Full-length RNA-seq,Keratinocyte,chr19:35527628_C>G,20.29436111,1,5,SBSN,exonic
Full-length RNA-seq,Keratinocyte,chr19:35721771_G>A,5.632201195,1,5,KMT2B,exonic
Full-length RNA-seq,Keratinocyte,chr19:38831359_G>T,4.731900215,1,5,ECH1,exonic
Full-length RNA-seq,Keratinocyte,chr19:38849854_G>C,4.472765446,1,5,HNRNPL,exonic
Full-length RNA-seq,Keratinocyte,chr19:39411719_T>A,0.189591944,1,7,PLEKHG2,upstream
Full-length RNA-seq,Keratinocyte,chr19:39426113_G>A,2.232631207,1,5,PLEKHG2,UTR3
Full-length RNA-seq,Keratinocyte,chr19:39839151_C>T,1.942187548,1,5,FBL,exonic
Full-length RNA-seq,Keratinocyte,chr19:41322965_T>G,3.427792311,1,5,CCDC97,UTR3
Full-length RNA-seq,Keratinocyte,chr19:41892670_C>A,2.061382771,1,5,ARHGEF1,exonic
Full-length RNA-seq,Keratinocyte,chr19:43464430_A>T,9.966351509,1,5,LYPD3,exonic
Full-length RNA-seq,Keratinocyte,chr19:43502271_G>A,10.36297989,1,5,PHLDB3,exonic
Full-length RNA-seq,Keratinocyte,chr19:43665418_A>T,9.357096672,1,5,PLAUR,exonic
Full-length RNA-seq,Keratinocyte,chr19:47113704_G>A,5.224605083,1,5,ZC3H4,intronic
Full-length RNA-seq,Keratinocyte,chr19:47229498_T>A,2.906894445,1,5,BBC3,intronic
Full-length RNA-seq,Keratinocyte,chr19:47230284_C>A,6.587368965,1,5,BBC3,intronic
Full-length RNA-seq,Keratinocyte,chr19:48873719_A>G,9.1730299,1,5,PPP1R15A,exonic
Full-length RNA-seq,Keratinocyte,chr19:48873953_T>C,8.888987541,1,5,PPP1R15A,exonic
Full-length RNA-seq,Keratinocyte,chr19:48874064_A>C,10.86194801,1,5,PPP1R15A,exonic
Full-length RNA-seq,Keratinocyte,chr19:48874194_G>A,7.800202847,1,5,PPP1R15A,exonic
Full-length RNA-seq,Keratinocyte,chr19:48874406_T>A,11.6035614,1,5,PPP1R15A,exonic
Full-length RNA-seq,Keratinocyte,chr19:48874505_T>A,4.426367283,1,5,PPP1R15A,exonic
Full-length RNA-seq,Keratinocyte,chr19:48874718_T>A,3.509367228,1,5,PPP1R15A,exonic
Full-length RNA-seq,Keratinocyte,chr19:48875290_C>T,7.2305803300000004,1,5,PPP1R15A,intronic
Full-length RNA-seq,Keratinocyte,chr19:48956271_G>A,2.324213266,1,5,BAX,exonic
Full-length RNA-seq,Keratinocyte,chr19:49490290_A>C,2.654641151,1,5,RPL13A,exonic
Full-length RNA-seq,Keratinocyte,chr19:49490841_G>A,3.238545895,1,5,RPL13A,exonic
Full-length RNA-seq,Keratinocyte,chr19:49490845_T>A,1.004272103,1,5,RPL13A,exonic
Full-length RNA-seq,Keratinocyte,chr19:49491738_A>C,2.1255875825,2,5;7,RPL13A,exonic
Full-length RNA-seq,Keratinocyte,chr19:49870580_C>T,0.674930692,1,5,AKT1S1,intronic
Full-length RNA-seq,Keratinocyte,chr19:5121444_G>A,2.501583815,1,5,KDM4B,intronic
Full-length RNA-seq,Keratinocyte,chr19:5152863_T>C,3.715497494,1,5,KDM4B,UTR3
Full-length RNA-seq,Keratinocyte,chr19:51968664_G>T,9.255075455,1,5,ZNF350,exonic
Full-length RNA-seq,Keratinocyte,chr19:55661632_C>T,10.50859547,1,5,U2AF2,intronic
Full-length RNA-seq,Keratinocyte,chr19:55670501_G>C,0.273361653,1,7,U2AF2,intronic
Full-length RNA-seq,Keratinocyte,chr19:5567152_A>T,3.244536877,1,5,TINCR,ncRNA_intronic
Full-length RNA-seq,Keratinocyte,chr19:5691534_G>A,1.062163115,1,5,RPL36,exonic
Full-length RNA-seq,Keratinocyte,chr19:5691653_A>G,3.546205997,1,5,RPL36,UTR3
Full-length RNA-seq,Keratinocyte,chr19:5924873_G>T,1.955507278,1,5,RANBP3,exonic
Full-length RNA-seq,Keratinocyte,chr19:816502_C>T,2.4191432,1,5,PLPPR3,intronic
Full-length RNA-seq,Keratinocyte,chr19:8824200_C>G,12.76937866,1,5,ZNF558,UTR5
Full-length RNA-seq,Keratinocyte,chr1:10178797_G>A,2.977345705,1,5,UBE4B,exonic
Full-length RNA-seq,Keratinocyte,chr1:11248059_C>T,8.768647194,1,5,MTOR,exonic
Full-length RNA-seq,Keratinocyte,chr1:113941221_A>C,21.89413643,1,5,HIPK1,exonic
Full-length RNA-seq,Keratinocyte,chr1:113975135_T>C,3.808138371,1,5,HIPK1,UTR3
Full-length RNA-seq,Keratinocyte,chr1:114669584_A>C,22.83226395,1,5,DENND2C,intronic
Full-length RNA-seq,Keratinocyte,chr1:117405613_T>C,7.36960268,1,5,MAN1A2,exonic
Full-length RNA-seq,Keratinocyte,chr1:1391042_C>T,7.068135738,1,5,CCNL2,UTR5
Full-length RNA-seq,Keratinocyte,chr1:146376990_C>T,3.7459563413333337,3,11;5;7,RNU1-1;RNU1-2;RNU1-3;RNU1-4;RNVU1-18,downstream
Full-length RNA-seq,Keratinocyte,chr1:146963201_G>A,8.483979225,1,5,NBPF12,exonic
Full-length RNA-seq,Keratinocyte,chr1:1478078_T>A,1.963384032,1,5,ATAD3B,UTR5
Full-length RNA-seq,Keratinocyte,chr1:149057754_G>C,1.653580785,1,5,NBPF9,intronic
Full-length RNA-seq,Keratinocyte,chr1:149390832_A>C,10.20447445,1,5,NOTCH2NLC,exonic
Full-length RNA-seq,Keratinocyte,chr1:151983010_G>T,10.8578949,1,5,S100A10,UTR3
Full-length RNA-seq,Keratinocyte,chr1:152032598_G>A,5.05167675,1,5,S100A11,UTR3
Full-length RNA-seq,Keratinocyte,chr1:152910138_A>C,75.56887054,1,5,IVL,exonic
Full-length RNA-seq,Keratinocyte,chr1:153056526_C>G,17.95680809,1,5,SPRR2A,exonic
Full-length RNA-seq,Keratinocyte,chr1:153457867_A>G,34.397995,1,5,S100A7,exonic
Full-length RNA-seq,Keratinocyte,chr1:153607119_C>T,1.751516581,1,5,S100A16,UTR3
Full-length RNA-seq,Keratinocyte,chr1:153991656_G>A,3.380790949,1,5,RPS27,exonic
Full-length RNA-seq,Keratinocyte,chr1:153992090_C>A,1.3659269913333334,3,11;5;7,RPS27,exonic
Full-length RNA-seq,Keratinocyte,chr1:154182842_A>T,8.373659134,1,5,TPM3,intronic
Full-length RNA-seq,Keratinocyte,chr1:154963039_A>G,1.603598714,1,5,SHC1,UTR3
Full-length RNA-seq,Keratinocyte,chr1:156154748_T>C,2.3469133380000002,2,11;5,SEMA4A,intronic
Full-length RNA-seq,Keratinocyte,chr1:156479726_A>T,3.443616152,1,5,MEF2D,exonic
Full-length RNA-seq,Keratinocyte,chr1:1595868_C>G,8.202241898,1,5,SSU72;FNDC10,intergenic
Full-length RNA-seq,Keratinocyte,chr1:16132246_G>A,9.365140915,1,5,EPHA2,exonic
Full-length RNA-seq,Keratinocyte,chr1:16133548_C>A,1.778096676,1,5,EPHA2,exonic
Full-length RNA-seq,Keratinocyte,chr1:161525548_C>A,7.748470783,1,5,HSPA6,exonic
Full-length RNA-seq,Keratinocyte,chr1:161525727_A>T,7.123771667,1,5,HSPA6,exonic
Full-length RNA-seq,Keratinocyte,chr1:161525740_T>C,6.0217309,1,5,HSPA6,exonic
Full-length RNA-seq,Keratinocyte,chr1:161526327_G>C,4.129626751,1,5,HSPA6,exonic
Full-length RNA-seq,Keratinocyte,chr1:161607867_G>A,0.735203207,1,5,HSPA7,ncRNA_exonic
Full-length RNA-seq,Keratinocyte,chr1:1645163_T>C,13.54023647,1,5,CDK11B,exonic
Full-length RNA-seq,Keratinocyte,chr1:169481432_A>T,7.09250164,1,5,SLC19A2,intronic
Full-length RNA-seq,Keratinocyte,chr1:171557329_C>A,0.877076745,1,7,PRRC2C,exonic
Full-length RNA-seq,Keratinocyte,chr1:171592444_C>G,14.34271717,1,5,PRRC2C,UTR3
Full-length RNA-seq,Keratinocyte,chr1:179130910_C>T,3.511185408,1,5,ABL2,intronic
Full-length RNA-seq,Keratinocyte,chr1:179846583_C>T,1.828779697,1,5,TOR1AIP2,exonic
Full-length RNA-seq,Keratinocyte,chr1:180988328_C>T,1.511720419,1,5,STX6,exonic
Full-length RNA-seq,Keratinocyte,chr1:181089115_G>A,9.71142292,1,5,IER5,exonic
Full-length RNA-seq,Keratinocyte,chr1:182383343_A>G,1.360139132,1,5,GLUL,UTR3
Full-length RNA-seq,Keratinocyte,chr1:183207889_T>A,10.96452522,1,5,LAMC2,exonic
Full-length RNA-seq,Keratinocyte,chr1:183208028_G>C,2.569382191,1,5,LAMC2,exonic
Full-length RNA-seq,Keratinocyte,chr1:183218520_G>A,1.662077665,1,5,LAMC2,intronic
Full-length RNA-seq,Keratinocyte,chr1:184894144_T>G,2.894256592,1,5,NIBAN1,exonic
Full-length RNA-seq,Keratinocyte,chr1:185300545_T>G,2.062608242,1,5,IVNS1ABP,exonic
Full-length RNA-seq,Keratinocyte,chr1:186344437_T>G,4.483798027,1,5,TPR,exonic
Full-length RNA-seq,Keratinocyte,chr1:186675968_T>C,7.063276291,1,5,PTGS2,exonic
Full-length RNA-seq,Keratinocyte,chr1:18925857_T>A,3.52557373,1,5,IFFO2,intronic
Full-length RNA-seq,Keratinocyte,chr1:19150738_A>G,6.352362156,1,5,UBR4,exonic
Full-length RNA-seq,Keratinocyte,chr1:198206461_T>A,3.757786274,1,5,NEK7,intronic
Full-length RNA-seq,Keratinocyte,chr1:202966091_C>T,10.54848671,1,5,CYB5R1,intronic
Full-length RNA-seq,Keratinocyte,chr1:203309052_C>A,6.182199478,1,5,BTG2,UTR3
Full-length RNA-seq,Keratinocyte,chr1:203309401_A>G,6.799465497333333,3,11;5;7,BTG2,UTR3
Full-length RNA-seq,Keratinocyte,chr1:203743868_T>C,16.20599937,1,5,ATP2B4,UTR3
Full-length RNA-seq,Keratinocyte,chr1:207322416_C>A,7.419505119,1,5,CD55,exonic
Full-length RNA-seq,Keratinocyte,chr1:207328083_C>T,8.732757568,1,5,CD55,intronic
Full-length RNA-seq,Keratinocyte,chr1:209756131_C>T,9.47703743,1,5,TRAF3IP3,UTR5
Full-length RNA-seq,Keratinocyte,chr1:209796403_C>T,12.79975128,1,5,IRF6,exonic
Full-length RNA-seq,Keratinocyte,chr1:222644708_A>C,4.574849129,1,5,MIA3,intronic
Full-length RNA-seq,Keratinocyte,chr1:235078290_G>A,9.864515305,1,5,LINC01348;TOMM20,intergenic
Full-length RNA-seq,Keratinocyte,chr1:23694774_G>A,1.762214541,1,5,RPL11,exonic
Full-length RNA-seq,Keratinocyte,chr1:244401724_C>T,5.494053364,1,5,C1orf100;ADSS2,intergenic
Full-length RNA-seq,Keratinocyte,chr1:244851594_A>G,0.823499501,1,5,HNRNPU,UTR3
Full-length RNA-seq,Keratinocyte,chr1:26772586_C>A,6.22270298,1,5,ARID1A,exonic
Full-length RNA-seq,Keratinocyte,chr1:26863221_A>T,1.672871709,1,5,SFN,exonic
Full-length RNA-seq,Keratinocyte,chr1:26863413_G>A,8.715109825,1,5,SFN,exonic
Full-length RNA-seq,Keratinocyte,chr1:26863693_G>A,14.68872738,1,5,SFN,exonic
Full-length RNA-seq,Keratinocyte,chr1:27322477_G>A,0.730734169,1,5,TMEM222,intronic
Full-length RNA-seq,Keratinocyte,chr1:31644197_C>T,2.130369425,1,5,PEF1,intronic
Full-length RNA-seq,Keratinocyte,chr1:32335074_A>G,4.357110977,1,5,MARCKSL1,exonic
Full-length RNA-seq,Keratinocyte,chr1:32335080_T>G,0.874099602,3,11;5;7,MARCKSL1,exonic
Full-length RNA-seq,Keratinocyte,chr1:32384309_T>G,12.59809399,1,5,BSDC1,intronic
Full-length RNA-seq,Keratinocyte,chr1:36161918_A>T,6.767073631,1,5,MAP7D1,intronic
Full-length RNA-seq,Keratinocyte,chr1:39385745_G>A,1.482802987,1,11,MACF1,exonic
Full-length RNA-seq,Keratinocyte,chr1:42929713_C>T,6.40261364,1,5,SLC2A1,exonic
Full-length RNA-seq,Keratinocyte,chr1:42929716_A>T,0.86978811,1,5,SLC2A1,exonic
Full-length RNA-seq,Keratinocyte,chr1:42958641_C>T,0.582021475,1,7,SLC2A1,exonic
Full-length RNA-seq,Keratinocyte,chr1:43440549_C>A,2.138152599,1,5,SZT2,exonic
Full-length RNA-seq,Keratinocyte,chr1:44776094_A>G,7.224068642,1,5,RPS8,exonic
Full-length RNA-seq,Keratinocyte,chr1:45521093_C>T,1.079986095,1,5,PRDX1,intronic
Full-length RNA-seq,Keratinocyte,chr1:45608517_G>A,1.969909072,1,5,NASP,intronic
Full-length RNA-seq,Keratinocyte,chr1:51789225_C>T,15.44032001,1,5,NRDC,UTR3
Full-length RNA-seq,Keratinocyte,chr1:58781663_G>C,0.7654429819999999,2,11;7,JUN,UTR3
Full-length RNA-seq,Keratinocyte,chr1:58782574_T>C,13.90988922,1,5,JUN,exonic
Full-length RNA-seq,Keratinocyte,chr1:58782847_T>A,14.82723713,1,5,JUN,exonic
Full-length RNA-seq,Keratinocyte,chr1:61864331_G>C,7.332361698,1,5,PATJ,exonic
Full-length RNA-seq,Keratinocyte,chr1:629212_A>G,7.593129158,1,5,LOC101928626,upstream
Full-length RNA-seq,Keratinocyte,chr1:630318_A>C,8.135033607,1,5,LOC101928626;MIR12136,intergenic
Full-length RNA-seq,Keratinocyte,chr1:67685489_T>A,6.792372227,1,5,GADD45A,UTR5
Full-length RNA-seq,Keratinocyte,chr1:70231621_C>T,3.468665123,1,5,SRSF11,intronic
Full-length RNA-seq,Keratinocyte,chr1:7835900_G>A,5.951255798,1,5,PER3,exonic
Full-length RNA-seq,Keratinocyte,chr1:7985061_G>A,9.930084229,1,5,PARK7,UTR3
Full-length RNA-seq,Keratinocyte,chr1:89052854_T>G,0.512458742,1,5,GBP1,UTR3
Full-length RNA-seq,Keratinocyte,chr1:89122839_A>G,3.5042868855,2,11;5,GBP2,intronic
Full-length RNA-seq,Keratinocyte,chr1:93674692_C>T,11.94510746,1,5,BCAR3,exonic
Full-length RNA-seq,Keratinocyte,chr1:97573865_C>G,3.14623189,1,5,DPYD,exonic
Full-length RNA-seq,Keratinocyte,chr20:19935572_G>A,9.522086143,1,5,RIN2,intronic
Full-length RNA-seq,Keratinocyte,chr20:25218551_T>A,0.741313577,1,5,ENTPD6,exonic
Full-length RNA-seq,Keratinocyte,chr20:32195806_T>A,1.187656879,1,5,PLAGL2,UTR3
Full-length RNA-seq,Keratinocyte,chr20:35004890_G>C,1.155714631,1,5,TRPC4AP,intronic
Full-length RNA-seq,Keratinocyte,chr20:37510425_A>G,10.13779259,1,5,SRC;BLCAP,intergenic
Full-length RNA-seq,Keratinocyte,chr20:37527238_A>C,1.402596951,1,5,BLCAP,intronic
Full-length RNA-seq,Keratinocyte,chr20:40688612_G>C,6.178568363,1,5,MAFB,exonic
Full-length RNA-seq,Keratinocyte,chr20:41100238_T>C,4.333978176,1,5,TOP1,exonic
Full-length RNA-seq,Keratinocyte,chr20:43463045_T>C,5.279641628,1,5,SRSF6,UTR3
Full-length RNA-seq,Keratinocyte,chr20:43673866_T>C,0.75352484,1,5,MYBL2,exonic
Full-length RNA-seq,Keratinocyte,chr20:48976067_T>C,14.88564301,1,5,ARFGEF2,exonic
Full-length RNA-seq,Keratinocyte,chr20:50894047_A>T,0.677932918,1,5,ADNP,exonic
Full-length RNA-seq,Keratinocyte,chr20:50928619_C>T,11.89448547,1,5,ADNP,intronic
Full-length RNA-seq,Keratinocyte,chr20:57676007_A>G,1.265558958,1,5,PMEPA1,intronic
Full-length RNA-seq,Keratinocyte,chr20:59035033_C>T,15.27874756,1,5,PRELID3B,exonic
Full-length RNA-seq,Keratinocyte,chr20:62312212_G>A,5.773652554,1,5,LAMA5,exonic
Full-length RNA-seq,Keratinocyte,chr21:26839930_T>G,2.139079809,1,5,ADAMTS1,exonic
Full-length RNA-seq,Keratinocyte,chr21:29067657_C>G,5.887777328,1,5,CCT8,exonic
Full-length RNA-seq,Keratinocyte,chr21:31252041_C>T,6.690380096,1,5,TIAM1,exonic
Full-length RNA-seq,Keratinocyte,chr21:31266235_G>T,16.92163277,1,5,TIAM1,exonic
Full-length RNA-seq,Keratinocyte,chr21:31692030_A>T,13.35524654,1,5,SCAF4,intronic
Full-length RNA-seq,Keratinocyte,chr21:34790287_C>T,0.775216997,1,7,RUNX1,UTR3
Full-length RNA-seq,Keratinocyte,chr21:38817085_A>C,6.240156651,1,5,ETS2,exonic
Full-length RNA-seq,Keratinocyte,chr21:39197153_A>T,12.10120296,1,5,BRWD1,exonic
Full-length RNA-seq,Keratinocyte,chr21:46004537_T>A,0.469535559,1,7,COL6A1,UTR3
Full-length RNA-seq,Keratinocyte,chr21:8254322_A>C,4.472317219,1,5,RNA28SN5,ncRNA_intronic
Full-length RNA-seq,Keratinocyte,chr21:8988481_C>T,2.494218826,1,5,MIR10396A;MIR10396B,downstream
Full-length RNA-seq,Keratinocyte,chr22:20714688_G>T,31.66798973,1,5,PI4KA,exonic
Full-length RNA-seq,Keratinocyte,chr22:24084654_T>A,1.113230824,1,5,CABIN1,exonic
Full-length RNA-seq,Keratinocyte,chr22:35659440_G>A,6.146104813,1,5,APOL6,exonic
Full-length RNA-seq,Keratinocyte,chr22:36305548_C>T,2.3723618385,2,11;5,MYH9,intronic
Full-length RNA-seq,Keratinocyte,chr22:38866327_G>T,10.69140625,1,5,CBX6,exonic
Full-length RNA-seq,Keratinocyte,chr22:39312975_T>G,3.331900835,1,5,RPL3,exonic
Full-length RNA-seq,Keratinocyte,chr22:39318661_C>T,1.445114374,1,5,RPL3,intronic
Full-length RNA-seq,Keratinocyte,chr22:42516842_T>C,2.471827745,1,5,RRP7A,intronic
Full-length RNA-seq,Keratinocyte,chr22:50284159_C>T,3.946225643,1,5,PLXNB2,exonic
Full-length RNA-seq,Keratinocyte,chr2:101992499_G>A,2.273029089,1,5,IL1R2,intronic
Full-length RNA-seq,Keratinocyte,chr2:102002822_T>A,1.178420305,1,5,IL1R2,intronic
Full-length RNA-seq,Keratinocyte,chr2:102002827_C>T,1.436370611,1,5,IL1R2,intronic
Full-length RNA-seq,Keratinocyte,chr2:102003450_G>T,10.02543354,1,5,IL1R2,intronic
Full-length RNA-seq,Keratinocyte,chr2:106164751_T>G,10.54565811,1,5,UXS1,exonic
Full-length RNA-seq,Keratinocyte,chr2:112647483_G>A,3.005493879,1,5,SLC20A1,intronic
Full-length RNA-seq,Keratinocyte,chr2:113957589_G>C,9.302221298,1,5,ACTR3,UTR3
Full-length RNA-seq,Keratinocyte,chr2:121367645_C>T,10.97425079,1,5,CLASP1,exonic
Full-length RNA-seq,Keratinocyte,chr2:127496115_C>T,17.2047348,1,5,IWS1,exonic
Full-length RNA-seq,Keratinocyte,chr2:150470087_C>T,3.812758207,1,5,RND3,exonic
Full-length RNA-seq,Keratinocyte,chr2:150475489_T>C,2.72709012,1,5,RND3,intronic
Full-length RNA-seq,Keratinocyte,chr2:150486744_C>A,5.162233829,1,5,RND3,exonic
Full-length RNA-seq,Keratinocyte,chr2:156325961_A>T,4.187354207,2,11;5,NR4A2,exonic
Full-length RNA-seq,Keratinocyte,chr2:156329878_G>T,5.370493412,1,5,NR4A2,exonic
Full-length RNA-seq,Keratinocyte,chr2:164717500_A>T,3.136580944,1,5,COBLL1,intronic
Full-length RNA-seq,Keratinocyte,chr2:172427953_G>A,11.00341034,1,5,ITGA6,exonic
Full-length RNA-seq,Keratinocyte,chr2:174581372_A>T,0.800589919,1,7,WIPF1,exonic
Full-length RNA-seq,Keratinocyte,chr2:175093156_C>T,1.822827697,1,5,ATF2,exonic
Full-length RNA-seq,Keratinocyte,chr2:177213511_G>A,11.44437408,1,5,HNRNPA3,intronic
Full-length RNA-seq,Keratinocyte,chr2:186602062_C>A,3.476841211,1,5,ITGAV,exonic
Full-length RNA-seq,Keratinocyte,chr2:189010657_G>A,0.390808642,1,7,COL3A1,exonic
Full-length RNA-seq,Keratinocyte,chr2:190366011_G>C,2.986788988,1,5,INPP1,intronic
Full-length RNA-seq,Keratinocyte,chr2:191276990_T>A,2.659832716,1,5,MYO1B,exonic
Full-length RNA-seq,Keratinocyte,chr2:191362348_G>A,3.2161981465,2,5;7,MYO1B,exonic
Full-length RNA-seq,Keratinocyte,chr2:191400768_G>A,6.574060917,1,5,MYO1B,exonic
Full-length RNA-seq,Keratinocyte,chr2:199911121_C>G,0.624827087,1,5,C2orf69,upstream
Full-length RNA-seq,Keratinocyte,chr2:201071251_C>T,19.62985229,1,5,FAM126B,intronic
Full-length RNA-seq,Keratinocyte,chr2:20350210_A>G,3.758160114,1,5,PUM2,intronic
Full-length RNA-seq,Keratinocyte,chr2:20447818_A>G,6.471718311,1,5,RHOB,exonic
Full-length RNA-seq,Keratinocyte,chr2:215001627_C>T,5.471972466,1,5,ABCA12,exonic
Full-length RNA-seq,Keratinocyte,chr2:216160089_T>A,1.478933215,1,5,XRCC5,exonic
Full-length RNA-seq,Keratinocyte,chr2:216694464_C>G,0.48841989,1,7,IGFBP5,exonic
Full-length RNA-seq,Keratinocyte,chr2:230714073_T>C,6.202652454,1,5,CAB39,intronic
Full-length RNA-seq,Keratinocyte,chr2:237336441_T>C,2.108345985,1,5,COL6A3,exonic
Full-length RNA-seq,Keratinocyte,chr2:24258957_A>G,12.24746799,1,5,ITSN2,intronic
Full-length RNA-seq,Keratinocyte,chr2:26114056_A>C,1.659074068,1,5,RAB10,intronic
Full-length RNA-seq,Keratinocyte,chr2:28924333_G>A,16.50547981,1,5,WDR43,intronic
Full-length RNA-seq,Keratinocyte,chr2:36869728_A>G,2.460178375,1,5,STRN,exonic
Full-length RNA-seq,Keratinocyte,chr2:38074578_A>T,5.759515762,1,5,CYP1B1,exonic
Full-length RNA-seq,Keratinocyte,chr2:42283846_A>T,0.290225893,1,7,EML4,intronic
Full-length RNA-seq,Keratinocyte,chr2:43889827_A>T,1.085675836,1,5,LRPPRC,exonic
Full-length RNA-seq,Keratinocyte,chr2:54558568_T>C,5.569290638,1,5,SPTBN1,UTR5
Full-length RNA-seq,Keratinocyte,chr2:55233385_A>C,6.585834026,1,5,RPS27A,exonic
Full-length RNA-seq,Keratinocyte,chr2:55234165_G>A,5.585086823,1,5,RPS27A,exonic
Full-length RNA-seq,Keratinocyte,chr2:55235501_T>C,0.800901711,1,7,RPS27A,exonic
Full-length RNA-seq,Keratinocyte,chr2:60922583_G>A,1.570863008,1,5,REL,UTR3
Full-length RNA-seq,Keratinocyte,chr2:60923370_A>T,1.493413091,1,5,REL,UTR3
Full-length RNA-seq,Keratinocyte,chr2:60926155_G>T,1.506620884,1,5,REL,UTR3
Full-length RNA-seq,Keratinocyte,chr2:61538200_A>T,2.89915657,1,5,XPO1,UTR5
Full-length RNA-seq,Keratinocyte,chr2:64106066_A>G,3.563527107,1,5,PELI1,intronic
Full-length RNA-seq,Keratinocyte,chr2:69915390_G>A,10.6079998,1,5,MXD1,exonic
Full-length RNA-seq,Keratinocyte,chr2:69938636_A>G,4.258022308,1,5,MXD1,UTR3
Full-length RNA-seq,Keratinocyte,chr2:74463329_C>T,2.00026226,1,5,MOGS,exonic
Full-length RNA-seq,Keratinocyte,chr2:84906024_G>A,1.502075791,1,5,TMSB10,exonic
Full-length RNA-seq,Keratinocyte,chr2:85556054_C>A,6.112668514,1,5,GGCX,intronic
Full-length RNA-seq,Keratinocyte,chr2:86489620_T>A,1.679780602,1,5,KDM3A,exonic
Full-length RNA-seq,Keratinocyte,chr2:8682330_G>C,6.449634552,1,5,ID2,exonic
Full-length RNA-seq,Keratinocyte,chr2:95820960_C>T,7.214110851,1,5,LINC00342,ncRNA_intronic
Full-length RNA-seq,Keratinocyte,chr2:95853810_A>T,2.683432102,1,5,ANKRD36C,exonic
Full-length RNA-seq,Keratinocyte,chr2:95978132_A>G,5.1449263095,2,5;7,ANKRD36C,exonic
Full-length RNA-seq,Keratinocyte,chr2:96297702_C>G,12.01200485,1,5,SNRNP200,exonic
Full-length RNA-seq,Keratinocyte,chr2:97814131_A>T,14.14192295,1,5,TMEM131,exonic
Full-length RNA-seq,Keratinocyte,chr2:99170638_C>T,7.740259171,1,5,MITD1,exonic
Full-length RNA-seq,Keratinocyte,chr3:122555784_C>G,6.614287853,1,5,PARP9,exonic
Full-length RNA-seq,Keratinocyte,chr3:126454796_A>G,1.633058906,1,5,ZXDC,intronic
Full-length RNA-seq,Keratinocyte,chr3:128104794_G>T,4.508208752,1,5,RUVBL1,exonic
Full-length RNA-seq,Keratinocyte,chr3:141880259_A>G,4.087631702,1,5,ATP1B3,intronic
Full-length RNA-seq,Keratinocyte,chr3:149371691_T>A,5.74571991,1,5,TM4SF1,exonic
Full-length RNA-seq,Keratinocyte,chr3:149656785_T>A,10.67992115,1,5,WWTR1,intronic
Full-length RNA-seq,Keratinocyte,chr3:150418048_T>A,4.724472523,1,5,TSC22D2,intronic
Full-length RNA-seq,Keratinocyte,chr3:153163470_G>A,12.221158979999998,2,11;5,RAP2B,UTR3
Full-length RNA-seq,Keratinocyte,chr3:156675275_G>C,2.037175655,1,5,TIPARP-AS1,ncRNA_exonic
Full-length RNA-seq,Keratinocyte,chr3:156685422_A>C,2.738420248,1,5,TIPARP,intronic
Full-length RNA-seq,Keratinocyte,chr3:160425007_T>A,3.359887123,1,5,SMC4,exonic
Full-length RNA-seq,Keratinocyte,chr3:169966810_C>G,6.183238029,1,5,SEC62,UTR5
Full-length RNA-seq,Keratinocyte,chr3:170868101_C>T,2.055851698,1,5,RPL22L1,exonic
Full-length RNA-seq,Keratinocyte,chr3:184140895_G>A,10.01217365,1,5,EIF2B5,intronic
Full-length RNA-seq,Keratinocyte,chr3:189789777_G>A,9.445768356,1,5,TP63,UTR5
Full-length RNA-seq,Keratinocyte,chr3:190308138_T>G,14.2896986,1,5,CLDN1,UTR3
Full-length RNA-seq,Keratinocyte,chr3:190308264_T>C,6.841405392,1,5,CLDN1,UTR3
Full-length RNA-seq,Keratinocyte,chr3:190322230_G>T,5.43646574,1,5,CLDN1,UTR5
Full-length RNA-seq,Keratinocyte,chr3:194136378_A>G,2.794997931,1,5,HES1,UTR5
Full-length RNA-seq,Keratinocyte,chr3:194136475_C>A,4.578128338,1,5,HES1,exonic
Full-length RNA-seq,Keratinocyte,chr3:194470191_T>G,4.99984169,1,5,ATP13A3,intronic
Full-length RNA-seq,Keratinocyte,chr3:194644619_T>G,11.47322464,1,5,LSG1,exonic
Full-length RNA-seq,Keratinocyte,chr3:195516877_A>T,7.927853584,1,5,PPP1R2,UTR3
Full-length RNA-seq,Keratinocyte,chr3:195569072_G>C,1.7630227805,2,5;7,APOD,exonic
Full-length RNA-seq,Keratinocyte,chr3:195692784_A>C,3.062846899,1,5,MIR570HG,ncRNA_intronic
Full-length RNA-seq,Keratinocyte,chr3:196487476_C>T,2.709136248,1,5,RNF168,exonic
Full-length RNA-seq,Keratinocyte,chr3:197892696_T>G,19.51785469,1,5,IQCG,exonic
Full-length RNA-seq,Keratinocyte,chr3:197954020_G>A,0.739552915,1,7,RPL35A,exonic
Full-length RNA-seq,Keratinocyte,chr3:37176092_T>A,6.735505581,1,5,LRRFIP2,UTR5
Full-length RNA-seq,Keratinocyte,chr3:46443473_G>A,2.213454962,2,5;7,LTF,exonic
Full-length RNA-seq,Keratinocyte,chr3:47841143_C>A,4.0415411,1,5,DHX30,exonic
Full-length RNA-seq,Keratinocyte,chr3:47854223_C>T,22.21782684,1,5,MAP4,intronic
Full-length RNA-seq,Keratinocyte,chr3:48565475_G>A,0.777534366,1,5,COL7A1,exonic
Full-length RNA-seq,Keratinocyte,chr3:48594376_A>T,5.472418785,1,5,COL7A1,exonic
Full-length RNA-seq,Keratinocyte,chr3:4983108_T>A,5.994523525,1,5,BHLHE40,exonic
Full-length RNA-seq,Keratinocyte,chr3:4984213_G>C,2.926263332,1,5,BHLHE40,UTR3
Full-length RNA-seq,Keratinocyte,chr3:50330440_C>T,8.911528587,1,5,RASSF1,UTR3
Full-length RNA-seq,Keratinocyte,chr3:52405893_G>T,8.502067566,1,5,BAP1,exonic
Full-length RNA-seq,Keratinocyte,chr4:10099024_C>T,4.077045918,1,5,WDR1,exonic
Full-length RNA-seq,Keratinocyte,chr4:102566782_C>G,0.898938239,1,5,NFKB1,intronic
Full-length RNA-seq,Keratinocyte,chr4:102615180_T>A,4.176060677,1,5,NFKB1,intronic
Full-length RNA-seq,Keratinocyte,chr4:145514934_A>T,8.232745171,1,5,SMAD1,exonic
Full-length RNA-seq,Keratinocyte,chr4:150487798_A>G,3.300287008,1,5,LRBA,exonic
Full-length RNA-seq,Keratinocyte,chr4:151104192_T>G,1.588703156,1,5,RPS3A,exonic
Full-length RNA-seq,Keratinocyte,chr4:151680024_G>A,2.172093868,1,5,GATB,intronic
Full-length RNA-seq,Keratinocyte,chr4:152535649_C>T,6.5516405110000004,1,5,FBXW7,UTR5
Full-length RNA-seq,Keratinocyte,chr4:15936564_C>T,17.0599308,1,5,FGFBP1,exonic
Full-length RNA-seq,Keratinocyte,chr4:168311268_C>T,19.18015671,1,5,DDX60,UTR5
Full-length RNA-seq,Keratinocyte,chr4:174299124_G>A,8.602596283,1,5,CEP44,exonic
Full-length RNA-seq,Keratinocyte,chr4:17909101_A>T,2.447138786,1,5,LCORL,exonic
Full-length RNA-seq,Keratinocyte,chr4:185310765_C>A,1.059808612,1,5,SNX25,exonic
Full-length RNA-seq,Keratinocyte,chr4:186709627_C>T,2.79612875,1,5,FAT1,exonic
Full-length RNA-seq,Keratinocyte,chr4:2826412_A>G,1.618457317,1,5,SH3BP2,intronic
Full-length RNA-seq,Keratinocyte,chr4:2834452_G>A,11.37042618,1,5,SH3BP2,UTR3
Full-length RNA-seq,Keratinocyte,chr4:30724206_T>A,3.798053503,1,5,PCDH7,exonic
Full-length RNA-seq,Keratinocyte,chr4:3405054_C>A,6.017192841,1,5,RGS12,intronic
Full-length RNA-seq,Keratinocyte,chr4:36165054_A>G,5.121497631,1,5,ARAP2,exonic
Full-length RNA-seq,Keratinocyte,chr4:36228866_A>G,5.131995201,1,5,ARAP2,exonic
Full-length RNA-seq,Keratinocyte,chr4:39456431_A>G,1.81945622,1,5,RPL9,exonic
Full-length RNA-seq,Keratinocyte,chr4:48851870_C>A,2.663473368,1,5,OCIAD1,exonic
Full-length RNA-seq,Keratinocyte,chr4:74446783_G>A,6.805948734,1,5,AREG,splicing
Full-length RNA-seq,Keratinocyte,chr4:74449159_G>A,11.20490456,1,5,AREG,exonic
Full-length RNA-seq,Keratinocyte,chr4:74449210_A>C,10.39549828,1,5,AREG,exonic
Full-length RNA-seq,Keratinocyte,chr4:82844391_G>T,1.807692051,1,5,SEC31A,exonic
Full-length RNA-seq,Keratinocyte,chr4:94575659_C>T,5.27765274,1,5,PDLIM5,exonic
Full-length RNA-seq,Keratinocyte,chr4:99835688_G>A,12.8742485,1,5,DAPP1,exonic
Full-length RNA-seq,Keratinocyte,chr4:99845821_T>A,9.544771194,1,5,DAPP1,intronic
Full-length RNA-seq,Keratinocyte,chr5:108748233_G>C,5.623753071,1,5,FER,intronic
Full-length RNA-seq,Keratinocyte,chr5:134855195_T>A,0.646467388,1,5,C5orf24,exonic
Full-length RNA-seq,Keratinocyte,chr5:137985296_C>T,3.451128244,1,5,FAM13B,exonic
Full-length RNA-seq,Keratinocyte,chr5:138465958_G>A,12.17534733,1,5,EGR1,exonic
Full-length RNA-seq,Keratinocyte,chr5:138465988_G>A,4.13262558,1,5,EGR1,exonic
Full-length RNA-seq,Keratinocyte,chr5:138466832_T>A,5.245657921,1,5,EGR1,exonic
Full-length RNA-seq,Keratinocyte,chr5:138467059_T>A,0.155751586,1,7,EGR1,exonic
Full-length RNA-seq,Keratinocyte,chr5:138467062_G>A,3.171846628,1,5,EGR1,exonic
Full-length RNA-seq,Keratinocyte,chr5:138468123_C>G,5.663965702,1,5,EGR1,UTR3
Full-length RNA-seq,Keratinocyte,chr5:138917888_G>T,3.817689419,1,5,CTNNA1,exonic
Full-length RNA-seq,Keratinocyte,chr5:140549704_G>A,10.42698669,1,5,ANKHD1-EIF4EBP3;EIF4EBP3;SRA1,downstream
Full-length RNA-seq,Keratinocyte,chr5:141604393_C>T,6.093124866,1,5,DIAPH1,intronic
Full-length RNA-seq,Keratinocyte,chr5:149833354_G>A,11.47485638,1,5,PPARGC1B,exonic
Full-length RNA-seq,Keratinocyte,chr5:151663439_A>C,0.702723086,1,7,SPARC,UTR3
Full-length RNA-seq,Keratinocyte,chr5:154446744_T>A,19.81162071,1,5,SAP30L,exonic
Full-length RNA-seq,Keratinocyte,chr5:16736115_A>G,4.539614677,1,5,MYO10,intronic
Full-length RNA-seq,Keratinocyte,chr5:179621749_A>T,7.993406773,1,5,C5orf60;HNRNPH1,intronic
Full-length RNA-seq,Keratinocyte,chr5:40696982_A>G,3.7488951680000002,2,5;7,PTGER4;TTC33,intergenic
Full-length RNA-seq,Keratinocyte,chr5:43289763_A>G,6.365754604,1,5,HMGCS1,UTR3
Full-length RNA-seq,Keratinocyte,chr5:49602043_G>A,2.804607391,1,5,NONE;EMB,intergenic
Full-length RNA-seq,Keratinocyte,chr5:49602087_G>C,24.16266823,1,5,NONE;EMB,intergenic
Full-length RNA-seq,Keratinocyte,chr5:61348236_A>C,1.013632894,1,5,ZSWIM6,intronic
Full-length RNA-seq,Keratinocyte,chr5:61423421_C>A,4.46935463,1,5,ZSWIM6,intronic
Full-length RNA-seq,Keratinocyte,chr5:641381_C>T,7.758300304,1,5,CEP72,intronic
Full-length RNA-seq,Keratinocyte,chr5:64768584_G>C,7.504537106,1,5,SREK1IP1,UTR5
Full-length RNA-seq,Keratinocyte,chr5:661159_A>T,1.24078846,1,5,TPPP,UTR3
Full-length RNA-seq,Keratinocyte,chr5:76732320_A>C,2.3699195385,2,5;7,F2R,exonic
Full-length RNA-seq,Keratinocyte,chr5:80166403_G>T,0.380654484,1,5,SERINC5,exonic
Full-length RNA-seq,Keratinocyte,chr5:83537418_A>C,0.275925636,1,7,VCAN,exonic
Full-length RNA-seq,Keratinocyte,chr5:896767_G>A,2.981572866,1,5,TRIP13,exonic
Full-length RNA-seq,Keratinocyte,chr5:95951879_A>T,3.945177555,1,5,ELL2,intronic
Full-length RNA-seq,Keratinocyte,chr5:96741998_C>A,8.057258606,1,5,CAST,intronic
Full-length RNA-seq,Keratinocyte,chr5:98856716_A>G,1.889506221,1,5,CHD1,exonic
Full-length RNA-seq,Keratinocyte,chr6:106097920_C>A,19.76036644,1,5,PRDM1,intronic
Full-length RNA-seq,Keratinocyte,chr6:106519281_T>C,2.00784111,1,5,CRYBG1,exonic
Full-length RNA-seq,Keratinocyte,chr6:116436871_G>A,0.38961214600000005,2,5;7,DSE,exonic
Full-length RNA-seq,Keratinocyte,chr6:121321662_C>T,1.662559986,1,5,TBC1D32,exonic
Full-length RNA-seq,Keratinocyte,chr6:129050074_G>A,0.191666737,1,7,LAMA2,exonic
Full-length RNA-seq,Keratinocyte,chr6:132815005_T>A,0.549070776,1,5,RPS12,exonic
Full-length RNA-seq,Keratinocyte,chr6:132816970_A>G,2.4947462675,2,5;7,RPS12,exonic
Full-length RNA-seq,Keratinocyte,chr6:132817497_T>C,4.055060863,1,5,RPS12,exonic
Full-length RNA-seq,Keratinocyte,chr6:132819166_A>G,7.080675125,1,5,RPS12;LINC00326,intergenic
Full-length RNA-seq,Keratinocyte,chr6:134172220_T>G,0.936767399,1,5,SGK1,exonic
Full-length RNA-seq,Keratinocyte,chr6:137869396_C>T,3.706617594,1,5,TNFAIP3,intronic
Full-length RNA-seq,Keratinocyte,chr6:137874935_C>A,4.46199131,1,5,TNFAIP3,exonic
Full-length RNA-seq,Keratinocyte,chr6:137877251_C>A,4.1102607255,2,11;5,TNFAIP3,exonic
Full-length RNA-seq,Keratinocyte,chr6:137878633_G>T,5.45976305,1,5,TNFAIP3,exonic
Full-length RNA-seq,Keratinocyte,chr6:137880108_G>A,5.389861107,1,5,TNFAIP3,exonic
Full-length RNA-seq,Keratinocyte,chr6:138092204_A>G,9.101343155,1,5,PERP,exonic
Full-length RNA-seq,Keratinocyte,chr6:138106921_T>G,1.246773601,1,5,PERP,intronic
Full-length RNA-seq,Keratinocyte,chr6:142772057_G>A,2.884457588,1,5,HIVEP2,exonic
Full-length RNA-seq,Keratinocyte,chr6:142912924_C>T,4.043484211,1,5,HIVEP2,intronic
Full-length RNA-seq,Keratinocyte,chr6:142929276_A>T,0.666693389,1,5,HIVEP2,intronic
Full-length RNA-seq,Keratinocyte,chr6:142931682_C>T,5.150434494,1,11,HIVEP2,intronic
Full-length RNA-seq,Keratinocyte,chr6:149378038_C>T,1.046777606,1,5,TAB2,exonic
Full-length RNA-seq,Keratinocyte,chr6:149942857_C>A,1.292405486,1,5,ULBP2,intronic
Full-length RNA-seq,Keratinocyte,chr6:153002459_C>T,1.826300621,1,5,MTRF1L,exonic
Full-length RNA-seq,Keratinocyte,chr6:158766906_C>T,3.669691086,1,5,EZR,UTR3
Full-length RNA-seq,Keratinocyte,chr6:158769916_C>T,2.192347288,1,5,EZR,exonic
Full-length RNA-seq,Keratinocyte,chr6:158773961_C>T,6.248052597,1,5,EZR,intronic
Full-length RNA-seq,Keratinocyte,chr6:158796644_A>T,14.10149384,1,5,EZR,intronic
Full-length RNA-seq,Keratinocyte,chr6:158809413_T>G,6.427425385,1,5,EZR,intronic
Full-length RNA-seq,Keratinocyte,chr6:158814993_G>A,12.56949043,1,5,EZR,intronic
Full-length RNA-seq,Keratinocyte,chr6:159753480_T>C,2.450282812,1,5,WTAP,exonic
Full-length RNA-seq,Keratinocyte,chr6:159790489_G>A,2.0229687690000002,1,5,MRPL18,UTR5
Full-length RNA-seq,Keratinocyte,chr6:159790604_G>A,12.18996716,1,5,MRPL18,exonic
Full-length RNA-seq,Keratinocyte,chr6:169216256_C>G,1.730400205,1,5,LOC101929523,ncRNA_intronic
Full-length RNA-seq,Keratinocyte,chr6:169244224_T>G,2.876920938,1,7,THBS2,intronic
Full-length RNA-seq,Keratinocyte,chr6:26104306_A>C,6.090749741,1,5,H4C3,UTR3
Full-length RNA-seq,Keratinocyte,chr6:26215985_G>T,1.987179041,1,5,H2AC8;H2BC8,upstream;downstream
Full-length RNA-seq,Keratinocyte,chr6:27132364_C>T,1.999271154,1,5,H2BC11,UTR3
Full-length RNA-seq,Keratinocyte,chr6:29942625_G>A,1.148011208,1,5,HLA-A,exonic
Full-length RNA-seq,Keratinocyte,chr6:29942850_A>T,3.7792410849999998,1,5,HLA-A,exonic
Full-length RNA-seq,Keratinocyte,chr6:30712735_C>T,1.582995653,1,5,MDC1,exonic
Full-length RNA-seq,Keratinocyte,chr6:31271601_T>G,1.031910658,1,7,HLA-C,exonic
Full-length RNA-seq,Keratinocyte,chr6:31271840_G>T,7.037302017,1,5,HLA-C,exonic
Full-length RNA-seq,Keratinocyte,chr6:31272091_G>C,8.762022972,1,5,HLA-C,UTR5
Full-length RNA-seq,Keratinocyte,chr6:31357070_C>G,7.655832291,1,5,HLA-B,intronic
Full-length RNA-seq,Keratinocyte,chr6:31463898_G>A,9.554743767,1,5,HCP5,ncRNA_exonic
Full-length RNA-seq,Keratinocyte,chr6:31533780_G>C,6.697376251,2,11;5,ATP6V1G2-DDX39B,ncRNA_intronic
Full-length RNA-seq,Keratinocyte,chr6:3155704_C>T,1.021541357,1,5,TUBB2A,exonic
Full-length RNA-seq,Keratinocyte,chr6:31641590_C>T,2.930659533,1,5,BAG6,exonic
Full-length RNA-seq,Keratinocyte,chr6:31815833_T>C,6.658087254,1,5,HSPA1A,exonic
Full-length RNA-seq,Keratinocyte,chr6:31817850_T>A,5.131783485,1,5,HSPA1A,UTR3
Full-length RNA-seq,Keratinocyte,chr6:31822637_A>C,1.717915297,1,5,HSPA1A;HSPA1B,intergenic
Full-length RNA-seq,Keratinocyte,chr6:31828030_A>T,7.568343639,1,5,HSPA1B,exonic
Full-length RNA-seq,Keratinocyte,chr6:31828066_C>A,6.232131958,1,5,HSPA1B,exonic
Full-length RNA-seq,Keratinocyte,chr6:31828071_T>A,5.357800961,1,5,HSPA1B,exonic
Full-length RNA-seq,Keratinocyte,chr6:31829727_G>C,5.011358261,1,5,HSPA1B,exonic
Full-length RNA-seq,Keratinocyte,chr6:31830187_A>G,11.52715588,1,5,HSPA1B,UTR3
Full-length RNA-seq,Keratinocyte,chr6:32118860_C>T,1.532222509,1,5,ATF6B,exonic
Full-length RNA-seq,Keratinocyte,chr6:32581748_C>T,6.382267952,1,5,HLA-DRB1,exonic
Full-length RNA-seq,Keratinocyte,chr6:32584252_A>T,0.539373279,1,7,HLA-DRB1,exonic
Full-length RNA-seq,Keratinocyte,chr6:32589659_C>G,5.554859638,1,5,HLA-DRB1,exonic
Full-length RNA-seq,Keratinocyte,chr6:32666247_T>A,4.996191978,1,7,HLA-DQB1,intronic
Full-length RNA-seq,Keratinocyte,chr6:32981027_C>T,1.704239726,1,5,BRD2,UTR3
Full-length RNA-seq,Keratinocyte,chr6:33304379_A>T,2.25846529,1,5,TAPBP,exonic
Full-length RNA-seq,Keratinocyte,chr6:34341888_C>T,6.859377861,1,5,NUDT3;RPS10-NUDT3,exonic
Full-length RNA-seq,Keratinocyte,chr6:35474167_C>G,0.900705218,1,5,TEAD3,UTR3
Full-length RNA-seq,Keratinocyte,chr6:36684410_G>A,6.0487957,1,5,CDKN1A,exonic
Full-length RNA-seq,Keratinocyte,chr6:43770385_T>A,2.222839594,1,5,VEGFA,UTR5
Full-length RNA-seq,Keratinocyte,chr6:52995725_T>C,2.195083857,1,5,RN7SK,ncRNA_exonic
Full-length RNA-seq,Keratinocyte,chr6:52995919_G>T,0.842704237,1,5,RN7SK,ncRNA_exonic
Full-length RNA-seq,Keratinocyte,chr6:52995921_G>C,0.822987914,1,5,RN7SK,ncRNA_exonic
Full-length RNA-seq,Keratinocyte,chr6:56642015_G>T,5.906070709,1,5,DST,exonic
Full-length RNA-seq,Keratinocyte,chr6:63684792_A>C,3.493720293,1,5,PHF3,exonic
Full-length RNA-seq,Keratinocyte,chr6:63685752_G>A,3.408425331,1,5,PHF3,exonic
Full-length RNA-seq,Keratinocyte,chr6:7555725_G>A,1.006661892,1,5,DSP,exonic
Full-length RNA-seq,Keratinocyte,chr6:7555745_G>C,9.033902168,1,5,DSP,exonic
Full-length RNA-seq,Keratinocyte,chr6:7565480_A>G,10.7088747,1,5,DSP,exonic
Full-length RNA-seq,Keratinocyte,chr6:7566460_T>A,2.677654982,1,5,DSP,exonic
Full-length RNA-seq,Keratinocyte,chr6:7569246_T>G,2.006286621,1,5,DSP,exonic
Full-length RNA-seq,Keratinocyte,chr6:7572049_T>C,2.979141474,1,5,DSP,exonic
Full-length RNA-seq,Keratinocyte,chr6:7575460_C>A,10.81561089,1,5,DSP,exonic
Full-length RNA-seq,Keratinocyte,chr6:7579738_C>A,3.221851826,1,5,DSP,exonic
Full-length RNA-seq,Keratinocyte,chr6:7579790_T>C,15.19554138,1,5,DSP,exonic
Full-length RNA-seq,Keratinocyte,chr6:7580482_A>T,0.476571679,1,5,DSP,exonic
Full-length RNA-seq,Keratinocyte,chr6:7580491_A>G,0.508648455,1,5,DSP,exonic
Full-length RNA-seq,Keratinocyte,chr6:7580842_T>C,4.012438297,1,5,DSP,exonic
Full-length RNA-seq,Keratinocyte,chr6:7581134_G>A,2.888494968,1,5,DSP,exonic
Full-length RNA-seq,Keratinocyte,chr6:7581323_G>A,8.485890388,1,5,DSP,exonic
Full-length RNA-seq,Keratinocyte,chr6:7581516_G>A,7.221081257,1,5,DSP,exonic
Full-length RNA-seq,Keratinocyte,chr6:7582728_G>A,5.812455177,1,5,DSP,exonic
Full-length RNA-seq,Keratinocyte,chr6:7582729_G>C,6.585258961,1,5,DSP,exonic
Full-length RNA-seq,Keratinocyte,chr6:7583096_G>A,2.764726877,1,5,DSP,exonic
Full-length RNA-seq,Keratinocyte,chr6:7583245_T>C,2.219530821,1,5,DSP,exonic
Full-length RNA-seq,Keratinocyte,chr6:7584148_G>A,1.991020322,1,5,DSP,exonic
Full-length RNA-seq,Keratinocyte,chr6:7584345_G>A,0.808176696,1,5,DSP,exonic
Full-length RNA-seq,Keratinocyte,chr6:7584563_T>G,13.68305302,1,5,DSP,exonic
Full-length RNA-seq,Keratinocyte,chr6:7584938_A>T,5.242052078,1,7,DSP,exonic
Full-length RNA-seq,Keratinocyte,chr6:7585170_T>G,3.950058699,1,5,DSP,exonic
Full-length RNA-seq,Keratinocyte,chr6:7586091_A>T,0.93090415,1,5,DSP,UTR3
Full-length RNA-seq,Keratinocyte,chr6:7586414_T>G,9.354447365,1,5,DSP,UTR3
Full-length RNA-seq,Keratinocyte,chr6:85678429_C>T,8.791462898,1,5,SNHG5,ncRNA_intronic
Full-length RNA-seq,Keratinocyte,chr6:89699725_C>T,1.059508204,1,5,MDN1,exonic
Full-length RNA-seq,Keratinocyte,chr7:100886313_G>A,3.846360683,1,5,SRRT,exonic
Full-length RNA-seq,Keratinocyte,chr7:101097504_G>A,3.224570751,1,5,TRIM56,UTR3
Full-length RNA-seq,Keratinocyte,chr7:102347201_A>G,4.272880554,1,5,SPDYE6,UTR3
Full-length RNA-seq,Keratinocyte,chr7:102569885_A>G,1.168578863,1,5,POLR2J3,exonic
Full-length RNA-seq,Keratinocyte,chr7:105112541_C>A,2.659952879,1,5,KMT2E,exonic
Full-length RNA-seq,Keratinocyte,chr7:123709187_C>T,8.331697464,1,5,WASL,exonic
Full-length RNA-seq,Keratinocyte,chr7:127904759_T>C,5.050497532,1,5,SND1,exonic
Full-length RNA-seq,Keratinocyte,chr7:139080219_A>G,11.92572689,1,5,ZC3HAV1,exonic
Full-length RNA-seq,Keratinocyte,chr7:149250767_A>C,1.481066227,1,5,ZNF212,exonic
Full-length RNA-seq,Keratinocyte,chr7:158717497_C>T,7.578457355,1,5,NCAPG2;ESYT2,intergenic
Full-length RNA-seq,Keratinocyte,chr7:158740857_T>G,4.894897938,1,5,ESYT2,intronic
Full-length RNA-seq,Keratinocyte,chr7:158782480_T>A,3.43508029,1,5,ESYT2,intronic
Full-length RNA-seq,Keratinocyte,chr7:17891552_G>T,0.711759508,1,7,SNX13,exonic
Full-length RNA-seq,Keratinocyte,chr7:23185221_G>C,13.8346405,1,5,NUP42,exonic
Full-length RNA-seq,Keratinocyte,chr7:30047902_T>A,1.604020953,1,5,PLEKHA8,exonic
Full-length RNA-seq,Keratinocyte,chr7:39951718_G>C,2.766945839,1,5,CDK13,exonic
Full-length RNA-seq,Keratinocyte,chr7:66554370_T>G,5.512026787,1,5,GS1-124K5.11,ncRNA_exonic
Full-length RNA-seq,Keratinocyte,chr7:70790592_C>A,3.334774733,1,5,AUTS2,exonic
Full-length RNA-seq,Keratinocyte,chr7:73831223_G>C,9.453458786,1,5,CLDN4,exonic
Full-length RNA-seq,Keratinocyte,chr7:73831224_T>A,15.98954678,1,5,CLDN4,exonic
Full-length RNA-seq,Keratinocyte,chr7:76303817_G>A,2.464037657,1,5,HSPB1,exonic
Full-length RNA-seq,Keratinocyte,chr7:76304141_G>A,5.612585545,1,5,HSPB1,exonic
Full-length RNA-seq,Keratinocyte,chr7:76502269_G>A,2.79060936,1,5,DTX2,intronic
Full-length RNA-seq,Keratinocyte,chr7:87209549_A>T,2.127232552,1,5,TMEM243,intronic
Full-length RNA-seq,Keratinocyte,chr7:94404873_C>A,1.253904819,1,7,COL1A2,exonic
Full-length RNA-seq,Keratinocyte,chr7:94429290_T>A,0.826104522,1,7,COL1A2,exonic
Full-length RNA-seq,Keratinocyte,chr7:99562077_T>C,4.52865696,1,5,ZNF655,intronic
Full-length RNA-seq,Keratinocyte,chr8:100922723_A>G,4.624117374,1,5,YWHAZ,intronic
Full-length RNA-seq,Keratinocyte,chr8:102254346_T>G,5.379006863,1,5,UBR5,exonic
Full-length RNA-seq,Keratinocyte,chr8:102652166_A>T,5.424265862,1,5,KLF10,exonic
Full-length RNA-seq,Keratinocyte,chr8:117985231_C>T,0.377249509,1,5,EXT1,intronic
Full-length RNA-seq,Keratinocyte,chr8:127736446_G>A,6.235666752,1,5,MYC,UTR5
Full-length RNA-seq,Keratinocyte,chr8:127740651_A>G,5.186629772,1,5,MYC,exonic
Full-length RNA-seq,Keratinocyte,chr8:127740941_C>G,4.377175331,1,5,MYC,exonic
Full-length RNA-seq,Keratinocyte,chr8:142613116_C>T,10.68739796,1,5,ARC,exonic
Full-length RNA-seq,Keratinocyte,chr8:143867109_G>A,2.997977018,1,5,EPPK1,exonic
Full-length RNA-seq,Keratinocyte,chr8:143867251_C>T,2.4465047516666667,3,11;5;7,EPPK1,exonic
Full-length RNA-seq,Keratinocyte,chr8:143915161_A>G,1.704238296,1,5,PLEC,UTR3
Full-length RNA-seq,Keratinocyte,chr8:143919668_C>T,2.665845871,1,5,PLEC,exonic
Full-length RNA-seq,Keratinocyte,chr8:143922606_A>C,7.832520962,1,5,PLEC,exonic
Full-length RNA-seq,Keratinocyte,chr8:143923050_C>T,8.095965385,1,5,PLEC,exonic
Full-length RNA-seq,Keratinocyte,chr8:143925078_C>T,6.748718739,1,5,PLEC,exonic
Full-length RNA-seq,Keratinocyte,chr8:144308473_C>T,1.770418763,1,5,HSF1,intronic
Full-length RNA-seq,Keratinocyte,chr8:17956706_G>C,0.624740958,1,5,PCM1,exonic
Full-length RNA-seq,Keratinocyte,chr8:22129103_A>T,3.165501595,1,5,HR,exonic
Full-length RNA-seq,Keratinocyte,chr8:30612371_G>T,1.905973315,1,5,GTF2E2,exonic
Full-length RNA-seq,Keratinocyte,chr8:41264298_G>T,14.02561951,1,5,SFRP1,UTR3
Full-length RNA-seq,Keratinocyte,chr8:48920315_A>T,1.600505829,1,5,SNAI2,exonic
Full-length RNA-seq,Keratinocyte,chr8:73292364_C>T,2.812598705,1,5,RPL7,exonic
Full-length RNA-seq,Keratinocyte,chr9:101540930_T>C,6.194001198,1,5,RNF20,exonic
Full-length RNA-seq,Keratinocyte,chr9:111934254_A>T,1.026323318,1,5,UGCG,UTR3
Full-length RNA-seq,Keratinocyte,chr9:114598191_G>A,11.47346592,1,5,ATP6V1G1,UTR3
Full-length RNA-seq,Keratinocyte,chr9:120903237_C>T,5.4885940555,2,5;7,TRAF1,UTR3
Full-length RNA-seq,Keratinocyte,chr9:124801442_T>A,4.920147896,1,5,OLFML2A,exonic
Full-length RNA-seq,Keratinocyte,chr9:133123911_C>G,3.269038439,1,5,RALGDS,intronic
Full-length RNA-seq,Keratinocyte,chr9:133124496_T>C,9.144825935,1,5,RALGDS,intronic
Full-length RNA-seq,Keratinocyte,chr9:133349913_T>A,4.057682037,1,5,RPL7A,exonic
Full-length RNA-seq,Keratinocyte,chr9:133350005_C>A,5.590955257,1,5,RPL7A,exonic
Full-length RNA-seq,Keratinocyte,chr9:134701281_T>G,3.993155718,1,7,COL5A1,exonic
Full-length RNA-seq,Keratinocyte,chr9:137112001_G>T,2.5512468815,2,5;7,DPP7,exonic
Full-length RNA-seq,Keratinocyte,chr9:137246183_A>C,14.45390701,1,5,FAM166A,intronic
Full-length RNA-seq,Keratinocyte,chr9:137813512_A>C,5.726706028,1,5,EHMT1,exonic
Full-length RNA-seq,Keratinocyte,chr9:14300238_A>G,8.252055168,1,5,NFIB,UTR5
Full-length RNA-seq,Keratinocyte,chr9:19342765_G>A,1.086589813,1,5,DENND4C,exonic
Full-length RNA-seq,Keratinocyte,chr9:32543818_A>G,2.462647438,1,5,TOPORS,exonic
Full-length RNA-seq,Keratinocyte,chr9:33028206_T>C,2.927754641,1,5,DNAJA1,intronic
Full-length RNA-seq,Keratinocyte,chr9:35657756_C>T,0.606728256,1,7,RMRP,ncRNA_exonic
Full-length RNA-seq,Keratinocyte,chr9:5438284_C>A,4.240833282,1,5,PLGRKT,upstream
Full-length RNA-seq,Keratinocyte,chr9:69216362_T>A,8.075871468,1,5,TJP2,exonic
Full-length RNA-seq,Keratinocyte,chr9:71740154_A>G,0.491239369,1,7,CEMIP2,exonic
Full-length RNA-seq,Keratinocyte,chr9:71750349_G>C,5.904457569,1,5,CEMIP2,exonic
Full-length RNA-seq,Keratinocyte,chr9:71910906_A>T,4.356903076,1,5,ABHD17B,UTR5
Full-length RNA-seq,Keratinocyte,chr9:73165602_A>G,7.429144382,1,5,ANXA1,intronic
Full-length RNA-seq,Keratinocyte,chr9:73168495_T>G,0.899671376,1,5,ANXA1,intronic
Full-length RNA-seq,Keratinocyte,chr9:83973921_T>A,3.636744738,1,5,HNRNPK,exonic
Full-length RNA-seq,Keratinocyte,chr9:89391394_T>A,7.664396763,1,5,SEMA4D,exonic
Full-length RNA-seq,Keratinocyte,chr9:99061981_T>A,0.243333012,1,7,COL15A1,exonic
Full-length RNA-seq,Keratinocyte,chrX:109054215_A>G,9.294903755,1,5,LOC101928358;GUCY2F,intergenic
Full-length RNA-seq,Keratinocyte,chrX:109720817_A>T,2.000803232,1,5,ACSL4,intronic
Full-length RNA-seq,Keratinocyte,chrX:115622370_G>C,2.464186072,2,11;5,PLS3,exonic
Full-length RNA-seq,Keratinocyte,chrX:1448492_A>G,8.510894775,1,5,ASMTL,intronic
Full-length RNA-seq,Keratinocyte,chrX:147927149_A>T,2.525598526,1,5,FMR1,intronic
Full-length RNA-seq,Keratinocyte,chrX:154348563_G>T,0.926871181,1,5,FLNA,UTR3
Full-length RNA-seq,Keratinocyte,chrX:154349866_C>T,8.215174675,1,5,FLNA,exonic
Full-length RNA-seq,Keratinocyte,chrX:154368080_G>T,4.690478802,1,5,FLNA,exonic
Full-length RNA-seq,Keratinocyte,chrX:155545118_C>T,4.49849081,1,5,TMLHE,exonic
Full-length RNA-seq,Keratinocyte,chrX:23783323_C>A,5.097964287,1,5,SAT1,UTR5
Full-length RNA-seq,Keratinocyte,chrX:312252_G>C,1.463946462,1,5,GTPBP6,intronic
Full-length RNA-seq,Keratinocyte,chrX:45769830_C>T,6.698208332,1,5,MIR222;LINC02595,intergenic
Full-length RNA-seq,Keratinocyte,chrX:47585308_G>A,0.256832659,1,7,TIMP1,exonic
Full-length RNA-seq,Keratinocyte,chrX:53192982_A>T,18.27529335,1,5,KDM5C,exonic
Full-length RNA-seq,Keratinocyte,chrX:53198570_C>T,6.686515331,1,5,KDM5C,exonic
Full-length RNA-seq,Keratinocyte,chrX:53573880_C>T,2.406863689,1,5,HUWE1,exonic
Full-length RNA-seq,Keratinocyte,chrX:71132182_G>A,5.101645947,1,5,MED12,exonic
Full-length RNA-seq,Keratinocyte,chrX:77681597_C>T,2.645854712,1,5,ATRX,exonic
Full-length RNA-seq,Keratinocyte,chrX:990847_C>G,4.681819439,1,5,SHOX;CRLF2,intergenic
Full-length RNA-seq,Keratinocyte,chrX:990910_G>A,0.807221591,1,5,SHOX;CRLF2,intergenic
Full-length RNA-seq,Mast cell,chr15:50254619_T>C,12.62143898,1,14,HDC,exonic
Full-length RNA-seq,Mast cell,chr15:50263268_G>A,8.619446754,1,14,HDC,exonic
Full-length RNA-seq,Mast cell,chr15:50263268_G>T,12.1540699,1,14,HDC,exonic
Full-length RNA-seq,Mast cell,chr4:54703859_T>A,2.884865046,1,14,KIT,exonic
Full-length RNA-seq,Mast cell,chrX:1206515_C>T,1.74239552,1,14,CRLF2,exonic
Full-length RNA-seq,Myeloid/dendritic,chr10:102397686_G>A,1.506252527,1,6,NFKB2,splicing
Full-length RNA-seq,Myeloid/dendritic,chr10:110507079_T>A,6.959915638,1,6,DUSP5,exonic
Full-length RNA-seq,Myeloid/dendritic,chr10:112668275_G>A,0.834785044,1,6,VTI1A,exonic
Full-length RNA-seq,Myeloid/dendritic,chr10:11319199_C>A,9.349886894,1,6,CELF2-AS1,ncRNA_exonic
Full-length RNA-seq,Myeloid/dendritic,chr10:128047639_C>T,5.932108402,1,6,PTPRE,UTR5
Full-length RNA-seq,Myeloid/dendritic,chr10:14583702_C>T,14.32928848,1,6,FAM107B,intronic
Full-length RNA-seq,Myeloid/dendritic,chr10:26500917_A>C,2.485268354,1,6,APBB1IP,exonic
Full-length RNA-seq,Myeloid/dendritic,chr10:26860909_G>A,4.538253784,1,6,ABI1,UTR5
Full-length RNA-seq,Myeloid/dendritic,chr10:3778002_T>C,2.073869228,1,6,KLF6,UTR3
Full-length RNA-seq,Myeloid/dendritic,chr10:3778178_T>G,3.066856146,1,6,KLF6,UTR3
Full-length RNA-seq,Myeloid/dendritic,chr10:42790366_C>T,5.115046501,1,6,BMS1,exonic
Full-length RNA-seq,Myeloid/dendritic,chr10:45395890_A>C,7.986673355,1,6,ALOX5,exonic
Full-length RNA-seq,Myeloid/dendritic,chr10:48654951_C>T,5.094113827,1,6,ARHGAP22,intronic
Full-length RNA-seq,Myeloid/dendritic,chr10:48720088_C>A,0.59899193,1,6,WDFY4,exonic
Full-length RNA-seq,Myeloid/dendritic,chr10:71850102_A>G,2.765519142,1,6,PSAP,intronic
Full-length RNA-seq,Myeloid/dendritic,chr10:73167107_A>T,1.61466229,1,6,ECD,intronic
Full-length RNA-seq,Myeloid/dendritic,chr10:80171586_C>T,3.755980015,1,6,ANXA11,intronic
Full-length RNA-seq,Myeloid/dendritic,chr10:97358618_T>G,3.154448032,1,6,RRP12,exonic
Full-length RNA-seq,Myeloid/dendritic,chr11:10478588_A>T,1.225821137,1,6,AMPD3,exonic
Full-length RNA-seq,Myeloid/dendritic,chr11:10478590_T>A,6.331815243,1,6,AMPD3,exonic
Full-length RNA-seq,Myeloid/dendritic,chr11:116994843_A>G,1.473149657,1,6,SIK3,intronic
Full-length RNA-seq,Myeloid/dendritic,chr11:117998070_G>A,2.042297125,1,6,IL10RA,intronic
Full-length RNA-seq,Myeloid/dendritic,chr11:119094059_G>T,1.981690049,1,6,H2AX,UTR3
Full-length RNA-seq,Myeloid/dendritic,chr11:125614136_T>C,2.088499546,1,6,STT3A,exonic
Full-length RNA-seq,Myeloid/dendritic,chr11:16740259_A>C,1.202072144,1,6,C11orf58,intronic
Full-length RNA-seq,Myeloid/dendritic,chr11:1753474_T>G,2.682438374,1,6,CTSD,UTR3
Full-length RNA-seq,Myeloid/dendritic,chr11:2699604_A>G,2.61074996,1,6,KCNQ1OT1,ncRNA_exonic
Full-length RNA-seq,Myeloid/dendritic,chr11:34278273_G>T,2.33349824,1,6,ABTB2,intronic
Full-length RNA-seq,Myeloid/dendritic,chr11:35153321_T>C,2.898191214,1,6,CD44,intronic
Full-length RNA-seq,Myeloid/dendritic,chr11:35185155_G>C,4.18433857,1,6,CD44,intronic
Full-length RNA-seq,Myeloid/dendritic,chr11:35189906_C>T,0.529403329,1,6,CD44,exonic
Full-length RNA-seq,Myeloid/dendritic,chr11:35230831_A>C,2.662092924,1,6,CD44,UTR3
Full-length RNA-seq,Myeloid/dendritic,chr11:48043445_G>C,5.2146101,1,6,PTPRJ,intronic
Full-length RNA-seq,Myeloid/dendritic,chr11:57794049_A>C,3.113090754,1,6,CTNND1,exonic
Full-length RNA-seq,Myeloid/dendritic,chr11:58547395_C>T,4.874013424,1,6,LPXN,intronic
Full-length RNA-seq,Myeloid/dendritic,chr11:64773400_A>G,4.0158391,1,6,SF1,intronic
Full-length RNA-seq,Myeloid/dendritic,chr11:65422796_C>G,1.553670049,1,6,NEAT1,upstream
Full-length RNA-seq,Myeloid/dendritic,chr11:66097445_C>A,2.204853058,1,6,PACS1,intronic
Full-length RNA-seq,Myeloid/dendritic,chr11:73378856_G>A,3.510994673,1,6,RELT,intronic
Full-length RNA-seq,Myeloid/dendritic,chr11:9000240_A>G,7.219460964,1,6,NRIP3,intronic
Full-length RNA-seq,Myeloid/dendritic,chr12:104295592_G>A,6.584155083,1,6,TXNRD1,intronic
Full-length RNA-seq,Myeloid/dendritic,chr12:104463109_G>C,2.475577354,1,6,CHST11,intronic
Full-length RNA-seq,Myeloid/dendritic,chr12:104497365_G>A,7.39540863,1,6,CHST11,intronic
Full-length RNA-seq,Myeloid/dendritic,chr12:110435108_G>T,1.226240277,1,6,ARPC3,UTR3
Full-length RNA-seq,Myeloid/dendritic,chr12:118332639_C>T,10.446874619999999,1,6,TAOK3,intronic
Full-length RNA-seq,Myeloid/dendritic,chr12:124341935_C>T,3.282300234,1,6,NCOR2,exonic
Full-length RNA-seq,Myeloid/dendritic,chr12:124411275_G>C,5.14513731,1,6,NCOR2,intronic
Full-length RNA-seq,Myeloid/dendritic,chr12:124439441_C>A,4.383357048,1,6,NCOR2,intronic
Full-length RNA-seq,Myeloid/dendritic,chr12:131961003_C>A,1.186303854,1,6,EP400,exonic
Full-length RNA-seq,Myeloid/dendritic,chr12:132549763_C>A,2.965372086,1,6,FBRSL1,intronic
Full-length RNA-seq,Myeloid/dendritic,chr12:132554143_T>A,5.869190693,1,6,FBRSL1,intronic
Full-length RNA-seq,Myeloid/dendritic,chr12:132554430_A>C,5.735381603,1,6,FBRSL1,intronic
Full-length RNA-seq,Myeloid/dendritic,chr12:132571579_G>A,4.518902779,1,6,FBRSL1,intronic
Full-length RNA-seq,Myeloid/dendritic,chr12:132738179_C>T,8.469293594,1,6,ANKLE2,intronic
Full-length RNA-seq,Myeloid/dendritic,chr12:14436221_C>A,0.422908276,1,6,ATF7IP,exonic
Full-length RNA-seq,Myeloid/dendritic,chr12:2796885_G>A,3.016982079,1,6,ITFG2-AS1,ncRNA_exonic
Full-length RNA-seq,Myeloid/dendritic,chr12:46267074_C>T,8.597190857,1,6,SLC38A1,intronic
Full-length RNA-seq,Myeloid/dendritic,chr12:46371083_A>G,2.593547583,1,6,SLC38A2,intronic
Full-length RNA-seq,Myeloid/dendritic,chr12:49560303_A>G,2.928522587,1,6,MCRS1,exonic
Full-length RNA-seq,Myeloid/dendritic,chr12:49564810_G>T,2.390868187,1,6,MCRS1,exonic
Full-length RNA-seq,Myeloid/dendritic,chr12:51172762_C>T,4.074735641,1,6,TFCP2,UTR5
Full-length RNA-seq,Myeloid/dendritic,chr12:52052302_T>A,1.445047736,1,6,NR4A1,intronic
Full-length RNA-seq,Myeloid/dendritic,chr12:52491141_C>T,2.180376291,1,6,KRT6A,exonic
Full-length RNA-seq,Myeloid/dendritic,chr12:55840820_G>A,5.401354313,1,6,MMP19,exonic
Full-length RNA-seq,Myeloid/dendritic,chr12:6591494_C>T,2.582690954,1,6,CHD4,exonic
Full-length RNA-seq,Myeloid/dendritic,chr12:68619266_T>C,5.267106533,1,6,RAP1B,intronic
Full-length RNA-seq,Myeloid/dendritic,chr12:68645959_T>C,2.432251692,1,6,RAP1B,intronic
Full-length RNA-seq,Myeloid/dendritic,chr12:68871902_C>T,2.09983778,1,6,CPM,exonic
Full-length RNA-seq,Myeloid/dendritic,chr12:7081114_T>G,1.701914907,1,6,C1R,exonic
Full-length RNA-seq,Myeloid/dendritic,chr12:71621123_A>G,3.092212915,1,6,ZFC3H1,intronic
Full-length RNA-seq,Myeloid/dendritic,chr12:71755247_T>A,3.713585615,1,6,RAB21,exonic
Full-length RNA-seq,Myeloid/dendritic,chr12:75499551_T>C,5.897763252,1,6,GLIPR1;KRR1,UTR3
Full-length RNA-seq,Myeloid/dendritic,chr12:76030967_C>T,4.32674551,1,6,PHLDA1,exonic
Full-length RNA-seq,Myeloid/dendritic,chr12:76356639_C>G,2.308869839,1,6,OSBPL8,exonic
Full-length RNA-seq,Myeloid/dendritic,chr12:7925265_C>T,2.004096985,1,6,SLC2A3,intronic
Full-length RNA-seq,Myeloid/dendritic,chr12:89615519_A>T,7.673883438,1,6,ATP2B1,intronic
Full-length RNA-seq,Myeloid/dendritic,chr12:89616903_G>T,4.662261963,1,6,ATP2B1,exonic
Full-length RNA-seq,Myeloid/dendritic,chr12:92136280_C>G,6.306109905,1,6,LINC01619,ncRNA_intronic
Full-length RNA-seq,Myeloid/dendritic,chr13:114013892_C>T,3.916968107,1,6,RASA3,intronic
Full-length RNA-seq,Myeloid/dendritic,chr13:41007782_C>T,2.913711786,1,6,ELF1,intronic
Full-length RNA-seq,Myeloid/dendritic,chr13:41458443_G>A,2.561471701,1,6,RGCC,exonic
Full-length RNA-seq,Myeloid/dendritic,chr13:41462669_C>A,10.96542072,1,6,RGCC,intronic
Full-length RNA-seq,Myeloid/dendritic,chr13:46154643_C>T,7.718192577,1,6,LCP1,intronic
Full-length RNA-seq,Myeloid/dendritic,chr13:46181167_A>G,9.696533203,1,6,LCP1,intronic
Full-length RNA-seq,Myeloid/dendritic,chr13:48362884_T>C,3.567161322,1,6,RB1,exonic
Full-length RNA-seq,Myeloid/dendritic,chr13:49023709_A>C,1.84722352,1,6,FNDC3A,intronic
Full-length RNA-seq,Myeloid/dendritic,chr13:49445180_T>A,3.604968309,1,6,SETDB2;SETDB2-PHF11,intronic
Full-length RNA-seq,Myeloid/dendritic,chr13:49956408_C>T,4.35564518,1,6,SPRYD7;DLEU2,intergenic
Full-length RNA-seq,Myeloid/dendritic,chr13:75286833_A>T,8.276803017,1,6,TBC1D4,exonic
Full-length RNA-seq,Myeloid/dendritic,chr13:76885238_C>T,1.409771442,1,6,KCTD12,exonic
Full-length RNA-seq,Myeloid/dendritic,chr13:98015597_A>C,6.659864902,1,6,IPO5,exonic
Full-length RNA-seq,Myeloid/dendritic,chr13:98575404_T>C,4.693619728,1,6,STK24,intronic
Full-length RNA-seq,Myeloid/dendritic,chr13:99295103_T>G,4.496735573,1,6,GPR183,exonic
Full-length RNA-seq,Myeloid/dendritic,chr14:101985950_C>A,5.711822033,1,6,DYNC1H1,exonic
Full-length RNA-seq,Myeloid/dendritic,chr14:102049517_G>A,0.731251121,1,6,DYNC1H1,exonic
Full-length RNA-seq,Myeloid/dendritic,chr14:103126462_C>T,10.57672501,1,6,TNFAIP2,exonic
Full-length RNA-seq,Myeloid/dendritic,chr14:104719402_A>C,1.718590021,1,6,INF2,UTR3
Full-length RNA-seq,Myeloid/dendritic,chr14:21254933_C>A,10.5748682,1,6,HNRNPC,intronic
Full-length RNA-seq,Myeloid/dendritic,chr14:24164908_C>A,3.527242422,1,6,IRF9,exonic
Full-length RNA-seq,Myeloid/dendritic,chr14:35403637_A>G,4.942136288,1,6,NFKBIA,intronic
Full-length RNA-seq,Myeloid/dendritic,chr14:60289907_G>A,1.322162151,1,6,PPM1A,exonic
Full-length RNA-seq,Myeloid/dendritic,chr14:71685472_C>A,8.483487129,1,6,SIPA1L1,exonic
Full-length RNA-seq,Myeloid/dendritic,chr14:75003567_G>A,2.060952425,1,6,EIF2B2,exonic
Full-length RNA-seq,Myeloid/dendritic,chr14:75258556_C>T,2.210147858,1,6,TMED10;FOS,intergenic
Full-length RNA-seq,Myeloid/dendritic,chr14:81219746_A>C,3.272440195,1,6,GTF2A1,intronic
Full-length RNA-seq,Myeloid/dendritic,chr14:89162440_C>G,4.752024651,1,6,FOXN3,exonic
Full-length RNA-seq,Myeloid/dendritic,chr14:90312400_A>G,4.876136303,1,6,NRDE2,exonic
Full-length RNA-seq,Myeloid/dendritic,chr15:34400741_T>C,0.880842507,1,6,GOLGA8A,UTR5
Full-length RNA-seq,Myeloid/dendritic,chr15:43135572_G>A,1.52676332,1,6,TMEM62,exonic
Full-length RNA-seq,Myeloid/dendritic,chr15:63636017_C>T,3.537866116,1,6,HERC1,exonic
Full-length RNA-seq,Myeloid/dendritic,chr15:63758215_A>T,5.382210255,1,6,HERC1,exonic
Full-length RNA-seq,Myeloid/dendritic,chr15:63774991_T>G,4.111455441,1,6,HERC1,exonic
Full-length RNA-seq,Myeloid/dendritic,chr15:64951864_T>C,1.182188153,1,6,ANKDD1A,intronic
Full-length RNA-seq,Myeloid/dendritic,chr15:65640199_T>G,5.973772049,1,6,SLC24A1,intronic
Full-length RNA-seq,Myeloid/dendritic,chr15:74799282_G>A,1.573040605,1,6,CSK,exonic
Full-length RNA-seq,Myeloid/dendritic,chr15:77618629_G>A,2.083818436,1,6,LINGO1,intronic
Full-length RNA-seq,Myeloid/dendritic,chr15:79970893_T>G,9.115506172,1,6,BCL2A1,exonic
Full-length RNA-seq,Myeloid/dendritic,chr15:88639365_A>G,1.99156642,1,6,ISG20,UTR5
Full-length RNA-seq,Myeloid/dendritic,chr15:90448727_G>A,1.52892518,1,6,IQGAP1,exonic
Full-length RNA-seq,Myeloid/dendritic,chr15:90894023_T>A,4.980239391,1,6,FES,exonic
Full-length RNA-seq,Myeloid/dendritic,chr15:90905877_G>C,5.317687035,1,6,MAN2A2,exonic
Full-length RNA-seq,Myeloid/dendritic,chr15:92949793_T>A,5.467710972,1,6,CHD2,intronic
Full-length RNA-seq,Myeloid/dendritic,chr16:10909071_G>A,0.840810895,1,6,CIITA,exonic
Full-length RNA-seq,Myeloid/dendritic,chr16:1352393_G>A,1.48453033,1,6,GNPTG,intronic
Full-length RNA-seq,Myeloid/dendritic,chr16:1766007_G>A,0.860526681,1,6,MAPK8IP3,exonic
Full-length RNA-seq,Myeloid/dendritic,chr16:18892239_A>T,3.876296997,1,6,SMG1,exonic
Full-length RNA-seq,Myeloid/dendritic,chr16:23466600_A>G,3.736286402,1,6,GGA2,UTR3
Full-length RNA-seq,Myeloid/dendritic,chr16:23486770_C>G,2.87863636,1,6,GGA2,exonic
Full-length RNA-seq,Myeloid/dendritic,chr16:28919885_C>T,5.953733921,1,6,RABEP2,exonic
Full-length RNA-seq,Myeloid/dendritic,chr16:29566169_A>T,1.457080126,1,6,SMG1P2,ncRNA_exonic
Full-length RNA-seq,Myeloid/dendritic,chr16:30966304_G>A,1.848376989,1,6,SETD1A,exonic
Full-length RNA-seq,Myeloid/dendritic,chr16:31074944_G>C,5.424893379,1,6,ZNF646,intronic
Full-length RNA-seq,Myeloid/dendritic,chr16:31359760_C>A,6.582194805,1,6,ITGAX,exonic
Full-length RNA-seq,Myeloid/dendritic,chr16:31370678_G>T,3.462293386,1,6,ITGAX,intronic
Full-length RNA-seq,Myeloid/dendritic,chr16:3263420_G>T,2.015910864,1,6,LINC00921,upstream
Full-length RNA-seq,Myeloid/dendritic,chr16:3731873_C>T,2.912458181,1,6,CREBBP,exonic
Full-length RNA-seq,Myeloid/dendritic,chr16:50767131_T>A,8.991792679,1,6,CYLD,intronic
Full-length RNA-seq,Myeloid/dendritic,chr16:56805571_G>A,2.734391212,1,6,NUP93,exonic
Full-length RNA-seq,Myeloid/dendritic,chr16:67036706_G>A,2.483431578,1,6,CBFB,exonic
Full-length RNA-seq,Myeloid/dendritic,chr16:671166_G>A,2.872592211,1,6,RHOT2,exonic
Full-length RNA-seq,Myeloid/dendritic,chr16:67195926_G>A,3.041599035,1,6,E2F4,exonic
Full-length RNA-seq,Myeloid/dendritic,chr16:67473069_C>T,0.754472971,1,6,ATP6V0D1,intronic
Full-length RNA-seq,Myeloid/dendritic,chr16:67541880_G>A,3.117427111,1,6,RIPOR1,exonic
Full-length RNA-seq,Myeloid/dendritic,chr16:69686849_T>C,1.230100632,1,6,NFAT5,intronic
Full-length RNA-seq,Myeloid/dendritic,chr16:70800480_G>T,4.445679188,1,6,VAC14,intronic
Full-length RNA-seq,Myeloid/dendritic,chr16:85903307_A>C,1.971851587,1,6,IRF8,intronic
Full-length RNA-seq,Myeloid/dendritic,chr16:85909723_A>C,7.047626972,1,6,IRF8,intronic
Full-length RNA-seq,Myeloid/dendritic,chr16:8629050_G>C,1.505741119,1,6,METTL22,exonic
Full-length RNA-seq,Myeloid/dendritic,chr16:89283332_A>G,1.612328649,1,6,ANKRD11,exonic
Full-length RNA-seq,Myeloid/dendritic,chr16:89288319_G>T,4.503621578,1,6,ANKRD11,intronic
Full-length RNA-seq,Myeloid/dendritic,chr16:89302786_A>G,3.676937342,1,6,ANKRD11,intronic
Full-length RNA-seq,Myeloid/dendritic,chr16:89397501_C>T,1.471004844,1,6,ANKRD11,intronic
Full-length RNA-seq,Myeloid/dendritic,chr16:89973258_G>A,6.448910236,1,6,AFG3L1P,ncRNA_intronic
Full-length RNA-seq,Myeloid/dendritic,chr17:1050592_A>T,5.411969185,1,6,ABR,exonic
Full-length RNA-seq,Myeloid/dendritic,chr17:15258277_C>T,5.534246445,1,6,PMP22,intronic
Full-length RNA-seq,Myeloid/dendritic,chr17:15999316_A>T,5.06582737,1,6,ZSWIM7,intronic
Full-length RNA-seq,Myeloid/dendritic,chr17:19188204_T>G,1.815631628,1,6,SNORD3A,ncRNA_exonic
Full-length RNA-seq,Myeloid/dendritic,chr17:28631504_C>T,1.846470714,1,6,KIAA0100,exonic
Full-length RNA-seq,Myeloid/dendritic,chr17:36088957_C>T,8.270941734,1,6,CCL3,intronic
Full-length RNA-seq,Myeloid/dendritic,chr17:36089426_T>G,7.992432594,1,6,CCL3,intronic
Full-length RNA-seq,Myeloid/dendritic,chr17:36195196_G>A,3.754784584,1,6,CCL3;CCL3L1;CCL3L3,UTR3
Full-length RNA-seq,Myeloid/dendritic,chr17:36195296_A>G,7.883908749,1,6,CCL3;CCL3L1;CCL3L3,exonic
Full-length RNA-seq,Myeloid/dendritic,chr17:39200611_G>C,3.448553562,1,6,RPL19,UTR5
Full-length RNA-seq,Myeloid/dendritic,chr17:40349797_G>A,1.057702661,1,6,RARA,exonic
Full-length RNA-seq,Myeloid/dendritic,chr17:40562657_C>T,2.920953035,1,6,CCR7,intronic
Full-length RNA-seq,Myeloid/dendritic,chr17:40563102_C>G,3.561605215,1,6,CCR7,intronic
Full-length RNA-seq,Myeloid/dendritic,chr17:40563137_A>T,8.270685196,1,6,CCR7,intronic
Full-length RNA-seq,Myeloid/dendritic,chr17:40565130_T>C,9.924813271,1,6,CCR7,intronic
Full-length RNA-seq,Myeloid/dendritic,chr17:42289269_G>C,4.329583645,1,6,STAT5A,intronic
Full-length RNA-seq,Myeloid/dendritic,chr17:42304338_G>A,0.884581923,1,6,STAT5A,intronic
Full-length RNA-seq,Myeloid/dendritic,chr17:42306327_G>C,2.340714693,1,6,STAT5A,exonic
Full-length RNA-seq,Myeloid/dendritic,chr17:45148751_G>A,2.256452084,1,6,HEXIM1,UTR5
Full-length RNA-seq,Myeloid/dendritic,chr17:45237345_A>G,5.463507652,1,6,FMNL1,exonic
Full-length RNA-seq,Myeloid/dendritic,chr17:45245290_G>A,5.787579536,1,6,FMNL1,exonic
Full-length RNA-seq,Myeloid/dendritic,chr17:45246266_G>A,3.252156734,1,6,FMNL1,exonic
Full-length RNA-seq,Myeloid/dendritic,chr17:4892407_G>A,4.888771534,1,6,MINK1,exonic
Full-length RNA-seq,Myeloid/dendritic,chr17:58323371_A>T,6.013625622,1,6,TSPOAP1,exonic
Full-length RNA-seq,Myeloid/dendritic,chr17:58331513_C>G,2.641745567,1,6,TSPOAP1-AS1,ncRNA_intronic
Full-length RNA-seq,Myeloid/dendritic,chr17:58332097_C>T,3.753747702,1,6,TSPOAP1-AS1,ncRNA_intronic
Full-length RNA-seq,Myeloid/dendritic,chr17:58332231_C>T,5.62635994,1,6,TSPOAP1-AS1,ncRNA_intronic
Full-length RNA-seq,Myeloid/dendritic,chr17:59681322_T>A,2.527899742,1,6,CLTC,exonic
Full-length RNA-seq,Myeloid/dendritic,chr17:65056566_C>A,2.768873692,1,6,GNA13,exonic
Full-length RNA-seq,Myeloid/dendritic,chr17:74537079_A>G,8.000214577,1,6,CD300LB;CD300C,intergenic
Full-length RNA-seq,Myeloid/dendritic,chr17:748823_A>G,4.377635002,1,6,GEMIN4,intronic
Full-length RNA-seq,Myeloid/dendritic,chr17:7579988_T>A,4.221999168,1,6,CD68,exonic
Full-length RNA-seq,Myeloid/dendritic,chr17:7580487_A>C,8.543914795,1,6,CD68,exonic
Full-length RNA-seq,Myeloid/dendritic,chr17:76385053_G>A,0.50820452,1,6,SPHK1,UTR5
Full-length RNA-seq,Myeloid/dendritic,chr17:76718649_C>T,3.625373602,1,6,JMJD6,UTR3
Full-length RNA-seq,Myeloid/dendritic,chr17:78141256_C>G,1.168198347,1,6,TMC8,UTR3
Full-length RNA-seq,Myeloid/dendritic,chr17:7860608_T>C,2.397334576,1,6,CYB5D1,UTR3
Full-length RNA-seq,Myeloid/dendritic,chr17:78678950_C>G,5.759094715,1,6,CYTH1,intronic
Full-length RNA-seq,Myeloid/dendritic,chr17:78687288_C>T,2.606101274,1,6,CYTH1,intronic
Full-length RNA-seq,Myeloid/dendritic,chr17:78775809_A>G,2.393431664,1,6,CYTH1,intronic
Full-length RNA-seq,Myeloid/dendritic,chr17:81859668_A>T,2.843674183,1,6,P4HB,intronic
Full-length RNA-seq,Myeloid/dendritic,chr17:8880460_T>G,4.004535198,1,6,PIK3R5,UTR3
Full-length RNA-seq,Myeloid/dendritic,chr17:8884009_C>T,3.616907597,1,6,PIK3R5,intronic
Full-length RNA-seq,Myeloid/dendritic,chr17:8890085_G>T,1.557971239,1,6,PIK3R5,exonic
Full-length RNA-seq,Myeloid/dendritic,chr17:8909129_C>T,0.856584191,1,6,PIK3R5,exonic
Full-length RNA-seq,Myeloid/dendritic,chr18:35140345_G>A,3.850704432,1,6,MAPRE2,exonic
Full-length RNA-seq,Myeloid/dendritic,chr18:45954623_A>T,1.928573489,1,6,EPG5,exonic
Full-length RNA-seq,Myeloid/dendritic,chr18:58687706_T>G,8.696294785,1,6,MALT1,intronic
Full-length RNA-seq,Myeloid/dendritic,chr18:63241456_A>G,5.275225639,1,6,BCL2,intronic
Full-length RNA-seq,Myeloid/dendritic,chr18:63259424_C>T,2.769023895,1,6,BCL2,intronic
Full-length RNA-seq,Myeloid/dendritic,chr18:74971636_C>T,3.784544706,1,6,ZNF407,intronic
Full-length RNA-seq,Myeloid/dendritic,chr18:77104546_G>C,4.352903366,1,6,MBP,intronic
Full-length RNA-seq,Myeloid/dendritic,chr18:77131077_A>G,5.629593849,1,6,MBP,intronic
Full-length RNA-seq,Myeloid/dendritic,chr18:79894017_T>G,5.453994751,1,6,KCNG2,intronic
Full-length RNA-seq,Myeloid/dendritic,chr18:79896998_C>T,1.423465729,1,6,KCNG2,intronic
Full-length RNA-seq,Myeloid/dendritic,chr18:9267870_A>G,1.012927294,1,6,ANKRD12,intronic
Full-length RNA-seq,Myeloid/dendritic,chr18:9710227_A>C,2.158143997,1,6,RAB31,intronic
Full-length RNA-seq,Myeloid/dendritic,chr19:10087256_A>C,2.567937851,1,6,SHFL,exonic
Full-length RNA-seq,Myeloid/dendritic,chr19:1035217_C>G,5.685607433,1,6,CNN2,intronic
Full-length RNA-seq,Myeloid/dendritic,chr19:11940494_G>A,7.339328766,1,6,ZNF700,intronic
Full-length RNA-seq,Myeloid/dendritic,chr19:11940510_T>C,2.636248112,1,6,ZNF700,intronic
Full-length RNA-seq,Myeloid/dendritic,chr19:12891965_C>A,5.724321842,1,6,GCDH,exonic
Full-length RNA-seq,Myeloid/dendritic,chr19:14397108_G>A,4.670924664,1,6,ADGRE5,exonic
Full-length RNA-seq,Myeloid/dendritic,chr19:14772494_A>C,6.337351799,1,6,ADGRE2,exonic
Full-length RNA-seq,Myeloid/dendritic,chr19:17203022_C>A,7.032631397,1,6,MYO9B,intronic
Full-length RNA-seq,Myeloid/dendritic,chr19:18006404_C>G,8.234392166,1,6,ARRDC2,intronic
Full-length RNA-seq,Myeloid/dendritic,chr19:2095770_C>T,2.774005175,1,6,MOB3A,intronic
Full-length RNA-seq,Myeloid/dendritic,chr19:2200865_C>T,7.643047333,1,6,DOT1L,intronic
Full-length RNA-seq,Myeloid/dendritic,chr19:2200977_T>G,7.001414299,1,6,DOT1L,intronic
Full-length RNA-seq,Myeloid/dendritic,chr19:2210764_G>A,5.941624165,1,6,DOT1L,exonic
Full-length RNA-seq,Myeloid/dendritic,chr19:2216069_T>A,2.79970932,1,6,DOT1L,intronic
Full-length RNA-seq,Myeloid/dendritic,chr19:3148769_G>C,5.074448109,1,6,GNA15,exonic
Full-length RNA-seq,Myeloid/dendritic,chr19:35019227_G>A,4.775679111,1,6,GRAMD1A,exonic
Full-length RNA-seq,Myeloid/dendritic,chr19:3530423_C>G,3.317361593,1,6,FZR1,intronic
Full-length RNA-seq,Myeloid/dendritic,chr19:35884345_A>G,3.357989788,1,6,APLP1;NFKBID,intergenic
Full-length RNA-seq,Myeloid/dendritic,chr19:39426113_G>A,3.293652058,1,6,PLEKHG2,UTR3
Full-length RNA-seq,Myeloid/dendritic,chr19:39928063_C>T,14.79797077,1,6,FCGBP,exonic
Full-length RNA-seq,Myeloid/dendritic,chr19:41322965_T>G,5.313759804,1,6,CCDC97,UTR3
Full-length RNA-seq,Myeloid/dendritic,chr19:41892670_C>A,4.039004803,1,6,ARHGEF1,exonic
Full-length RNA-seq,Myeloid/dendritic,chr19:43665187_G>C,2.81541729,1,6,PLAUR,intronic
Full-length RNA-seq,Myeloid/dendritic,chr19:43665418_A>T,3.029949903,1,6,PLAUR,exonic
Full-length RNA-seq,Myeloid/dendritic,chr19:44878483_G>A,2.454033375,1,6,NECTIN2,exonic
Full-length RNA-seq,Myeloid/dendritic,chr19:45013968_T>G,4.364937305,1,6,RELB,intronic
Full-length RNA-seq,Myeloid/dendritic,chr19:48873883_C>A,2.747723818,1,6,PPP1R15A,exonic
Full-length RNA-seq,Myeloid/dendritic,chr19:48913767_T>C,10.68519497,1,6,NUCB1-AS1,ncRNA_intronic
Full-length RNA-seq,Myeloid/dendritic,chr19:48956271_G>A,2.104082108,1,6,BAX,exonic
Full-length RNA-seq,Myeloid/dendritic,chr19:49490841_G>A,2.635118008,1,6,RPL13A,exonic
Full-length RNA-seq,Myeloid/dendritic,chr19:49491738_A>C,2.249449015,1,6,RPL13A,exonic
Full-length RNA-seq,Myeloid/dendritic,chr19:49870580_C>T,1.956877828,1,6,AKT1S1,intronic
Full-length RNA-seq,Myeloid/dendritic,chr19:51968664_G>T,6.292311668,1,6,ZNF350,exonic
Full-length RNA-seq,Myeloid/dendritic,chr19:54370243_T>G,0.725107014,1,6,LAIR1,intronic
Full-length RNA-seq,Myeloid/dendritic,chr19:5654139_G>C,1.689005733,1,6,SAFB,exonic
Full-length RNA-seq,Myeloid/dendritic,chr19:5924873_G>T,3.38881278,1,6,RANBP3,exonic
Full-length RNA-seq,Myeloid/dendritic,chr19:6530645_T>C,1.678503275,1,6,TNFSF9,upstream
Full-length RNA-seq,Myeloid/dendritic,chr1:110908789_G>C,11.21565723,1,6,CD53;LRIF1,intergenic
Full-length RNA-seq,Myeloid/dendritic,chr1:111200673_C>A,5.88939333,1,6,DENND2D,intronic
Full-length RNA-seq,Myeloid/dendritic,chr1:11248059_C>T,5.292500496,1,6,MTOR,exonic
Full-length RNA-seq,Myeloid/dendritic,chr1:11909145_T>C,4.08215189,1,6,RNU5E-1,downstream
Full-length RNA-seq,Myeloid/dendritic,chr1:1213584_A>T,5.599444389,1,6,TNFRSF4,intronic
Full-length RNA-seq,Myeloid/dendritic,chr1:148863259_T>A,5.669788837,1,6,PDE4DIP,exonic
Full-length RNA-seq,Myeloid/dendritic,chr1:148931872_G>A,6.893032551,1,6,PDE4DIP,exonic
Full-length RNA-seq,Myeloid/dendritic,chr1:149390832_A>C,4.875228882,1,6,NOTCH2NLC,exonic
Full-length RNA-seq,Myeloid/dendritic,chr1:153992090_C>A,1.03323698,1,6,RPS27,exonic
Full-length RNA-seq,Myeloid/dendritic,chr1:161048548_C>T,2.930377007,1,6,ARHGAP30,exonic
Full-length RNA-seq,Myeloid/dendritic,chr1:161510940_G>C,9.118787766,1,6,FCGR2A,exonic
Full-length RNA-seq,Myeloid/dendritic,chr1:161525401_G>A,4.114225388,1,6,HSPA6,exonic
Full-length RNA-seq,Myeloid/dendritic,chr1:161526200_G>A,1.226316214,1,6,HSPA6,exonic
Full-length RNA-seq,Myeloid/dendritic,chr1:161607867_G>A,1.683454394,1,6,HSPA7,ncRNA_exonic
Full-length RNA-seq,Myeloid/dendritic,chr1:171557329_C>A,0.887963772,1,6,PRRC2C,exonic
Full-length RNA-seq,Myeloid/dendritic,chr1:179130910_C>T,2.933743,1,6,ABL2,intronic
Full-length RNA-seq,Myeloid/dendritic,chr1:179293868_G>A,2.206884623,1,6,SOAT1,UTR5
Full-length RNA-seq,Myeloid/dendritic,chr1:181089115_G>A,5.207867622,1,6,IER5,exonic
Full-length RNA-seq,Myeloid/dendritic,chr1:181090080_T>A,1.537509799,1,6,IER5,UTR3
Full-length RNA-seq,Myeloid/dendritic,chr1:182383343_A>G,1.971302152,1,6,GLUL,UTR3
Full-length RNA-seq,Myeloid/dendritic,chr1:183527966_A>C,1.249619722,1,6,SMG7,exonic
Full-length RNA-seq,Myeloid/dendritic,chr1:184974433_G>A,6.729278564,1,6,NIBAN1,UTR5
Full-length RNA-seq,Myeloid/dendritic,chr1:186675968_T>C,2.608721733,1,6,PTGS2,exonic
Full-length RNA-seq,Myeloid/dendritic,chr1:1878580_G>A,4.707642078,1,6,GNB1,intronic
Full-length RNA-seq,Myeloid/dendritic,chr1:19150738_A>G,3.425370693,1,6,UBR4,exonic
Full-length RNA-seq,Myeloid/dendritic,chr1:192579192_C>A,7.066832542,1,6,RGS1,exonic
Full-length RNA-seq,Myeloid/dendritic,chr1:203309401_A>G,3.913295269,1,6,BTG2,UTR3
Full-length RNA-seq,Myeloid/dendritic,chr1:206557774_C>A,8.77028656,1,6,RASSF5,intronic
Full-length RNA-seq,Myeloid/dendritic,chr1:226690149_G>T,2.331695557,1,6,ITPKB,intronic
Full-length RNA-seq,Myeloid/dendritic,chr1:235866031_A>G,3.740098715,1,6,LYST,intronic
Full-length RNA-seq,Myeloid/dendritic,chr1:236173393_G>C,1.724099517,1,6,GPR137B,intronic
Full-length RNA-seq,Myeloid/dendritic,chr1:236269341_C>T,1.795844197,1,6,ERO1B,intronic
Full-length RNA-seq,Myeloid/dendritic,chr1:244851594_A>G,3.453861237,1,6,HNRNPU,UTR3
Full-length RNA-seq,Myeloid/dendritic,chr1:24920649_A>T,2.146386385,1,6,RUNX3,intronic
Full-length RNA-seq,Myeloid/dendritic,chr1:2563030_C>A,4.125543594,1,6,TNFRSF14,intronic
Full-length RNA-seq,Myeloid/dendritic,chr1:28466530_G>A,3.743205547,1,6,PHACTR4,exonic
Full-length RNA-seq,Myeloid/dendritic,chr1:30735189_G>C,7.878881931,1,6,LAPTM5,exonic
Full-length RNA-seq,Myeloid/dendritic,chr1:30737044_G>T,5.537298203,1,6,LAPTM5,intronic
Full-length RNA-seq,Myeloid/dendritic,chr1:30742501_C>T,5.61734581,1,6,LAPTM5,exonic
Full-length RNA-seq,Myeloid/dendritic,chr1:39955500_G>C,0.627881825,1,6,MFSD2A,intronic
Full-length RNA-seq,Myeloid/dendritic,chr1:40374624_T>A,4.589650631,1,6,SMAP2,intronic
Full-length RNA-seq,Myeloid/dendritic,chr1:42958641_C>T,2.718562841,1,6,SLC2A1,exonic
Full-length RNA-seq,Myeloid/dendritic,chr1:44776061_G>A,2.46011591,1,6,RPS8,exonic
Full-length RNA-seq,Myeloid/dendritic,chr1:45521093_C>T,1.378359556,1,6,PRDX1,intronic
Full-length RNA-seq,Myeloid/dendritic,chr1:58781663_G>C,0.721160769,1,6,JUN,UTR3
Full-length RNA-seq,Myeloid/dendritic,chr1:634112_T>C,4.335415363,1,6,MIR12136;OR4F16,intergenic
Full-length RNA-seq,Myeloid/dendritic,chr1:84956579_A>T,9.291624069,1,6,MCOLN2,exonic
Full-length RNA-seq,Myeloid/dendritic,chr1:84992967_C>G,8.314001083,1,6,MCOLN2,intronic
Full-length RNA-seq,Myeloid/dendritic,chr1:84996867_G>T,10.10529709,1,6,MCOLN2,exonic
Full-length RNA-seq,Myeloid/dendritic,chr1:84996954_C>T,4.423420906,1,6,MCOLN2,UTR5
Full-length RNA-seq,Myeloid/dendritic,chr1:89122839_A>G,2.127343416,1,6,GBP2,intronic
Full-length RNA-seq,Myeloid/dendritic,chr1:89272312_C>T,2.662820339,1,6,GBP5,intronic
Full-length RNA-seq,Myeloid/dendritic,chr1:93674692_C>T,5.350746632,1,6,BCAR3,exonic
Full-length RNA-seq,Myeloid/dendritic,chr1:97573865_C>G,2.934638262,1,6,DPYD,exonic
Full-length RNA-seq,Myeloid/dendritic,chr20:19935572_G>A,4.463674068,1,6,RIN2,intronic
Full-length RNA-seq,Myeloid/dendritic,chr20:23048256_A>T,0.875494361,1,6,THBD,exonic
Full-length RNA-seq,Myeloid/dendritic,chr20:23637695_G>A,4.142771721,1,6,CST3,exonic
Full-length RNA-seq,Myeloid/dendritic,chr20:31723221_C>G,3.560094833,1,6,ABALON,ncRNA_exonic
Full-length RNA-seq,Myeloid/dendritic,chr20:44995116_G>A,6.652943134,1,6,STK4,exonic
Full-length RNA-seq,Myeloid/dendritic,chr20:45032588_C>T,3.364692211,1,6,STK4,intronic
Full-length RNA-seq,Myeloid/dendritic,chr20:45076983_T>A,5.677060604,1,6,STK4,UTR3
Full-length RNA-seq,Myeloid/dendritic,chr20:46012285_C>A,3.308451653,1,6,MMP9,exonic
Full-length RNA-seq,Myeloid/dendritic,chr20:46012287_A>G,5.459730625,1,6,MMP9,exonic
Full-length RNA-seq,Myeloid/dendritic,chr20:46012289_A>G,3.168810844,1,6,MMP9,exonic
Full-length RNA-seq,Myeloid/dendritic,chr20:48645960_C>T,4.660042763,1,6,PREX1,exonic
Full-length RNA-seq,Myeloid/dendritic,chr20:49656102_C>T,3.415114164,1,6,B4GALT5,intronic
Full-length RNA-seq,Myeloid/dendritic,chr20:50928619_C>T,8.363796234,1,6,ADNP,intronic
Full-length RNA-seq,Myeloid/dendritic,chr21:14520776_C>T,4.044166565,1,6,SAMSN1,intronic
Full-length RNA-seq,Myeloid/dendritic,chr21:25562498_G>C,0.97960043,1,6,MIR155HG,ncRNA_intronic
Full-length RNA-seq,Myeloid/dendritic,chr21:25569952_G>A,8.24894619,1,6,MIR155HG,ncRNA_intronic
Full-length RNA-seq,Myeloid/dendritic,chr21:25573855_C>A,1.338831306,1,6,MIR155HG,ncRNA_intronic
Full-length RNA-seq,Myeloid/dendritic,chr21:29067657_C>G,7.545387268,1,6,CCT8,exonic
Full-length RNA-seq,Myeloid/dendritic,chr21:44906982_G>T,6.133920193,1,6,ITGB2,exonic
Full-length RNA-seq,Myeloid/dendritic,chr21:8254322_A>C,4.646441936,1,6,RNA28SN5,ncRNA_intronic
Full-length RNA-seq,Myeloid/dendritic,chr22:23695269_C>T,6.586037636,1,6,GUSBP11,ncRNA_exonic
Full-length RNA-seq,Myeloid/dendritic,chr22:35389957_G>C,2.974637508,1,6,HMOX1,exonic
Full-length RNA-seq,Myeloid/dendritic,chr22:36323022_T>G,2.919811964,1,6,MYH9,intronic
Full-length RNA-seq,Myeloid/dendritic,chr22:36385196_T>G,2.475403547,1,6,MYH9,intronic
Full-length RNA-seq,Myeloid/dendritic,chr22:38697392_C>T,6.794599056,1,6,JOSD1,intronic
Full-length RNA-seq,Myeloid/dendritic,chr22:38866327_G>T,7.038234711,1,6,CBX6,exonic
Full-length RNA-seq,Myeloid/dendritic,chr22:42516842_T>C,3.461712837,1,6,RRP7A,intronic
Full-length RNA-seq,Myeloid/dendritic,chr22:42615668_T>C,2.070864677,1,6,POLDIP3;RNU12,upstream;downstream
Full-length RNA-seq,Myeloid/dendritic,chr22:44185866_G>A,3.659527302,1,6,PARVG,exonic
Full-length RNA-seq,Myeloid/dendritic,chr22:50284159_C>T,2.475106478,1,6,PLXNB2,exonic
Full-length RNA-seq,Myeloid/dendritic,chr2:101839876_G>A,7.729206085,1,6,MAP4K4,exonic
Full-length RNA-seq,Myeloid/dendritic,chr2:101869929_G>A,4.842103958,1,6,MAP4K4,intronic
Full-length RNA-seq,Myeloid/dendritic,chr2:10320860_G>C,10.36617184,1,6,HPCAL1,intronic
Full-length RNA-seq,Myeloid/dendritic,chr2:10802561_C>T,0.908380687,1,6,PDIA6,exonic
Full-length RNA-seq,Myeloid/dendritic,chr2:113957589_G>C,8.265353203,1,6,ACTR3,UTR3
Full-length RNA-seq,Myeloid/dendritic,chr2:127496115_C>T,6.758820534,1,6,IWS1,exonic
Full-length RNA-seq,Myeloid/dendritic,chr2:135784614_C>A,2.677406073,1,6,UBXN4,UTR3
Full-length RNA-seq,Myeloid/dendritic,chr2:136114871_A>T,2.443892479,1,6,CXCR4,exonic
Full-length RNA-seq,Myeloid/dendritic,chr2:136116635_A>G,5.232111931,1,6,CXCR4,exonic
Full-length RNA-seq,Myeloid/dendritic,chr2:144495079_A>G,3.923782587,1,6,ZEB2,intronic
Full-length RNA-seq,Myeloid/dendritic,chr2:174581372_A>T,2.285578012,1,6,WIPF1,exonic
Full-length RNA-seq,Myeloid/dendritic,chr2:191679105_G>A,3.152080297,1,6,NABP1,exonic
Full-length RNA-seq,Myeloid/dendritic,chr2:197291955_A>T,10.19975376,1,6,ANKRD44-IT1,ncRNA_intronic
Full-length RNA-seq,Myeloid/dendritic,chr2:199911121_C>G,1.129798889,1,6,C2orf69,upstream
Full-length RNA-seq,Myeloid/dendritic,chr2:201137526_C>A,4.408459663,1,6,CFLAR,UTR3
Full-length RNA-seq,Myeloid/dendritic,chr2:201144442_A>C,7.33680582,1,6,CFLAR-AS1,ncRNA_intronic
Full-length RNA-seq,Myeloid/dendritic,chr2:20350210_A>G,3.763549089,1,6,PUM2,intronic
Full-length RNA-seq,Myeloid/dendritic,chr2:224874339_T>G,3.595965862,1,6,DOCK10,exonic
Full-length RNA-seq,Myeloid/dendritic,chr2:237695527_T>A,1.621435642,1,6,LRRFIP1,intronic
Full-length RNA-seq,Myeloid/dendritic,chr2:241823159_A>T,2.076540709,1,6,NEU4;PDCD1,intergenic
Full-length RNA-seq,Myeloid/dendritic,chr2:28414341_A>C,2.551227093,1,6,FOSL2,UTR3
Full-length RNA-seq,Myeloid/dendritic,chr2:46336177_G>C,1.239432096,1,6,EPAS1,intronic
Full-length RNA-seq,Myeloid/dendritic,chr2:55235501_T>C,2.927993298,1,6,RPS27A,exonic
Full-length RNA-seq,Myeloid/dendritic,chr2:60922583_G>A,1.971036077,1,6,REL,UTR3
Full-length RNA-seq,Myeloid/dendritic,chr2:60923370_A>T,4.231758595,1,6,REL,UTR3
Full-length RNA-seq,Myeloid/dendritic,chr2:60926155_G>T,3.037276506,1,6,REL,UTR3
Full-length RNA-seq,Myeloid/dendritic,chr2:60937722_T>C,6.263442039,1,6,REL;PUS10,intergenic
Full-length RNA-seq,Myeloid/dendritic,chr2:61538200_A>T,1.848989844,1,6,XPO1,UTR5
Full-length RNA-seq,Myeloid/dendritic,chr2:64106066_A>G,3.524607658,1,6,PELI1,intronic
Full-length RNA-seq,Myeloid/dendritic,chr2:64143878_A>T,1.621102691,1,6,PELI1,intronic
Full-length RNA-seq,Myeloid/dendritic,chr2:68369053_G>A,3.294689417,1,6,PLEK,intronic
Full-length RNA-seq,Myeloid/dendritic,chr2:68380748_A>G,6.564728737,1,6,PLEK,exonic
Full-length RNA-seq,Myeloid/dendritic,chr2:85556054_C>A,7.482745171,1,6,GGCX,intronic
Full-length RNA-seq,Myeloid/dendritic,chr2:88055217_A>T,2.68500495,1,6,KRCC1,intronic
Full-length RNA-seq,Myeloid/dendritic,chr2:88623892_C>G,9.479402542,1,6,EIF2AK3,intronic
Full-length RNA-seq,Myeloid/dendritic,chr2:95820960_C>T,8.389691353,1,6,LINC00342,ncRNA_intronic
Full-length RNA-seq,Myeloid/dendritic,chr2:95978132_A>G,8.458485603,1,6,ANKRD36C,exonic
Full-length RNA-seq,Myeloid/dendritic,chr2:96134033_G>T,5.06749773,1,6,ASTL,exonic
Full-length RNA-seq,Myeloid/dendritic,chr2:96143164_G>T,10.12321472,1,6,DUSP2,downstream
Full-length RNA-seq,Myeloid/dendritic,chr2:96144871_C>T,8.226999283,1,6,DUSP2,exonic
Full-length RNA-seq,Myeloid/dendritic,chr2:97814131_A>T,8.410895348,1,6,TMEM131,exonic
Full-length RNA-seq,Myeloid/dendritic,chr3:10142181_T>A,0.709461093,1,6,VHL,exonic
Full-length RNA-seq,Myeloid/dendritic,chr3:10142853_G>C,3.170147657,1,6,VHL,exonic
Full-length RNA-seq,Myeloid/dendritic,chr3:105367436_C>T,5.705198288,1,6,ALCAM,exonic
Full-length RNA-seq,Myeloid/dendritic,chr3:105451414_A>C,6.369338512,1,6,ALCAM,intronic
Full-length RNA-seq,Myeloid/dendritic,chr3:119295974_T>A,3.477193832,1,6,ARHGAP31,intronic
Full-length RNA-seq,Myeloid/dendritic,chr3:12587352_A>T,6.283400059,1,6,RAF1,intronic
Full-length RNA-seq,Myeloid/dendritic,chr3:141880259_A>G,3.709148884,1,6,ATP1B3,intronic
Full-length RNA-seq,Myeloid/dendritic,chr3:153163470_G>A,9.027783394,1,6,RAP2B,UTR3
Full-length RNA-seq,Myeloid/dendritic,chr3:160425007_T>A,6.105177402,1,6,SMC4,exonic
Full-length RNA-seq,Myeloid/dendritic,chr3:160514143_A>T,2.976302862,1,6,KPNA4,exonic
Full-length RNA-seq,Myeloid/dendritic,chr3:16303121_A>T,6.229590416,1,6,OXNAD1,intronic
Full-length RNA-seq,Myeloid/dendritic,chr3:16323456_C>T,3.021438599,1,6,RFTN1,exonic
Full-length RNA-seq,Myeloid/dendritic,chr3:182837148_C>A,1.02763629,1,6,ATP11B,exonic
Full-length RNA-seq,Myeloid/dendritic,chr3:194408055_C>G,4.579840183,1,6,ATP13A3,intronic
Full-length RNA-seq,Myeloid/dendritic,chr3:194450195_T>A,3.292699099,1,6,ATP13A3,exonic
Full-length RNA-seq,Myeloid/dendritic,chr3:194644619_T>G,3.440466166,1,6,LSG1,exonic
Full-length RNA-seq,Myeloid/dendritic,chr3:195516877_A>T,4.514355659,1,6,PPP1R2,UTR3
Full-length RNA-seq,Myeloid/dendritic,chr3:195569072_G>C,4.097186565,1,6,APOD,exonic
Full-length RNA-seq,Myeloid/dendritic,chr3:195681652_G>A,3.177381992,1,6,SDHAP2,ncRNA_exonic
Full-length RNA-seq,Myeloid/dendritic,chr3:195692784_A>C,9.004245758,1,6,MIR570HG,ncRNA_intronic
Full-length RNA-seq,Myeloid/dendritic,chr3:47005248_G>A,3.306054354,1,6,NBEAL2,exonic
Full-length RNA-seq,Myeloid/dendritic,chr3:5122795_G>A,2.420511961,1,6,ARL8B,intronic
Full-length RNA-seq,Myeloid/dendritic,chr3:5188163_G>A,4.352213383,1,6,EDEM1,exonic
Full-length RNA-seq,Myeloid/dendritic,chr3:52503442_G>A,5.681653023,1,6,STAB1,exonic
Full-length RNA-seq,Myeloid/dendritic,chr3:52504750_C>A,7.670488834,1,6,STAB1,exonic
Full-length RNA-seq,Myeloid/dendritic,chr4:102559984_G>A,1.748144507,1,6,NFKB1,intronic
Full-length RNA-seq,Myeloid/dendritic,chr4:102566782_C>G,1.782910585,1,6,NFKB1,intronic
Full-length RNA-seq,Myeloid/dendritic,chr4:102615180_T>A,3.549006701,1,6,NFKB1,intronic
Full-length RNA-seq,Myeloid/dendritic,chr4:102702754_T>G,0.722256601,1,6,MANBA,intronic
Full-length RNA-seq,Myeloid/dendritic,chr4:168311268_C>T,8.040030479,1,6,DDX60,UTR5
Full-length RNA-seq,Myeloid/dendritic,chr4:17909101_A>T,6.384283066,1,6,LCORL,exonic
Full-length RNA-seq,Myeloid/dendritic,chr4:2826412_A>G,3.85905385,1,6,SH3BP2,intronic
Full-length RNA-seq,Myeloid/dendritic,chr4:2834452_G>A,3.837943077,1,6,SH3BP2,UTR3
Full-length RNA-seq,Myeloid/dendritic,chr4:73742742_G>C,1.80415976,1,6,CXCL8,UTR3
Full-length RNA-seq,Myeloid/dendritic,chr4:74037262_T>G,4.915616512,1,6,CXCL3,exonic
Full-length RNA-seq,Myeloid/dendritic,chr4:74097662_C>T,4.740773678,1,6,CXCL2,UTR3
Full-length RNA-seq,Myeloid/dendritic,chr4:76144162_C>T,1.963324189,1,6,NUP54,exonic
Full-length RNA-seq,Myeloid/dendritic,chr4:79906385_C>T,8.011144638,1,6,ANTXR2,UTR3
Full-length RNA-seq,Myeloid/dendritic,chr4:8212765_G>A,2.019150972,1,6,SH3TC1,exonic
Full-length RNA-seq,Myeloid/dendritic,chr4:87981679_C>A,3.93918395,1,6,SPP1,exonic
Full-length RNA-seq,Myeloid/dendritic,chr4:99835688_G>A,8.823358536,1,6,DAPP1,exonic
Full-length RNA-seq,Myeloid/dendritic,chr4:99845821_T>A,7.731405735,1,6,DAPP1,intronic
Full-length RNA-seq,Myeloid/dendritic,chr5:100902872_A>C,7.546223164,1,6,ST8SIA4,exonic
Full-length RNA-seq,Myeloid/dendritic,chr5:119368460_C>T,6.18261385,1,6,TNFAIP8,intronic
Full-length RNA-seq,Myeloid/dendritic,chr5:132476797_C>T,1.893412828,1,6,IRF1-AS1,downstream
Full-length RNA-seq,Myeloid/dendritic,chr5:132485623_A>T,5.357672691,1,6,IRF1,intronic
Full-length RNA-seq,Myeloid/dendritic,chr5:136053989_C>A,4.90645504,1,6,TGFBI,exonic
Full-length RNA-seq,Myeloid/dendritic,chr5:137985296_C>T,2.843945742,1,6,FAM13B,exonic
Full-length RNA-seq,Myeloid/dendritic,chr5:140562684_C>G,4.763989925,1,6,APBB3,exonic
Full-length RNA-seq,Myeloid/dendritic,chr5:14280367_G>A,4.188386917,1,6,TRIO,exonic
Full-length RNA-seq,Myeloid/dendritic,chr5:1489760_C>T,8.454920769,1,6,LPCAT1,exonic
Full-length RNA-seq,Myeloid/dendritic,chr5:150401682_A>T,2.990720987,1,6,CD74,UTR3
Full-length RNA-seq,Myeloid/dendritic,chr5:150402154_A>G,1.903790712,1,6,CD74,UTR3
Full-length RNA-seq,Myeloid/dendritic,chr5:150402636_G>A,4.314345837,1,6,CD74,intronic
Full-length RNA-seq,Myeloid/dendritic,chr5:150403276_G>A,2.206573009,1,6,CD74,exonic
Full-length RNA-seq,Myeloid/dendritic,chr5:150407240_G>C,1.031163812,1,6,CD74,exonic
Full-length RNA-seq,Myeloid/dendritic,chr5:150411824_C>A,0.822797716,1,6,CD74,intronic
Full-length RNA-seq,Myeloid/dendritic,chr5:151094890_C>T,6.475975037,1,6,TNIP1;ANXA6,intergenic
Full-length RNA-seq,Myeloid/dendritic,chr5:151122956_C>T,2.070456982,1,6,ANXA6,exonic
Full-length RNA-seq,Myeloid/dendritic,chr5:157506938_A>C,2.999498367,1,6,ADAM19,intronic
Full-length RNA-seq,Myeloid/dendritic,chr5:172054599_C>G,1.799812794,1,6,STK10,exonic
Full-length RNA-seq,Myeloid/dendritic,chr5:40692720_G>A,1.963980317,1,6,PTGER4,UTR3
Full-length RNA-seq,Myeloid/dendritic,chr5:40696968_A>G,0.859276056,1,6,PTGER4;TTC33,intergenic
Full-length RNA-seq,Myeloid/dendritic,chr5:40696982_A>G,3.122431278,1,6,PTGER4;TTC33,intergenic
Full-length RNA-seq,Myeloid/dendritic,chr5:40697130_G>C,2.426527739,1,6,PTGER4;TTC33,intergenic
Full-length RNA-seq,Myeloid/dendritic,chr5:61423421_C>A,3.565229654,1,6,ZSWIM6,intronic
Full-length RNA-seq,Myeloid/dendritic,chr5:76590458_G>C,3.779937744,1,6,IQGAP2,exonic
Full-length RNA-seq,Myeloid/dendritic,chr5:80166403_G>T,4.237671375,1,6,SERINC5,exonic
Full-length RNA-seq,Myeloid/dendritic,chr5:91313060_T>G,4.09357214,1,6,LUCAT1,ncRNA_intronic
Full-length RNA-seq,Myeloid/dendritic,chr5:95822437_C>T,1.256937504,1,6,GLRX,intronic
Full-length RNA-seq,Myeloid/dendritic,chr6:109451674_A>T,5.739105225,1,6,MICAL1,exonic
Full-length RNA-seq,Myeloid/dendritic,chr6:111113404_C>A,9.055739403,1,6,SLC16A10,intronic
Full-length RNA-seq,Myeloid/dendritic,chr6:111472114_T>G,1.805919528,1,6,REV3L,UTR5
Full-length RNA-seq,Myeloid/dendritic,chr6:116436871_G>A,1.876091361,1,6,DSE,exonic
Full-length RNA-seq,Myeloid/dendritic,chr6:129709902_C>T,10.47851467,1,6,ARHGAP18,intronic
Full-length RNA-seq,Myeloid/dendritic,chr6:134172220_T>G,1.648813963,1,6,SGK1,exonic
Full-length RNA-seq,Myeloid/dendritic,chr6:137869396_C>T,6.418916225,1,6,TNFAIP3,intronic
Full-length RNA-seq,Myeloid/dendritic,chr6:14126569_C>A,7.181952477,1,6,CD83,intronic
Full-length RNA-seq,Myeloid/dendritic,chr6:14128460_G>C,8.593048096,1,6,CD83,intronic
Full-length RNA-seq,Myeloid/dendritic,chr6:142942272_C>T,1.750945568,1,6,HIVEP2,intronic
Full-length RNA-seq,Myeloid/dendritic,chr6:149378038_C>T,1.262779713,1,6,TAB2,exonic
Full-length RNA-seq,Myeloid/dendritic,chr6:15267372_T>A,2.670189857,1,6,JARID2,intronic
Full-length RNA-seq,Myeloid/dendritic,chr6:153002459_C>T,3.314753532,1,6,MTRF1L,exonic
Full-length RNA-seq,Myeloid/dendritic,chr6:15354445_G>A,4.139808178,1,6,JARID2,intronic
Full-length RNA-seq,Myeloid/dendritic,chr6:157881585_T>A,2.940316677,1,6,SNX9,intronic
Full-length RNA-seq,Myeloid/dendritic,chr6:159790489_G>A,2.557756186,1,6,MRPL18,UTR5
Full-length RNA-seq,Myeloid/dendritic,chr6:159790604_G>A,5.273762226,1,6,MRPL18,exonic
Full-length RNA-seq,Myeloid/dendritic,chr6:2890125_G>C,3.019269705,1,6,LOC101927730,ncRNA_intronic
Full-length RNA-seq,Myeloid/dendritic,chr6:2902828_A>G,5.390287399,1,6,SERPINB9,intronic
Full-length RNA-seq,Myeloid/dendritic,chr6:29947974_G>A,4.173318386,1,6,HLA-A;HCG9,intergenic
Full-length RNA-seq,Myeloid/dendritic,chr6:30712735_C>T,3.989030838,1,6,MDC1,exonic
Full-length RNA-seq,Myeloid/dendritic,chr6:31271601_T>G,1.642977715,1,6,HLA-C,exonic
Full-length RNA-seq,Myeloid/dendritic,chr6:31271911_T>G,2.511017323,1,6,HLA-C,intronic
Full-length RNA-seq,Myeloid/dendritic,chr6:31352564_G>A,2.604739189,1,6,LINC02571;HLA-B,intergenic
Full-length RNA-seq,Myeloid/dendritic,chr6:31352571_G>A,9.624762535,1,6,LINC02571;HLA-B,intergenic
Full-length RNA-seq,Myeloid/dendritic,chr6:31357075_C>T,3.169186354,1,6,HLA-B,intronic
Full-length RNA-seq,Myeloid/dendritic,chr6:31463898_G>A,6.918693542,1,6,HCP5,ncRNA_exonic
Full-length RNA-seq,Myeloid/dendritic,chr6:31576072_A>C,4.817614555,1,6,TNF,intronic
Full-length RNA-seq,Myeloid/dendritic,chr6:31576109_A>C,5.070535183,1,6,TNF,intronic
Full-length RNA-seq,Myeloid/dendritic,chr6:31577681_A>G,5.081361771,1,6,TNF,UTR3
Full-length RNA-seq,Myeloid/dendritic,chr6:31822637_A>C,1.73886466,1,6,HSPA1A;HSPA1B,intergenic
Full-length RNA-seq,Myeloid/dendritic,chr6:31830187_A>G,11.18566227,1,6,HSPA1B,UTR3
Full-length RNA-seq,Myeloid/dendritic,chr6:32440671_G>A,2.981302261,1,6,HLA-DRA,intronic
Full-length RNA-seq,Myeloid/dendritic,chr6:32442633_G>A,3.861359835,1,6,HLA-DRA,exonic
Full-length RNA-seq,Myeloid/dendritic,chr6:32443422_G>A,0.980851114,1,6,HLA-DRA,exonic
Full-length RNA-seq,Myeloid/dendritic,chr6:32443865_G>A,3.037938833,1,6,HLA-DRA,exonic
Full-length RNA-seq,Myeloid/dendritic,chr6:32519643_T>G,4.074204445,1,6,HLA-DRB5,exonic
Full-length RNA-seq,Myeloid/dendritic,chr6:32521958_G>T,3.062991381,1,6,HLA-DRB5,exonic
Full-length RNA-seq,Myeloid/dendritic,chr6:32581563_C>G,2.856403589,1,6,HLA-DRB1,exonic
Full-length RNA-seq,Myeloid/dendritic,chr6:32584495_A>C,1.015074253,1,6,HLA-DRB1,intronic
Full-length RNA-seq,Myeloid/dendritic,chr6:32584530_A>C,6.4825334550000004,1,6,HLA-DRB1,intronic
Full-length RNA-seq,Myeloid/dendritic,chr6:32586130_C>T,3.218341112,1,6,HLA-DRB1,intronic
Full-length RNA-seq,Myeloid/dendritic,chr6:32586420_T>G,3.327462435,1,6,HLA-DRB1,intronic
Full-length RNA-seq,Myeloid/dendritic,chr6:32586605_C>A,11.41003704,1,6,HLA-DRB1,intronic
Full-length RNA-seq,Myeloid/dendritic,chr6:32586696_T>C,4.882795811,1,6,HLA-DRB1,intronic
Full-length RNA-seq,Myeloid/dendritic,chr6:32587783_C>A,3.143410683,1,6,HLA-DRB1,intronic
Full-length RNA-seq,Myeloid/dendritic,chr6:32588147_A>T,1.160802245,1,6,HLA-DRB1,intronic
Full-length RNA-seq,Myeloid/dendritic,chr6:32588906_G>A,0.963174641,1,6,HLA-DRB1,intronic
Full-length RNA-seq,Myeloid/dendritic,chr6:32589599_T>A,5.207566738,1,6,HLA-DRB1,intronic
Full-length RNA-seq,Myeloid/dendritic,chr6:32589659_C>G,3.039890289,1,6,HLA-DRB1,exonic
Full-length RNA-seq,Myeloid/dendritic,chr6:32589710_G>A,1.405463219,1,6,HLA-DRB1,exonic
Full-length RNA-seq,Myeloid/dendritic,chr6:32637430_C>G,1.180239558,1,6,HLA-DQA1,UTR5
Full-length RNA-seq,Myeloid/dendritic,chr6:32637457_G>A,0.465958893,1,6,HLA-DQA1,UTR5
Full-length RNA-seq,Myeloid/dendritic,chr6:32641329_T>C,1.321499705,1,6,HLA-DQA1,exonic
Full-length RNA-seq,Myeloid/dendritic,chr6:32641500_G>C,2.335247517,1,6,HLA-DQA1,exonic
Full-length RNA-seq,Myeloid/dendritic,chr6:32659784_T>C,7.466958523,1,6,HLA-DQB1,UTR3
Full-length RNA-seq,Myeloid/dendritic,chr6:32660643_C>T,4.8327775,1,6,HLA-DQB1-AS1,ncRNA_exonic
Full-length RNA-seq,Myeloid/dendritic,chr6:32660695_A>G,6.881511688,1,6,HLA-DQB1-AS1,ncRNA_exonic
Full-length RNA-seq,Myeloid/dendritic,chr6:32662991_G>T,8.965807915,1,6,HLA-DQB1,intronic
Full-length RNA-seq,Myeloid/dendritic,chr6:32663091_T>C,2.976201296,1,6,HLA-DQB1,intronic
Full-length RNA-seq,Myeloid/dendritic,chr6:32663190_C>A,2.711031199,1,6,HLA-DQB1,intronic
Full-length RNA-seq,Myeloid/dendritic,chr6:32663197_C>T,4.100302696,1,6,HLA-DQB1,intronic
Full-length RNA-seq,Myeloid/dendritic,chr6:32663372_C>T,3.778025389,1,6,HLA-DQB1,intronic
Full-length RNA-seq,Myeloid/dendritic,chr6:32664804_T>G,4.006324768,1,6,HLA-DQB1,exonic
Full-length RNA-seq,Myeloid/dendritic,chr6:32664972_A>T,2.280039549,1,6,HLA-DQB1,exonic
Full-length RNA-seq,Myeloid/dendritic,chr6:32664993_A>G,2.622018337,1,6,HLA-DQB1,exonic
Full-length RNA-seq,Myeloid/dendritic,chr6:32665191_G>C,4.284674644,1,6,HLA-DQB1,intronic
Full-length RNA-seq,Myeloid/dendritic,chr6:32665979_C>G,4.078606606,1,6,HLA-DQB1,intronic
Full-length RNA-seq,Myeloid/dendritic,chr6:32666349_G>A,8.512046814,1,6,HLA-DQB1,intronic
Full-length RNA-seq,Myeloid/dendritic,chr6:32667855_A>G,10.86045074,1,6,HLA-DQB1;HLA-DQA2,intergenic
Full-length RNA-seq,Myeloid/dendritic,chr6:33065278_A>T,5.502989292,1,6,HLA-DPA1,UTR3
Full-length RNA-seq,Myeloid/dendritic,chr6:33069128_A>G,4.892727852,1,6,HLA-DPA1,exonic
Full-length RNA-seq,Myeloid/dendritic,chr6:33069780_C>G,0.875887752,1,6,HLA-DPA1,exonic
Full-length RNA-seq,Myeloid/dendritic,chr6:33069862_G>A,1.979884863,1,6,HLA-DPA1,exonic
Full-length RNA-seq,Myeloid/dendritic,chr6:33080773_G>T,2.962736845,1,6,HLA-DPB1,exonic
Full-length RNA-seq,Myeloid/dendritic,chr6:33081224_G>A,6.273561478,1,6,HLA-DPB1,intronic
Full-length RNA-seq,Myeloid/dendritic,chr6:33081853_G>A,10.69647026,1,6,HLA-DPB1,intronic
Full-length RNA-seq,Myeloid/dendritic,chr6:33082664_G>A,3.616464615,1,6,HLA-DPB1,intronic
Full-length RNA-seq,Myeloid/dendritic,chr6:33085046_T>A,3.840263844,1,6,HLA-DPB1,exonic
Full-length RNA-seq,Myeloid/dendritic,chr6:33086609_C>T,2.24468255,1,6,HLA-DPB1,UTR3
Full-length RNA-seq,Myeloid/dendritic,chr6:33304379_A>T,2.08657217,1,6,TAPBP,exonic
Full-length RNA-seq,Myeloid/dendritic,chr6:34341888_C>T,5.100937843,1,6,NUDT3;RPS10-NUDT3,exonic
Full-length RNA-seq,Myeloid/dendritic,chr6:38547494_C>G,5.436861038,1,6,BTBD9,intronic
Full-length RNA-seq,Myeloid/dendritic,chr6:392727_G>A,2.934363604,1,6,IRF4,intronic
Full-length RNA-seq,Myeloid/dendritic,chr6:393208_G>A,8.647694588,1,6,IRF4,exonic
Full-length RNA-seq,Myeloid/dendritic,chr6:393210_G>A,1.370581865,1,6,IRF4,exonic
Full-length RNA-seq,Myeloid/dendritic,chr6:401529_C>A,3.150007248,1,6,IRF4,exonic
Full-length RNA-seq,Myeloid/dendritic,chr6:401767_G>A,8.353244781,1,6,IRF4,exonic
Full-length RNA-seq,Myeloid/dendritic,chr6:52995725_T>C,3.519185305,1,6,RN7SK,ncRNA_exonic
Full-length RNA-seq,Myeloid/dendritic,chr6:6266793_C>G,2.521830559,1,6,F13A1,exonic
Full-length RNA-seq,Myeloid/dendritic,chr7:100577503_C>T,2.038277864,1,6,LRCH4,exonic
Full-length RNA-seq,Myeloid/dendritic,chr7:100581875_C>T,1.1360881329999999,1,6,LRCH4,exonic
Full-length RNA-seq,Myeloid/dendritic,chr7:100686757_C>T,3.904602766,1,6,GIGYF1,exonic
Full-length RNA-seq,Myeloid/dendritic,chr7:102347201_A>G,6.4495821,1,6,SPDYE6,UTR3
Full-length RNA-seq,Myeloid/dendritic,chr7:102569885_A>G,1.755776286,1,6,POLR2J3,exonic
Full-length RNA-seq,Myeloid/dendritic,chr7:104941204_C>A,2.271504164,1,6,LHFPL3-AS2;LINC01004,intergenic
Full-length RNA-seq,Myeloid/dendritic,chr7:104941370_G>A,3.466407537,1,6,LHFPL3-AS2;LINC01004,intergenic
Full-length RNA-seq,Myeloid/dendritic,chr7:104941452_C>A,2.470933676,1,6,LHFPL3-AS2;LINC01004,intergenic
Full-length RNA-seq,Myeloid/dendritic,chr7:112318202_G>A,1.699615121,1,6,ZNF277,exonic
Full-length RNA-seq,Myeloid/dendritic,chr7:1159481_G>A,1.350661874,1,6,ZFAND2A,intronic
Full-length RNA-seq,Myeloid/dendritic,chr7:123709187_C>T,4.594745159,1,6,WASL,exonic
Full-length RNA-seq,Myeloid/dendritic,chr7:130897064_A>T,1.599236727,1,6,LINC-PINT,ncRNA_intronic
Full-length RNA-seq,Myeloid/dendritic,chr7:130933271_A>T,3.85716629,1,6,LINC00513;LINC-PINT,intergenic
Full-length RNA-seq,Myeloid/dendritic,chr7:135168793_C>T,3.2692856790000002,1,6,CYREN,exonic
Full-length RNA-seq,Myeloid/dendritic,chr7:139080219_A>G,6.418066978,1,6,ZC3HAV1,exonic
Full-length RNA-seq,Myeloid/dendritic,chr7:151349677_C>T,9.167346954,1,6,NUB1,intronic
Full-length RNA-seq,Myeloid/dendritic,chr7:158717497_C>T,4.9625597,1,6,NCAPG2;ESYT2,intergenic
Full-length RNA-seq,Myeloid/dendritic,chr7:17307739_T>A,4.497575283,1,6,AHR,intronic
Full-length RNA-seq,Myeloid/dendritic,chr7:17891552_G>T,3.990766525,1,6,SNX13,exonic
Full-length RNA-seq,Myeloid/dendritic,chr7:36724083_C>T,3.553104877,1,6,AOAH,exonic
Full-length RNA-seq,Myeloid/dendritic,chr7:44763332_T>A,5.223596573,1,6,ZMIZ2,exonic
Full-length RNA-seq,Myeloid/dendritic,chr7:44964498_A>T,9.118590355,1,6,MYO1G,exonic
Full-length RNA-seq,Myeloid/dendritic,chr7:44976626_A>G,3.409337521,1,6,MYO1G,exonic
Full-length RNA-seq,Myeloid/dendritic,chr7:44978934_C>T,7.146138668,1,6,MYO1G,exonic
Full-length RNA-seq,Myeloid/dendritic,chr7:55463309_A>G,7.754394054,1,6,LANCL2;VOPP1,intergenic
Full-length RNA-seq,Myeloid/dendritic,chr7:6392043_T>C,2.78640008,1,6,RAC1,splicing
Full-length RNA-seq,Myeloid/dendritic,chr7:66554370_T>G,4.618337631,1,6,GS1-124K5.11,ncRNA_exonic
Full-length RNA-seq,Myeloid/dendritic,chr7:87209753_A>T,0.997395337,1,6,TMEM243,intronic
Full-length RNA-seq,Myeloid/dendritic,chr7:94429290_T>A,2.161407709,1,6,COL1A2,exonic
Full-length RNA-seq,Myeloid/dendritic,chr7:99562077_T>C,7.780752182,1,6,ZNF655,intronic
Full-length RNA-seq,Myeloid/dendritic,chr8:118102846_T>G,2.15787816,1,6,EXT1,intronic
Full-length RNA-seq,Myeloid/dendritic,chr8:130191904_C>G,2.8613801,1,6,ASAP1,intronic
Full-length RNA-seq,Myeloid/dendritic,chr8:133296706_C>G,1.245468736,1,6,NDRG1,intronic
Full-length RNA-seq,Myeloid/dendritic,chr8:142613116_C>T,7.147083282,1,6,ARC,exonic
Full-length RNA-seq,Myeloid/dendritic,chr8:143867251_C>T,2.589899778,1,6,EPPK1,exonic
Full-length RNA-seq,Myeloid/dendritic,chr8:144308473_C>T,3.165328979,1,6,HSF1,intronic
Full-length RNA-seq,Myeloid/dendritic,chr8:41609661_T>C,4.698447704,1,6,GPAT4,exonic
Full-length RNA-seq,Myeloid/dendritic,chr8:42897572_A>C,5.691392899,1,6,HOOK3,intronic
Full-length RNA-seq,Myeloid/dendritic,chr8:55886043_T>A,8.459590912,1,6,LYN,intronic
Full-length RNA-seq,Myeloid/dendritic,chr8:55914063_G>A,1.743271828,1,6,LYN,intronic
Full-length RNA-seq,Myeloid/dendritic,chr8:80486635_G>A,2.371402264,1,6,ZBTB10,UTR5
Full-length RNA-seq,Myeloid/dendritic,chr9:104854612_C>T,4.626976967,1,6,ABCA1,intronic
Full-length RNA-seq,Myeloid/dendritic,chr9:114598191_G>A,7.240136147,1,6,ATP6V1G1,UTR3
Full-length RNA-seq,Myeloid/dendritic,chr9:120862741_C>T,9.855340004,1,6,PHF19,exonic
Full-length RNA-seq,Myeloid/dendritic,chr9:120893631_A>T,11.26478958,1,6,PHF19,intronic
Full-length RNA-seq,Myeloid/dendritic,chr9:120902751_T>G,11.51910591,1,6,TRAF1,UTR3
Full-length RNA-seq,Myeloid/dendritic,chr9:120903237_C>T,6.011245251,1,6,TRAF1,UTR3
Full-length RNA-seq,Myeloid/dendritic,chr9:120905102_A>T,2.754738808,1,6,TRAF1,exonic
Full-length RNA-seq,Myeloid/dendritic,chr9:120907270_C>T,4.822081089,1,6,TRAF1,intronic
Full-length RNA-seq,Myeloid/dendritic,chr9:120913499_C>T,7.368317604,1,6,TRAF1,exonic
Full-length RNA-seq,Myeloid/dendritic,chr9:120925094_G>A,6.844416142,1,6,TRAF1,intronic
Full-length RNA-seq,Myeloid/dendritic,chr9:129880714_A>G,8.109064102,1,6,USP20,UTR3
Full-length RNA-seq,Myeloid/dendritic,chr9:131492210_T>C,1.341696858,1,6,PRRC2B,exonic
Full-length RNA-seq,Myeloid/dendritic,chr9:131612483_C>T,5.303217888,1,6,RAPGEF1,intronic
Full-length RNA-seq,Myeloid/dendritic,chr9:131625581_C>T,5.736865997,1,6,RAPGEF1,intronic
Full-length RNA-seq,Myeloid/dendritic,chr9:131628027_G>C,4.238054276,1,6,RAPGEF1,exonic
Full-length RNA-seq,Myeloid/dendritic,chr9:133123827_C>G,6.940696716,1,6,RALGDS,intronic
Full-length RNA-seq,Myeloid/dendritic,chr9:137079337_G>A,0.614543438,1,6,UAP1L1,exonic
Full-length RNA-seq,Myeloid/dendritic,chr9:137112001_G>T,2.343669653,1,6,DPP7,exonic
Full-length RNA-seq,Myeloid/dendritic,chr9:33925397_G>A,7.289040565,1,6,UBAP2,intronic
Full-length RNA-seq,Myeloid/dendritic,chr9:35657756_C>T,3.509916782,1,6,RMRP,ncRNA_exonic
Full-length RNA-seq,Myeloid/dendritic,chr9:5438284_C>A,3.480668306,1,6,PLGRKT,upstream
Full-length RNA-seq,Myeloid/dendritic,chr9:73165605_A>G,3.732126713,1,6,ANXA1,intronic
Full-length RNA-seq,Myeloid/dendritic,chr9:87499117_G>A,3.582565784,1,6,DAPK1,exonic
Full-length RNA-seq,Myeloid/dendritic,chrX:115622370_G>C,2.726098061,1,6,PLS3,exonic
Full-length RNA-seq,Myeloid/dendritic,chrX:118566178_A>G,1.637527227,1,6,DOCK11,exonic
Full-length RNA-seq,Myeloid/dendritic,chrX:1205998_T>G,6.589066505,1,6,CRLF2,intronic
Full-length RNA-seq,Myeloid/dendritic,chrX:12976790_G>A,1.59346664,1,6,TMSB4X,exonic
Full-length RNA-seq,Myeloid/dendritic,chrX:1306893_G>C,4.365865707,1,6,CSF2RA,intronic
Full-length RNA-seq,Myeloid/dendritic,chrX:13689819_G>A,6.960101604,1,6,RAB9A,intronic
Full-length RNA-seq,Myeloid/dendritic,chrX:150403995_A>G,2.861169815,1,6,MAMLD1,intronic
Full-length RNA-seq,Myeloid/dendritic,chrX:153943907_C>T,9.969447136,1,6,RENBP,exonic
Full-length RNA-seq,Myeloid/dendritic,chrX:154348563_G>T,3.133851767,1,6,FLNA,UTR3
Full-length RNA-seq,Myeloid/dendritic,chrX:154351080_A>G,3.545972586,1,6,FLNA,intronic
Full-length RNA-seq,Myeloid/dendritic,chrX:53192982_A>T,4.638533115,1,6,KDM5C,exonic
Full-length RNA-seq,Myeloid/dendritic,chrX:53198570_C>T,5.020222664,1,6,KDM5C,exonic
Full-length RNA-seq,Myeloid/dendritic,chrX:53573880_C>T,3.530059576,1,6,HUWE1,exonic
Full-length RNA-seq,Myeloid/dendritic,chrX:71547226_A>C,3.59318614,1,6,OGT,intronic
Full-length RNA-seq,Myeloid/dendritic,chrX:990847_C>G,6.94650507,1,6,SHOX;CRLF2,intergenic
Full-length RNA-seq,Perivascular smooth muscle,chr10:102400746_G>A,1.527423739,1,4,NFKB2,exonic
Full-length RNA-seq,Perivascular smooth muscle,chr10:103450008_G>T,1.713022828,1,4,CALHM2,UTR5
Full-length RNA-seq,Perivascular smooth muscle,chr10:111079864_C>T,2.324462414,1,4,ADRA2A,UTR3
Full-length RNA-seq,Perivascular smooth muscle,chr10:119207701_A>G,2.581328869,1,4,GRK5,UTR5
Full-length RNA-seq,Perivascular smooth muscle,chr10:22329448_C>A,1.266777396,1,4,BMI1;COMMD3-BMI1,exonic
Full-length RNA-seq,Perivascular smooth muscle,chr10:33182746_G>T,2.398945808,1,4,NRP1,exonic
Full-length RNA-seq,Perivascular smooth muscle,chr10:3778178_T>G,3.37959981,1,4,KLF6,UTR3
Full-length RNA-seq,Perivascular smooth muscle,chr10:42790366_C>T,3.702722788,1,4,BMS1,exonic
Full-length RNA-seq,Perivascular smooth muscle,chr10:44378548_C>T,4.110308647,1,4,CXCL12,UTR3
Full-length RNA-seq,Perivascular smooth muscle,chr10:44977606_C>T,2.775188923,1,4,DEPP1,exonic
Full-length RNA-seq,Perivascular smooth muscle,chr10:50068003_A>G,1.712919593,1,4,WASHC2A,UTR5
Full-length RNA-seq,Perivascular smooth muscle,chr10:5452411_T>C,2.614493608,1,4,NET1,exonic
Full-length RNA-seq,Perivascular smooth muscle,chr10:62096508_G>T,0.734060168,1,4,ARID5B,UTR3
Full-length RNA-seq,Perivascular smooth muscle,chr10:73813148_A>G,1.142051816,1,4,CAMK2G,UTR3
Full-length RNA-seq,Perivascular smooth muscle,chr10:78037234_G>A,4.73870182,1,4,RPS24,exonic
Full-length RNA-seq,Perivascular smooth muscle,chr10:88938176_C>T,4.077236652,1,4,ACTA2,exonic
Full-length RNA-seq,Perivascular smooth muscle,chr10:88938207_T>A,3.374181271,1,4,ACTA2,exonic
Full-length RNA-seq,Perivascular smooth muscle,chr10:88947298_A>G,4.081936836,1,4,ACTA2,exonic
Full-length RNA-seq,Perivascular smooth muscle,chr10:88947333_C>G,3.209914923,1,4,ACTA2,exonic
Full-length RNA-seq,Perivascular smooth muscle,chr10:88947353_A>T,3.256619453,1,4,ACTA2,exonic
Full-length RNA-seq,Perivascular smooth muscle,chr10:95432470_G>T,1.738458157,1,4,SORBS1,exonic
Full-length RNA-seq,Perivascular smooth muscle,chr10:97358618_T>G,3.686659813,1,4,RRP12,exonic
Full-length RNA-seq,Perivascular smooth muscle,chr11:10509597_G>T,3.225832224,1,4,MTRNR2L8,upstream
Full-length RNA-seq,Perivascular smooth muscle,chr11:10573507_T>G,3.708468199,1,4,IRAG1-AS1,ncRNA_intronic
Full-length RNA-seq,Perivascular smooth muscle,chr11:116874268_A>G,5.26213932,1,4,SIK3,intronic
Full-length RNA-seq,Perivascular smooth muscle,chr11:117042399_C>T,7.201728344,1,4,SIK3,intronic
Full-length RNA-seq,Perivascular smooth muscle,chr11:117203311_T>A,6.247629642,1,4,TAGLN,exonic
Full-length RNA-seq,Perivascular smooth muscle,chr11:117203791_T>C,5.790833473,1,4,TAGLN,exonic
Full-length RNA-seq,Perivascular smooth muscle,chr11:117203792_G>A,1.106871367,1,4,TAGLN,exonic
Full-length RNA-seq,Perivascular smooth muscle,chr11:117204555_A>C,5.099584579,1,4,PCSK7;TAGLN,UTR3
Full-length RNA-seq,Perivascular smooth muscle,chr11:119094059_G>T,2.321560383,1,4,H2AX,UTR3
Full-length RNA-seq,Perivascular smooth muscle,chr11:119311638_C>T,1.134108067,1,4,MCAM,exonic
Full-length RNA-seq,Perivascular smooth muscle,chr11:119311852_A>T,1.327517867,1,4,MCAM,exonic
Full-length RNA-seq,Perivascular smooth muscle,chr11:126265423_T>G,2.315397978,1,4,SRPRA,exonic
Full-length RNA-seq,Perivascular smooth muscle,chr11:128461388_A>G,0.727541327,1,4,ETS1,UTR3
Full-length RNA-seq,Perivascular smooth muscle,chr11:16740259_A>C,0.451531291,1,4,C11orf58,intronic
Full-length RNA-seq,Perivascular smooth muscle,chr11:17075457_T>G,2.249602318,1,4,RPS13,exonic
Full-length RNA-seq,Perivascular smooth muscle,chr11:2699604_A>G,1.533578873,1,4,KCNQ1OT1,ncRNA_exonic
Full-length RNA-seq,Perivascular smooth muscle,chr11:47725602_A>T,7.573440075,1,4,FNBP4,intronic
Full-length RNA-seq,Perivascular smooth muscle,chr11:57600087_C>A,7.677431583,1,4,SERPING1,exonic
Full-length RNA-seq,Perivascular smooth muscle,chr11:57794049_A>C,1.867171049,1,4,CTNND1,exonic
Full-length RNA-seq,Perivascular smooth muscle,chr11:61878174_C>T,2.538463593,1,4,FADS3,exonic
Full-length RNA-seq,Perivascular smooth muscle,chr11:61878177_C>T,1.056589603,1,4,FADS3,exonic
Full-length RNA-seq,Perivascular smooth muscle,chr11:62529029_C>T,4.330394268,1,4,AHNAK,exonic
Full-length RNA-seq,Perivascular smooth muscle,chr11:63659237_C>T,0.83734107,1,4,ATL3,exonic
Full-length RNA-seq,Perivascular smooth muscle,chr11:64773400_A>G,1.470412493,1,4,SF1,intronic
Full-length RNA-seq,Perivascular smooth muscle,chr11:65422796_C>G,1.841520667,1,4,NEAT1,upstream
Full-length RNA-seq,Perivascular smooth muscle,chr11:66639930_G>C,1.448245287,1,4,RBM4,exonic
Full-length RNA-seq,Perivascular smooth muscle,chr11:70122450_C>G,3.467077255,1,4,ANO1,intronic
Full-length RNA-seq,Perivascular smooth muscle,chr11:73357271_C>A,3.236713409,1,4,ARHGEF17,exonic
Full-length RNA-seq,Perivascular smooth muscle,chr11:73401525_G>T,5.589906216,1,4,FAM168A,UTR3
Full-length RNA-seq,Perivascular smooth muscle,chr11:75400803_A>C,0.772388577,1,4,RPS3,exonic
Full-length RNA-seq,Perivascular smooth muscle,chr11:76496399_T>A,1.806727171,1,4,EMSY,exonic
Full-length RNA-seq,Perivascular smooth muscle,chr11:85981138_A>T,4.900656223,1,4,PICALM,exonic
Full-length RNA-seq,Perivascular smooth muscle,chr11:90195447_C>T,2.62196064,1,4,NAALAD2;CHORDC1,intergenic
Full-length RNA-seq,Perivascular smooth muscle,chr11:9258408_A>T,1.832857013,1,4,DENND5A,intronic
Full-length RNA-seq,Perivascular smooth muscle,chr11:93734746_A>T,3.008340836,1,4,MIR1304;SNORA40;TAF1D,upstream;downstream
Full-length RNA-seq,Perivascular smooth muscle,chr12:110435108_G>T,0.986950994,1,4,ARPC3,UTR3
Full-length RNA-seq,Perivascular smooth muscle,chr12:113390565_A>G,2.271811962,1,4,PLBD2,UTR3
Full-length RNA-seq,Perivascular smooth muscle,chr12:118145074_T>C,1.16297245,1,4,PEBP1,UTR3
Full-length RNA-seq,Perivascular smooth muscle,chr12:124411275_G>C,2.475439072,1,4,NCOR2,intronic
Full-length RNA-seq,Perivascular smooth muscle,chr12:124439441_C>A,0.912006736,1,4,NCOR2,intronic
Full-length RNA-seq,Perivascular smooth muscle,chr12:124912445_T>G,1.839920759,1,4,UBC,exonic
Full-length RNA-seq,Perivascular smooth muscle,chr12:12788761_T>A,2.579116106,1,4,APOLD1,UTR3
Full-length RNA-seq,Perivascular smooth muscle,chr12:132738179_C>T,5.070730209,1,4,ANKLE2,intronic
Full-length RNA-seq,Perivascular smooth muscle,chr12:14436221_C>A,0.80634743,1,4,ATF7IP,exonic
Full-length RNA-seq,Perivascular smooth muscle,chr12:14791086_A>T,5.327026367,1,4,WBP11,intronic
Full-length RNA-seq,Perivascular smooth muscle,chr12:15772692_T>A,2.917951345,1,4,EPS8,intronic
Full-length RNA-seq,Perivascular smooth muscle,chr12:2255833_A>G,2.13633728,1,4,CACNA1C,intronic
Full-length RNA-seq,Perivascular smooth muscle,chr12:45922561_C>T,2.966479063,1,4,SCAF11,exonic
Full-length RNA-seq,Perivascular smooth muscle,chr12:46360709_T>G,2.22849822,1,4,SLC38A2,UTR3
Full-length RNA-seq,Perivascular smooth muscle,chr12:46371083_A>G,1.766062737,1,4,SLC38A2,intronic
Full-length RNA-seq,Perivascular smooth muscle,chr12:49188988_C>T,2.762227058,1,4,TUBA1A,UTR5
Full-length RNA-seq,Perivascular smooth muscle,chr12:51172762_C>T,4.863290787,1,4,TFCP2,UTR5
Full-length RNA-seq,Perivascular smooth muscle,chr12:52491141_C>T,1.764930725,1,4,KRT6A,exonic
Full-length RNA-seq,Perivascular smooth muscle,chr12:53299850_G>A,2.613931417,1,4,MYG1,exonic
Full-length RNA-seq,Perivascular smooth muscle,chr12:55685202_C>T,2.484345675,1,4,ITGA7,exonic
Full-length RNA-seq,Perivascular smooth muscle,chr12:55688854_G>T,4.149946213,1,4,ITGA7,exonic
Full-length RNA-seq,Perivascular smooth muscle,chr12:68871902_C>T,1.438481808,1,4,CPM,exonic
Full-length RNA-seq,Perivascular smooth muscle,chr12:71755247_T>A,1.507845163,1,4,RAB21,exonic
Full-length RNA-seq,Perivascular smooth muscle,chr12:76030967_C>T,5.746720791,1,4,PHLDA1,exonic
Full-length RNA-seq,Perivascular smooth muscle,chr12:7925240_T>C,0.560688913,1,4,SLC2A3,intronic
Full-length RNA-seq,Perivascular smooth muscle,chr12:7925265_C>T,0.824879527,1,4,SLC2A3,intronic
Full-length RNA-seq,Perivascular smooth muscle,chr12:9069773_C>T,0.682841718,1,4,A2M,exonic
Full-length RNA-seq,Perivascular smooth muscle,chr12:9099454_T>A,0.76735419,1,4,A2M,exonic
Full-length RNA-seq,Perivascular smooth muscle,chr13:110150187_T>A,2.960865021,1,4,COL4A1,UTR3
Full-length RNA-seq,Perivascular smooth muscle,chr13:110175233_C>T,4.241644859,1,4,COL4A1,exonic
Full-length RNA-seq,Perivascular smooth muscle,chr13:110432352_G>C,3.65678525,1,4,COL4A2,exonic
Full-length RNA-seq,Perivascular smooth muscle,chr13:110434403_C>T,2.929553986,1,4,COL4A2,exonic
Full-length RNA-seq,Perivascular smooth muscle,chr13:110901631_A>G,0.936161995,1,4,ANKRD10,intronic
Full-length RNA-seq,Perivascular smooth muscle,chr13:111277892_G>C,1.171638608,1,4,ARHGEF7,intronic
Full-length RNA-seq,Perivascular smooth muscle,chr13:114013892_C>T,3.84221983,1,4,RASA3,intronic
Full-length RNA-seq,Perivascular smooth muscle,chr13:27073097_G>A,2.345134258,1,4,USP12,intronic
Full-length RNA-seq,Perivascular smooth muscle,chr13:30623275_G>A,9.507513046,1,4,USPL1,intronic
Full-length RNA-seq,Perivascular smooth muscle,chr13:31147593_T>A,2.030086279,1,4,HSPH1,intronic
Full-length RNA-seq,Perivascular smooth muscle,chr13:48362884_T>C,3.370811701,1,4,RB1,exonic
Full-length RNA-seq,Perivascular smooth muscle,chr13:77205523_A>G,4.39616251,1,4,MYCBP2,exonic
Full-length RNA-seq,Perivascular smooth muscle,chr14:102050104_A>G,3.76120162,1,4,DYNC1H1,exonic
Full-length RNA-seq,Perivascular smooth muscle,chr14:102080309_C>T,3.118240118,1,4,HSP90AA1,downstream
Full-length RNA-seq,Perivascular smooth muscle,chr14:102080468_A>G,2.62688899,1,4,HSP90AA1,downstream
Full-length RNA-seq,Perivascular smooth muscle,chr14:104721000_C>G,1.134896755,1,4,INF2,UTR3
Full-length RNA-seq,Perivascular smooth muscle,chr14:21365098_A>G,0.352609634,1,4,SUPT16H,exonic
Full-length RNA-seq,Perivascular smooth muscle,chr14:24164908_C>A,1.271982312,1,4,IRF9,exonic
Full-length RNA-seq,Perivascular smooth muscle,chr14:39401858_A>T,3.798597574,1,4,FBXO33,exonic
Full-length RNA-seq,Perivascular smooth muscle,chr14:54591535_T>G,0.524732709,1,4,SAMD4A,intronic
Full-length RNA-seq,Perivascular smooth muscle,chr14:55612505_A>C,0.950610697,1,4,KTN1,exonic
Full-length RNA-seq,Perivascular smooth muscle,chr14:64056220_T>A,1.436787248,1,4,SYNE2,exonic
Full-length RNA-seq,Perivascular smooth muscle,chr14:75258556_C>T,1.88678813,1,4,TMED10;FOS,intergenic
Full-length RNA-seq,Perivascular smooth muscle,chr14:75281943_T>C,3.986233234,1,4,FOS,UTR3
Full-length RNA-seq,Perivascular smooth muscle,chr14:89162440_C>G,2.471076965,1,4,FOXN3,exonic
Full-length RNA-seq,Perivascular smooth muscle,chr14:90312400_A>G,4.055141926,1,4,NRDE2,exonic
Full-length RNA-seq,Perivascular smooth muscle,chr14:92004569_A>T,1.912469506,1,4,TRIP11,exonic
Full-length RNA-seq,Perivascular smooth muscle,chr14:92071035_T>C,2.537352324,1,4,ATXN3,exonic
Full-length RNA-seq,Perivascular smooth muscle,chr15:34379712_C>G,1.204908133,1,4,GOLGA8A,UTR3
Full-length RNA-seq,Perivascular smooth muscle,chr15:39581488_T>A,3.47601676,1,4,THBS1,intronic
Full-length RNA-seq,Perivascular smooth muscle,chr15:39581674_C>G,6.656517506,1,4,THBS1,intronic
Full-length RNA-seq,Perivascular smooth muscle,chr15:39585485_T>A,1.823402524,1,4,THBS1,exonic
Full-length RNA-seq,Perivascular smooth muscle,chr15:39589859_G>A,2.873845577,1,4,THBS1,exonic
Full-length RNA-seq,Perivascular smooth muscle,chr15:59660054_C>G,4.544768333,1,4,BNIP2,UTR3
Full-length RNA-seq,Perivascular smooth muscle,chr15:63059655_A>T,4.20071888,1,4,TPM1,exonic
Full-length RNA-seq,Perivascular smooth muscle,chr15:63071198_C>G,0.256241202,1,4,TPM1,UTR3
Full-length RNA-seq,Perivascular smooth muscle,chr15:67191897_G>A,1.98702538,1,4,SMAD3,UTR3
Full-length RNA-seq,Perivascular smooth muscle,chr15:70664698_C>T,3.858701944,1,4,UACA,exonic
Full-length RNA-seq,Perivascular smooth muscle,chr15:70678159_A>T,1.104522943,1,4,UACA,exonic
Full-length RNA-seq,Perivascular smooth muscle,chr15:90448727_G>A,1.533927321,1,4,IQGAP1,exonic
Full-length RNA-seq,Perivascular smooth muscle,chr15:96331940_C>A,2.239021778,1,4,NR2F2,UTR5
Full-length RNA-seq,Perivascular smooth muscle,chr15:96337382_A>C,3.861578703,1,4,NR2F2,exonic
Full-length RNA-seq,Perivascular smooth muscle,chr16:14246726_G>C,4.623213768,1,4,MRTFB,exonic
Full-length RNA-seq,Perivascular smooth muscle,chr16:14264420_T>A,1.452988982,1,4,MRTFB,UTR3
Full-length RNA-seq,Perivascular smooth muscle,chr16:15703519_C>G,3.087317944,1,4,MYH11,UTR3
Full-length RNA-seq,Perivascular smooth muscle,chr16:15703935_T>G,2.16803503,1,4,MYH11,UTR3
Full-length RNA-seq,Perivascular smooth muscle,chr16:15703956_T>G,1.315174341,1,4,MYH11,UTR3
Full-length RNA-seq,Perivascular smooth muscle,chr16:15704118_C>T,6.302253246,1,4,MYH11,exonic
Full-length RNA-seq,Perivascular smooth muscle,chr16:15715194_C>G,6.884156704,1,4,MYH11,exonic
Full-length RNA-seq,Perivascular smooth muscle,chr16:15717283_C>T,9.733891487,1,4,MYH11,exonic
Full-length RNA-seq,Perivascular smooth muscle,chr16:15718324_G>A,2.907703638,1,4,MYH11,exonic
Full-length RNA-seq,Perivascular smooth muscle,chr16:15719633_A>C,1.067782521,1,4,MYH11,exonic
Full-length RNA-seq,Perivascular smooth muscle,chr16:15719637_T>C,1.174824119,1,4,MYH11,exonic
Full-length RNA-seq,Perivascular smooth muscle,chr16:15719638_C>G,6.577151775,1,4,MYH11,exonic
Full-length RNA-seq,Perivascular smooth muscle,chr16:15720269_C>T,1.782202482,1,4,MYH11,exonic
Full-length RNA-seq,Perivascular smooth muscle,chr16:15720311_A>T,8.858121872,1,4,MYH11,exonic
Full-length RNA-seq,Perivascular smooth muscle,chr16:15724209_C>T,3.300312042,1,4,MYH11;NDE1,exonic
Full-length RNA-seq,Perivascular smooth muscle,chr16:15724375_G>T,9.325736046,1,4,MYH11,exonic
Full-length RNA-seq,Perivascular smooth muscle,chr16:15727023_G>T,7.20352459,1,4,MYH11,exonic
Full-length RNA-seq,Perivascular smooth muscle,chr16:15735455_C>T,6.617027283,1,4,MYH11,exonic
Full-length RNA-seq,Perivascular smooth muscle,chr16:15738641_A>T,2.24645853,1,4,MYH11,exonic
Full-length RNA-seq,Perivascular smooth muscle,chr16:15741802_C>T,6.57765007,1,4,MYH11,exonic
Full-length RNA-seq,Perivascular smooth muscle,chr16:15741829_C>T,2.992583752,1,4,MYH11,exonic
Full-length RNA-seq,Perivascular smooth muscle,chr16:15771576_C>T,0.682614446,1,4,MYH11,exonic
Full-length RNA-seq,Perivascular smooth muscle,chr16:15823286_G>T,2.319152117,1,4,MYH11,exonic
Full-length RNA-seq,Perivascular smooth muscle,chr16:15838052_C>G,0.892860115,1,4,MYH11,exonic
Full-length RNA-seq,Perivascular smooth muscle,chr16:15838056_C>T,1.098669648,1,4,MYH11,exonic
Full-length RNA-seq,Perivascular smooth muscle,chr16:15838058_A>G,0.935917735,1,4,MYH11,exonic
Full-length RNA-seq,Perivascular smooth muscle,chr16:15838103_A>C,14.47903156,1,4,MYH11,exonic
Full-length RNA-seq,Perivascular smooth muscle,chr16:18892239_A>T,2.062454224,1,4,SMG1,exonic
Full-length RNA-seq,Perivascular smooth muscle,chr16:2037971_T>A,2.938599348,1,4,SLC9A3R2,exonic
Full-length RNA-seq,Perivascular smooth muscle,chr16:24919815_G>A,3.336447239,1,4,ARHGAP17,UTR3
Full-length RNA-seq,Perivascular smooth muscle,chr16:24954481_C>G,5.81128931,1,4,ARHGAP17,intronic
Full-length RNA-seq,Perivascular smooth muscle,chr16:31187506_C>A,3.197607517,1,4,FUS,intronic
Full-length RNA-seq,Perivascular smooth muscle,chr16:3731873_C>T,0.696109831,1,4,CREBBP,exonic
Full-length RNA-seq,Perivascular smooth muscle,chr16:4114282_C>T,0.308563143,1,4,ADCY9,exonic
Full-length RNA-seq,Perivascular smooth muscle,chr16:56805571_G>A,3.522770882,1,4,NUP93,exonic
Full-length RNA-seq,Perivascular smooth muscle,chr16:67195926_G>A,3.352614403,1,4,E2F4,exonic
Full-length RNA-seq,Perivascular smooth muscle,chr16:69699852_A>G,3.135282278,1,4,NFAT5,UTR3
Full-length RNA-seq,Perivascular smooth muscle,chr16:84838611_A>C,3.337131739,1,4,CRISPLD2,exonic
Full-length RNA-seq,Perivascular smooth muscle,chr16:84850599_G>T,5.212524414,1,4,CRISPLD2,exonic
Full-length RNA-seq,Perivascular smooth muscle,chr16:87841558_G>A,4.404193878,1,4,SLC7A5,intronic
Full-length RNA-seq,Perivascular smooth muscle,chr16:89288319_G>T,2.881799459,1,4,ANKRD11,intronic
Full-length RNA-seq,Perivascular smooth muscle,chr16:89908779_T>A,2.214707613,1,4,TCF25,intronic
Full-length RNA-seq,Perivascular smooth muscle,chr17:1006004_A>T,0.436433971,1,4,ABR,UTR3
Full-length RNA-seq,Perivascular smooth muscle,chr17:1050592_A>T,4.661538124,1,4,ABR,exonic
Full-length RNA-seq,Perivascular smooth muscle,chr17:1364780_T>G,2.922590971,1,4,YWHAE,intronic
Full-length RNA-seq,Perivascular smooth muscle,chr17:15651269_A>T,2.65474844,1,4,TRIM16,exonic
Full-length RNA-seq,Perivascular smooth muscle,chr17:15999316_A>T,3.80519104,1,4,ZSWIM7,intronic
Full-length RNA-seq,Perivascular smooth muscle,chr17:16382653_C>A,5.046961308,1,4,UBB,UTR3
Full-length RNA-seq,Perivascular smooth muscle,chr17:28631504_C>T,2.48510313,1,4,KIAA0100,exonic
Full-length RNA-seq,Perivascular smooth muscle,chr17:34256309_C>A,2.132758856,1,4,CCL2,exonic
Full-length RNA-seq,Perivascular smooth muscle,chr17:39200611_G>C,1.361157775,1,4,RPL19,UTR5
Full-length RNA-seq,Perivascular smooth muscle,chr17:42343954_T>G,2.484869242,1,4,STAT3,intronic
Full-length RNA-seq,Perivascular smooth muscle,chr17:42577242_C>T,0.730826259,1,4,PSMC3IP,exonic
Full-length RNA-seq,Perivascular smooth muscle,chr17:43246586_T>G,3.776057243,1,4,RNU2-1,upstream
Full-length RNA-seq,Perivascular smooth muscle,chr17:48927831_A>G,3.303854942,1,4,UBE2Z,UTR3
Full-length RNA-seq,Perivascular smooth muscle,chr17:50185212_A>G,2.66180563,1,4,COL1A1,UTR3
Full-length RNA-seq,Perivascular smooth muscle,chr17:50189238_C>A,2.562672138,1,4,COL1A1,exonic
Full-length RNA-seq,Perivascular smooth muscle,chr17:58323371_A>T,6.127676487,1,4,TSPOAP1,exonic
Full-length RNA-seq,Perivascular smooth muscle,chr17:61402930_T>G,1.260205388,1,4,TBX2,intronic
Full-length RNA-seq,Perivascular smooth muscle,chr17:67425201_A>G,5.997707844,1,4,PITPNC1,intronic
Full-length RNA-seq,Perivascular smooth muscle,chr17:67432969_T>A,1.976751328,1,4,PITPNC1,intronic
Full-length RNA-seq,Perivascular smooth muscle,chr17:76718649_C>T,4.081110954,1,4,JMJD6,UTR3
Full-length RNA-seq,Perivascular smooth muscle,chr17:78358170_C>G,6.410022736,1,4,SOCS3,UTR3
Full-length RNA-seq,Perivascular smooth muscle,chr17:7847888_T>G,2.515684366,1,4,KDM6B,exonic
Full-length RNA-seq,Perivascular smooth muscle,chr17:7860608_T>C,1.578772426,1,4,CYB5D1,UTR3
Full-length RNA-seq,Perivascular smooth muscle,chr17:78906512_A>T,1.088640213,1,4,TIMP2,intronic
Full-length RNA-seq,Perivascular smooth muscle,chr17:82463546_G>A,1.825935483,1,4,NARF,intronic
Full-length RNA-seq,Perivascular smooth muscle,chr17:8377573_C>T,0.97123909,1,4,RPL26,exonic
Full-length RNA-seq,Perivascular smooth muscle,chr18:23601205_T>G,4.065546036,1,4,ANKRD29,UTR3
Full-length RNA-seq,Perivascular smooth muscle,chr18:35140345_G>A,1.122014284,1,4,MAPRE2,exonic
Full-length RNA-seq,Perivascular smooth muscle,chr18:63198814_C>G,3.190114975,1,4,BCL2,intronic
Full-length RNA-seq,Perivascular smooth muscle,chr18:63259424_C>T,1.813456655,1,4,BCL2,intronic
Full-length RNA-seq,Perivascular smooth muscle,chr18:79894017_T>G,1.935539126,1,4,KCNG2,intronic
Full-length RNA-seq,Perivascular smooth muscle,chr19:10565747_G>A,1.803223252,1,4,KRI1,exonic
Full-length RNA-seq,Perivascular smooth muscle,chr19:11176765_C>A,2.858723164,1,4,KANK2,exonic
Full-length RNA-seq,Perivascular smooth muscle,chr19:1254927_G>A,1.27532959,1,4,MIDN,exonic
Full-length RNA-seq,Perivascular smooth muscle,chr19:12792337_C>A,3.182294369,1,4,JUNB,exonic
Full-length RNA-seq,Perivascular smooth muscle,chr19:15159683_C>G,5.250812054,1,4,NOTCH3,UTR3
Full-length RNA-seq,Perivascular smooth muscle,chr19:15160525_T>A,3.542856455,1,4,NOTCH3,UTR3
Full-length RNA-seq,Perivascular smooth muscle,chr19:15186957_A>G,5.518857479,1,4,NOTCH3,exonic
Full-length RNA-seq,Perivascular smooth muscle,chr19:15187185_C>T,2.606137276,1,4,NOTCH3,exonic
Full-length RNA-seq,Perivascular smooth muscle,chr19:15187316_A>G,3.21785903,1,4,NOTCH3,exonic
Full-length RNA-seq,Perivascular smooth muscle,chr19:2200865_C>T,8.880620956,1,4,DOT1L,intronic
Full-length RNA-seq,Perivascular smooth muscle,chr19:2200977_T>G,2.278800964,1,4,DOT1L,intronic
Full-length RNA-seq,Perivascular smooth muscle,chr19:2478190_A>T,0.618951321,1,4,GADD45B,UTR3
Full-length RNA-seq,Perivascular smooth muscle,chr19:35723144_G>A,2.513703108,1,4,KMT2B,exonic
Full-length RNA-seq,Perivascular smooth muscle,chr19:39388417_G>T,1.138213634,1,4,PAF1,exonic
Full-length RNA-seq,Perivascular smooth muscle,chr19:39407947_G>C,0.714998186,1,4,ZFP36,exonic
Full-length RNA-seq,Perivascular smooth muscle,chr19:39407982_A>C,0.461154073,1,4,ZFP36,exonic
Full-length RNA-seq,Perivascular smooth muscle,chr19:39411180_C>T,3.193250656,1,4,MIR4530;PLEKHG2,intergenic
Full-length RNA-seq,Perivascular smooth muscle,chr19:39426113_G>A,2.709334135,1,4,PLEKHG2,UTR3
Full-length RNA-seq,Perivascular smooth muscle,chr19:39839151_C>T,6.333115101,1,4,FBL,exonic
Full-length RNA-seq,Perivascular smooth muscle,chr19:41322965_T>G,3.135967016,1,4,CCDC97,UTR3
Full-length RNA-seq,Perivascular smooth muscle,chr19:45474629_C>T,1.483113408,1,4,FOSB,UTR3
Full-length RNA-seq,Perivascular smooth muscle,chr19:48868299_C>T,9.676426888,1,4,PLEKHA4,UTR5
Full-length RNA-seq,Perivascular smooth muscle,chr19:48873883_C>A,3.143400908,1,4,PPP1R15A,exonic
Full-length RNA-seq,Perivascular smooth muscle,chr19:48873953_T>C,8.437829971,1,4,PPP1R15A,exonic
Full-length RNA-seq,Perivascular smooth muscle,chr19:48874064_A>C,8.037822723,1,4,PPP1R15A,exonic
Full-length RNA-seq,Perivascular smooth muscle,chr19:48881909_A>G,2.123146534,1,4,TULP2,intronic
Full-length RNA-seq,Perivascular smooth muscle,chr19:49490841_G>A,2.392237186,1,4,RPL13A,exonic
Full-length RNA-seq,Perivascular smooth muscle,chr19:49490845_T>A,1.484755874,1,4,RPL13A,exonic
Full-length RNA-seq,Perivascular smooth muscle,chr19:49491738_A>C,2.182163954,1,4,RPL13A,exonic
Full-length RNA-seq,Perivascular smooth muscle,chr19:53545383_C>A,6.426773071,1,4,ZNF331,intronic
Full-length RNA-seq,Perivascular smooth muscle,chr19:55386624_C>A,0.560292304,1,4,RPL28,exonic
Full-length RNA-seq,Perivascular smooth muscle,chr19:5654139_G>C,1.037117362,1,4,SAFB,exonic
Full-length RNA-seq,Perivascular smooth muscle,chr19:6069998_G>A,2.307257891,1,4,RFX2,intronic
Full-length RNA-seq,Perivascular smooth muscle,chr19:6070019_G>A,1.82399261,1,4,RFX2,intronic
Full-length RNA-seq,Perivascular smooth muscle,chr19:863393_T>A,5.7922616,1,4,CFD,UTR3
Full-length RNA-seq,Perivascular smooth muscle,chr1:100723329_T>A,1.25255084,1,4,VCAM1,exonic
Full-length RNA-seq,Perivascular smooth muscle,chr1:10178797_G>A,1.93852222,1,4,UBE4B,exonic
Full-length RNA-seq,Perivascular smooth muscle,chr1:113941221_A>C,7.507197857,1,4,HIPK1,exonic
Full-length RNA-seq,Perivascular smooth muscle,chr1:113956803_T>C,2.31038022,1,4,HIPK1,exonic
Full-length RNA-seq,Perivascular smooth muscle,chr1:143905564_G>T,1.743973374,1,4,H3-2,exonic
Full-length RNA-seq,Perivascular smooth muscle,chr1:145996199_C>T,1.240501642,1,4,TXNIP,exonic
Full-length RNA-seq,Perivascular smooth muscle,chr1:153992090_C>A,1.398051858,1,4,RPS27,exonic
Full-length RNA-seq,Perivascular smooth muscle,chr1:154582593_G>T,0.808393717,1,4,ADAR,UTR3
Full-length RNA-seq,Perivascular smooth muscle,chr1:154963039_A>G,1.602377057,1,4,SHC1,UTR3
Full-length RNA-seq,Perivascular smooth muscle,chr1:156143867_A>T,1.351342797,1,4,LMNA;SEMA4A,intergenic
Full-length RNA-seq,Perivascular smooth muscle,chr1:160339771_A>T,1.827617049,1,4,COPA,intronic
Full-length RNA-seq,Perivascular smooth muscle,chr1:161198886_G>T,1.472006559,1,4,ADAMTS4,UTR5
Full-length RNA-seq,Perivascular smooth muscle,chr1:161525740_T>C,3.026225805,1,4,HSPA6,exonic
Full-length RNA-seq,Perivascular smooth muscle,chr1:161526200_G>A,1.537449598,1,4,HSPA6,exonic
Full-length RNA-seq,Perivascular smooth muscle,chr1:161526327_G>C,2.892119169,1,4,HSPA6,exonic
Full-length RNA-seq,Perivascular smooth muscle,chr1:163145996_T>G,8.540939331,1,4,RGS5,UTR3
Full-length RNA-seq,Perivascular smooth muscle,chr1:170670245_T>C,3.052867651,1,4,PRRX1,intronic
Full-length RNA-seq,Perivascular smooth muscle,chr1:171557329_C>A,0.841417074,1,4,PRRC2C,exonic
Full-length RNA-seq,Perivascular smooth muscle,chr1:179130910_C>T,1.715009093,1,4,ABL2,intronic
Full-length RNA-seq,Perivascular smooth muscle,chr1:179293868_G>A,2.821835518,1,4,SOAT1,UTR5
Full-length RNA-seq,Perivascular smooth muscle,chr1:182383343_A>G,1.284496307,1,4,GLUL,UTR3
Full-length RNA-seq,Perivascular smooth muscle,chr1:182599884_C>A,5.874691486,1,4,RGS16,UTR3
Full-length RNA-seq,Perivascular smooth muscle,chr1:186344437_T>G,4.7623548509999996,1,4,TPR,exonic
Full-length RNA-seq,Perivascular smooth muscle,chr1:19150738_A>G,3.897625685,1,4,UBR4,exonic
Full-length RNA-seq,Perivascular smooth muscle,chr1:198253131_G>C,4.038160324,1,4,NEK7,exonic
Full-length RNA-seq,Perivascular smooth muscle,chr1:201900224_G>T,1.047914028,1,4,LMOD1,exonic
Full-length RNA-seq,Perivascular smooth muscle,chr1:201900314_T>G,1.731479883,1,4,LMOD1,exonic
Full-length RNA-seq,Perivascular smooth muscle,chr1:201900320_G>T,6.781835079,1,4,LMOD1,exonic
Full-length RNA-seq,Perivascular smooth muscle,chr1:203306438_A>G,4.79497385,1,4,BTG2,intronic
Full-length RNA-seq,Perivascular smooth muscle,chr1:203309401_A>G,7.396874428,1,4,BTG2,UTR3
Full-length RNA-seq,Perivascular smooth muscle,chr1:203743868_T>C,7.902403355,1,4,ATP2B4,UTR3
Full-length RNA-seq,Perivascular smooth muscle,chr1:21217796_C>T,3.058147192,1,4,ECE1,UTR3
Full-length RNA-seq,Perivascular smooth muscle,chr1:212619118_G>A,4.65132618,1,4,ATF3,UTR3
Full-length RNA-seq,Perivascular smooth muscle,chr1:2257190_C>T,0.535722256,1,4,SKI,intronic
Full-length RNA-seq,Perivascular smooth muscle,chr1:2281178_G>A,1.082951903,1,4,SKI,intronic
Full-length RNA-seq,Perivascular smooth muscle,chr1:236269341_C>T,2.328429937,1,4,ERO1B,intronic
Full-length RNA-seq,Perivascular smooth muscle,chr1:244851594_A>G,1.69149518,1,4,HNRNPU,UTR3
Full-length RNA-seq,Perivascular smooth muscle,chr1:26772586_C>A,7.882492065,1,4,ARID1A,exonic
Full-length RNA-seq,Perivascular smooth muscle,chr1:44776061_G>A,2.979556799,1,4,RPS8,exonic
Full-length RNA-seq,Perivascular smooth muscle,chr1:44777722_C>A,1.895268202,1,4,RPS8,exonic
Full-length RNA-seq,Perivascular smooth muscle,chr1:45521093_C>T,0.693386137,1,4,PRDX1,intronic
Full-length RNA-seq,Perivascular smooth muscle,chr1:58781663_G>C,1.109306216,1,4,JUN,UTR3
Full-length RNA-seq,Perivascular smooth muscle,chr1:630215_A>T,1.762910366,1,4,LOC101928626;MIR12136,intergenic
Full-length RNA-seq,Perivascular smooth muscle,chr1:630223_C>T,1.876083851,1,4,LOC101928626;MIR12136,intergenic
Full-length RNA-seq,Perivascular smooth muscle,chr1:634112_T>C,3.447785854,1,4,MIR12136;OR4F16,intergenic
Full-length RNA-seq,Perivascular smooth muscle,chr1:7835900_G>A,2.40399313,1,4,PER3,exonic
Full-length RNA-seq,Perivascular smooth muscle,chr1:83951880_A>G,10.43490791,1,4,TTLL7,exonic
Full-length RNA-seq,Perivascular smooth muscle,chr20:17911534_T>C,1.428773761,1,4,BANF2;SNX5,intergenic
Full-length RNA-seq,Perivascular smooth muscle,chr20:36548133_G>A,4.798894405,1,4,MYL9,exonic
Full-length RNA-seq,Perivascular smooth muscle,chr20:36549247_T>A,1.482784748,1,4,MYL9,exonic
Full-length RNA-seq,Perivascular smooth muscle,chr20:57676007_A>G,2.052923918,1,4,PMEPA1,intronic
Full-length RNA-seq,Perivascular smooth muscle,chr21:26837337_T>C,0.270585448,1,4,ADAMTS1,UTR3
Full-length RNA-seq,Perivascular smooth muscle,chr21:26841128_C>T,2.716291189,1,4,ADAMTS1,exonic
Full-length RNA-seq,Perivascular smooth muscle,chr21:26842604_G>C,3.261103392,1,4,ADAMTS1,exonic
Full-length RNA-seq,Perivascular smooth muscle,chr21:29067657_C>G,3.189709902,1,4,CCT8,exonic
Full-length RNA-seq,Perivascular smooth muscle,chr21:34812237_C>T,5.944644451,1,4,RUNX1,intronic
Full-length RNA-seq,Perivascular smooth muscle,chr21:45511203_G>A,4.874321461,1,4,COL18A1,exonic
Full-length RNA-seq,Perivascular smooth muscle,chr21:45980736_G>C,3.195810556,1,4,LOC101928796;COL6A1,intergenic
Full-length RNA-seq,Perivascular smooth muscle,chr21:46116793_G>C,1.925413132,1,4,COL6A2,exonic
Full-length RNA-seq,Perivascular smooth muscle,chr21:8254322_A>C,3.781476259,1,4,RNA28SN5,ncRNA_intronic
Full-length RNA-seq,Perivascular smooth muscle,chr22:20126311_A>C,1.485506296,1,4,RANBP1,exonic
Full-length RNA-seq,Perivascular smooth muscle,chr22:32857291_C>A,3.692456245,1,4,TIMP3,exonic
Full-length RNA-seq,Perivascular smooth muscle,chr22:35659440_G>A,5.545643806,1,4,APOL6,exonic
Full-length RNA-seq,Perivascular smooth muscle,chr22:36305548_C>T,2.189435244,1,4,MYH9,intronic
Full-length RNA-seq,Perivascular smooth muscle,chr22:36385196_T>G,0.896399081,1,4,MYH9,intronic
Full-length RNA-seq,Perivascular smooth muscle,chr22:38299943_C>T,1.647122025,1,4,CSNK1E;TPTEP2-CSNK1E,exonic
Full-length RNA-seq,Perivascular smooth muscle,chr22:39318661_C>T,1.601831913,1,4,RPL3,intronic
Full-length RNA-seq,Perivascular smooth muscle,chr22:40420894_C>T,0.637250841,1,4,MRTFA,exonic
Full-length RNA-seq,Perivascular smooth muscle,chr22:42615668_T>C,0.784789562,1,4,POLDIP3;RNU12,upstream;downstream
Full-length RNA-seq,Perivascular smooth muscle,chr22:50284159_C>T,2.060700893,1,4,PLXNB2,exonic
Full-length RNA-seq,Perivascular smooth muscle,chr22:50530013_G>C,1.583549619,1,4,TYMP,UTR5
Full-length RNA-seq,Perivascular smooth muscle,chr2:10802561_C>T,0.940234542,1,4,PDIA6,exonic
Full-length RNA-seq,Perivascular smooth muscle,chr2:111481489_G>T,4.814590454,1,4,MIR4435-2HG,ncRNA_intronic
Full-length RNA-seq,Perivascular smooth muscle,chr2:113957589_G>C,7.73686552,1,4,ACTR3,UTR3
Full-length RNA-seq,Perivascular smooth muscle,chr2:127496115_C>T,5.532700062,1,4,IWS1,exonic
Full-length RNA-seq,Perivascular smooth muscle,chr2:131049153_A>G,0.491036981,1,4,FAM168B,UTR3
Full-length RNA-seq,Perivascular smooth muscle,chr2:135784614_C>A,1.968508244,1,4,UBXN4,UTR3
Full-length RNA-seq,Perivascular smooth muscle,chr2:150475489_T>C,2.502383232,1,4,RND3,intronic
Full-length RNA-seq,Perivascular smooth muscle,chr2:156325961_A>T,3.166661263,1,4,NR4A2,exonic
Full-length RNA-seq,Perivascular smooth muscle,chr2:1648251_A>T,3.269943714,1,4,PXDN,exonic
Full-length RNA-seq,Perivascular smooth muscle,chr2:187554033_A>T,4.662890911,1,4,TFPI,intronic
Full-length RNA-seq,Perivascular smooth muscle,chr2:188994322_G>A,2.379496336,1,4,COL3A1,exonic
Full-length RNA-seq,Perivascular smooth muscle,chr2:191362348_G>A,2.709542036,1,4,MYO1B,exonic
Full-length RNA-seq,Perivascular smooth muscle,chr2:199911121_C>G,1.051970363,1,4,C2orf69,upstream
Full-length RNA-seq,Perivascular smooth muscle,chr2:20447818_A>G,4.530835629,1,4,RHOB,exonic
Full-length RNA-seq,Perivascular smooth muscle,chr2:216160089_T>A,1.600668192,1,4,XRCC5,exonic
Full-length RNA-seq,Perivascular smooth muscle,chr2:216501428_T>G,4.441513538,1,4,RPL37A,UTR3
Full-length RNA-seq,Perivascular smooth muscle,chr2:216672321_G>T,2.219828844,1,4,IGFBP5,UTR3
Full-length RNA-seq,Perivascular smooth muscle,chr2:216672639_G>T,2.334173441,1,4,IGFBP5,UTR3
Full-length RNA-seq,Perivascular smooth muscle,chr2:217801308_C>T,1.36636436,1,4,TNS1,UTR3
Full-length RNA-seq,Perivascular smooth muscle,chr2:217885817_T>C,1.20848918,1,4,TNS1,exonic
Full-length RNA-seq,Perivascular smooth muscle,chr2:30259352_T>G,3.029530287,1,4,LBH,UTR3
Full-length RNA-seq,Perivascular smooth muscle,chr2:36358507_T>C,1.847108006,1,4,CRIM1,intronic
Full-length RNA-seq,Perivascular smooth muscle,chr2:36869728_A>G,1.640074015,1,4,STRN,exonic
Full-length RNA-seq,Perivascular smooth muscle,chr2:46297660_T>A,2.208277464,1,4,EPAS1,UTR5
Full-length RNA-seq,Perivascular smooth muscle,chr2:46336177_G>C,1.22305584,1,4,EPAS1,intronic
Full-length RNA-seq,Perivascular smooth muscle,chr2:46372804_T>C,2.671397209,1,4,EPAS1,intronic
Full-length RNA-seq,Perivascular smooth muscle,chr2:46391345_G>C,3.899338722,1,4,LINC01820,downstream
Full-length RNA-seq,Perivascular smooth muscle,chr2:55235501_T>C,2.682666063,1,4,RPS27A,exonic
Full-length RNA-seq,Perivascular smooth muscle,chr2:64106066_A>G,4.712893963,1,4,PELI1,intronic
Full-length RNA-seq,Perivascular smooth muscle,chr2:68240778_A>C,9.106565475,1,4,PPP3R1,intronic
Full-length RNA-seq,Perivascular smooth muscle,chr2:69902686_G>T,3.386818886,1,4,SNRNP27,intronic
Full-length RNA-seq,Perivascular smooth muscle,chr2:85556054_C>A,3.478094578,1,4,GGCX,intronic
Full-length RNA-seq,Perivascular smooth muscle,chr2:86489620_T>A,1.258601785,1,4,KDM3A,exonic
Full-length RNA-seq,Perivascular smooth muscle,chr2:87458384_T>C,3.981426001,1,4,CYTOR,ncRNA_intronic
Full-length RNA-seq,Perivascular smooth muscle,chr2:95820960_C>T,3.385037661,1,4,LINC00342,ncRNA_intronic
Full-length RNA-seq,Perivascular smooth muscle,chr2:95853810_A>T,5.425676346,1,4,ANKRD36C,exonic
Full-length RNA-seq,Perivascular smooth muscle,chr2:95978132_A>G,6.721693993,1,4,ANKRD36C,exonic
Full-length RNA-seq,Perivascular smooth muscle,chr2:97814131_A>T,8.188746452,1,4,TMEM131,exonic
Full-length RNA-seq,Perivascular smooth muscle,chr3:108219449_A>T,7.349416733,1,4,IFT57,exonic
Full-length RNA-seq,Perivascular smooth muscle,chr3:12587352_A>T,1.628163934,1,4,RAF1,intronic
Full-length RNA-seq,Perivascular smooth muscle,chr3:12908426_A>G,3.218580008,1,4,IQSEC1,exonic
Full-length RNA-seq,Perivascular smooth muscle,chr3:129436861_A>G,0.390950501,1,4,MBD4,exonic
Full-length RNA-seq,Perivascular smooth muscle,chr3:141880259_A>G,5.263319969,1,4,ATP1B3,intronic
Full-length RNA-seq,Perivascular smooth muscle,chr3:143991128_T>A,0.670758545,1,4,DIPK2A,UTR3
Full-length RNA-seq,Perivascular smooth muscle,chr3:149656785_T>A,5.926759243,1,4,WWTR1,intronic
Full-length RNA-seq,Perivascular smooth muscle,chr3:150458670_A>C,3.091186523,1,4,TSC22D2,UTR3
Full-length RNA-seq,Perivascular smooth muscle,chr3:160425007_T>A,4.233636379,1,4,SMC4,exonic
Full-length RNA-seq,Perivascular smooth muscle,chr3:187721994_C>T,2.754805565,1,4,LOC100131635,ncRNA_intronic
Full-length RNA-seq,Perivascular smooth muscle,chr3:188886735_C>T,3.055958033,1,4,LPP,UTR3
Full-length RNA-seq,Perivascular smooth muscle,chr3:194644619_T>G,4.848881245,1,4,LSG1,exonic
Full-length RNA-seq,Perivascular smooth muscle,chr3:195569072_G>C,1.641796589,1,4,APOD,exonic
Full-length RNA-seq,Perivascular smooth muscle,chr3:197954020_G>A,1.678271413,1,4,RPL35A,exonic
Full-length RNA-seq,Perivascular smooth muscle,chr3:27403166_T>C,7.338500977,1,4,SLC4A7,exonic
Full-length RNA-seq,Perivascular smooth muscle,chr3:33120406_C>T,5.043840408,1,4,CRTAP,exonic
Full-length RNA-seq,Perivascular smooth muscle,chr3:40462234_T>C,3.38340354,1,4,RPL14,UTR3
Full-length RNA-seq,Perivascular smooth muscle,chr3:4665287_G>C,1.968931437,1,4,ITPR1,exonic
Full-length RNA-seq,Perivascular smooth muscle,chr3:52830614_C>T,3.215972185,1,4,ITIH4,exonic
Full-length RNA-seq,Perivascular smooth muscle,chr3:52840430_C>T,0.907664359,1,4,STIMATE,UTR3
Full-length RNA-seq,Perivascular smooth muscle,chr3:63990705_T>A,1.944442511,1,4,ATXN7,intronic
Full-length RNA-seq,Perivascular smooth muscle,chr4:119027344_C>T,5.468841553,1,4,SYNPO2,exonic
Full-length RNA-seq,Perivascular smooth muscle,chr4:155696842_G>A,1.744102478,1,4,GUCY1A1,UTR5
Full-length RNA-seq,Perivascular smooth muscle,chr4:155733667_G>A,4.151762009,1,4,GUCY1A1,UTR3
Full-length RNA-seq,Perivascular smooth muscle,chr4:17909101_A>T,3.972701073,1,4,LCORL,exonic
Full-length RNA-seq,Perivascular smooth muscle,chr4:2826412_A>G,1.050839067,1,4,SH3BP2,intronic
Full-length RNA-seq,Perivascular smooth muscle,chr4:3074930_G>A,0.733112454,1,4,HTT,exonic
Full-length RNA-seq,Perivascular smooth muscle,chr4:3074935_A>C,0.558137178,1,4,HTT,exonic
Full-length RNA-seq,Perivascular smooth muscle,chr4:67657668_T>A,3.324573994,1,4,UBA6,intronic
Full-length RNA-seq,Perivascular smooth muscle,chr4:87495005_G>A,4.056675434,1,4,SPARCL1,exonic
Full-length RNA-seq,Perivascular smooth muscle,chr5:132447828_C>T,6.576332569,1,4,IRF1-AS1,ncRNA_intronic
Full-length RNA-seq,Perivascular smooth muscle,chr5:132471071_A>T,2.471326828,1,4,IRF1-AS1,ncRNA_intronic
Full-length RNA-seq,Perivascular smooth muscle,chr5:132485623_A>T,1.826735735,1,4,IRF1,intronic
Full-length RNA-seq,Perivascular smooth muscle,chr5:132880005_T>G,1.779862761,1,4,AFF4,UTR3
Full-length RNA-seq,Perivascular smooth muscle,chr5:134855195_T>A,0.967981756,1,4,C5orf24,exonic
Full-length RNA-seq,Perivascular smooth muscle,chr5:136053989_C>A,2.112833261,1,4,TGFBI,exonic
Full-length RNA-seq,Perivascular smooth muscle,chr5:137985296_C>T,2.805571318,1,4,FAM13B,exonic
Full-length RNA-seq,Perivascular smooth muscle,chr5:143399812_T>A,0.984196484,1,4,NR3C1,exonic
Full-length RNA-seq,Perivascular smooth muscle,chr5:149408099_T>C,8.80887413,1,4,CARMN,ncRNA_intronic
Full-length RNA-seq,Perivascular smooth muscle,chr5:150124348_C>T,4.681078434,1,4,PDGFRB,exonic
Full-length RNA-seq,Perivascular smooth muscle,chr5:151662343_T>G,5.136448383,1,4,SPARC,UTR3
Full-length RNA-seq,Perivascular smooth muscle,chr5:151663439_A>C,2.744449854,1,4,SPARC,UTR3
Full-length RNA-seq,Perivascular smooth muscle,chr5:151663553_A>G,3.17894721,1,4,SPARC,exonic
Full-length RNA-seq,Perivascular smooth muscle,chr5:159097726_C>T,6.058051586,1,4,EBF1,UTR5
Full-length RNA-seq,Perivascular smooth muscle,chr5:168696376_A>T,2.135680914,1,4,SLIT3,exonic
Full-length RNA-seq,Perivascular smooth muscle,chr5:38427158_T>A,4.264967918,1,4,EGFLAM,exonic
Full-length RNA-seq,Perivascular smooth muscle,chr5:38451415_G>A,6.186986446,1,4,EGFLAM,exonic
Full-length RNA-seq,Perivascular smooth muscle,chr5:39383947_A>T,0.635309875,1,4,DAB2,intronic
Full-length RNA-seq,Perivascular smooth muscle,chr5:40696982_A>G,3.621150017,1,4,PTGER4;TTC33,intergenic
Full-length RNA-seq,Perivascular smooth muscle,chr5:52800564_G>A,7.024552345,1,4,PELO,exonic
Full-length RNA-seq,Perivascular smooth muscle,chr5:61423421_C>A,1.813985705,1,4,ZSWIM6,intronic
Full-length RNA-seq,Perivascular smooth muscle,chr5:64768584_G>C,4.795544624,1,4,SREK1IP1,UTR5
Full-length RNA-seq,Perivascular smooth muscle,chr5:72199761_A>C,1.621998549,1,4,MAP1B,exonic
Full-length RNA-seq,Perivascular smooth muscle,chr5:76732320_A>C,4.939487934,1,4,F2R,exonic
Full-length RNA-seq,Perivascular smooth muscle,chr5:88798865_T>G,4.244385242,1,4,MEF2C,intronic
Full-length RNA-seq,Perivascular smooth muscle,chr5:98856716_A>G,1.149708271,1,4,CHD1,exonic
Full-length RNA-seq,Perivascular smooth muscle,chr5:98886810_A>G,1.946397662,1,4,CHD1,intronic
Full-length RNA-seq,Perivascular smooth muscle,chr6:109451674_A>T,4.328825474,1,4,MICAL1,exonic
Full-length RNA-seq,Perivascular smooth muscle,chr6:112144801_G>T,2.464085817,1,4,LAMA4,exonic
Full-length RNA-seq,Perivascular smooth muscle,chr6:116436871_G>A,0.759578407,1,4,DSE,exonic
Full-length RNA-seq,Perivascular smooth muscle,chr6:132816970_A>G,3.454121351,1,4,RPS12,exonic
Full-length RNA-seq,Perivascular smooth muscle,chr6:137868388_C>A,2.943490505,1,4,TNFAIP3,intronic
Full-length RNA-seq,Perivascular smooth muscle,chr6:137871459_G>A,2.948394775,1,4,TNFAIP3,exonic
Full-length RNA-seq,Perivascular smooth muscle,chr6:137877104_A>C,1.048386693,1,4,TNFAIP3,exonic
Full-length RNA-seq,Perivascular smooth muscle,chr6:137877251_C>A,3.296262741,1,4,TNFAIP3,exonic
Full-length RNA-seq,Perivascular smooth muscle,chr6:137879555_G>A,2.351959705,1,4,TNFAIP3,intronic
Full-length RNA-seq,Perivascular smooth muscle,chr6:142912924_C>T,2.821815729,1,4,HIVEP2,intronic
Full-length RNA-seq,Perivascular smooth muscle,chr6:142931682_C>T,3.644102335,1,4,HIVEP2,intronic
Full-length RNA-seq,Perivascular smooth muscle,chr6:152331601_C>G,2.434562206,1,4,SYNE1,exonic
Full-length RNA-seq,Perivascular smooth muscle,chr6:152350631_C>T,4.556590557,1,4,SYNE1,exonic
Full-length RNA-seq,Perivascular smooth muscle,chr6:153002459_C>T,1.497371197,1,4,MTRF1L,exonic
Full-length RNA-seq,Perivascular smooth muscle,chr6:159790604_G>A,3.604449511,1,4,MRPL18,exonic
Full-length RNA-seq,Perivascular smooth muscle,chr6:19838026_T>C,5.115258694,1,4,ID4,exonic
Full-length RNA-seq,Perivascular smooth muscle,chr6:29725496_T>G,0.977376282,1,4,HLA-F,exonic
Full-length RNA-seq,Perivascular smooth muscle,chr6:29943016_G>C,2.509132624,1,4,HLA-A,exonic
Full-length RNA-seq,Perivascular smooth muscle,chr6:30550971_T>G,6.45446682,1,4,GNL1,intronic
Full-length RNA-seq,Perivascular smooth muscle,chr6:30606156_A>G,0.654764116,1,4,PPP1R10,exonic
Full-length RNA-seq,Perivascular smooth muscle,chr6:30724078_G>A,0.609326482,1,4,TUBB,exonic
Full-length RNA-seq,Perivascular smooth muscle,chr6:31271601_T>G,2.263061285,1,4,HLA-C,exonic
Full-length RNA-seq,Perivascular smooth muscle,chr6:31271911_T>G,2.016012192,1,4,HLA-C,intronic
Full-length RNA-seq,Perivascular smooth muscle,chr6:31533780_G>C,5.412186623,1,4,ATP6V1G2-DDX39B,ncRNA_intronic
Full-length RNA-seq,Perivascular smooth muscle,chr6:31822637_A>C,0.932562828,1,4,HSPA1A;HSPA1B,intergenic
Full-length RNA-seq,Perivascular smooth muscle,chr6:31827068_A>T,6.415873528,1,4,HSPA1B,upstream
Full-length RNA-seq,Perivascular smooth muscle,chr6:31830187_A>G,6.84175396,1,4,HSPA1B,UTR3
Full-length RNA-seq,Perivascular smooth muscle,chr6:32578927_G>A,1.983051062,1,4,HLA-DRB1,UTR3
Full-length RNA-seq,Perivascular smooth muscle,chr6:32641317_C>T,8.316058159,1,4,HLA-DQA1,exonic
Full-length RNA-seq,Perivascular smooth muscle,chr6:32977547_G>A,0.473627418,1,4,BRD2,exonic
Full-length RNA-seq,Perivascular smooth muscle,chr6:32981027_C>T,5.867150784,1,4,BRD2,UTR3
Full-length RNA-seq,Perivascular smooth muscle,chr6:33069862_G>A,2.168892622,1,4,HLA-DPA1,exonic
Full-length RNA-seq,Perivascular smooth muscle,chr6:35474167_C>G,1.531369567,1,4,TEAD3,UTR3
Full-length RNA-seq,Perivascular smooth muscle,chr6:36686606_C>T,4.687589169,1,4,CDKN1A,UTR3
Full-length RNA-seq,Perivascular smooth muscle,chr6:46221328_C>T,1.799365044,1,4,RCAN2,UTR3
Full-length RNA-seq,Perivascular smooth muscle,chr6:46456853_C>T,2.566415071,1,4,RCAN2,exonic
Full-length RNA-seq,Perivascular smooth muscle,chr6:46863009_G>T,1.404279232,1,4,ADGRF5,exonic
Full-length RNA-seq,Perivascular smooth muscle,chr6:52995725_T>C,2.57963562,1,4,RN7SK,ncRNA_exonic
Full-length RNA-seq,Perivascular smooth muscle,chr6:63685752_G>A,2.303329468,1,4,PHF3,exonic
Full-length RNA-seq,Perivascular smooth muscle,chr7:100875204_C>T,2.869740486,1,4,SRRT,UTR5
Full-length RNA-seq,Perivascular smooth muscle,chr7:100882404_T>A,1.591415286,1,4,SRRT,intronic
Full-length RNA-seq,Perivascular smooth muscle,chr7:100886313_G>A,4.120118618,1,4,SRRT,exonic
Full-length RNA-seq,Perivascular smooth muscle,chr7:100958270_T>C,5.020440102,1,4,MUC3A,exonic
Full-length RNA-seq,Perivascular smooth muscle,chr7:101097504_G>A,2.636894226,1,4,TRIM56,UTR3
Full-length RNA-seq,Perivascular smooth muscle,chr7:106258843_T>C,0.946964502,1,4,NAMPT,intronic
Full-length RNA-seq,Perivascular smooth muscle,chr7:107216333_G>A,5.745434284,1,4,COG5,intronic
Full-length RNA-seq,Perivascular smooth muscle,chr7:129948886_C>G,1.181609273,1,4,UBE2H,intronic
Full-length RNA-seq,Perivascular smooth muscle,chr7:134867775_G>A,4.909980297,1,4,CALD1,exonic
Full-length RNA-seq,Perivascular smooth muscle,chr7:134933658_G>A,4.200980663,1,4,CALD1,exonic
Full-length RNA-seq,Perivascular smooth muscle,chr7:135168793_C>T,1.920517921,1,4,CYREN,exonic
Full-length RNA-seq,Perivascular smooth muscle,chr7:139080219_A>G,6.998431206,1,4,ZC3HAV1,exonic
Full-length RNA-seq,Perivascular smooth muscle,chr7:139706927_T>G,4.940142632,1,4,HIPK2,intronic
Full-length RNA-seq,Perivascular smooth muscle,chr7:143264591_G>A,1.74300456,1,4,GSTK1,exonic
Full-length RNA-seq,Perivascular smooth muscle,chr7:158717497_C>T,4.101084709,1,4,NCAPG2;ESYT2,intergenic
Full-length RNA-seq,Perivascular smooth muscle,chr7:158782480_T>A,2.343308926,1,4,ESYT2,intronic
Full-length RNA-seq,Perivascular smooth muscle,chr7:17339828_A>T,4.184220314,1,4,AHR,exonic
Full-length RNA-seq,Perivascular smooth muscle,chr7:17891552_G>T,1.43473196,1,4,SNX13,exonic
Full-length RNA-seq,Perivascular smooth muscle,chr7:22728724_G>A,6.729730129,1,4,IL6,exonic
Full-length RNA-seq,Perivascular smooth muscle,chr7:4754559_G>A,1.134647727,1,4,FOXK1,exonic
Full-length RNA-seq,Perivascular smooth muscle,chr7:588681_A>G,3.758413076,1,4,PRKAR1B,intronic
Full-length RNA-seq,Perivascular smooth muscle,chr7:588687_G>A,4.588211536,1,4,PRKAR1B,intronic
Full-length RNA-seq,Perivascular smooth muscle,chr7:588705_A>G,3.024458408,1,4,PRKAR1B,intronic
Full-length RNA-seq,Perivascular smooth muscle,chr7:66554370_T>G,5.463184357,1,4,GS1-124K5.11,ncRNA_exonic
Full-length RNA-seq,Perivascular smooth muscle,chr7:75418267_C>T,0.731190979,1,4,POM121C,UTR3
Full-length RNA-seq,Perivascular smooth muscle,chr7:80671102_A>C,14.41595078,1,4,CD36,exonic
Full-length RNA-seq,Perivascular smooth muscle,chr7:87209753_A>T,0.836886883,1,4,TMEM243,intronic
Full-length RNA-seq,Perivascular smooth muscle,chr7:88306803_G>A,3.341136932,1,4,STEAP4,UTR5
Full-length RNA-seq,Perivascular smooth muscle,chr8:100716689_C>T,1.7514112,1,4,PABPC1,intronic
Full-length RNA-seq,Perivascular smooth muscle,chr8:102254346_T>G,2.866543055,1,4,UBR5,exonic
Full-length RNA-seq,Perivascular smooth muscle,chr8:102652166_A>T,5.372219563,1,4,KLF10,exonic
Full-length RNA-seq,Perivascular smooth muscle,chr8:118102846_T>G,1.162586927,1,4,EXT1,intronic
Full-length RNA-seq,Perivascular smooth muscle,chr8:127740941_C>G,3.021858215,1,4,MYC,exonic
Full-length RNA-seq,Perivascular smooth muscle,chr8:142613116_C>T,10.43321133,1,4,ARC,exonic
Full-length RNA-seq,Perivascular smooth muscle,chr8:22194133_G>A,0.491578311,1,4,BMP1,exonic
Full-length RNA-seq,Perivascular smooth muscle,chr8:30804285_A>G,1.77812171,1,4,PPP2CB,intronic
Full-length RNA-seq,Perivascular smooth muscle,chr8:51833593_C>T,0.765458465,1,4,PCMTD1,exonic
Full-length RNA-seq,Perivascular smooth muscle,chr8:60621177_G>A,1.395044088,1,4,RAB2A,UTR3
Full-length RNA-seq,Perivascular smooth muscle,chr8:81478872_C>G,2.363363743,1,4,FABP4,exonic
Full-length RNA-seq,Perivascular smooth muscle,chr8:85474374_G>A,2.564789295,1,4,CA2,exonic
Full-length RNA-seq,Perivascular smooth muscle,chr8:91959553_C>T,2.84985137,1,4,RUNX1T1,UTR3
Full-length RNA-seq,Perivascular smooth muscle,chr8:94250201_A>G,1.196219087,1,4,GEM,UTR3
Full-length RNA-seq,Perivascular smooth muscle,chr8:94262069_A>T,4.44482851,1,4,GEM,intronic
Full-length RNA-seq,Perivascular smooth muscle,chr8:98041776_G>T,4.647433281,1,4,RPL30,UTR3
Full-length RNA-seq,Perivascular smooth muscle,chr9:101557464_G>A,2.629248142,1,4,RNF20,exonic
Full-length RNA-seq,Perivascular smooth muscle,chr9:104854612_C>T,2.875061512,1,4,ABCA1,intronic
Full-length RNA-seq,Perivascular smooth muscle,chr9:111934254_A>T,1.378806353,1,4,UGCG,UTR3
Full-length RNA-seq,Perivascular smooth muscle,chr9:114598191_G>A,5.104779243,1,4,ATP6V1G1,UTR3
Full-length RNA-seq,Perivascular smooth muscle,chr9:120903237_C>T,5.563866615,1,4,TRAF1,UTR3
Full-length RNA-seq,Perivascular smooth muscle,chr9:121341244_C>T,0.530375898,1,4,STOM,exonic
Full-length RNA-seq,Perivascular smooth muscle,chr9:124801442_T>A,5.973723412,1,4,OLFML2A,exonic
Full-length RNA-seq,Perivascular smooth muscle,chr9:128482832_T>A,0.494910836,1,4,ODF2,exonic
Full-length RNA-seq,Perivascular smooth muscle,chr9:129831007_T>G,2.195200682,1,4,C9orf78,exonic
Full-length RNA-seq,Perivascular smooth muscle,chr9:134701281_T>G,3.461019754,1,4,COL5A1,exonic
Full-length RNA-seq,Perivascular smooth muscle,chr9:137330075_A>G,0.906242609,1,4,EXD3,intronic
Full-length RNA-seq,Perivascular smooth muscle,chr9:14300238_A>G,5.713362694,1,4,NFIB,UTR5
Full-length RNA-seq,Perivascular smooth muscle,chr9:32543818_A>G,1.261455178,1,4,TOPORS,exonic
Full-length RNA-seq,Perivascular smooth muscle,chr9:35685666_C>T,10.06544209,1,4,TPM2,exonic
Full-length RNA-seq,Perivascular smooth muscle,chr9:35689260_C>T,10.4087677,1,4,TPM2,exonic
Full-length RNA-seq,Perivascular smooth muscle,chr9:35697901_C>G,1.055776715,1,4,TLN1,exonic
Full-length RNA-seq,Perivascular smooth muscle,chrX:115622370_G>C,1.685822248,1,4,PLS3,exonic
Full-length RNA-seq,Perivascular smooth muscle,chrX:115634041_G>C,2.848701239,1,4,PLS3,exonic
Full-length RNA-seq,Perivascular smooth muscle,chrX:136210790_C>T,0.906475306,1,4,FHL1,UTR3
Full-length RNA-seq,Perivascular smooth muscle,chrX:1393233_T>C,1.447480679,1,4,SLC25A6;LINC00106,intergenic
Full-length RNA-seq,Perivascular smooth muscle,chrX:1394106_G>T,4.403678894,1,4,SLC25A6;LINC00106,intergenic
Full-length RNA-seq,Perivascular smooth muscle,chrX:153506869_A>G,4.152536392,1,4,BGN,exonic
Full-length RNA-seq,Perivascular smooth muscle,chrX:154351080_A>G,2.596285582,1,4,FLNA,intronic
Full-length RNA-seq,Perivascular smooth muscle,chrX:32454682_T>G,5.89165926,1,4,DMD,exonic
Full-length RNA-seq,Perivascular smooth muscle,chrX:47585308_G>A,0.634707689,1,4,TIMP1,exonic
Full-length RNA-seq,Perivascular smooth muscle,chrX:53192982_A>T,3.016051769,1,4,KDM5C,exonic
Full-length RNA-seq,Perivascular smooth muscle,chrX:53198570_C>T,3.592981815,1,4,KDM5C,exonic
Full-length RNA-seq,Perivascular smooth muscle,chrX:53573880_C>T,3.024435282,1,4,HUWE1,exonic
Full-length RNA-seq,Perivascular smooth muscle,chrX:70493435_G>C,12.95726776,1,4,DLG3,exonic
Full-length RNA-seq,Perivascular smooth muscle,chrX:990847_C>G,3.288825989,1,4,SHOX;CRLF2,intergenic
Full-length RNA-seq,Plasma cell,chr11:119094059_G>T,3.533452272,1,13,H2AX,UTR3
Full-length RNA-seq,Plasma cell,chr11:65422796_C>G,32.12611389,1,13,NEAT1,upstream
Full-length RNA-seq,Plasma cell,chr11:65471715_G>T,1.851512671,1,13,LOC101927789;MALAT1,intergenic
Full-length RNA-seq,Plasma cell,chr14:75258556_C>T,6.417012691,1,13,TMED10;FOS,intergenic
Full-length RNA-seq,Plasma cell,chr15:88639365_A>G,31.21466637,1,13,ISG20,UTR5
Full-length RNA-seq,Plasma cell,chr1:174241497_C>A,8.889163971,1,13,RABGAP1L,exonic
Full-length RNA-seq,Plasma cell,chr1:207822439_C>T,18.69560814,1,13,LOC148696;MIR29B2CHG,ncRNA_exonic
Full-length RNA-seq,Plasma cell,chr1:45521093_C>T,4.411067963,1,13,PRDX1,intronic
Full-length RNA-seq,Plasma cell,chr20:57615570_G>T,73.76759338,1,13,ZBP1,exonic
Full-length RNA-seq,Plasma cell,chr2:88861926_C>A,10.71740437,1,13,MIR4436A;LOC107985911,intergenic
Full-length RNA-seq,Plasma cell,chr5:95822437_C>T,6.279025555,1,13,GLRX,intronic
Full-length RNA-seq,Plasma cell,chr6:26215985_G>T,47.85463715,1,13,H2AC8;H2BC8,upstream;downstream
Full-length RNA-seq,Plasma cell,chr6:27132364_C>T,9.596611023,1,13,H2BC11,UTR3
Full-length RNA-seq,Plasma cell,chr6:27145555_C>T,8.167111397,1,13,H2BC12,intronic
Full-length RNA-seq,Plasma cell,chr6:31822637_A>C,9.316495895,1,13,HSPA1A;HSPA1B,intergenic
Full-length RNA-seq,Plasma cell,chr6:401529_C>A,18.22689056,1,13,IRF4,exonic
Full-length RNA-seq,Plasma cell,chr6:52516118_A>T,3.985229492,1,13,TRAM2,exonic
Full-length RNA-seq,Plasma cell,chr6:7910643_G>A,8.805706978,1,13,TXNDC5,exonic
Full-length RNA-seq,Plasma cell,chr7:55534995_G>C,18.86326027,1,13,VOPP1,intronic
Full-length RNA-seq,T cell,chr10:102397686_G>A,2.046936035,1,2,NFKB2,splicing
Full-length RNA-seq,T cell,chr10:110880400_T>C,3.868066311,1,2,PDCD4,intronic
Full-length RNA-seq,T cell,chr10:112668275_G>A,1.627843499,1,2,VTI1A,exonic
Full-length RNA-seq,T cell,chr10:119050433_C>G,6.630878925,1,2,EIF3A,intronic
Full-length RNA-seq,T cell,chr10:119427489_C>A,4.403970242,1,2,GRK5,intronic
Full-length RNA-seq,T cell,chr10:122998633_T>G,1.434176922,1,2,IKZF5,UTR5
Full-length RNA-seq,T cell,chr10:124623522_A>T,0.791549623,1,2,FAM53B,exonic
Full-length RNA-seq,T cell,chr10:124677047_C>G,1.854358435,1,2,FAM53B,intronic
Full-length RNA-seq,T cell,chr10:128047639_C>T,4.519297123,1,2,PTPRE,UTR5
Full-length RNA-seq,T cell,chr10:14568612_C>T,2.324634075,1,2,FAM107B,intronic
Full-length RNA-seq,T cell,chr10:14583702_C>T,5.137404442,1,2,FAM107B,intronic
Full-length RNA-seq,T cell,chr10:14602824_C>T,1.817808151,1,2,FAM107B,intronic
Full-length RNA-seq,T cell,chr10:17687587_T>G,2.510047674,1,2,STAM,intronic
Full-length RNA-seq,T cell,chr10:22329448_C>A,1.859850407,1,2,BMI1;COMMD3-BMI1,exonic
Full-length RNA-seq,T cell,chr10:22713192_C>T,3.071792603,1,2,PIP4K2A,intronic
Full-length RNA-seq,T cell,chr10:27155608_T>C,0.757318676,1,2,MASTL,exonic
Full-length RNA-seq,T cell,chr10:31469017_A>C,2.761362791,1,2,ZEB1,intronic
Full-length RNA-seq,T cell,chr10:35127641_G>A,1.902589321,1,2,CREM,intronic
Full-length RNA-seq,T cell,chr10:43169745_T>C,0.5950194,1,2,CSGALNACT2,intronic
Full-length RNA-seq,T cell,chr10:6019481_T>G,3.008938313,1,2,IL2RA,exonic
Full-length RNA-seq,T cell,chr10:6497112_C>T,2.724722862,1,2,PRKCQ,exonic
Full-length RNA-seq,T cell,chr10:72340825_G>T,1.393523335,1,2,DNAJB12,exonic
Full-length RNA-seq,T cell,chr10:72859300_T>A,1.978135943,1,2,MCU,exonic
Full-length RNA-seq,T cell,chr10:73167107_A>T,3.001035929,1,2,ECD,intronic
Full-length RNA-seq,T cell,chr10:80171586_C>T,2.293798447,1,2,ANXA11,intronic
Full-length RNA-seq,T cell,chr10:80509405_G>C,1.606935978,1,2,TSPAN14,exonic
Full-length RNA-seq,T cell,chr10:98208117_G>A,3.229684591,1,2,R3HCC1L,exonic
Full-length RNA-seq,T cell,chr11:116994843_A>G,1.935377359,1,2,SIK3,intronic
Full-length RNA-seq,T cell,chr11:117042399_C>T,4.239073277,1,2,SIK3,intronic
Full-length RNA-seq,T cell,chr11:117084806_A>T,0.958055675,1,2,SIK3,intronic
Full-length RNA-seq,T cell,chr11:117179399_G>A,0.667058945,1,2,SIDT2,exonic
Full-length RNA-seq,T cell,chr11:117998070_G>A,2.217339993,1,2,IL10RA,intronic
Full-length RNA-seq,T cell,chr11:118205892_C>T,1.196537971,1,2,JAML,exonic
Full-length RNA-seq,T cell,chr11:119051472_C>T,2.510554075,1,2,HYOU1,exonic
Full-length RNA-seq,T cell,chr11:119094059_G>T,1.102641225,1,2,H2AX,UTR3
Full-length RNA-seq,T cell,chr11:14610979_A>T,1.818697453,1,2,PSMA1,exonic
Full-length RNA-seq,T cell,chr11:14644984_T>A,2.174123764,1,2,PDE3B,exonic
Full-length RNA-seq,T cell,chr11:14663392_T>A,2.378970623,1,2,PDE3B,intronic
Full-length RNA-seq,T cell,chr11:14718560_T>C,2.112546921,1,2,PDE3B,intronic
Full-length RNA-seq,T cell,chr11:16739515_T>C,5.871666908,1,2,C11orf58,intronic
Full-length RNA-seq,T cell,chr11:16740259_A>C,2.614100695,1,2,C11orf58,intronic
Full-length RNA-seq,T cell,chr11:17169253_A>G,1.74319315,1,2,PIK3C2A,exonic
Full-length RNA-seq,T cell,chr11:287685_G>A,4.956604481,1,2,NLRP6;PGGHG,intergenic
Full-length RNA-seq,T cell,chr11:288425_G>A,1.229052424,1,2,PGGHG,upstream
Full-length RNA-seq,T cell,chr11:288427_C>G,1.08680892,1,2,PGGHG,upstream
Full-length RNA-seq,T cell,chr11:288480_A>C,0.916048169,1,2,PGGHG,upstream
Full-length RNA-seq,T cell,chr11:289523_A>C,1.885726929,1,2,PGGHG,intronic
Full-length RNA-seq,T cell,chr11:289829_G>A,1.919282198,1,2,PGGHG,exonic
Full-length RNA-seq,T cell,chr11:291856_G>A,2.243360758,1,2,PGGHG,intronic
Full-length RNA-seq,T cell,chr11:2947958_C>T,1.637810946,1,2,NAP1L4,intronic
Full-length RNA-seq,T cell,chr11:35153321_T>C,2.00790453,1,2,CD44,intronic
Full-length RNA-seq,T cell,chr11:3680255_G>T,3.109614372,1,2,NUP98,intronic
Full-length RNA-seq,T cell,chr11:58530326_G>A,2.96319294,1,2,LPXN,intronic
Full-length RNA-seq,T cell,chr11:58579317_G>A,0.597621739,1,2,ZFP91,exonic
Full-length RNA-seq,T cell,chr11:60971901_G>A,1.489352107,1,2,CD6,exonic
Full-length RNA-seq,T cell,chr11:61118941_A>G,1.582026362,1,2,CD5,exonic
Full-length RNA-seq,T cell,chr11:61964760_C>G,1.234218597,1,2,FTH1,exonic
Full-length RNA-seq,T cell,chr11:62517295_T>G,2.527664661,1,2,AHNAK,exonic
Full-length RNA-seq,T cell,chr11:62530242_A>T,2.462319613,1,2,AHNAK,exonic
Full-length RNA-seq,T cell,chr11:64342564_C>A,2.665451288,1,2,CCDC88B,exonic
Full-length RNA-seq,T cell,chr11:64767508_G>A,3.858194828,1,2,SF1,intronic
Full-length RNA-seq,T cell,chr11:64905602_G>T,2.08381319,1,2,ATG2A,exonic
Full-length RNA-seq,T cell,chr11:66097445_C>A,1.395714045,1,2,PACS1,intronic
Full-length RNA-seq,T cell,chr11:66340153_G>T,1.042365193,1,2,BRMS1,exonic
Full-length RNA-seq,T cell,chr11:67240385_G>A,1.462494373,1,2,KDM2A,intronic
Full-length RNA-seq,T cell,chr11:67304837_G>A,1.351257443,1,2,SSH3,exonic
Full-length RNA-seq,T cell,chr11:86248211_T>A,3.180033207,1,2,EED,intronic
Full-length RNA-seq,T cell,chr11:95166787_T>G,1.370576382,1,2,SESN3,UTR3
Full-length RNA-seq,T cell,chr11:95229494_C>G,2.017622948,1,2,SESN3,intronic
Full-length RNA-seq,T cell,chr12:10379676_A>G,2.755165577,1,2,KLRK1-AS1,ncRNA_intronic
Full-length RNA-seq,T cell,chr12:109907541_G>C,2.719445229,1,2,TCHP,exonic
Full-length RNA-seq,T cell,chr12:110435108_G>T,1.130864382,1,2,ARPC3,UTR3
Full-length RNA-seq,T cell,chr12:111681759_A>G,0.7809062,1,2,BRAP,exonic
Full-length RNA-seq,T cell,chr12:119989392_G>A,1.252049804,1,2,BICDL1,UTR5
Full-length RNA-seq,T cell,chr12:119989490_A>G,5.809153557,1,2,BICDL1,UTR5
Full-length RNA-seq,T cell,chr12:119998569_G>A,1.702211857,1,2,BICDL1,exonic
Full-length RNA-seq,T cell,chr12:119998707_A>C,1.682163358,1,2,BICDL1,exonic
Full-length RNA-seq,T cell,chr12:120093494_G>A,2.222218275,1,2,BICDL1,UTR3
Full-length RNA-seq,T cell,chr12:131961003_C>A,2.644732952,1,2,EP400,exonic
Full-length RNA-seq,T cell,chr12:131982343_G>A,2.706803322,1,2,EP400,exonic
Full-length RNA-seq,T cell,chr12:132549763_C>A,2.375818729,1,2,FBRSL1,intronic
Full-length RNA-seq,T cell,chr12:132554430_A>C,1.723969817,1,2,FBRSL1,intronic
Full-length RNA-seq,T cell,chr12:132759002_C>T,3.909002781,1,2,ANKLE2,intronic
Full-length RNA-seq,T cell,chr12:14791086_A>T,3.055217028,1,2,WBP11,intronic
Full-length RNA-seq,T cell,chr12:14950457_C>T,1.049080729,1,2,ARHGDIB,intronic
Full-length RNA-seq,T cell,chr12:22643847_G>A,1.598329425,1,2,ETNK1,exonic
Full-length RNA-seq,T cell,chr12:31084988_G>C,1.702108383,1,2,DDX11,exonic
Full-length RNA-seq,T cell,chr12:31085044_C>T,2.671999931,1,2,DDX11,exonic
Full-length RNA-seq,T cell,chr12:31984253_C>A,5.276313305,1,2,RESF1,exonic
Full-length RNA-seq,T cell,chr12:44875974_C>T,6.1286726,1,2,NELL2,UTR5
Full-length RNA-seq,T cell,chr12:45922561_C>T,3.233975887,1,2,SCAF11,exonic
Full-length RNA-seq,T cell,chr12:46194423_C>G,2.166438818,1,2,SLC38A1,intronic
Full-length RNA-seq,T cell,chr12:46371083_A>G,3.023951769,1,2,SLC38A2,intronic
Full-length RNA-seq,T cell,chr12:48698150_A>G,2.186346054,1,2,CCNT1,exonic
Full-length RNA-seq,T cell,chr12:49560303_A>G,1.521706104,1,2,MCRS1,exonic
Full-length RNA-seq,T cell,chr12:50167013_A>T,0.880518317,1,2,CERS5,intronic
Full-length RNA-seq,T cell,chr12:52052302_T>A,2.045376778,1,2,NR4A1,intronic
Full-length RNA-seq,T cell,chr12:52054390_T>C,0.607035398,1,2,NR4A1,exonic
Full-length RNA-seq,T cell,chr12:52491141_C>T,1.185089946,1,2,KRT6A,exonic
Full-length RNA-seq,T cell,chr12:54962464_G>T,2.509083748,1,2,TESPA1,exonic
Full-length RNA-seq,T cell,chr12:57105560_C>T,1.480809093,1,2,STAT6,exonic
Full-length RNA-seq,T cell,chr12:57472664_A>G,1.438166499,1,2,ARHGAP9,exonic
Full-length RNA-seq,T cell,chr12:57474689_C>T,1.980826259,1,2,ARHGAP9,exonic
Full-length RNA-seq,T cell,chr12:6592504_A>T,1.278679967,1,2,CHD4,exonic
Full-length RNA-seq,T cell,chr12:68657133_A>C,2.377633095,1,2,RAP1B,exonic
Full-length RNA-seq,T cell,chr12:68871902_C>T,1.924747467,1,2,CPM,exonic
Full-length RNA-seq,T cell,chr12:71755247_T>A,1.748094082,1,2,RAB21,exonic
Full-length RNA-seq,T cell,chr12:76030967_C>T,2.609485149,1,2,PHLDA1,exonic
Full-length RNA-seq,T cell,chr12:7925265_C>T,2.252315283,1,2,SLC2A3,intronic
Full-length RNA-seq,T cell,chr12:88148415_T>A,1.458286524,1,2,TMTC3,exonic
Full-length RNA-seq,T cell,chr12:89616903_G>T,2.881829977,1,2,ATP2B1,exonic
Full-length RNA-seq,T cell,chr12:92128594_C>T,2.216399193,1,2,LINC01619,ncRNA_intronic
Full-length RNA-seq,T cell,chr12:96309014_A>G,3.48172307,1,2,CDK17,intronic
Full-length RNA-seq,T cell,chr12:9673701_T>A,3.165096521,1,2,CLEC2D,intronic
Full-length RNA-seq,T cell,chr12:9685750_G>A,3.270159006,1,2,CLEC2D,intronic
Full-length RNA-seq,T cell,chr12:9690258_T>C,3.182976007,1,2,CLEC2D,intronic
Full-length RNA-seq,T cell,chr12:9694889_C>A,1.467517495,1,2,CLEC2D,UTR3
Full-length RNA-seq,T cell,chr13:114013896_T>C,1.595323324,1,2,RASA3,intronic
Full-length RNA-seq,T cell,chr13:19646588_A>C,1.316848993,1,2,MPHOSPH8,exonic
Full-length RNA-seq,T cell,chr13:41462669_C>A,4.509691238,1,2,RGCC,intronic
Full-length RNA-seq,T cell,chr13:46154643_C>T,2.149146795,1,2,LCP1,intronic
Full-length RNA-seq,T cell,chr13:49956408_C>T,1.815591812,1,2,SPRYD7;DLEU2,intergenic
Full-length RNA-seq,T cell,chr13:50036344_G>T,1.933232546,1,2,DLEU2,ncRNA_intronic
Full-length RNA-seq,T cell,chr13:50068134_A>G,1.616140366,1,2,DLEU2,ncRNA_exonic
Full-length RNA-seq,T cell,chr13:50082116_T>G,2.030450106,1,2,DLEU2,ncRNA_intronic
Full-length RNA-seq,T cell,chr13:50115574_T>G,4.009998798,1,2,DLEU1;DLEU2,ncRNA_intronic
Full-length RNA-seq,T cell,chr13:50929515_G>A,3.399765253,1,2,RNASEH2B,exonic
Full-length RNA-seq,T cell,chr13:75286833_A>T,2.258415699,1,2,TBC1D4,exonic
Full-length RNA-seq,T cell,chr13:77081945_C>G,2.299090385,1,2,MYCBP2,exonic
Full-length RNA-seq,T cell,chr13:77205527_C>T,3.379419804,1,2,MYCBP2,exonic
Full-length RNA-seq,T cell,chr13:98575404_T>C,5.565608025,1,2,STK24,intronic
Full-length RNA-seq,T cell,chr14:101830767_C>A,1.870202899,1,2,PPP2R5C,intronic
Full-length RNA-seq,T cell,chr14:101882468_C>A,1.195183396,1,2,PPP2R5C,intronic
Full-length RNA-seq,T cell,chr14:102049517_G>A,1.691558361,1,2,DYNC1H1,exonic
Full-length RNA-seq,T cell,chr14:102888443_G>A,1.612132311,1,2,TRAF3,intronic
Full-length RNA-seq,T cell,chr14:103697307_G>A,4.585337162,1,2,KLC1,intronic
Full-length RNA-seq,T cell,chr14:103699950_G>A,1.851184011,1,2,KLC1;XRCC3,intronic
Full-length RNA-seq,T cell,chr14:105488333_C>A,0.887402773,1,2,CRIP1,exonic
Full-length RNA-seq,T cell,chr14:22542766_G>A,2.73136735,1,2,LOC105370401;LINC02332,intergenic
Full-length RNA-seq,T cell,chr14:34597582_A>T,1.005237341,1,2,SNX6,exonic
Full-length RNA-seq,T cell,chr14:35748751_T>G,2.728643417,1,2,RALGAPA1,exonic
Full-length RNA-seq,T cell,chr14:36314575_T>G,2.203728199,1,2,MBIP,exonic
Full-length RNA-seq,T cell,chr14:39401858_A>T,3.414914131,1,2,FBXO33,exonic
Full-length RNA-seq,T cell,chr14:49846218_A>T,1.97013247,1,2,NEMF,exonic
Full-length RNA-seq,T cell,chr14:50116148_A>G,3.605825424,1,2,VCPKMT,exonic
Full-length RNA-seq,T cell,chr14:60289907_G>A,1.488198996,1,2,PPM1A,exonic
Full-length RNA-seq,T cell,chr14:61345354_G>A,2.976182699,1,2,PRKCH,intronic
Full-length RNA-seq,T cell,chr14:61462045_A>C,5.559238434,1,2,PRKCH,intronic
Full-length RNA-seq,T cell,chr14:64122129_G>A,1.750757694,1,2,SYNE2,exonic
Full-length RNA-seq,T cell,chr14:73892104_G>C,0.754655182,1,2,ZNF410,UTR5
Full-length RNA-seq,T cell,chr14:74809452_C>A,2.122382641,1,2,YLPM1,exonic
Full-length RNA-seq,T cell,chr14:75258556_C>T,2.207079411,1,2,TMED10;FOS,intergenic
Full-length RNA-seq,T cell,chr14:92071035_T>C,1.791388631,1,2,ATXN3,exonic
Full-length RNA-seq,T cell,chr15:100601826_A>G,1.429550529,1,2,LINS1,intronic
Full-length RNA-seq,T cell,chr15:43135572_G>A,2.890394926,1,2,TMEM62,exonic
Full-length RNA-seq,T cell,chr15:50637441_A>T,1.493463039,1,2,TRPM7,exonic
Full-length RNA-seq,T cell,chr15:55183375_T>G,1.620548844,1,2,RSL24D1,exonic
Full-length RNA-seq,T cell,chr15:60511562_T>G,1.396460414,1,2,RORA,exonic
Full-length RNA-seq,T cell,chr15:60579845_T>G,7.897949219,1,2,RORA-AS1,ncRNA_intronic
Full-length RNA-seq,T cell,chr15:63617281_A>G,1.483531833,1,2,HERC1,intronic
Full-length RNA-seq,T cell,chr15:63636017_C>T,1.971905112,1,2,HERC1,exonic
Full-length RNA-seq,T cell,chr15:63714345_A>T,4.152245522,1,2,HERC1,intronic
Full-length RNA-seq,T cell,chr15:67191897_G>A,1.594752431,1,2,SMAD3,UTR3
Full-length RNA-seq,T cell,chr15:74799282_G>A,1.226486683,1,2,CSK,exonic
Full-length RNA-seq,T cell,chr15:77618629_G>A,1.362452507,1,2,LINGO1,intronic
Full-length RNA-seq,T cell,chr15:84799189_T>C,1.645658016,1,2,ZNF592,exonic
Full-length RNA-seq,T cell,chr15:85533735_G>A,3.252433538,1,2,AKAP13,exonic
Full-length RNA-seq,T cell,chr15:88639365_A>G,2.341465473,1,2,ISG20,UTR5
Full-length RNA-seq,T cell,chr15:90448727_G>A,1.260624766,1,2,IQGAP1,exonic
Full-length RNA-seq,T cell,chr15:92949793_T>A,2.871504784,1,2,CHD2,intronic
Full-length RNA-seq,T cell,chr16:15838058_A>G,1.106912494,1,2,MYH11,exonic
Full-length RNA-seq,T cell,chr16:16052782_A>T,1.847539663,1,2,ABCC1,exonic
Full-length RNA-seq,T cell,chr16:16104159_G>A,3.77140379,1,2,ABCC1,intronic
Full-length RNA-seq,T cell,chr16:1766007_G>A,2.195991516,1,2,MAPK8IP3,exonic
Full-length RNA-seq,T cell,chr16:18892239_A>T,3.119593143,1,2,SMG1,exonic
Full-length RNA-seq,T cell,chr16:22334282_T>C,2.974533319,1,2,POLR3E,UTR3
Full-length RNA-seq,T cell,chr16:23466600_A>G,4.393737316,1,2,GGA2,UTR3
Full-length RNA-seq,T cell,chr16:23486770_C>G,2.028383017,1,2,GGA2,exonic
Full-length RNA-seq,T cell,chr16:27450034_G>A,1.516181588,1,2,IL21R-AS1,ncRNA_intronic
Full-length RNA-seq,T cell,chr16:27537831_G>T,1.560114145,1,2,GTF3C1,exonic
Full-length RNA-seq,T cell,chr16:2766269_G>C,0.863736451,1,2,SRRM2,exonic
Full-length RNA-seq,T cell,chr16:29566169_A>T,1.924478769,1,2,SMG1P2,ncRNA_exonic
Full-length RNA-seq,T cell,chr16:30473076_T>A,2.165356398,1,2,ITGAL,intronic
Full-length RNA-seq,T cell,chr16:30473103_G>A,3.427418709,1,2,ITGAL,intronic
Full-length RNA-seq,T cell,chr16:30522098_A>C,2.097787857,1,2,ITGAL,UTR3
Full-length RNA-seq,T cell,chr16:30711020_T>C,3.459976673,1,2,SRCAP,exonic
Full-length RNA-seq,T cell,chr16:30763182_G>A,1.252957225,1,2,RNF40,exonic
Full-length RNA-seq,T cell,chr16:30966299_G>A,3.699655533,1,2,SETD1A,exonic
Full-length RNA-seq,T cell,chr16:30966304_G>A,2.746421337,1,2,SETD1A,exonic
Full-length RNA-seq,T cell,chr16:3577168_C>T,3.601694345,1,2,NLRC3,UTR5
Full-length RNA-seq,T cell,chr16:3731873_C>T,1.366126299,1,2,CREBBP,exonic
Full-length RNA-seq,T cell,chr16:4395334_C>T,0.880391657,1,2,CORO7;CORO7-PAM16,exonic
Full-length RNA-seq,T cell,chr16:4804543_C>T,1.592740774,1,2,GLYR1,UTR3
Full-length RNA-seq,T cell,chr16:67193093_G>A,1.758578897,1,2,E2F4,exonic
Full-length RNA-seq,T cell,chr16:67876924_G>A,3.4015736580000002,1,2,EDC4,exonic
Full-length RNA-seq,T cell,chr16:68085690_T>A,1.610251069,1,2,NFATC3,exonic
Full-length RNA-seq,T cell,chr16:69686849_T>C,3.519628763,1,2,NFAT5,intronic
Full-length RNA-seq,T cell,chr16:70783464_C>T,0.806263804,1,2,VAC14,exonic
Full-length RNA-seq,T cell,chr16:81664534_G>A,2.430507898,1,2,CMIP,intronic
Full-length RNA-seq,T cell,chr16:81701697_A>G,1.808939695,1,2,CMIP,exonic
Full-length RNA-seq,T cell,chr16:87831695_C>T,1.299882889,1,2,SLC7A5,UTR3
Full-length RNA-seq,T cell,chr16:88609026_A>C,3.110521078,1,2,ZC3H18,exonic
Full-length RNA-seq,T cell,chr16:88645967_G>T,3.363441467,1,2,CYBA,intronic
Full-length RNA-seq,T cell,chr16:88699623_G>T,1.061701298,1,2,RNF166,exonic
Full-length RNA-seq,T cell,chr16:89283332_A>G,1.14093852,1,2,ANKRD11,exonic
Full-length RNA-seq,T cell,chr16:89302786_A>G,4.281733513,1,2,ANKRD11,intronic
Full-length RNA-seq,T cell,chr16:89397501_C>T,2.854103327,1,2,ANKRD11,intronic
Full-length RNA-seq,T cell,chr16:89541006_G>A,2.267780542,1,2,SPG7,intronic
Full-length RNA-seq,T cell,chr16:89973258_G>A,3.653512239,1,2,AFG3L1P,ncRNA_intronic
Full-length RNA-seq,T cell,chr17:15999316_A>T,1.435212016,1,2,ZSWIM7,intronic
Full-length RNA-seq,T cell,chr17:1673477_A>G,1.3254987,1,2,PRPF8,exonic
Full-length RNA-seq,T cell,chr17:18209581_G>A,0.948952377,1,2,ALKBH5,UTR3
Full-length RNA-seq,T cell,chr17:29482242_T>C,3.042712927,1,2,TAOK1,exonic
Full-length RNA-seq,T cell,chr17:32021677_T>C,1.547973394,1,2,LRRC37B,exonic
Full-length RNA-seq,T cell,chr17:32350660_T>A,1.777636528,1,2,ZNF207,intronic
Full-length RNA-seq,T cell,chr17:35522777_A>G,1.887431026,1,2,SLFN12L,UTR5
Full-length RNA-seq,T cell,chr17:35846928_C>A,1.010711432,1,2,TAF15,exonic
Full-length RNA-seq,T cell,chr17:35878538_G>T,3.24901104,1,2,CCL5,exonic
Full-length RNA-seq,T cell,chr17:36089433_A>T,1.61638701,1,2,CCL3,intronic
Full-length RNA-seq,T cell,chr17:39200611_G>C,3.738859892,1,2,RPL19,UTR5
Full-length RNA-seq,T cell,chr17:3941458_C>T,0.466429383,1,2,ATP2A3,exonic
Full-length RNA-seq,T cell,chr17:40349797_G>A,1.429259062,1,2,RARA,exonic
Full-length RNA-seq,T cell,chr17:40552324_C>T,1.123744845,1,2,TNS4;CCR7,intergenic
Full-length RNA-seq,T cell,chr17:4087448_A>G,1.768882275,1,2,ZZEF1,exonic
Full-length RNA-seq,T cell,chr17:42200509_A>T,1.924976826,1,2,STAT5B,UTR3
Full-length RNA-seq,T cell,chr17:42289269_G>C,2.4178617,1,2,STAT5A,intronic
Full-length RNA-seq,T cell,chr17:42304338_G>A,1.556261063,1,2,STAT5A,intronic
Full-length RNA-seq,T cell,chr17:42304624_G>A,1.719581842,1,2,STAT5A,exonic
Full-length RNA-seq,T cell,chr17:42306327_G>C,1.117463946,1,2,STAT5A,exonic
Full-length RNA-seq,T cell,chr17:42956505_C>G,1.294577599,1,2,AARSD1;PTGES3L-AARSD1,exonic
Full-length RNA-seq,T cell,chr17:44093324_C>G,0.797996759,1,2,HDAC5,exonic
Full-length RNA-seq,T cell,chr17:45148751_G>A,2.645433187,1,2,HEXIM1,UTR5
Full-length RNA-seq,T cell,chr17:45230651_T>C,2.339698076,1,2,FMNL1,exonic
Full-length RNA-seq,T cell,chr17:45245295_G>A,1.453553319,1,2,FMNL1,exonic
Full-length RNA-seq,T cell,chr17:45264498_C>T,1.679014087,1,2,MAP3K14-AS1,ncRNA_intronic
Full-length RNA-seq,T cell,chr17:46162874_C>G,5.100736618,1,2,KANSL1,intronic
Full-length RNA-seq,T cell,chr17:46163361_C>T,2.506934643,1,2,KANSL1,intronic
Full-length RNA-seq,T cell,chr17:47819736_C>T,1.95751667,1,2,OSBPL7,exonic
Full-length RNA-seq,T cell,chr17:47981256_G>A,2.465076923,1,2,CDK5RAP3,exonic
Full-length RNA-seq,T cell,chr17:48187881_A>T,3.724829674,1,2,SKAP1,exonic
Full-length RNA-seq,T cell,chr17:5282375_T>G,0.607983708,1,2,RABEP1,UTR5
Full-length RNA-seq,T cell,chr17:5559103_C>T,1.827694774,1,2,NLRP1,exonic
Full-length RNA-seq,T cell,chr17:56832984_A>T,5.834671497,1,2,C17orf67,UTR5
Full-length RNA-seq,T cell,chr17:58331513_C>G,4.042107582,1,2,TSPOAP1-AS1,ncRNA_intronic
Full-length RNA-seq,T cell,chr17:58332095_G>C,4.65672493,1,2,TSPOAP1-AS1,ncRNA_intronic
Full-length RNA-seq,T cell,chr17:58332097_C>T,3.585435867,1,2,TSPOAP1-AS1,ncRNA_intronic
Full-length RNA-seq,T cell,chr17:58345024_G>C,3.24252677,1,2,TSPOAP1-AS1,ncRNA_intronic
Full-length RNA-seq,T cell,chr17:63697339_G>T,2.3963503839999998,1,2,LIMD2,UTR3
Full-length RNA-seq,T cell,chr17:64501448_C>G,1.175029039,1,2,DDX5,intronic
Full-length RNA-seq,T cell,chr17:7343063_G>C,2.653860807,1,2,ACAP1,intronic
Full-length RNA-seq,T cell,chr17:74749039_G>A,1.630733013,1,2,SLC9A3R1,exonic
Full-length RNA-seq,T cell,chr17:7497825_C>T,2.61251688,1,2,POLR2A,exonic
Full-length RNA-seq,T cell,chr17:78117276_A>T,2.392077446,1,2,TMC6,exonic
Full-length RNA-seq,T cell,chr17:78141256_C>G,1.068316221,1,2,TMC8,UTR3
Full-length RNA-seq,T cell,chr17:7853248_T>C,0.747013688,1,2,KDM6B,exonic
Full-length RNA-seq,T cell,chr17:78687288_C>T,1.80000627,1,2,CYTH1,intronic
Full-length RNA-seq,T cell,chr17:78775809_A>G,1.5736439230000001,1,2,CYTH1,intronic
Full-length RNA-seq,T cell,chr17:78803915_T>C,1.319704175,1,2,USP36,exonic
Full-length RNA-seq,T cell,chr17:7900342_G>C,2.090064764,1,2,CHD3,exonic
Full-length RNA-seq,T cell,chr17:80361768_G>A,1.460939765,1,2,RNF213,exonic
Full-length RNA-seq,T cell,chr17:80378109_T>A,1.507666349,1,2,RNF213-AS1,ncRNA_intronic
Full-length RNA-seq,T cell,chr17:81294866_A>T,4.670957088,1,2,SLC38A10,exonic
Full-length RNA-seq,T cell,chr17:82316858_A>C,1.530641079,1,2,CD7,exonic
Full-length RNA-seq,T cell,chr18:11851481_C>A,1.068319798,1,2,CHMP1B,UTR5
Full-length RNA-seq,T cell,chr18:13488348_G>C,1.541070104,1,2,LDLRAD4,intronic
Full-length RNA-seq,T cell,chr18:2655950_G>A,2.366224527,1,2,SMCHD1,UTR5
Full-length RNA-seq,T cell,chr18:2668296_C>T,2.914730072,1,2,SMCHD1,intronic
Full-length RNA-seq,T cell,chr18:2738343_T>C,3.472324848,1,2,SMCHD1,intronic
Full-length RNA-seq,T cell,chr18:35140345_G>A,1.448723435,1,2,MAPRE2,exonic
Full-length RNA-seq,T cell,chr18:45954623_A>T,2.20562005,1,2,EPG5,exonic
Full-length RNA-seq,T cell,chr18:63198991_C>A,2.280782223,1,2,BCL2,intronic
Full-length RNA-seq,T cell,chr18:63259424_C>T,1.955108762,1,2,BCL2,intronic
Full-length RNA-seq,T cell,chr18:63299473_C>T,2.948265314,1,2,BCL2,intronic
Full-length RNA-seq,T cell,chr18:77095550_T>G,2.747942924,1,2,MBP,intronic
Full-length RNA-seq,T cell,chr18:77104546_G>C,2.225106239,1,2,MBP,intronic
Full-length RNA-seq,T cell,chr18:9201075_G>A,3.301660538,1,2,ANKRD12,intronic
Full-length RNA-seq,T cell,chr18:9267870_A>G,5.026554585,1,2,ANKRD12,intronic
Full-length RNA-seq,T cell,chr19:1011099_G>T,1.412228703,1,2,TMEM259,exonic
Full-length RNA-seq,T cell,chr19:1035217_C>G,4.364651203,1,2,CNN2,intronic
Full-length RNA-seq,T cell,chr19:10653176_C>G,2.269346952,1,2,ILF3-DT,ncRNA_exonic
Full-length RNA-seq,T cell,chr19:1067644_G>A,2.220237017,1,2,ARHGAP45,exonic
Full-length RNA-seq,T cell,chr19:10927693_C>T,1.64609015,1,2,YIPF2,exonic
Full-length RNA-seq,T cell,chr19:12734079_A>T,3.023925066,1,2,TRIR,intronic
Full-length RNA-seq,T cell,chr19:12891965_C>A,5.135259151,1,2,GCDH,exonic
Full-length RNA-seq,T cell,chr19:14381959_T>A,1.115114927,1,2,ADGRE5,intronic
Full-length RNA-seq,T cell,chr19:14396361_G>A,2.313174486,1,2,ADGRE5,exonic
Full-length RNA-seq,T cell,chr19:14397680_G>A,1.345165968,1,2,ADGRE5,exonic
Full-length RNA-seq,T cell,chr19:14404440_G>A,1.77862215,1,2,ADGRE5,exonic
Full-length RNA-seq,T cell,chr19:14406873_A>T,2.053566933,1,2,ADGRE5,exonic
Full-length RNA-seq,T cell,chr19:15400959_C>T,0.84015888,1,2,AKAP8L,exonic
Full-length RNA-seq,T cell,chr19:17832610_G>T,1.874774575,1,2,JAK3,exonic
Full-length RNA-seq,T cell,chr19:18006404_C>G,1.896881104,1,2,ARRDC2,intronic
Full-length RNA-seq,T cell,chr19:18281360_C>T,0.851828337,1,2,JUND,exonic
Full-length RNA-seq,T cell,chr19:1980188_G>A,1.505000472,1,2,CSNK1G2,exonic
Full-length RNA-seq,T cell,chr19:1980193_G>A,0.573992491,1,2,CSNK1G2,exonic
Full-length RNA-seq,T cell,chr19:3148769_G>C,2.660669565,1,2,GNA15,exonic
Full-length RNA-seq,T cell,chr19:3525920_C>A,1.072015166,1,2,FZR1,exonic
Full-length RNA-seq,T cell,chr19:35723144_G>A,2.885733604,1,2,KMT2B,exonic
Full-length RNA-seq,T cell,chr19:38880827_A>T,1.877884388,1,2,SIRT2,exonic
Full-length RNA-seq,T cell,chr19:39435511_C>G,1.463312268,1,2,RPS16,intronic
Full-length RNA-seq,T cell,chr19:39471694_C>T,1.923855186,1,2,SUPT5H,exonic
Full-length RNA-seq,T cell,chr19:40757443_T>A,1.299803734,1,2,SNRPA,exonic
Full-length RNA-seq,T cell,chr19:41883743_A>G,2.67536211,1,2,ARHGEF1,intronic
Full-length RNA-seq,T cell,chr19:41892670_C>A,1.672533989,1,2,ARHGEF1,exonic
Full-length RNA-seq,T cell,chr19:41904320_G>A,1.474426985,1,2,ARHGEF1,exonic
Full-length RNA-seq,T cell,chr19:41905794_G>A,2.538975716,1,2,ARHGEF1,exonic
Full-length RNA-seq,T cell,chr19:45012251_C>A,1.918116093,1,2,RELB,exonic
Full-length RNA-seq,T cell,chr19:49490841_G>A,1.602482319,1,2,RPL13A,exonic
Full-length RNA-seq,T cell,chr19:49819348_A>C,1.996761918,1,2,MED25,intronic
Full-length RNA-seq,T cell,chr19:55670501_G>C,0.685628772,1,2,U2AF2,intronic
Full-length RNA-seq,T cell,chr19:55678829_G>A,0.875783384,1,2,EPN1,exonic
Full-length RNA-seq,T cell,chr19:55685513_G>A,1.019297242,1,2,EPN1,exonic
Full-length RNA-seq,T cell,chr19:5654139_G>C,2.324486017,1,2,SAFB,exonic
Full-length RNA-seq,T cell,chr19:5924873_G>T,2.993009329,1,2,RANBP3,exonic
Full-length RNA-seq,T cell,chr19:6418486_C>T,2.386269093,1,2,KHSRP,exonic
Full-length RNA-seq,T cell,chr1:10665355_C>T,1.221729517,1,2,CASZ1,exonic
Full-length RNA-seq,T cell,chr1:11022282_T>C,2.657997847,1,2,TARDBP,exonic
Full-length RNA-seq,T cell,chr1:110673856_A>G,1.745356679,1,2,KCNA3,exonic
Full-length RNA-seq,T cell,chr1:110899236_G>A,1.882217646,1,2,CD53,UTR3
Full-length RNA-seq,T cell,chr1:110908789_G>C,2.402891159,1,2,CD53;LRIF1,intergenic
Full-length RNA-seq,T cell,chr1:111681870_G>C,2.045004368,1,2,RAP1A,intronic
Full-length RNA-seq,T cell,chr1:11248059_C>T,3.628828764,1,2,MTOR,exonic
Full-length RNA-seq,T cell,chr1:116760893_T>C,2.45906806,1,2,CD2,intronic
Full-length RNA-seq,T cell,chr1:117405613_T>C,2.816740751,1,2,MAN1A2,exonic
Full-length RNA-seq,T cell,chr1:117405614_T>A,1.532798409,1,2,MAN1A2,exonic
Full-length RNA-seq,T cell,chr1:1213564_T>G,0.845680892,1,2,TNFRSF4,intronic
Full-length RNA-seq,T cell,chr1:13775797_G>A,2.487565517,1,2,PRDM2,intronic
Full-length RNA-seq,T cell,chr1:154343485_T>A,2.377695322,1,2,ATP8B2,exonic
Full-length RNA-seq,T cell,chr1:154590191_G>T,0.803936243,1,2,ADAR,exonic
Full-length RNA-seq,T cell,chr1:154943147_T>C,2.025339365,1,2,PMVK;PBXIP1,upstream;downstream
Full-length RNA-seq,T cell,chr1:154954981_T>G,4.223347664,1,2,PBXIP1,intronic
Full-length RNA-seq,T cell,chr1:156136058_T>G,1.623146534,1,2,LMNA,exonic
Full-length RNA-seq,T cell,chr1:158938459_A>C,3.212527752,1,2,PYHIN1,exonic
Full-length RNA-seq,T cell,chr1:159018316_A>G,1.544230819,1,2,IFI16,exonic
Full-length RNA-seq,T cell,chr1:161048548_C>T,3.08362174,1,2,ARHGAP30,exonic
Full-length RNA-seq,T cell,chr1:161069613_C>T,2.625863075,1,2,ARHGAP30,exonic
Full-length RNA-seq,T cell,chr1:16644115_C>T,4.900493622,1,2,CROCCP2;MST1P2,intergenic
Full-length RNA-seq,T cell,chr1:1703554_A>T,2.045306683,1,2,CDK11A,exonic
Full-length RNA-seq,T cell,chr1:1722629_G>A,1.466952324,1,2,CDK11A,intronic
Full-length RNA-seq,T cell,chr1:173992847_G>T,0.879680932,1,2,RC3H1,exonic
Full-length RNA-seq,T cell,chr1:192578734_G>A,1.85078609,1,2,RGS1,intronic
Full-length RNA-seq,T cell,chr1:198664328_G>A,3.710008621,1,2,PTPRC,intronic
Full-length RNA-seq,T cell,chr1:198693463_G>A,1.508372664,1,2,PTPRC,intronic
Full-length RNA-seq,T cell,chr1:198729155_G>A,2.788937807,1,2,PTPRC,exonic
Full-length RNA-seq,T cell,chr1:198735676_G>A,4.567935467,1,2,PTPRC,intronic
Full-length RNA-seq,T cell,chr1:204549483_A>C,3.020530462,1,2,MDM4,exonic
Full-length RNA-seq,T cell,chr1:212342243_T>C,2.156852722,1,2,PPP2R5A,exonic
Full-length RNA-seq,T cell,chr1:220253915_A>C,1.45338738,1,2,RAB3GAP2,intronic
Full-length RNA-seq,T cell,chr1:222644708_A>C,2.808853865,1,2,MIA3,intronic
Full-length RNA-seq,T cell,chr1:225423959_C>T,1.412523031,1,2,LBR,exonic
Full-length RNA-seq,T cell,chr1:2257190_C>T,1.271544814,1,2,SKI,intronic
Full-length RNA-seq,T cell,chr1:226690149_G>T,2.974026203,1,2,ITPKB,intronic
Full-length RNA-seq,T cell,chr1:226720077_C>T,2.886449099,1,2,ITPKB,intronic
Full-length RNA-seq,T cell,chr1:2281178_G>A,1.5869627,1,2,SKI,intronic
Full-length RNA-seq,T cell,chr1:235866031_A>G,3.123447895,1,2,LYST,intronic
Full-length RNA-seq,T cell,chr1:244851594_A>G,3.684386253,1,2,HNRNPU,UTR3
Full-length RNA-seq,T cell,chr1:24920649_A>T,3.210247755,1,2,RUNX3,intronic
Full-length RNA-seq,T cell,chr1:26897414_C>T,2.982624531,1,2,GPATCH3,exonic
Full-length RNA-seq,T cell,chr1:27322477_G>A,1.884810567,1,2,TMEM222,intronic
Full-length RNA-seq,T cell,chr1:29160457_A>G,1.181815028,1,2,SRSF4,exonic
Full-length RNA-seq,T cell,chr1:32031576_T>A,2.606706142,1,2,KHDRBS1,exonic
Full-length RNA-seq,T cell,chr1:32274813_T>A,2.035071135,1,2,LCK,exonic
Full-length RNA-seq,T cell,chr1:35507116_G>T,1.03525269,1,2,KIAA0319L,exonic
Full-length RNA-seq,T cell,chr1:36171624_T>A,0.96611320999999994,1,2,MAP7D1,intronic
Full-length RNA-seq,T cell,chr1:39357868_A>C,1.152032256,1,2,MACF1,exonic
Full-length RNA-seq,T cell,chr1:40374624_T>A,4.457170486,1,2,SMAP2,intronic
Full-length RNA-seq,T cell,chr1:40383269_G>A,2.921513796,1,2,SMAP2,intronic
Full-length RNA-seq,T cell,chr1:40418334_T>A,2.653600454,1,2,SMAP2,intronic
Full-length RNA-seq,T cell,chr1:42958641_C>T,1.75733614,1,2,SLC2A1,exonic
Full-length RNA-seq,T cell,chr1:44776061_G>A,1.920603633,1,2,RPS8,exonic
Full-length RNA-seq,T cell,chr1:45521093_C>T,1.102635026,1,2,PRDX1,intronic
Full-length RNA-seq,T cell,chr1:52354875_C>G,3.776232481,1,2,CC2D1B,exonic
Full-length RNA-seq,T cell,chr1:58781663_G>C,1.025141835,1,2,JUN,UTR3
Full-length RNA-seq,T cell,chr1:6091045_C>T,2.076165676,1,2,KCNAB2,intronic
Full-length RNA-seq,T cell,chr1:64838492_C>T,1.24188149,1,2,JAK1,exonic
Full-length RNA-seq,T cell,chr1:64850185_T>C,0.773492396,1,2,JAK1,intronic
Full-length RNA-seq,T cell,chr1:67415176_C>T,1.122769117,1,2,SERBP1,exonic
Full-length RNA-seq,T cell,chr1:89122839_A>G,1.808592081,1,2,GBP2,intronic
Full-length RNA-seq,T cell,chr1:89272312_C>T,2.258950472,1,2,GBP5,intronic
Full-length RNA-seq,T cell,chr1:9717595_G>A,1.394484758,1,2,PIK3CD,exonic
Full-length RNA-seq,T cell,chr1:9773356_C>T,1.920515776,1,2,CLSTN1,exonic
Full-length RNA-seq,T cell,chr20:24959724_T>A,1.115602374,1,2,CST7,UTR3
Full-length RNA-seq,T cell,chr20:25218551_T>A,0.631968856,1,2,ENTPD6,exonic
Full-length RNA-seq,T cell,chr20:31723221_C>G,1.446072102,1,2,ABALON,ncRNA_exonic
Full-length RNA-seq,T cell,chr20:35004890_G>C,1.764385223,1,2,TRPC4AP,intronic
Full-length RNA-seq,T cell,chr20:35006548_C>T,2.097125769,1,2,TRPC4AP,exonic
Full-length RNA-seq,T cell,chr20:41174654_A>C,1.163066745,1,2,PLCG1,UTR3
Full-length RNA-seq,T cell,chr20:44905162_T>C,1.965572357,1,2,YWHAB,intronic
Full-length RNA-seq,T cell,chr20:44995116_G>A,2.510235548,1,2,STK4,exonic
Full-length RNA-seq,T cell,chr20:45032588_C>T,2.056010962,1,2,STK4,intronic
Full-length RNA-seq,T cell,chr20:45939018_G>A,1.346696258,1,2,PCIF1,exonic
Full-length RNA-seq,T cell,chr20:47647249_C>A,0.667188227,1,2,NCOA3,exonic
Full-length RNA-seq,T cell,chr20:47651122_A>G,1.444532752,1,2,NCOA3,exonic
Full-length RNA-seq,T cell,chr20:48644479_T>C,1.579524398,1,2,PREX1,exonic
Full-length RNA-seq,T cell,chr20:48976067_T>C,5.294554234,1,2,ARFGEF2,exonic
Full-length RNA-seq,T cell,chr20:49656102_C>T,1.635820627,1,2,B4GALT5,intronic
Full-length RNA-seq,T cell,chr20:50892699_G>T,1.114052415,1,2,ADNP,exonic
Full-length RNA-seq,T cell,chr20:5942521_C>G,2.105795383,1,2,TRMT6,exonic
Full-length RNA-seq,T cell,chr20:62260056_C>A,1.424498677,1,2,OSBPL2,exonic
Full-length RNA-seq,T cell,chr20:62307738_G>A,4.234501362,1,2,ADRM1,exonic
Full-length RNA-seq,T cell,chr20:63202691_C>T,2.39742589,1,2,YTHDF1,exonic
Full-length RNA-seq,T cell,chr21:14493881_G>T,2.997395039,1,2,SAMSN1,intronic
Full-length RNA-seq,T cell,chr21:14513978_C>T,0.67863667,1,2,SAMSN1,intronic
Full-length RNA-seq,T cell,chr21:29067657_C>G,1.729240894,1,2,CCT8,exonic
Full-length RNA-seq,T cell,chr21:8254322_A>C,1.104387879,1,2,RNA28SN5,ncRNA_intronic
Full-length RNA-seq,T cell,chr22:17612834_C>G,2.246089935,1,2,ATP6V1E1,exonic
Full-length RNA-seq,T cell,chr22:20576956_G>A,1.297591209,1,2,MED15,intronic
Full-length RNA-seq,T cell,chr22:23695267_G>T,2.030181408,1,2,GUSBP11,ncRNA_exonic
Full-length RNA-seq,T cell,chr22:26665563_A>C,1.965326667,1,2,MIAT,ncRNA_exonic
Full-length RNA-seq,T cell,chr22:29816054_C>T,2.552221298,1,2,ASCC2,exonic
Full-length RNA-seq,T cell,chr22:29971312_T>A,2.796791315,1,2,MTMR3,intronic
Full-length RNA-seq,T cell,chr22:31617037_G>A,1.296072483,1,2,SFI1,exonic
Full-length RNA-seq,T cell,chr22:35659440_G>A,3.709245682,1,2,APOL6,exonic
Full-length RNA-seq,T cell,chr22:36305548_C>T,1.365679979,1,2,MYH9,intronic
Full-length RNA-seq,T cell,chr22:36323022_T>G,4.432064533,1,2,MYH9,intronic
Full-length RNA-seq,T cell,chr22:36385196_T>G,1.881319046,1,2,MYH9,intronic
Full-length RNA-seq,T cell,chr22:37631097_C>A,1.147088885,1,2,GGA1,exonic
Full-length RNA-seq,T cell,chr22:38697392_C>T,4.478471279,1,2,JOSD1,intronic
Full-length RNA-seq,T cell,chr22:38866327_G>T,1.848893166,1,2,CBX6,exonic
Full-length RNA-seq,T cell,chr22:42516842_T>C,1.998041153,1,2,RRP7A,intronic
Full-length RNA-seq,T cell,chr22:45322151_G>A,2.519016266,1,2,FAM118A,UTR5
Full-length RNA-seq,T cell,chr22:50530013_G>C,0.949903131,1,2,TYMP,UTR5
Full-length RNA-seq,T cell,chr22:50581505_C>T,0.973134339,1,2,CHKB,exonic
Full-length RNA-seq,T cell,chr2:101253251_T>A,4.988065243,1,2,CNOT11,exonic
Full-length RNA-seq,T cell,chr2:106164751_T>G,2.414216757,1,2,UXS1,exonic
Full-length RNA-seq,T cell,chr2:121606036_G>A,0.881731629,1,2,CLASP1,UTR5
Full-length RNA-seq,T cell,chr2:136114871_A>T,1.782014489,1,2,CXCR4,exonic
Full-length RNA-seq,T cell,chr2:136114876_G>T,2.183939457,1,2,CXCR4,exonic
Full-length RNA-seq,T cell,chr2:136116635_A>G,3.368581533,1,2,CXCR4,exonic
Full-length RNA-seq,T cell,chr2:143255849_G>A,3.20806098,1,2,ARHGAP15,intronic
Full-length RNA-seq,T cell,chr2:157399469_A>T,2.018277884,1,2,FAM133DP;CYTIP,intergenic
Full-length RNA-seq,T cell,chr2:157401000_A>T,1.848366022,1,2,FAM133DP;CYTIP,intergenic
Full-length RNA-seq,T cell,chr2:157402148_A>G,1.764362216,1,2,FAM133DP;CYTIP,intergenic
Full-length RNA-seq,T cell,chr2:157407182_C>T,2.027006865,1,2,FAM133DP;CYTIP,intergenic
Full-length RNA-seq,T cell,chr2:157430474_A>T,0.989894331,1,2,CYTIP,intronic
Full-length RNA-seq,T cell,chr2:161167950_G>C,1.720697045,1,2,TANK,intronic
Full-length RNA-seq,T cell,chr2:161179941_T>C,8.054844856,1,2,TANK,intronic
Full-length RNA-seq,T cell,chr2:174585549_G>T,1.676106334,1,2,WIPF1,exonic
Full-length RNA-seq,T cell,chr2:175093156_C>T,4.892490387,1,2,ATF2,exonic
Full-length RNA-seq,T cell,chr2:178610362_T>G,1.623876452,1,2,TTN,exonic
Full-length RNA-seq,T cell,chr2:178711224_C>T,4.084844589,1,2,TTN,exonic
Full-length RNA-seq,T cell,chr2:178776760_T>G,4.085075855,1,2,TTN,exonic
Full-length RNA-seq,T cell,chr2:178792144_A>T,2.513932943,1,2,TTN,exonic
Full-length RNA-seq,T cell,chr2:178845670_G>T,3.777630568,1,2,CCDC141,exonic
Full-length RNA-seq,T cell,chr2:191030975_A>T,1.622228622,1,2,STAT4,exonic
Full-length RNA-seq,T cell,chr2:197291955_A>T,3.813241243,1,2,ANKRD44-IT1,ncRNA_intronic
Full-length RNA-seq,T cell,chr2:197485889_A>T,1.115258455,1,2,HSPD1;SNORA105A;SNORA105B,downstream
Full-length RNA-seq,T cell,chr2:200862573_C>T,0.856543601,1,2,CLK1,intronic
Full-length RNA-seq,T cell,chr2:201266746_A>C,3.129959822,1,2,CASP8,exonic
Full-length RNA-seq,T cell,chr2:201276936_T>A,2.266084433,1,2,CASP8,exonic
Full-length RNA-seq,T cell,chr2:201276977_G>A,2.157373667,1,2,CASP8,intronic
Full-length RNA-seq,T cell,chr2:201286509_A>G,0.689905763,1,2,CASP8,exonic
Full-length RNA-seq,T cell,chr2:202266802_G>C,1.021038532,1,2,NOP58,intronic
Full-length RNA-seq,T cell,chr2:202298666_A>C,1.859209418,1,2,NOP58,intronic
Full-length RNA-seq,T cell,chr2:203868234_G>A,4.646713734,1,2,CTLA4,intronic
Full-length RNA-seq,T cell,chr2:203869902_G>A,2.368784904,1,2,CTLA4,intronic
Full-length RNA-seq,T cell,chr2:203945550_G>A,2.161005974,1,2,ICOS,intronic
Full-length RNA-seq,T cell,chr2:203959909_T>C,2.702788353,1,2,ICOS,UTR3
Full-length RNA-seq,T cell,chr2:207530295_G>A,1.375552893,1,2,CREB1,intronic
Full-length RNA-seq,T cell,chr2:216501428_T>G,3.205484867,1,2,RPL37A,UTR3
Full-length RNA-seq,T cell,chr2:219232299_A>C,1.318869233,1,2,ANKZF1,exonic
Full-length RNA-seq,T cell,chr2:224856911_C>T,1.99030292,1,2,DOCK10,exonic
Full-length RNA-seq,T cell,chr2:224874339_T>G,1.826021671,1,2,DOCK10,exonic
Full-length RNA-seq,T cell,chr2:229767592_C>T,0.785321414,1,2,TRIP12,exonic
Full-length RNA-seq,T cell,chr2:28414341_A>C,2.131194592,1,2,FOSL2,UTR3
Full-length RNA-seq,T cell,chr2:30234768_T>A,1.219310164,1,2,LBH,intronic
Full-length RNA-seq,T cell,chr2:32358279_G>A,2.301799536,1,2,BIRC6,intronic
Full-length RNA-seq,T cell,chr2:32439512_G>A,2.532116413,1,2,BIRC6,exonic
Full-length RNA-seq,T cell,chr2:37126349_T>G,0.759145081,1,2,EIF2AK2,exonic
Full-length RNA-seq,T cell,chr2:38583413_C>G,2.572413206,1,2,HNRNPLL,intronic
Full-length RNA-seq,T cell,chr2:38750018_C>T,1.965521574,1,2,SRSF7,exonic
Full-length RNA-seq,T cell,chr2:39111739_C>T,1.619903445,1,2,SOS1,intronic
Full-length RNA-seq,T cell,chr2:42245575_G>A,0.8956756,1,2,EML4,exonic
Full-length RNA-seq,T cell,chr2:42261148_A>G,1.434485197,1,2,EML4,exonic
Full-length RNA-seq,T cell,chr2:42326171_T>A,3.502250195,1,2,EML4,exonic
Full-length RNA-seq,T cell,chr2:46996130_T>A,1.68957448,1,2,TTC7A,intronic
Full-length RNA-seq,T cell,chr2:47843732_C>T,2.844877243,1,2,FBXO11,intronic
Full-length RNA-seq,T cell,chr2:55235501_T>C,2.459495306,1,2,RPS27A,exonic
Full-length RNA-seq,T cell,chr2:60922583_G>A,1.748774409,1,2,REL,UTR3
Full-length RNA-seq,T cell,chr2:60924694_T>A,1.925441265,1,2,REL,UTR3
Full-length RNA-seq,T cell,chr2:60926155_G>T,2.577584982,1,2,REL,UTR3
Full-length RNA-seq,T cell,chr2:61538200_A>T,1.206531286,1,2,XPO1,UTR5
Full-length RNA-seq,T cell,chr2:62222404_G>C,0.675457358,1,2,B3GNT2,exonic
Full-length RNA-seq,T cell,chr2:85698633_C>G,4.077355862,1,2,GNLY,UTR3
Full-length RNA-seq,T cell,chr2:86100038_A>T,2.880529404,1,2,POLR1A,exonic
Full-length RNA-seq,T cell,chr2:86489618_G>A,0.973167419,1,2,KDM3A,exonic
Full-length RNA-seq,T cell,chr2:87463141_T>A,1.058662176,1,2,CYTOR,ncRNA_intronic
Full-length RNA-seq,T cell,chr2:88055217_A>T,4.416908264,1,2,KRCC1,intronic
Full-length RNA-seq,T cell,chr2:95853810_A>T,5.104275703,1,2,ANKRD36C,exonic
Full-length RNA-seq,T cell,chr2:96134040_A>T,2.463034868,1,2,ASTL,exonic
Full-length RNA-seq,T cell,chr2:96208012_A>T,1.331326604,1,2,STARD7,intronic
Full-length RNA-seq,T cell,chr2:96281827_C>T,1.556835294,1,2,SNRNP200,exonic
Full-length RNA-seq,T cell,chr2:96284156_G>A,2.230870724,1,2,SNRNP200,intronic
Full-length RNA-seq,T cell,chr2:99170638_C>T,2.471966505,1,2,MITD1,exonic
Full-length RNA-seq,T cell,chr3:100162388_G>A,0.76670289,1,2,CMSS1,exonic
Full-length RNA-seq,T cell,chr3:10142181_T>A,0.939198792,1,2,VHL,exonic
Full-length RNA-seq,T cell,chr3:101859347_T>A,2.648309708,1,2,NFKBIZ,exonic
Full-length RNA-seq,T cell,chr3:10260489_T>A,1.85643363,1,2,TATDN2,exonic
Full-length RNA-seq,T cell,chr3:105790584_T>G,2.196667433,1,2,CBLB,intronic
Full-length RNA-seq,T cell,chr3:108847831_A>T,1.869028091,1,2,TRAT1,intronic
Full-length RNA-seq,T cell,chr3:113532761_T>A,7.388950825,1,2,SIDT1,UTR5
Full-length RNA-seq,T cell,chr3:120395010_C>T,0.972589552,1,2,FSTL1,UTR3
Full-length RNA-seq,T cell,chr3:122610609_G>A,2.86875701,1,2,PARP15,exonic
Full-length RNA-seq,T cell,chr3:12587352_A>T,1.656469107,1,2,RAF1,intronic
Full-length RNA-seq,T cell,chr3:133628688_T>G,1.922877312,1,2,TOPBP1,exonic
Full-length RNA-seq,T cell,chr3:141880259_A>G,2.376683712,1,2,ATP1B3,intronic
Full-length RNA-seq,T cell,chr3:14655623_A>C,1.348522186,1,2,CCDC174,exonic
Full-length RNA-seq,T cell,chr3:150583233_G>A,2.418145657,1,2,EIF2A,exonic
Full-length RNA-seq,T cell,chr3:152282893_G>A,3.011192799,1,2,MBNL1,intronic
Full-length RNA-seq,T cell,chr3:152315870_T>A,2.349602461,1,2,MBNL1,intronic
Full-length RNA-seq,T cell,chr3:155853966_C>T,1.201573253,1,2,SLC33A1,exonic
Full-length RNA-seq,T cell,chr3:157155071_G>T,2.859806061,1,2,CCNL1,intronic
Full-length RNA-seq,T cell,chr3:171138290_A>T,3.095247507,1,2,TNIK,exonic
Full-length RNA-seq,T cell,chr3:171157550_C>T,1.513918996,1,2,TNIK,exonic
Full-length RNA-seq,T cell,chr3:171194583_G>C,3.761708021,1,2,TNIK,exonic
Full-length RNA-seq,T cell,chr3:183428031_C>T,1.008052349,1,2,MCF2L2,UTR5
Full-length RNA-seq,T cell,chr3:18394858_G>T,2.945243597,1,2,SATB1,exonic
Full-length RNA-seq,T cell,chr3:184136684_G>C,1.590742826,1,2,EIF2B5,exonic
Full-length RNA-seq,T cell,chr3:184140895_G>A,1.887080669,1,2,EIF2B5,intronic
Full-length RNA-seq,T cell,chr3:184331742_G>A,1.852345467,1,2,EIF4G1,exonic
Full-length RNA-seq,T cell,chr3:185934812_C>T,0.982495666,1,2,TRA2B,intronic
Full-length RNA-seq,T cell,chr3:195569072_G>C,2.534906387,1,2,APOD,exonic
Full-length RNA-seq,T cell,chr3:195692784_A>C,7.455840111,1,2,MIR570HG,ncRNA_intronic
Full-length RNA-seq,T cell,chr3:195696506_C>T,2.714220762,1,2,MIR570HG,ncRNA_intronic
Full-length RNA-seq,T cell,chr3:31655326_G>A,1.075987339,1,2,STT3B;OSBPL10,intergenic
Full-length RNA-seq,T cell,chr3:43305342_G>A,2.563928604,1,2,SNRK,intronic
Full-length RNA-seq,T cell,chr3:45946567_T>A,4.786520004,1,2,CXCR6,exonic
Full-length RNA-seq,T cell,chr3:4665287_G>C,1.578151822,1,2,ITPR1,exonic
Full-length RNA-seq,T cell,chr3:47002378_C>A,2.311022997,1,2,NBEAL2,exonic
Full-length RNA-seq,T cell,chr3:47009086_G>A,3.937445879,1,2,NBEAL2,exonic
Full-length RNA-seq,T cell,chr3:47164038_C>G,1.439450383,1,2,SETD2,UTR5
Full-length RNA-seq,T cell,chr3:47164461_G>A,2.524793863,1,2,KIF9-AS1,ncRNA_exonic
Full-length RNA-seq,T cell,chr3:47322619_C>A,2.495669842,1,2,KLHL18,exonic
Full-length RNA-seq,T cell,chr3:47911491_A>G,2.072928667,1,2,MAP4,exonic
Full-length RNA-seq,T cell,chr3:49007636_G>A,1.982675314,1,2,WDR6,UTR5
Full-length RNA-seq,T cell,chr3:49102227_C>T,0.435785413,1,2,QARS1,exonic
Full-length RNA-seq,T cell,chr3:49280813_A>T,1.173416018,1,2,USP4,exonic
Full-length RNA-seq,T cell,chr3:52840430_C>T,2.504622936,1,2,STIMATE,UTR3
Full-length RNA-seq,T cell,chr3:63990194_T>A,2.128184557,1,2,ATXN7,exonic
Full-length RNA-seq,T cell,chr3:63990705_T>A,2.345493793,1,2,ATXN7,intronic
Full-length RNA-seq,T cell,chr3:71501894_C>G,2.428253889,1,2,FOXP1,intronic
Full-length RNA-seq,T cell,chr4:118691545_T>A,1.748235822,1,2,METTL14,exonic
Full-length RNA-seq,T cell,chr4:17582348_G>C,2.173558474,1,2,LAP3,exonic
Full-length RNA-seq,T cell,chr4:17804546_G>T,1.64323616,1,2,DCAF16,UTR5
Full-length RNA-seq,T cell,chr4:185310765_C>A,1.945397854,1,2,SNX25,exonic
Full-length RNA-seq,T cell,chr4:2946245_A>G,2.268016338,1,2,NOP14-AS1,ncRNA_intronic
Full-length RNA-seq,T cell,chr4:3074930_G>A,0.82417196,1,2,HTT,exonic
Full-length RNA-seq,T cell,chr4:39456431_A>G,1.617712498,1,2,RPL9,exonic
Full-length RNA-seq,T cell,chr4:40210274_A>C,4.129813194,1,2,RHOH,intronic
Full-length RNA-seq,T cell,chr4:76144162_C>T,2.456381321,1,2,NUP54,exonic
Full-length RNA-seq,T cell,chr4:77810904_T>G,2.585608721,1,2,CNOT6L,intronic
Full-length RNA-seq,T cell,chr4:8212765_G>A,1.623631716,1,2,SH3TC1,exonic
Full-length RNA-seq,T cell,chr5:111223663_G>A,6.14422369,1,2,CAMK4,UTR5
Full-length RNA-seq,T cell,chr5:111223668_G>A,2.893786669,1,2,CAMK4,UTR5
Full-length RNA-seq,T cell,chr5:112861385_C>T,2.698131561,1,2,SRP19,exonic
Full-length RNA-seq,T cell,chr5:123545652_C>A,1.066815615,1,2,CSNK1G3,UTR5
Full-length RNA-seq,T cell,chr5:131316268_G>A,3.416087866,1,2,CDC42SE2,intronic
Full-length RNA-seq,T cell,chr5:131344436_G>A,2.524142265,1,2,CDC42SE2,intronic
Full-length RNA-seq,T cell,chr5:131431313_T>A,5.334641457,1,2,RAPGEF6,exonic
Full-length RNA-seq,T cell,chr5:132476797_C>T,5.662658691,1,2,IRF1-AS1,downstream
Full-length RNA-seq,T cell,chr5:1337929_A>T,2.723931074,1,2,CLPTM1L,exonic
Full-length RNA-seq,T cell,chr5:134131405_T>C,2.319017172,1,2,TCF7,intronic
Full-length RNA-seq,T cell,chr5:134855195_T>A,1.427077174,1,2,C5orf24,exonic
Full-length RNA-seq,T cell,chr5:138783311_G>A,1.906353354,1,2,CTNNA1,exonic
Full-length RNA-seq,T cell,chr5:142131907_G>A,4.174129963,1,2,NDFIP1,intronic
Full-length RNA-seq,T cell,chr5:151035017_C>T,2.408265829,1,2,TNIP1,exonic
Full-length RNA-seq,T cell,chr5:157190989_T>A,1.3503052,1,2,ITK,intronic
Full-length RNA-seq,T cell,chr5:157296722_T>C,1.943087459,1,2,CYFIP2,exonic
Full-length RNA-seq,T cell,chr5:172054599_C>G,1.580073118,1,2,STK10,exonic
Full-length RNA-seq,T cell,chr5:40692720_G>A,2.186354876,1,2,PTGER4,UTR3
Full-length RNA-seq,T cell,chr5:40696968_A>G,1.064230323,1,2,PTGER4;TTC33,intergenic
Full-length RNA-seq,T cell,chr5:40696982_A>G,2.563200235,1,2,PTGER4;TTC33,intergenic
Full-length RNA-seq,T cell,chr5:65563805_G>A,1.452512026,1,2,PPWD1,exonic
Full-length RNA-seq,T cell,chr5:76698074_G>A,2.758869171,1,2,IQGAP2,exonic
Full-length RNA-seq,T cell,chr5:80166403_G>T,1.437586904,1,2,SERINC5,exonic
Full-length RNA-seq,T cell,chr5:87386026_A>G,2.463141441,1,2,CCNH;RASA1,intronic
Full-length RNA-seq,T cell,chr5:95898646_A>G,1.777656555,1,2,ELL2,exonic
Full-length RNA-seq,T cell,chr5:98856716_A>G,1.102651954,1,2,CHD1,exonic
Full-length RNA-seq,T cell,chr6:107881219_C>T,1.177124143,1,2,SEC63,exonic
Full-length RNA-seq,T cell,chr6:111472114_T>G,3.238247156,1,2,REV3L,UTR5
Full-length RNA-seq,T cell,chr6:111663608_C>T,4.310751915,1,2,FYN,intronic
Full-length RNA-seq,T cell,chr6:111698092_G>T,5.259160995,1,2,FYN,intronic
Full-length RNA-seq,T cell,chr6:111701689_A>T,2.36111021,1,2,FYN,intronic
Full-length RNA-seq,T cell,chr6:111703089_T>G,1.805548549,1,2,FYN,intronic
Full-length RNA-seq,T cell,chr6:111703835_A>T,1.272135735,1,2,FYN,intronic
Full-length RNA-seq,T cell,chr6:111713106_A>C,2.614392519,1,2,FYN,intronic
Full-length RNA-seq,T cell,chr6:111745758_T>C,6.263435364,1,2,FYN,intronic
Full-length RNA-seq,T cell,chr6:111813123_A>G,1.889257789,1,2,FYN,intronic
Full-length RNA-seq,T cell,chr6:111832436_T>G,2.108839035,1,2,FYN,intronic
Full-length RNA-seq,T cell,chr6:111842032_C>G,2.380577326,1,2,FYN,intronic
Full-length RNA-seq,T cell,chr6:111857798_C>T,3.768590689,1,2,FYN,intronic
Full-length RNA-seq,T cell,chr6:111867598_T>G,4.091351509,1,2,FYN,intronic
Full-length RNA-seq,T cell,chr6:121321662_C>T,1.546782613,1,2,TBC1D32,exonic
Full-length RNA-seq,T cell,chr6:136275594_G>T,1.787728429,1,2,BCLAF1,exonic
Full-length RNA-seq,T cell,chr6:136720508_A>T,2.823816538,1,2,MAP3K5,exonic
Full-length RNA-seq,T cell,chr6:142942272_C>T,1.760386109,1,2,HIVEP2,intronic
Full-length RNA-seq,T cell,chr6:143564773_T>C,2.728126287,1,2,PHACTR2-AS1,ncRNA_intronic
Full-length RNA-seq,T cell,chr6:143578714_T>C,3.655608416,1,2,PHACTR2-AS1;PHACTR2,intergenic
Full-length RNA-seq,T cell,chr6:143649983_T>A,2.943069696,1,2,PHACTR2,intronic
Full-length RNA-seq,T cell,chr6:149452632_C>T,1.489427686,1,2,ZC3H12D,exonic
Full-length RNA-seq,T cell,chr6:149452659_C>G,1.557358027,1,2,ZC3H12D,exonic
Full-length RNA-seq,T cell,chr6:149454576_C>A,0.688411832,1,2,ZC3H12D,intronic
Full-length RNA-seq,T cell,chr6:149454578_G>A,1.233197212,1,2,ZC3H12D,intronic
Full-length RNA-seq,T cell,chr6:149454956_C>T,2.718918562,1,2,ZC3H12D,intronic
Full-length RNA-seq,T cell,chr6:149456438_C>T,1.464868665,1,2,ZC3H12D,intronic
Full-length RNA-seq,T cell,chr6:149457040_C>T,1.579234362,1,2,ZC3H12D,intronic
Full-length RNA-seq,T cell,chr6:149461902_C>T,1.368312359,1,2,ZC3H12D,exonic
Full-length RNA-seq,T cell,chr6:149461910_C>G,1.371499181,1,2,ZC3H12D,exonic
Full-length RNA-seq,T cell,chr6:149464993_C>T,2.148221493,1,2,ZC3H12D,intronic
Full-length RNA-seq,T cell,chr6:149474542_A>T,1.083733559,1,2,ZC3H12D,exonic
Full-length RNA-seq,T cell,chr6:150733767_G>A,1.737511158,1,2,PLEKHG1,exonic
Full-length RNA-seq,T cell,chr6:15267372_T>A,4.804634571,1,2,JARID2,intronic
Full-length RNA-seq,T cell,chr6:153002459_C>T,2.826494455,1,2,MTRF1L,exonic
Full-length RNA-seq,T cell,chr6:158767700_G>C,1.230156183,1,2,EZR,intronic
Full-length RNA-seq,T cell,chr6:159044076_G>T,2.067025661,1,2,TAGAP,intronic
Full-length RNA-seq,T cell,chr6:159790489_G>A,4.566704273,1,2,MRPL18,UTR5
Full-length RNA-seq,T cell,chr6:159790604_G>A,1.80366385,1,2,MRPL18,exonic
Full-length RNA-seq,T cell,chr6:170307369_C>A,2.844716311,1,2,FAM120B,intronic
Full-length RNA-seq,T cell,chr6:21594540_G>A,1.320673943,1,2,SOX4,exonic
Full-length RNA-seq,T cell,chr6:26104306_A>C,2.686755896,1,2,H4C3,UTR3
Full-length RNA-seq,T cell,chr6:26405572_G>A,3.132054329,1,2,BTN3A1,exonic
Full-length RNA-seq,T cell,chr6:27132364_C>T,1.605392814,1,2,H2BC11,UTR3
Full-length RNA-seq,T cell,chr6:29723649_C>G,1.669323564,1,2,HLA-F,intronic
Full-length RNA-seq,T cell,chr6:29724256_G>T,2.198092699,1,2,HLA-F,exonic
Full-length RNA-seq,T cell,chr6:29942905_G>A,0.625127077,1,2,HLA-A,exonic
Full-length RNA-seq,T cell,chr6:29942948_C>G,0.623084247,1,2,HLA-A,exonic
Full-length RNA-seq,T cell,chr6:29942953_T>A,0.342459202,1,2,HLA-A,exonic
Full-length RNA-seq,T cell,chr6:29947974_G>A,3.721262693,1,2,HLA-A;HCG9,intergenic
Full-length RNA-seq,T cell,chr6:30006785_C>A,0.514993966,1,2,HLA-J;ZNRD1ASP,ncRNA_intronic
Full-length RNA-seq,T cell,chr6:31271877_G>C,2.062699795,1,2,HLA-C,intronic
Full-length RNA-seq,T cell,chr6:31352564_G>A,4.992400169,1,2,LINC02571;HLA-B,intergenic
Full-length RNA-seq,T cell,chr6:31356987_C>A,0.805410683,1,2,HLA-B,intronic
Full-length RNA-seq,T cell,chr6:31357075_C>T,2.309899092,1,2,HLA-B,intronic
Full-length RNA-seq,T cell,chr6:31822637_A>C,1.333439589,1,2,HSPA1A;HSPA1B,intergenic
Full-length RNA-seq,T cell,chr6:31830187_A>G,5.595006943,1,2,HSPA1B,UTR3
Full-length RNA-seq,T cell,chr6:32118860_C>T,1.85027504,1,2,ATF6B,exonic
Full-length RNA-seq,T cell,chr6:32663372_C>T,3.663909197,1,2,HLA-DQB1,intronic
Full-length RNA-seq,T cell,chr6:32664993_A>G,1.363733768,1,2,HLA-DQB1,exonic
Full-length RNA-seq,T cell,chr6:32665910_T>C,0.497895867,1,2,HLA-DQB1,intronic
Full-length RNA-seq,T cell,chr6:32665979_C>G,1.759507418,1,2,HLA-DQB1,intronic
Full-length RNA-seq,T cell,chr6:32666233_G>A,1.22003293,1,2,HLA-DQB1,intronic
Full-length RNA-seq,T cell,chr6:32666255_A>G,2.693410397,1,2,HLA-DQB1,intronic
Full-length RNA-seq,T cell,chr6:392726_A>C,1.075499892,1,2,IRF4,intronic
Full-length RNA-seq,T cell,chr6:393210_G>A,2.632831335,1,2,IRF4,exonic
Full-length RNA-seq,T cell,chr6:53269044_C>T,1.467217565,1,2,ELOVL5,UTR3
Full-length RNA-seq,T cell,chr6:53348169_C>T,1.374239326,1,2,ELOVL5,intronic
Full-length RNA-seq,T cell,chr6:89699725_C>T,2.465454102,1,2,MDN1,exonic
Full-length RNA-seq,T cell,chr6:90265283_C>G,4.051891804,1,2,BACH2,intronic
Full-length RNA-seq,T cell,chr7:100220103_C>T,1.205747247,1,2,CASTOR3,ncRNA_intronic
Full-length RNA-seq,T cell,chr7:100577503_C>T,2.637970448,1,2,LRCH4,exonic
Full-length RNA-seq,T cell,chr7:100581875_C>T,1.8313672539999999,1,2,LRCH4,exonic
Full-length RNA-seq,T cell,chr7:100686757_C>T,4.56805706,1,2,GIGYF1,exonic
Full-length RNA-seq,T cell,chr7:100882404_T>A,3.379986286,1,2,SRRT,intronic
Full-length RNA-seq,T cell,chr7:102569885_A>G,2.87720418,1,2,POLR2J3,exonic
Full-length RNA-seq,T cell,chr7:106258843_T>C,1.782614112,1,2,NAMPT,intronic
Full-length RNA-seq,T cell,chr7:107185936_C>G,1.645130992,1,2,HBP1,exonic
Full-length RNA-seq,T cell,chr7:124928833_A>G,1.286517382,1,2,POT1,UTR5
Full-length RNA-seq,T cell,chr7:130930269_A>T,1.96810472,1,2,LINC00513;LINC-PINT,intergenic
Full-length RNA-seq,T cell,chr7:130933271_A>T,2.052369118,1,2,LINC00513;LINC-PINT,intergenic
Full-length RNA-seq,T cell,chr7:130934832_A>T,2.091778994,1,2,LINC00513;LINC-PINT,intergenic
Full-length RNA-seq,T cell,chr7:130938217_C>G,2.083212137,1,2,LINC00513;LINC-PINT,intergenic
Full-length RNA-seq,T cell,chr7:130940446_A>C,3.759979486,1,2,LINC00513;LINC-PINT,intergenic
Full-length RNA-seq,T cell,chr7:131082357_C>T,2.32804656,1,2,LINC-PINT,ncRNA_intronic
Full-length RNA-seq,T cell,chr7:139049142_T>G,2.165764332,1,2,ZC3HAV1,intronic
Full-length RNA-seq,T cell,chr7:139080346_A>G,3.340308428,1,2,ZC3HAV1,intronic
Full-length RNA-seq,T cell,chr7:141738694_T>C,1.989134192,1,2,SSBP1,UTR5
Full-length RNA-seq,T cell,chr7:142791427_C>A,3.946661711,1,2,TCAF2,intronic
Full-length RNA-seq,T cell,chr7:142796805_G>A,0.881776392,1,2,TCAF2,intronic
Full-length RNA-seq,T cell,chr7:142799373_T>A,7.982357979,1,2,TCAF2,intronic
Full-length RNA-seq,T cell,chr7:149250767_A>C,1.597575068,1,2,ZNF212,exonic
Full-length RNA-seq,T cell,chr7:150520160_A>G,3.453480244,1,2,GIMAP7,exonic
Full-length RNA-seq,T cell,chr7:150742633_T>C,2.463123798,1,2,GIMAP1-GIMAP5;GIMAP5,exonic
Full-length RNA-seq,T cell,chr7:152180097_C>T,1.525283575,1,2,KMT2C,exonic
Full-length RNA-seq,T cell,chr7:17891552_G>T,1.836400509,1,2,SNX13,exonic
Full-length RNA-seq,T cell,chr7:36621735_C>T,2.158802748,1,2,AOAH,exonic
Full-length RNA-seq,T cell,chr7:36724083_C>T,1.610488534,1,2,AOAH,exonic
Full-length RNA-seq,T cell,chr7:37211447_C>T,2.163014174,1,2,ELMO1,exonic
Full-length RNA-seq,T cell,chr7:43624765_G>C,2.705770969,1,2,STK17A,exonic
Full-length RNA-seq,T cell,chr7:48089304_T>C,0.95175159,1,2,UPP1,UTR5
Full-length RNA-seq,T cell,chr7:73684192_G>A,1.160588026,1,2,BUD23,intronic
Full-length RNA-seq,T cell,chr7:8037132_T>A,2.874186993,1,2,GLCCI1,intronic
Full-length RNA-seq,T cell,chr7:87209549_A>T,2.447201014,1,2,TMEM243,intronic
Full-length RNA-seq,T cell,chr7:87209753_A>T,1.26373601,1,2,TMEM243,intronic
Full-length RNA-seq,T cell,chr8:100165914_G>A,3.481258392,1,2,SPAG1,exonic
Full-length RNA-seq,T cell,chr8:144308979_A>G,0.868864596,1,2,HSF1,exonic
Full-length RNA-seq,T cell,chr8:17956706_G>C,2.320656776,1,2,PCM1,exonic
Full-length RNA-seq,T cell,chr8:29345621_T>C,3.498422146,1,2,DUSP4,UTR5
Full-length RNA-seq,T cell,chr8:29345958_A>G,4.55437994,1,2,DUSP4,UTR5
Full-length RNA-seq,T cell,chr8:30612371_G>T,1.261263609,1,2,GTF2E2,exonic
Full-length RNA-seq,T cell,chr8:41609661_T>C,4.04108572,1,2,GPAT4,exonic
Full-length RNA-seq,T cell,chr8:78516838_G>A,2.506089926,1,2,PKIA,intronic
Full-length RNA-seq,T cell,chr8:9615656_T>A,2.14551568,1,2,TNKS,exonic
Full-length RNA-seq,T cell,chr8:99143083_T>C,1.557103038,1,2,VPS13B,exonic
Full-length RNA-seq,T cell,chr9:101557464_G>A,3.247787714,1,2,RNF20,exonic
Full-length RNA-seq,T cell,chr9:114345966_C>G,0.996698141,1,2,AKNA,exonic
Full-length RNA-seq,T cell,chr9:114361285_T>G,2.143264294,1,2,AKNA,intronic
Full-length RNA-seq,T cell,chr9:114372516_T>G,1.289738894,1,2,AKNA,intronic
Full-length RNA-seq,T cell,chr9:114505078_G>T,4.134257793,1,2,WHRN,UTR5
Full-length RNA-seq,T cell,chr9:120792995_C>T,3.578763962,1,2,FBXW2,UTR5
Full-length RNA-seq,T cell,chr9:120862741_C>T,2.849089861,1,2,PHF19,exonic
Full-length RNA-seq,T cell,chr9:120907270_C>T,4.815903664,1,2,TRAF1,intronic
Full-length RNA-seq,T cell,chr9:120925094_G>A,2.765731335,1,2,TRAF1,intronic
Full-length RNA-seq,T cell,chr9:124869364_A>G,1.798655272,1,2,ARPC5L,exonic
Full-length RNA-seq,T cell,chr9:127974707_C>G,7.634814739,1,2,FAM102A,intronic
Full-length RNA-seq,T cell,chr9:128613411_G>A,1.403386354,1,2,SPTAN1,exonic
Full-length RNA-seq,T cell,chr9:129870075_G>A,4.56441021,1,2,USP20,intronic
Full-length RNA-seq,T cell,chr9:131479327_G>C,1.691236019,1,2,PRRC2B,exonic
Full-length RNA-seq,T cell,chr9:133050794_A>G,1.728236079,1,2,GTF3C5,exonic
Full-length RNA-seq,T cell,chr9:133106692_C>G,2.090455294,1,2,RALGDS,exonic
Full-length RNA-seq,T cell,chr9:133123821_C>G,3.537424564,1,2,RALGDS,intronic
Full-length RNA-seq,T cell,chr9:133123827_C>G,2.022062778,1,2,RALGDS,intronic
Full-length RNA-seq,T cell,chr9:133123911_C>G,4.324635506,1,2,RALGDS,intronic
Full-length RNA-seq,T cell,chr9:133124496_T>C,3.750163078,1,2,RALGDS,intronic
Full-length RNA-seq,T cell,chr9:133414928_G>T,2.363456249,1,2,REXO4,exonic
Full-length RNA-seq,T cell,chr9:136429726_C>T,1.060626149,1,2,INPP5E,exonic
Full-length RNA-seq,T cell,chr9:136993065_G>A,0.686953425,1,2,PAXX,exonic
Full-length RNA-seq,T cell,chr9:137813512_A>C,1.190932989,1,2,EHMT1,exonic
Full-length RNA-seq,T cell,chr9:2810380_C>G,4.427194595,1,2,PUM3,exonic
Full-length RNA-seq,T cell,chr9:3525049_C>T,2.462842226,1,2,RFX3,intronic
Full-length RNA-seq,T cell,chr9:35657756_C>T,2.428740978,1,2,RMRP,ncRNA_exonic
Full-length RNA-seq,T cell,chr9:70346601_T>A,2.27565074,1,2,SMC5,intronic
Full-length RNA-seq,T cell,chr9:70347977_T>A,1.701548815,1,2,SMC5,exonic
Full-length RNA-seq,T cell,chr9:73165605_A>G,4.872680187,1,2,ANXA1,intronic
Full-length RNA-seq,T cell,chr9:89377658_A>T,3.6918571,1,2,SEMA4D,UTR3
Full-length RNA-seq,T cell,chr9:89378825_G>T,2.853769541,1,2,SEMA4D,exonic
Full-length RNA-seq,T cell,chr9:89379104_G>T,2.805737734,1,2,SEMA4D,exonic
Full-length RNA-seq,T cell,chr9:89379607_C>T,2.618501663,1,2,SEMA4D,exonic
Full-length RNA-seq,T cell,chr9:93020385_C>T,4.009702682,1,2,FGD3,exonic
Full-length RNA-seq,T cell,chr9:93035778_C>A,2.922917128,1,2,FGD3,UTR3
Full-length RNA-seq,T cell,chr9:93649166_C>A,2.279699087,1,2,PHF2,exonic
Full-length RNA-seq,T cell,chrX:107714649_C>T,1.871805072,1,2,TSC22D3,exonic
Full-length RNA-seq,T cell,chrX:11765694_C>A,1.979101658,1,2,MSL3,exonic
Full-length RNA-seq,T cell,chrX:118394179_C>T,2.553660154,1,2,WDR44,exonic
Full-length RNA-seq,T cell,chrX:118566178_A>G,1.879636288,1,2,DOCK11,exonic
Full-length RNA-seq,T cell,chrX:124346745_G>A,3.531367064,1,2,SH2D1A,exonic
Full-length RNA-seq,T cell,chrX:12976788_G>C,0.471691847,1,2,TMSB4X,exonic
Full-length RNA-seq,T cell,chrX:12977129_G>A,2.158315182,1,2,TMSB4X,UTR3
Full-length RNA-seq,T cell,chrX:13689410_C>A,1.611009598,1,2,RAB9A,intronic
Full-length RNA-seq,T cell,chrX:13756724_A>G,2.766507864,1,2,OFD1,exonic
Full-length RNA-seq,T cell,chrX:149493249_A>C,2.529513836,1,2,IDS,intronic
Full-length RNA-seq,T cell,chrX:154348563_G>T,2.280056477,1,2,FLNA,UTR3
Full-length RNA-seq,T cell,chrX:24210818_G>A,3.014282942,1,2,ZFX,exonic
Full-length RNA-seq,T cell,chrX:30719506_G>C,3.44479847,1,2,GK,exonic
Full-length RNA-seq,T cell,chrX:45063768_C>A,3.008533716,1,2,KDM6A,exonic
Full-length RNA-seq,T cell,chrX:49250938_G>T,2.438282251,1,2,FOXP3,UTR3
Full-length RNA-seq,T cell,chrX:49250941_T>G,4.345046043,1,2,FOXP3,UTR3
Full-length RNA-seq,T cell,chrX:53215803_C>T,0.547770798,1,2,KDM5C,exonic
Full-length RNA-seq,T cell,chrX:73845859_G>C,0.822770119,1,2,XIST,ncRNA_exonic
Full-length RNA-seq,T cell,chrX:77681597_C>T,4.878261089,1,2,ATRX,exonic
Full-length RNA-seq,T cell,chrX:9508665_T>C,1.472706914,1,2,TBL1X,intronic
